1026.jpg,2.703639,1.8792368,3.3233273,1.209148,3.3382845,1.0503029,3.3501449,0.8662155,3.3104427,1.3023206,3.3164558,1.2200743,3.3203795,1.1294253,3.1349947,-0.39144045,2.9917448,0.07110447,2.1730676,1.4444952,2.1654453,1.6377574,1.0,-1.9875884,0.0,-0.0,5.4088593,-1.1631293,-2.3377655,2.4746814,9.028897,-1.5097739,-5.6009493,7.3967786,10.073637,-1.6585122,-5.865126,8.586526,9.931009,-2.074585,-5.6487064,8.754962,9.506435,-1.9919946,-5.626068,8.276847,-8.106686,-0.9303278,-7.6580534,1.0,-14.369624,0.40355492,-6.452762,8.941982,-20.850706,0.82896215,-12.1480665,8.894097,-21.879463,-0.53927505,-13.096458,7.00005,-23.065207,5.00976,-15.056007,12.021046
1027.jpg,2.6430979,2.4940727,3.3041348,1.6953138,3.3320954,1.4982481,3.3590827,1.2937906,3.283931,1.8155651,3.2954996,1.6985153,3.3058605,1.5811334,3.1810746,-0.20595379,3.0271344,0.30511534,2.1286993,1.9084542,2.1095703,2.120453,1.0,-2.1256955,0.0,-0.0,5.549748,-1.2682269,-2.1392667,2.424919,9.25211,-1.7645906,-5.58892,8.799677,10.225598,-1.9499846,-5.879855,10.165461,10.105898,-2.451423,-5.6408505,10.316071,9.755636,-2.4036872,-5.6215606,9.695463,-8.11679,-1.0238435,-7.7486935,1.0,-14.453271,0.6534103,-6.5157743,10.86526,-21.007042,1.0499856,-12.240783,10.734852,-22.045197,-0.6230816,-13.233668,8.42277,-23.323872,6.043202,-15.197557,14.392903
1028.jpg,2.6462612,2.4616966,3.25911,1.6143227,3.2746377,1.4135138,3.2900383,1.1899347,3.2524824,1.7469329,3.2622375,1.6395395,3.2710876,1.5281591,3.0983868,-0.3717802,2.967295,0.1934494,2.145909,1.898349,2.1405723,2.1343694,1.0,-2.1555223,0.0,-0.0,5.328684,-1.310023,-2.240528,2.6295028,8.816998,-1.7644982,-5.3812246,8.955693,9.757367,-1.9861336,-5.6378837,10.381986,9.646409,-2.5061765,-5.424593,10.552854,9.304919,-2.4525778,-5.3841276,9.93187,-7.699987,-0.9558734,-7.3808002,1.0,-13.702295,0.6566516,-6.252271,11.16143,-20.06653,1.0667315,-11.696154,10.986583,-21.027063,-0.5707339,-12.601163,8.639036,-22.324465,5.957571,-14.511292,14.816783
1029.jpg,2.6618974,2.2541764,3.2757459,1.450883,3.287171,1.2589933,3.2967699,1.0365982,3.272904,1.5913522,3.2814837,1.5059367,3.288018,1.4142665,3.0863845,-0.42677963,2.9571047,0.16465345,2.1421256,1.7166458,2.1361718,1.9797722,1.0,-2.221531,0.0,-0.0,5.3646245,-1.2748563,-2.2704706,2.4154725,8.941049,-1.7739205,-5.3767886,8.578287,9.911192,-2.0278394,-5.6593494,9.928892,9.778075,-2.4769795,-5.4409075,10.07416,9.406582,-2.3646917,-5.4060383,9.474861,-7.745806,-0.98372513,-7.420356,1.0,-13.614211,0.4952841,-6.242112,10.694955,-20.164415,0.8853552,-11.790514,10.427099,-21.18073,-0.7552481,-12.711124,8.173618,-22.397549,5.61736,-14.599479,14.16248
1030.jpg,2.5251558,1.9714301,3.0774977,1.2587191,3.0902112,1.0913333,3.1016164,0.8964086,3.0590787,1.364493,3.058132,1.2779565,3.0558896,1.1831888,2.8864145,-0.41826868,2.742958,0.07961746,2.0546064,1.496748,2.0442288,1.7048112,1.0,-2.2387955,0.0,-0.0,4.931045,-1.3886577,-3.4829047,2.1749275,8.289445,-1.7167948,-5.0273294,7.8773217,9.19872,-1.9907511,-5.3186464,9.097663,9.079911,-2.3121767,-5.106674,9.282281,8.732257,-2.1861346,-5.0504827,8.781509,-7.2238555,-1.1708671,-6.831302,1.0,-12.827878,0.3464138,-5.8031487,9.64571,-18.671116,0.85503495,-10.853852,9.473028,-19.583511,-0.5998507,-11.675654,7.3597665,-20.753525,5.230862,-13.450481,12.879872
1031.jpg,2.5131533,1.724073,3.079053,1.1183325,3.0944571,0.9737942,3.1071718,0.8083706,3.0566823,1.1978164,3.0563574,1.1191026,3.0544856,1.0331233,2.8887436,-0.3068359,2.7476106,0.09184066,2.0383174,1.3325065,2.0202272,1.4937819,1.0,-1.8250511,0.0,-0.0,5.023229,-1.0683843,-2.1280115,2.058893,8.447144,-1.3849012,-5.146982,6.6767354,9.347649,-1.6169393,-5.4422064,7.683146,9.23558,-1.915779,-5.2188287,7.84082,8.885439,-1.8013909,-5.15578,7.4198933,-7.452795,-0.940099,-6.995549,1.0,-13.067221,0.2488858,-5.8848515,8.209734,-18.91583,0.7326951,-11.040098,8.0002575,-19.852406,-0.5075319,-11.906303,6.162139,-21.016708,4.4556866,-13.621686,10.845189
1032.jpg,2.52929,1.5885838,3.1036901,1.0096908,3.1154673,0.86493194,3.1256852,0.6933482,3.0928667,1.0983626,3.0967143,1.0275648,3.0984688,0.9483688,2.904897,-0.44025964,2.7797945,0.0017700845,2.0313473,1.167622,2.0253806,1.3480841,1.0,-2.005059,0.0,-0.0,5.0422587,-1.3848063,-2.0290263,1.7330412,8.573287,-1.6039869,-5.356392,6.6168633,9.540455,-1.7672116,-5.613045,7.72373,9.498978,-2.001812,-5.3956556,7.866635,9.150347,-1.8948307,-5.3664436,7.4404383,-7.593988,-0.9504125,-7.157477,1.0,-13.421747,0.08699937,-6.1246076,8.006764,-19.583273,0.5988525,-11.425575,7.809967,-20.512047,-0.52540797,-12.32351,6.0412927,-21.703056,4.2078815,-14.091278,10.538714
1033.jpg,2.6998494,1.7217002,3.3452458,1.1629646,3.3605123,1.024876,3.375331,0.85974014,3.3346782,1.2427434,3.342118,1.1720984,3.3479726,1.0917517,3.1471064,-0.24914354,3.007516,0.15087269,2.1559768,1.3214893,2.1534305,1.4923953,1.0,-1.7510836,0.0,-0.0,5.484945,-1.1949059,-1.9423218,1.5693864,9.328198,-1.4403964,-5.818077,6.473949,10.400652,-1.5676639,-6.2335405,7.471459,10.330286,-1.765098,-6.056472,7.547582,9.948617,-1.7019373,-6.007328,7.1663337,-8.6405945,-0.70020145,-8.16259,1.0,-15.077665,0.3961118,-6.8356333,7.830165,-21.891697,0.7365582,-12.84649,7.778677,-23.00282,-0.41594493,-13.855465,6.061852,-24.215902,4.2815337,-15.848535,10.390999
1034.jpg,2.5682178,1.5956416,3.1755683,1.0793315,3.1882758,0.95136976,3.199802,0.79778314,3.1699727,1.1499722,3.1780608,1.0834708,3.183981,1.0062995,2.9889758,-0.23641703,2.8465586,0.12739152,2.0505908,1.2201006,2.052687,1.3860652,1.0,-1.6129124,0.0,-0.0,5.171663,-0.97795427,-2.086463,1.7134457,8.821803,-1.174153,-5.6642265,6.1447754,9.869348,-1.319604,-5.968928,7.089931,9.760055,-1.5912762,-5.743308,7.1718097,9.363349,-1.5264802,-5.6873984,6.7778497,-8.131865,-0.57253844,-7.7042985,1.0,-14.33607,0.3866555,-6.5455785,7.425656,-20.733763,0.74236363,-12.14998,7.263657,-21.75295,-0.32556194,-13.137823,5.659011,-22.929775,3.9655135,-14.994918,9.7041
1035.jpg,2.7809622,1.6762524,3.44127,1.1633134,3.454521,1.0355649,3.4682412,0.88152933,3.4278376,1.2257107,3.4313955,1.1552655,3.4346845,1.0732627,3.2151926,-0.17647362,3.0723326,0.16053207,2.2215133,1.3069288,2.219,1.4493452,1.0,-1.6512132,0.0,-0.0,5.6291094,-1.1682018,-2.4308846,1.6802351,9.694822,-1.3212416,-6.4240756,6.265436,10.875747,-1.5139836,-6.699527,7.2236266,10.814383,-1.679682,-6.447292,7.3178453,10.398588,-1.581061,-6.4088717,6.9145675,-9.064348,-0.59873927,-8.530618,1.0,-15.933228,0.35492063,-7.245017,7.695631,-23.024584,0.78877455,-13.575849,7.4595003,-24.120735,-0.36562636,-14.664969,5.802884,-25.501722,4.0775595,-16.708881,9.938814
1036.jpg,2.928509,1.9151565,3.6271966,1.3327136,3.6393893,1.1996565,3.653893,1.0455678,3.6253097,1.4058737,3.636596,1.3307465,3.649598,1.2489506,3.3912091,-0.095537975,3.2725422,0.2803552,2.366493,1.517614,2.365785,1.6730076,1.0,-1.6029285,0.0,-0.0,5.8322706,-0.9090584,-2.6805582,1.9803455,9.924514,-1.2006261,-6.5201664,6.671564,11.072324,-1.3500242,-6.886274,7.6994224,10.93387,-1.6798565,-6.65946,7.790821,10.501609,-1.6283209,-6.5669255,7.3570423,-9.365857,-0.51711804,-8.781043,1.0,-16.28577,0.2876446,-7.403106,8.16388,-23.594893,0.79635113,-13.837309,7.996883,-24.7663,-0.42156345,-14.903583,6.2853203,-25.958895,4.4896617,-16.916582,10.749849
1037.jpg,2.674713,1.8622755,3.3287175,1.2744676,3.3410313,1.1336267,3.3551338,0.96542615,3.3252943,1.3561069,3.335363,1.2822264,3.3457046,1.2007619,3.1258063,-0.2336203,2.9985523,0.19180608,2.142384,1.4302057,2.143936,1.6069136,1.0,-1.8829306,0.0,-0.0,5.402927,-1.2265314,-2.4348571,1.9979467,9.249824,-1.465467,-5.98561,6.989594,10.315258,-1.5955842,-6.2631183,8.162151,10.235053,-1.8599805,-6.02226,8.27408,9.847228,-1.7720852,-5.976795,7.8010674,-8.525199,-0.7287128,-7.955059,1.0,-15.042161,0.33105093,-6.834763,8.449518,-21.776608,0.70069784,-12.822597,8.331479,-22.848139,-0.656207,-13.84464,6.511551,-24.067577,4.6108336,-15.761928,11.113476
1038.jpg,2.537909,1.7846439,3.136912,1.182229,3.1508112,1.0353562,3.1652315,0.85967964,3.1272745,1.2774277,3.1348178,1.205978,3.140923,1.1279113,2.961621,-0.35696578,2.817987,0.12632827,2.0486763,1.3610424,2.0414035,1.5498799,1.0,-2.0301723,0.0,-0.0,5.143265,-1.3501754,-2.1270568,1.8814226,8.654945,-1.5753118,-5.3416834,6.824767,9.61501,-1.7133824,-5.6235094,7.9508896,9.52779,-1.992023,-5.4233,8.057701,9.176205,-1.9313993,-5.3786016,7.6074047,-7.7350316,-0.8425978,-7.2654037,1.0,-13.715555,0.27296624,-6.188544,8.366716,-19.89934,0.6078807,-11.640926,8.256604,-20.87687,-0.6598723,-12.553066,6.4253845,-21.96073,4.457248,-14.292023,11.160657
1039.jpg,2.5488431,1.8032467,3.1370556,1.1784062,3.1556463,1.0257692,3.1752439,0.8475637,3.1147583,1.2792758,3.118053,1.2029024,3.121901,1.1202576,2.9617054,-0.4291502,2.8136942,0.068226784,2.078626,1.349086,2.0611904,1.5498437,1.0,-2.3200588,0.0,-0.0,5.0258784,-1.4833885,-2.1667209,2.1171532,8.445912,-1.7554302,-5.1281624,7.2618694,9.384628,-1.8635684,-5.4005294,8.468961,9.296959,-2.1555312,-5.188178,8.609482,8.95629,-2.082604,-5.14887,8.161103,-7.486121,-1.0592147,-7.0098376,1.0,-13.236317,0.22101115,-5.9474874,8.832368,-19.305355,0.5034258,-11.280623,8.658834,-20.24444,-0.93330973,-12.134837,6.733772,-21.397459,4.654658,-13.888534,11.754787
1040.jpg,2.564038,1.7449585,3.1661856,1.1366447,3.1780415,0.98765177,3.1929123,0.8072783,3.158231,1.242544,3.1636367,1.178223,3.1692042,1.107003,2.9718716,-0.39594835,2.830981,0.103921905,2.0624394,1.307423,2.0595334,1.5167968,1.0,-2.0642405,0.0,-0.0,5.070308,-1.3358656,-2.3410432,2.05398,8.637398,-1.6378213,-5.461568,6.9530945,9.62244,-1.8128558,-5.742585,8.045512,9.550665,-2.0561664,-5.5099697,8.185734,9.1898775,-1.9752767,-5.4631414,7.7616496,-7.73349,-0.9839414,-7.262366,1.0,-13.773953,0.27977368,-6.221176,8.42465,-19.95275,0.5181301,-11.699739,8.33812,-20.943125,-0.8480543,-12.598868,6.48618,-22.099955,4.4324293,-14.398259,11.205037
1041.jpg,2.8076644,1.9448934,3.4717953,1.3170474,3.48607,1.1635289,3.5007904,0.9841059,3.463963,1.4139991,3.4721437,1.3353049,3.4809833,1.2507424,3.2456663,-0.286249,3.1200294,0.18077794,2.259926,1.4722209,2.2608585,1.6714759,1.0,-2.112029,0.0,-0.0,5.580745,-1.291678,-2.2753093,1.9366864,9.621056,-1.5761545,-6.172218,7.395132,10.723814,-1.6591579,-6.449606,8.506094,10.640155,-1.937633,-6.220855,8.60733,10.252427,-1.902544,-6.179578,8.135892,-8.956485,-0.94707114,-8.4200735,1.0,-15.639875,0.31833732,-7.102972,8.984489,-22.681387,0.6987261,-13.268138,8.936547,-23.834183,-0.6365726,-14.330812,7.024222,-25.102345,4.9355326,-16.313862,11.978037
1042.jpg,2.703295,1.9981966,3.334061,1.3540612,3.3512354,1.1981323,3.3665993,1.0213343,3.3214285,1.4462453,3.329261,1.3575118,3.3364735,1.2642348,3.1302426,-0.28685948,3.0053196,0.16259746,2.1849809,1.5093147,2.178704,1.6948681,1.0,-2.20496,0.0,-0.0,5.4134727,-1.4466404,-2.038367,1.8528999,9.2849655,-1.7070391,-5.6511054,7.4221644,10.341743,-1.8277009,-6.0460205,8.568271,10.266439,-2.1191006,-5.87659,8.636371,9.895707,-2.0603101,-5.838707,8.192691,-8.484227,-1.0067546,-7.9820604,1.0,-14.851258,0.3272595,-6.7403355,9.222971,-21.631845,0.71185017,-12.622383,9.204355,-22.736122,-0.6966555,-13.619433,7.1856904,-23.936974,4.9666,-15.568159,12.3546095
1043.jpg,2.625131,2.020986,3.2598643,1.3749573,3.2835221,1.2150604,3.305575,1.0432658,3.2444167,1.462112,3.2556562,1.3650812,3.2665157,1.266785,3.1076183,-0.25474194,2.9773436,0.1945615,2.1242342,1.5311911,2.1122384,1.691512,1.0,-2.0730143,0.0,-0.0,5.4448876,-1.1952764,-2.1970298,2.0325766,9.226292,-1.5469068,-5.8121076,7.43441,10.261147,-1.7292924,-6.0951395,8.605348,10.160101,-2.0986664,-5.862467,8.688798,9.776155,-2.0402796,-5.823095,8.187307,-8.399908,-1.022574,-7.9000096,1.0,-14.764394,0.32910705,-6.7033525,9.209866,-21.43413,0.6988732,-12.50809,9.109393,-22.523312,-0.7193688,-13.491362,7.096234,-23.760078,4.945811,-15.42324,12.299874
1053.jpg,2.5906491,2.203551,3.191649,1.4819728,3.212585,1.318533,3.2289243,1.1379889,3.1712267,1.5326059,3.1787884,1.4173834,3.1818898,1.2938353,3.0495994,-0.18008064,2.9136,0.22692226,2.0976872,1.7734632,2.0803792,1.8848695,1.0,-1.8619933,0.0,-0.0,5.3257403,-1.156292,-3.5076008,2.5824645,8.694133,-1.6672137,-5.2756433,8.40185,9.622681,-1.8005658,-5.5483055,9.746318,9.439705,-2.3323407,-5.366429,9.897054,9.070513,-2.2970185,-5.339612,9.340348,-7.6989813,-1.050771,-7.2601056,1.0,-13.32678,0.3331506,-6.0628405,10.50244,-19.476688,0.85493034,-11.409302,10.276749,-20.403643,-0.6684233,-12.341694,7.9185185,-21.66398,5.488017,-14.128604,13.879059
1054.jpg,2.6602254,1.8464605,3.2477784,1.1982423,3.2690668,1.0346035,3.2846246,0.85313326,3.223925,1.2668964,3.2301006,1.1676556,3.2326877,1.055967,3.084715,-0.3657519,2.9487972,0.073099434,2.1862366,1.445431,2.1632478,1.5807632,1.0,-1.9971855,0.0,-0.0,5.223731,-1.1124434,-3.455262,2.428839,8.680837,-1.5010252,-5.0322123,7.298294,9.60327,-1.5874391,-5.355752,8.464763,9.457893,-2.0061913,-5.1834145,8.600608,9.112055,-1.9702923,-5.136823,8.12769,-7.408852,-0.9731504,-7.0174885,1.0,-13.212736,0.3467773,-5.8061733,8.998422,-19.087627,1.0052376,-11.040571,9.016343,-19.984262,-0.32268006,-11.915363,6.9546976,-21.17375,4.9970393,-13.720532,12.041096
1055.jpg,3.2772813,2.0331433,4.0870333,1.2991773,4.108041,1.124533,4.122187,0.92756426,4.0744653,1.3722773,4.090277,1.2666719,4.1008763,1.1440625,3.8328156,-0.31605306,3.7190099,0.14296754,2.6169124,1.6024222,2.590626,1.7530285,1.0,-1.8634744,0.0,-0.0,6.5292187,-1.1179662,-3.0470574,2.5501144,10.804564,-1.3454838,-6.758562,7.402484,12.145865,-1.4417765,-7.125643,8.623935,11.92661,-1.9688067,-7.01494,8.696588,11.435847,-1.9398166,-6.9431033,8.184923,-10.111168,-0.9652783,-9.53309,1.0,-17.36616,0.2951063,-7.787,9.815616,-25.177603,1.109479,-14.641457,9.492213,-26.360264,-0.33471116,-15.852424,7.3234816,-27.992296,5.402836,-18.180288,12.799276
1056.jpg,2.946344,2.2218857,3.6385965,1.4167544,3.6578035,1.2087142,3.6742964,0.9817742,3.6278946,1.528046,3.6417065,1.4193186,3.654884,1.2896569,3.4177737,-0.4762172,3.3152108,0.09371664,2.3517542,1.7172524,2.3123941,1.9702121,1.0,-2.2337284,0.0,-0.0,5.706362,-1.2855923,-2.7820306,2.9982502,9.572735,-1.3402348,-5.9713564,8.578776,10.83876,-1.4589773,-6.3367906,10.030821,10.681621,-2.189144,-6.183282,10.131513,10.204047,-2.1539512,-6.1238346,9.517883,-8.906899,-1.2332648,-8.481989,1.0,-15.3696375,1.018296,-7.0425878,11.5059,-22.209627,1.6187464,-12.8896475,11.422951,-23.22389,-0.06794641,-13.860197,8.856746,-24.666504,6.612597,-16.054808,15.122854
1057.jpg,4.362726,2.3428748,5.367777,1.5241623,5.3853545,1.3224179,5.3926654,1.110695,5.3624697,1.6264288,5.3811884,1.5137128,5.3951707,1.3823544,4.9304085,-0.26799038,4.8548365,0.23262535,3.4394171,1.9042566,3.418735,2.1039944,1.0,-1.8250148,0.0,-0.0,8.40752,-1.0807701,-4.1896896,2.7552085,14.023421,-1.0732111,-9.529188,8.279012,16.165287,-1.2279204,-10.2206335,9.728576,16.068256,-1.6844784,-9.97385,9.866487,15.268241,-1.6190183,-9.8365965,9.171334,-14.173453,-0.46131,-13.641272,1.0,-24.275053,1.2293729,-11.111207,10.856646,-34.797714,1.3602712,-20.467302,10.445011,-36.539616,-0.44059226,-21.818111,8.058585,-38.53234,5.992669,-25.051876,14.075033
1058.jpg,3.3180327,1.3863559,4.083627,0.8081466,4.096411,0.66147757,4.102972,0.5107205,4.072115,0.8931223,4.0824723,0.8137297,4.088814,0.72492856,3.7774024,-0.4806562,3.6893463,-0.0690452,2.6894112,1.0456147,2.652703,1.2076609,1.0,-1.6967337,0.0,-0.0,6.191806,-1.0291197,-3.1019628,2.1609871,10.124821,-0.7074248,-6.368611,6.0134993,11.646074,-0.7057007,-6.7379146,7.2621646,11.552657,-1.1410804,-6.5934415,7.4739385,11.001078,-1.1586428,-6.5806203,6.9959006,-9.746229,-0.57930183,-9.235528,1.0,-17.01989,0.69893,-7.6468844,8.132991,-24.465805,1.0756007,-14.54854,8.036044,-25.528019,-0.22850947,-15.328812,6.225606,-27.378305,4.399215,-17.562546,10.494315
1338.jpg,3.2315369,1.9332231,3.9988654,1.2492689,4.018052,1.0627466,4.0288897,0.86342764,3.9906366,1.3607588,4.006237,1.2708724,4.0171905,1.1658633,3.7239895,-0.3073365,3.6480792,0.21399136,2.5654266,1.5094118,2.535924,1.7249595,1.0,-1.6518497,0.0,-0.0,6.5729556,-0.8768933,-2.8975894,2.259289,10.639639,-0.27729934,-6.7098756,7.356937,12.281986,-0.02891448,-7.1254115,8.728032,12.1839285,-0.63895893,-7.0902476,8.793525,11.527045,-0.7152149,-7.013161,8.260327,-9.91496,-0.5954225,-9.401225,1.0,-17.301575,0.30991134,-7.9372177,10.025537,-25.006258,0.2807481,-14.556283,8.801283,-26.137018,-1.1849256,-15.561617,6.751037,-27.98354,4.373028,-18.426535,11.682402
1339.jpg,3.5305204,3.0200925,4.258415,1.856274,4.268649,1.552271,4.2706337,1.2364999,4.251541,2.0418887,4.2599034,1.8903157,4.2627172,1.7169156,3.9238398,-0.6212779,3.839134,0.24595329,2.8713696,2.3470106,2.8663757,2.686287,1.0,-2.6928048,0.0,-0.0,6.6651325,-1.448119,-3.1015136,3.3362536,10.662015,-0.580621,-6.711125,11.693708,12.327539,-0.24185784,-7.1469345,13.579579,12.280776,-1.0947857,-6.9994955,13.710105,11.612866,-1.1820016,-6.918233,12.966086,-9.854391,-1.1879445,-9.43552,1.0,-17.215975,0.43711573,-7.8148227,14.994703,-25.106142,0.008955607,-14.591415,13.40271,-26.316217,-2.3805132,-15.568119,10.321919,-27.971285,6.6294484,-18.260857,17.092005
1340.jpg,3.8108957,1.8321838,4.661217,1.119984,4.672978,0.9337231,4.6735625,0.7377779,4.6597347,1.241529,4.6732774,1.1570375,4.6808763,1.0578634,4.285908,-0.40364984,4.2182703,0.14258504,3.0342584,1.4161755,3.0223854,1.642697,1.0,-1.7462955,0.0,-0.0,7.238837,-1.0459117,-3.4441535,2.1036458,11.839968,-0.52220845,-7.707807,7.2798376,13.731965,-0.3143651,-8.264355,8.489154,13.6867075,-0.74271625,-8.117244,8.553756,12.909247,-0.80179054,-7.982417,8.069437,-11.317246,-0.64737993,-10.657694,1.0,-19.590755,0.26925126,-8.90582,9.224364,-28.331057,-0.014632192,-16.512928,8.153187,-29.701769,-1.4936252,-17.647633,6.2964377,-31.489893,4.0513043,-20.71452,10.760461
1341.jpg,3.771128,1.9489924,4.6730294,1.2202826,4.6933093,1.0247242,4.703686,0.8176787,4.6647625,1.3385432,4.6810045,1.2466899,4.6924577,1.1372831,4.3403945,-0.4018109,4.2585144,0.15175486,2.9844995,1.4989142,2.9605072,1.718116,1.0,-1.8701452,0.0,-0.0,7.3588376,-1.0541229,-3.429767,2.0182061,11.952164,-0.5295409,-7.9007726,7.4298277,13.940845,-0.2155111,-8.467265,8.724561,13.901677,-0.67726034,-8.31458,8.817083,13.144495,-0.77694684,-8.217012,8.208361,-11.485176,-0.67747784,-10.931771,1.0,-19.894037,0.25287345,-9.074059,9.856978,-28.885086,-0.018587485,-16.924036,8.627829,-30.339708,-1.5742646,-18.042707,6.6279626,-32.275723,4.285879,-21.227982,11.3645525
1342.jpg,3.3600972,2.4174283,4.08443,1.511137,4.0953465,1.2736642,4.096755,1.0189265,4.081833,1.6928859,4.0954666,1.5947253,4.099007,1.4802085,3.786814,-0.5455936,3.70597,0.18292171,2.7234147,1.8225613,2.6890285,2.1047382,1.0,-2.4437532,0.0,-0.0,6.7353363,-1.3568028,-2.9736712,3.7727845,10.508197,-0.41299587,-6.65389,11.112054,12.181414,-0.20753638,-7.081812,13.010135,12.091856,-0.81573445,-6.862838,13.213557,11.328491,-0.91984713,-6.7842083,12.451455,-9.856203,-0.53286356,-9.531754,1.0,-17.540272,0.46455625,-7.7843957,14.264301,-25.167713,0.15550202,-14.496617,12.649643,-26.358942,-2.1519592,-15.405807,9.677385,-27.883516,5.689338,-18.083418,16.491531
1343.jpg,3.463664,1.6601125,4.2797565,1.1107787,4.298846,0.95853394,4.3090267,0.79111415,4.2730274,1.2112917,4.292034,1.1407131,4.302197,1.0576456,4.0092196,-0.2552297,3.9067051,0.18582886,2.8054357,1.241138,2.7790768,1.4111557,1.0,-1.4710497,0.0,-0.0,7.2962136,-0.8401126,-3.147926,2.2191327,11.425069,-0.2735002,-7.4801483,7.0144415,13.2638855,0.04026628,-7.974424,8.229742,13.163477,-0.39229313,-7.741649,8.357903,12.3295355,-0.50084233,-7.6681714,7.7709575,-11.1165085,-0.38346648,-10.495019,1.0,-19.504517,0.28228906,-8.787303,9.313684,-27.886663,0.16683094,-16.206594,8.289592,-29.24011,-1.4516203,-17.214224,6.363889,-30.91903,4.0283127,-20.234177,10.664433
1344.jpg,3.048627,1.7063779,3.750761,1.1367935,3.766235,0.9734613,3.774947,0.80035627,3.742529,1.2345212,3.756676,1.1498386,3.7645948,1.0535512,3.5377197,-0.31102926,3.4176922,0.14098182,2.482551,1.2576076,2.4846325,1.4353493,1.0,-1.6989583,0.0,-0.0,6.1148863,-1.0173597,-2.6891284,2.17283,9.649732,-0.34854418,-6.3209257,7.194694,11.265634,-0.08427513,-6.7210937,8.471949,11.2053585,-0.5372654,-6.5006866,8.58105,10.495959,-0.62944657,-6.4493327,7.979412,-9.253444,-0.6185651,-8.80819,1.0,-16.393959,0.29790837,-7.3456454,9.223131,-23.571772,0.10400703,-13.674798,8.246533,-24.709288,-1.517183,-14.56529,6.248748,-26.07876,3.982062,-17.067375,10.70073
1345.jpg,2.921578,1.7091923,3.5432284,1.1156043,3.5551646,0.9540295,3.56166,0.78113556,3.535359,1.1991762,3.5454497,1.1078322,3.5498326,1.0058596,3.3482912,-0.33124366,3.2298954,0.09325662,2.4064748,1.2852607,2.4028792,1.4484762,1.0,-1.5979787,0.0,-0.0,5.6002417,-0.7554315,-2.4867458,2.0438015,8.965351,-0.13072053,-5.743055,7.0369015,10.42032,0.1185357,-6.10299,8.29062,10.3287525,-0.45343262,-5.8775764,8.389602,9.711109,-0.54813933,-5.83304,7.8331,-8.315136,-0.63773954,-7.9202404,1.0,-14.597692,0.39288974,-6.589961,9.053639,-21.235973,0.13193932,-12.30552,8.137709,-22.222696,-1.4675082,-13.131022,6.1062603,-23.592686,3.9497857,-15.454893,10.4336
1452.jpg,3.7908726,1.8429337,4.6577044,1.2787364,4.67598,1.1098133,4.6882615,0.9313484,4.6466165,1.3679886,4.6592712,1.2785017,4.663948,1.1765249,4.410123,-0.17816646,4.2586646,0.25289106,3.092141,1.4247987,3.0930467,1.6000475,1.0,-1.3654333,0.0,-0.0,7.3043447,-0.42845657,-3.6173098,2.0976248,11.969668,0.29484162,-7.7736416,6.801723,13.898927,0.80166537,-8.259652,8.200723,13.883239,0.37183216,-7.967646,8.409471,13.192529,0.21200345,-7.9313245,7.8497863,-11.635006,-0.40781632,-10.92412,1.0,-20.407972,0.60930014,-9.155086,8.939206,-29.150646,-0.013169316,-16.916914,8.231645,-30.321524,-1.4090924,-17.96704,6.3921556,-32.358356,3.654153,-21.166954,10.769275
1453.jpg,3.3212938,1.934177,4.059313,1.3762225,4.069097,1.2240859,4.0737085,1.0549762,4.047504,1.4334196,4.04991,1.3398283,4.0469885,1.2312757,3.7879589,-0.095666744,3.6651576,0.27942568,2.6921878,1.5638657,2.6962917,1.7146268,1.0,-1.506299,0.0,-0.0,6.3581543,-0.6799474,-2.823285,2.0336554,10.5227585,0.084329136,-6.880854,6.904473,12.0082245,0.5549338,-7.3217006,8.06532,11.973045,0.19362706,-7.1079154,8.214082,11.472429,0.028171318,-7.044461,7.778162,-9.890948,-0.5482469,-9.332337,1.0,-17.14826,0.292463,-8.0558,8.9619665,-25.16223,-0.21316642,-14.836635,8.221562,-26.365824,-1.6558664,-15.824748,6.2383657,-28.04957,3.5215087,-18.58948,10.820004
1454.jpg,3.886619,1.6365125,4.7562356,1.1128564,4.7661257,0.96958953,4.76922,0.81241304,4.753823,1.1727868,4.7640533,1.0889693,4.767556,0.9916625,4.448532,-0.24067596,4.326375,0.116268784,3.1509135,1.2839867,3.1682956,1.4331133,1.0,-1.4276876,0.0,-0.0,7.305359,-0.5619644,-1.6178104,1.416206,12.297716,0.024926787,-2.2351146,4.6343555,14.140064,0.38469493,-2.559602,5.511599,14.088925,-0.017933238,-2.5284035,5.4816976,13.460967,-0.1584264,-2.5342705,5.2369814,-11.751329,-0.59077924,-11.006195,1.0,-20.179955,0.1562805,-9.100217,8.040835,-29.353142,-0.29397514,-17.186935,7.3817887,-30.71113,-1.5660433,-18.370255,5.6247845,-32.53681,2.980106,-21.324366,9.772686
1455.jpg,3.6416256,1.8902757,4.370069,1.2192096,4.369165,1.0497798,4.366558,0.85876065,4.3728533,1.3057903,4.3737445,1.2186925,4.3782654,1.1148777,4.002269,-0.38910446,3.931624,0.06271991,2.9631503,1.4727547,2.974266,1.6680323,1.0,-1.7896531,0.0,-0.0,6.336016,-0.9276033,-3.2231264,2.1891096,10.508486,-0.34827125,-6.943373,7.009874,12.126672,0.15422468,-7.3808427,8.336048,12.100392,-0.24582314,-7.063205,8.492871,11.531076,-0.42900068,-7.006422,8.025331,-10.03302,-0.89603657,-9.416873,1.0,-17.21861,-0.28449804,-7.9532557,9.154629,-25.295038,-0.7159834,-14.786477,8.336982,-26.474733,-2.195914,-15.7859745,6.3186464,-28.127565,3.1799111,-18.405922,11.187462
1456.jpg,3.6660976,1.8929214,4.486373,1.3028166,4.4971213,1.1487002,4.4997773,0.9771936,4.4875355,1.3605843,4.500699,1.2660127,4.5061936,1.1566858,4.214216,-0.18006605,4.1023903,0.1864864,2.9890885,1.5167025,3.0022614,1.6704012,1.0,-1.3989005,0.0,-0.0,6.914715,-0.4337307,-2.981578,1.971163,11.667709,0.19251385,-7.50603,7.023168,13.322641,0.60825574,-7.9727554,8.197101,13.242719,0.15356456,-7.6949496,8.35881,12.686631,0.005802949,-7.5424657,7.9457903,-10.956077,-0.5430762,-10.356838,1.0,-18.65124,-0.047037877,-8.53694,8.979039,-27.286316,-0.5176006,-15.889,8.233714,-28.550537,-1.8984126,-16.960705,6.290303,-30.268234,3.1934276,-19.817642,10.833351
1457.jpg,3.6260126,2.1096578,4.4231687,1.4606692,4.4303913,1.284113,4.431607,1.0962988,4.418654,1.5381708,4.4264193,1.4348319,4.4260764,1.315119,4.150501,-0.14448304,4.0250425,0.24987951,2.9766095,1.6699297,2.9838052,1.8556299,1.0,-1.5059383,0.0,-0.0,6.732515,-0.5397231,-3.0019147,2.1013844,11.213762,0.3291861,-7.4507766,7.5516195,12.910472,0.88743705,-7.937095,8.941442,12.939972,0.4822317,-7.674931,9.103834,12.38581,0.32357526,-7.614814,8.494992,-10.847173,-0.66461134,-10.204754,1.0,-18.577457,-0.021024115,-8.411044,9.647021,-27.019848,-0.44614336,-15.798056,8.998737,-28.211197,-1.9572039,-16.842041,6.9255896,-29.943007,3.697409,-19.552032,11.7524605
1459.jpg,3.8162546,1.9146756,4.6313953,1.2791736,4.6383367,1.1053598,4.6356673,0.9224992,4.6307325,1.3815267,4.6397843,1.2928691,4.6379843,1.1916931,4.296638,-0.2605625,4.1735096,0.19185463,3.1065571,1.4798343,3.1146407,1.6794928,1.0,-1.5868822,0.0,-0.0,7.119693,-0.49280447,-2.880091,1.9873596,11.675131,0.39515615,-7.7594957,7.2764506,13.5829315,0.8785182,-8.270122,8.6651745,13.537514,0.42091832,-8.014179,8.739091,12.80991,0.24103154,-7.9487305,8.165275,-11.457423,-0.4876052,-10.866547,1.0,-19.861254,0.16203064,-8.958764,9.623118,-28.623295,-0.19021276,-16.65055,8.865874,-29.91915,-1.71174,-17.751614,6.8585124,-31.590237,4.0075235,-20.722713,11.472334
1460.jpg,3.227849,2.0535774,4.001854,1.450915,4.0248075,1.2874706,4.0413346,1.1166611,3.988908,1.5211478,4.00528,1.4220384,4.01489,1.3152485,3.8086393,-0.080014475,3.653493,0.30599803,2.663754,1.5841352,2.6475704,1.7466236,1.0,-1.4982957,0.0,-0.0,6.4288692,-0.22366014,-2.6969352,2.1976614,10.450603,0.7238012,-6.6399574,7.498989,12.075236,1.2082627,-7.066907,8.849965,12.075249,0.7181819,-6.8541894,8.977762,11.479712,0.5133579,-6.8098183,8.417697,-9.833686,-0.6067584,-9.276498,1.0,-17.067389,0.13807948,-7.639577,9.819525,-24.76578,-0.16537939,-14.361098,9.0642185,-25.90841,-1.7201335,-15.325527,6.885682,-27.418264,4.007398,-18.042706,11.727273
1562.jpg,2.79753,1.324175,3.4602149,0.8812409,3.4729238,0.7514399,3.4828846,0.61214435,3.457322,0.95526737,3.4677062,0.89254475,3.4751399,0.82200813,3.2701135,-0.30490446,3.1560988,0.09330915,2.2486312,0.9950114,2.2589505,1.1536357,1.0,-1.4067818,0.0,-0.0,5.7004786,-0.546332,-2.2834704,1.71448,9.477254,0.16866462,-5.8088555,5.3960843,10.710005,0.46009958,-6.151678,6.4294524,10.682599,0.070934355,-6.0149612,6.574282,10.275802,-0.026774086,-5.9857306,6.212233,-8.526448,-0.4924613,-7.9948893,1.0,-15.108513,0.55673367,-6.9863496,7.230376,-21.747227,-0.33901232,-12.716105,6.55224,-22.724926,-1.530367,-13.4953785,4.9617476,-24.166992,2.3483808,-15.97422,8.617933
1563.jpg,3.0679982,1.6118562,3.7980382,1.1115332,3.8144224,0.96594965,3.8264782,0.8097308,3.8000436,1.1906173,3.8191717,1.1165988,3.8340945,1.031363,3.6210577,-0.24304484,3.5163682,0.1608779,2.4821706,1.2193263,2.4928246,1.3993918,1.0,-1.5237631,0.0,-0.0,6.0156097,-0.6477529,-2.8047414,1.8804214,10.061975,-0.005867675,-6.65983,6.149755,11.604507,0.37039316,-7.104229,7.2820606,11.526065,-0.033345774,-6.885101,7.449594,11.000222,-0.16554251,-6.8182664,6.9830737,-9.72863,-0.5205689,-9.141949,1.0,-16.896322,0.45472115,-7.7458286,8.167475,-24.095106,-0.46988186,-14.064571,7.44371,-25.123365,-1.7940577,-14.985822,5.6974125,-26.671621,2.6633062,-17.54901,9.810728
1564.jpg,2.999653,1.5638834,3.731309,1.1013987,3.7522151,0.97587824,3.771407,0.8351368,3.7249393,1.1541094,3.7407174,1.0809575,3.7559478,0.9969466,3.5598178,-0.11749874,3.4427757,0.20093916,2.4143648,1.2194244,2.424136,1.359351,1.0,-1.2753375,0.0,-0.0,5.9370723,-0.60429025,-2.6033566,1.7597387,10.019393,0.005135349,-6.3674164,5.711773,11.398011,0.3270071,-6.7802043,6.8084626,11.352395,-0.060483,-6.6338096,7.004213,10.876371,-0.1668603,-6.588694,6.5420465,-9.497566,-0.35257334,-8.994202,1.0,-16.69912,0.33385682,-7.7370205,7.7801847,-23.867815,-0.45137867,-14.085624,7.020829,-24.913912,-1.6595248,-14.983238,5.3935018,-26.420303,2.4111133,-17.649622,9.21725
1565.jpg,3.5893812,1.4330229,4.450625,0.95496726,4.463971,0.8159156,4.4732533,0.6637851,4.444415,1.023258,4.454939,0.94646657,4.459916,0.85680467,4.1867127,-0.29526666,4.058918,0.072336696,2.8447971,1.0893354,2.853933,1.2436354,1.0,-1.3583161,0.0,-0.0,7.0885463,-0.5766526,-1.2274576,1.2503984,11.707254,0.020322444,-1.2645001,4.2195807,13.101521,-0.06337333,-1.4539369,5.0766063,13.110219,-0.42382553,-1.3716711,5.003357,12.025475,-0.5552634,-1.4033082,4.773009,-11.501009,-0.5091253,-10.751942,1.0,-19.9969,0.09762022,-9.1690855,7.4817185,-28.602789,-0.74930596,-16.695894,6.7837815,-29.862558,-1.9610053,-17.739254,5.1820254,-31.731659,2.340009,-20.839533,8.843042
1566.jpg,3.08212,1.6164722,3.7770114,1.0769764,3.792106,0.9319144,3.8014708,0.7752744,3.7756236,1.1405174,3.7922518,1.0537174,3.8029969,0.9556467,3.566925,-0.2434917,3.4659293,0.13655747,2.5008025,1.263256,2.5186806,1.4199502,1.0,-1.3703452,0.0,-0.0,6.2499795,-0.7012924,-2.6561306,1.6751313,10.264861,-0.07999804,-6.4714813,6.0048356,11.780182,0.11278163,-6.8623767,7.0605,11.693023,-0.3804245,-6.6869106,7.1761513,11.114111,-0.448948,-6.588565,6.7282233,-9.439819,-0.5733864,-8.824219,1.0,-16.413477,0.08314477,-7.525045,7.990157,-23.881971,-0.7678523,-13.981528,7.303568,-24.94872,-2.063046,-14.917409,5.634651,-26.354616,2.3353531,-17.516289,9.494795
1567.jpg,2.9204803,2.1013725,3.5610259,1.4021738,3.5767958,1.2143502,3.5860312,1.0116644,3.552983,1.490397,3.5675745,1.380934,3.5769165,1.2593277,3.3752277,-0.33475178,3.266688,0.14329557,2.404027,1.5950668,2.400357,1.789404,1.0,-1.8104191,0.0,-0.0,5.7348523,-0.7961352,-2.5455506,2.5532506,9.192396,0.030756194,-5.616133,8.367634,10.634001,0.28450218,-5.964439,9.845699,10.545799,-0.38226765,-5.782041,10.032749,9.962937,-0.475461,-5.7511897,9.34198,-8.298256,-0.6408584,-7.906471,1.0,-14.634061,0.31823525,-6.636052,10.931661,-21.492325,-0.9018882,-12.436312,9.950719,-22.407425,-2.4983954,-13.21291,7.7240934,-23.773445,2.9056277,-15.610459,12.678854
1694.jpg,2.8099887,2.0018098,3.470159,1.3507615,3.4751232,1.1899233,3.4783506,1.0085627,3.4617732,1.4355718,3.4612775,1.3429011,3.4617524,1.2465029,3.1950483,-0.29378694,3.1029322,0.2312344,2.2660177,1.6049019,2.2646518,1.7655073,1.0,-2.2438524,0.0,-0.0,5.104839,-1.3126513,-2.1638448,2.2815506,8.940526,-0.60162,-5.500253,7.5021763,10.032188,-0.29936826,-5.761022,8.846678,10.019088,-0.65720016,-5.627854,9.005287,9.66527,-0.7655816,-5.615932,8.49568,-7.9130163,-1.0214272,-7.506474,1.0,-14.18502,-0.045356166,-6.5045934,9.62747,-20.391336,0.2648067,-11.967743,8.354617,-21.320751,-1.2509159,-12.887735,6.2045703,-22.584589,4.1921954,-15.210984,10.75319
1695.jpg,2.7414787,1.7309303,3.3745933,1.1485853,3.3773098,1.0058162,3.3784387,0.8419723,3.3710845,1.2292498,3.3719106,1.1529295,3.3735836,1.0725421,3.0963929,-0.31006044,3.0137258,0.1753662,2.213196,1.3921909,2.2151816,1.5442654,1.0,-1.9992193,0.0,-0.0,5.0012445,-1.1633285,-2.0587585,1.9284948,8.774037,-0.5056464,-5.4212646,6.654017,9.861254,-0.23618941,-5.7268963,7.7992296,9.84409,-0.5876309,-5.6316013,7.9194694,9.489451,-0.6803243,-5.597598,7.493248,-7.7958055,-0.8745099,-7.3760877,1.0,-13.995636,-0.1735367,-6.373356,8.522082,-20.171417,0.26574734,-11.728015,7.3569717,-21.058613,-1.1190095,-12.5957365,5.497545,-22.142206,3.7500894,-14.83188,9.525339
1696.jpg,2.7322052,1.6670119,3.3459213,1.1138871,3.3544014,0.98017615,3.3593676,0.8241993,3.3317435,1.166184,3.3314364,1.0862476,3.330087,0.998368,3.099278,-0.3090191,3.0034702,0.11554576,2.2188656,1.3153125,2.2229335,1.443466,1.0,-2.0290043,0.0,-0.0,4.983688,-1.1992297,-2.0633776,1.8741225,8.696532,-0.41290376,-5.353386,6.657437,9.768019,-0.13291872,-5.715212,7.7743,9.76204,-0.49472728,-5.59686,7.9045153,9.41972,-0.5771205,-5.5605555,7.490407,-7.7214622,-0.98205733,-7.323447,1.0,-13.8299,-0.07028408,-6.3459516,8.516572,-19.868422,0.28979164,-11.623701,7.3701286,-20.749084,-1.0613202,-12.4522295,5.5738297,-21.967588,3.9393384,-14.742245,9.524002
1697.jpg,3.070026,1.8176392,3.7456427,1.2186981,3.7513165,1.0673968,3.7510045,0.89084333,3.7316368,1.2798567,3.7302353,1.1932653,3.7252774,1.0924119,3.4401512,-0.31098506,3.3337433,0.12494451,2.4734333,1.4445585,2.4800553,1.5950904,1.0,-1.9721107,0.0,-0.0,5.652784,-1.1164833,-1.8260645,1.8029037,9.876105,-0.4899916,-5.913733,7.3172956,11.069862,-0.1388645,-6.0563207,8.666275,11.057611,-0.5520939,-6.0207806,8.8887,10.660453,-0.6682747,-6.012068,8.401716,-8.87237,-0.93805885,-8.438095,1.0,-15.807299,-0.08687746,-7.242762,9.40898,-22.603224,0.3281277,-13.1777935,8.175902,-23.562588,-1.0716256,-14.147368,6.147454,-25.004772,4.2111545,-16.754663,10.539075
1698.jpg,2.7678113,1.7295269,3.4033012,1.1539749,3.4174926,1.0110078,3.4255967,0.8438799,3.3831158,1.2157155,3.3851633,1.1336792,3.3828592,1.0421987,3.1753013,-0.33659503,3.0555189,0.10232884,2.2438266,1.3534383,2.23882,1.4943225,1.0,-1.994934,0.0,-0.0,5.1932554,-1.144096,-1.0994481,1.5329062,9.014933,-0.41733354,-1.6807115,5.1529584,10.137993,-0.08529488,-1.9563445,6.1398993,10.133225,-0.51507163,-1.9094286,6.118375,9.755501,-0.5909223,-1.8906116,5.843076,-8.056224,-0.8228337,-7.6761346,1.0,-14.351047,-0.01029793,-6.5704846,8.960147,-20.607342,0.234016,-12.035638,7.7135344,-21.595472,-1.1609861,-12.879131,5.7945166,-22.765327,4.112708,-15.349757,10.157787
1699.jpg,2.8383865,1.7220243,3.5021782,1.1368846,3.5134504,0.97984457,3.5185568,0.7961247,3.4847336,1.2177001,3.4869614,1.13815,3.4851968,1.0465746,3.2619953,-0.4263003,3.150481,0.05663167,2.2786498,1.3090211,2.276852,1.4881847,1.0,-2.10361,0.0,-0.0,5.464366,-1.1409099,-1.0531726,1.4954532,9.519259,-0.37785923,-1.5780861,5.194222,10.70481,-0.015595887,-1.8447101,6.2276998,10.690475,-0.4507768,-1.7950081,6.1719584,10.292282,-0.5642595,-1.780931,5.8750834,-8.644177,-0.9013246,-8.218727,1.0,-15.246133,-0.14718002,-7.0893083,9.192381,-21.828085,0.24140716,-12.914861,7.9223037,-22.86097,-1.1159215,-13.871567,5.9585795,-24.20257,4.178019,-16.39155,10.34337
1700.jpg,2.9412193,2.0155218,3.608025,1.3573668,3.6121252,1.1759412,3.612468,0.9678993,3.600287,1.4538124,3.5995154,1.3665434,3.597592,1.2634027,3.3415585,-0.3758846,3.2310565,0.14365861,2.3634343,1.5573661,2.3665059,1.7737973,1.0,-2.0403743,0.0,-0.0,5.506238,-1.0321567,-2.0273926,2.0195432,9.493035,-0.22055745,-5.999862,7.9069214,10.7483835,0.13246258,-6.5089626,9.422146,10.707677,-0.35519692,-6.3971896,9.604677,10.286009,-0.4631955,-6.070421,9.110207,-8.772632,-0.7173061,-8.354394,1.0,-15.46317,0.3046905,-7.252627,10.093642,-22.344025,0.353692,-13.054222,8.642696,-23.477495,-1.3316079,-13.947108,6.48039,-24.604464,4.7728276,-16.629173,11.31462
1701.jpg,2.930778,1.5025109,3.5987318,0.9882013,3.6092422,0.8457288,3.6180897,0.6851845,3.5885727,1.0616424,3.5907452,0.9903384,3.5932035,0.90631753,3.370557,-0.36954826,3.248782,0.042820305,2.3728137,1.1516249,2.3672452,1.3029681,1.0,-1.7510225,0.0,-0.0,5.562785,-0.9549072,-2.3242173,1.7912318,9.382525,-0.21107331,-6.228684,6.2892327,10.647361,0.0024783718,-6.5538025,7.442009,10.586122,-0.3995352,-6.397986,7.601207,10.15315,-0.47608304,-6.3855114,7.190799,-8.655106,-0.6935324,-8.215431,1.0,-15.394724,-0.026595773,-7.270144,7.8017626,-22.048584,0.04750077,-13.023895,6.649829,-23.119291,-1.2378993,-13.816665,4.8469095,-24.175488,3.5408647,-16.351177,8.78364
1828.jpg,2.6694217,1.9601817,3.212364,1.1635629,3.2201788,0.9451649,3.2252934,0.70345694,3.2020218,1.3355418,3.2040172,1.2501403,3.202774,1.1460426,3.00051,-0.8027854,2.8885179,-0.064861365,2.1909432,1.367153,2.1720402,1.6623563,1.0,-2.9125047,0.0,-0.0,5.023372,-1.713766,-3.3960054,2.5938604,8.186606,-0.90408057,-5.115136,8.867196,9.398057,-0.7290942,-5.521997,10.364473,9.305286,-1.1268218,-5.410099,10.573324,8.81014,-1.2014226,-5.3376126,10.012604,-7.506438,-1.4436387,-7.1120124,1.0,-12.818812,0.7288975,-6.0426464,11.697631,-18.628012,-0.17916569,-11.0571995,9.970151,-19.54676,-2.3329933,-11.713368,7.259835,-20.732595,4.400395,-14.110489,12.909039
1829.jpg,2.821457,1.8527569,3.4149883,1.1958232,3.416137,1.0023326,3.4136777,0.79831046,3.4170647,1.3399042,3.4228802,1.2628584,3.4226353,1.1656386,3.181016,-0.4724085,3.0865793,0.07255648,2.2809613,1.3468722,2.2712,1.6127036,1.0,-2.075702,0.0,-0.0,5.47396,-1.1513908,-2.291409,2.1320264,8.945257,-0.7744269,-5.6494536,7.2337656,10.188491,-0.62344754,-6.0394387,8.540582,10.055216,-1.0010186,-5.9322605,8.698742,9.560618,-1.061567,-5.883454,8.205817,-8.20501,-0.96054137,-7.8028865,1.0,-14.265555,0.52633727,-6.7091465,9.707561,-20.585426,-0.07541667,-12.186543,8.028512,-21.48771,-1.6836674,-12.942443,5.9911375,-22.809484,3.7168715,-15.429916,10.498926
1830.jpg,2.7051034,1.7298843,3.250178,1.1175534,3.2534676,0.9371924,3.2544754,0.7472759,3.2483423,1.2384434,3.252492,1.1598299,3.2519689,1.0619242,3.0542533,-0.48704284,2.9499123,-0.0020814068,2.2173822,1.2317384,2.210646,1.4592632,1.0,-2.1173944,0.0,-0.0,5.151033,-1.1598012,-2.1066966,2.0720294,8.459851,-0.7284765,-5.1918683,6.8828945,9.58359,-0.6133922,-5.577527,8.029216,9.468648,-1.0073882,-5.4559555,8.169236,9.027645,-1.0640692,-5.3983965,7.7288485,-7.478573,-0.8788939,-7.1690807,1.0,-13.096059,0.47500563,-6.089758,9.14948,-19.093779,-0.06779666,-11.169775,7.6167064,-20.00897,-1.3888259,-11.851236,5.7007127,-21.16147,3.2082424,-14.22228,9.860635
1831.jpg,2.7567065,2.1055663,3.3326359,1.3944802,3.3335817,1.1864754,3.33154,0.96570194,3.333517,1.5120157,3.3367836,1.4072025,3.335072,1.2818482,3.1038613,-0.49365237,3.0039675,0.057194375,2.2255726,1.5554029,2.2231908,1.7858986,1.0,-2.491239,0.0,-0.0,5.329958,-1.4257357,-2.10789,2.3882716,8.863735,-0.8510004,-5.543662,8.709271,10.023968,-0.81689537,-5.9115186,10.190684,9.9116955,-1.2585968,-5.8165584,10.398627,9.453656,-1.2875124,-5.796415,9.777647,-7.9800963,-0.9392457,-7.685294,1.0,-13.987404,0.75558895,-6.658626,11.129845,-20.315884,-0.010618007,-12.022379,9.46554,-21.23014,-1.6024889,-12.736167,7.195132,-22.547173,3.9820883,-15.2190275,12.188398
1934.jpg,2.8669136,1.7643329,3.4500732,1.0690999,3.4586089,0.8734343,3.462164,0.6738394,3.439539,1.2208935,3.4441538,1.14908,3.4430737,1.0597992,3.2300189,-0.5399393,3.1244874,0.03734376,2.3365932,1.3070742,2.3315625,1.5735732,1.0,-2.125445,0.0,-0.0,5.3537617,-1.3787597,-3.5821369,2.2597709,8.7315,-1.03075,-5.3177214,7.2108192,10.040028,-0.8469283,-5.7029414,8.417021,9.975701,-1.2120942,-5.6209273,8.562401,9.49636,-1.27637,-5.5736213,8.091405,-7.8869257,-0.90798587,-7.401136,1.0,-13.794037,0.29602998,-6.3351445,9.581013,-19.850616,-0.11107106,-11.578301,8.1857815,-20.770807,-1.6458488,-12.363776,6.134503,-22.014862,3.3986654,-14.82382,10.734045
1935.jpg,2.9545946,1.9666252,3.5467763,1.229677,3.5511785,1.0322317,3.552448,0.8237361,3.5469444,1.3488886,3.5529215,1.2572906,3.5542357,1.1479511,3.3217735,-0.4917743,3.2245154,0.04808533,2.43206,1.5138611,2.4364486,1.7482468,1.0,-2.0677075,0.0,-0.0,5.485453,-1.388119,-3.7458835,2.3470323,8.957339,-1.1416516,-5.504332,7.7263207,10.282699,-0.9401162,-5.8912096,9.004733,10.212603,-1.3662525,-5.727101,9.176652,9.733613,-1.4363197,-5.670599,8.679137,-8.115069,-0.9796891,-7.6774974,1.0,-14.084987,0.33973655,-6.480588,10.141848,-20.362204,-0.30109,-12.05842,8.69037,-21.341215,-1.9586896,-12.833654,6.6286016,-22.595745,3.7818735,-15.21872,11.462196
1936.jpg,2.7575293,2.8052647,3.3233643,1.7888904,3.329598,1.507414,3.330712,1.210702,3.3111262,1.9863156,3.312005,1.878017,3.3081114,1.7454237,3.1076682,-0.564504,2.997243,0.20875238,2.2608435,2.106007,2.2521203,2.4828196,1.0,-2.8298216,0.0,-0.0,5.128989,-1.8260584,-3.3913863,3.2715647,8.3424,-1.455507,-4.996708,10.444958,9.527771,-1.1658903,-5.3406453,12.1865015,9.436674,-1.7499086,-5.244349,12.330154,8.987497,-1.8829095,-5.2039323,11.6652155,-7.324243,-1.4034033,-6.982267,1.0,-12.836781,0.34283116,-5.9963326,13.504326,-18.679428,-0.3709685,-11.044076,11.77747,-19.561117,-2.477285,-11.84867,8.887896,-20.866001,4.8469553,-14.000191,15.378481
1937.jpg,2.7090843,2.791526,3.2794156,1.866772,3.2915118,1.6339991,3.2973242,1.378182,3.2632055,1.9839444,3.2655702,1.8583808,3.2638464,1.7159462,3.0885074,-0.273681,2.982348,0.3079936,2.2366488,2.1383953,2.227632,2.3882127,1.0,-2.4290192,0.0,-0.0,5.176169,-1.4127567,-3.3883564,3.0411363,8.368497,-1.1827132,-4.9957447,9.540019,9.543534,-1.0449474,-5.3398666,11.141518,9.4445715,-1.5552335,-5.2558966,11.286762,8.9970455,-1.6438057,-5.2289104,10.689235,-7.251992,-1.1509061,-6.9551854,1.0,-12.830733,0.15620445,-5.963895,12.277594,-18.892742,-0.21342167,-11.185511,10.6413,-19.767254,-1.9773024,-11.94234,8.1072855,-21.064335,4.5933824,-14.10767,13.90951
1938.jpg,2.8172972,1.8104897,3.3894906,1.1000786,3.394056,0.89405566,3.394105,0.6787156,3.3847232,1.2555096,3.3896668,1.1830869,3.3893147,1.0917033,3.1721668,-0.6050211,3.0717206,-0.00395812,2.3005524,1.3047073,2.2984655,1.5878047,1.0,-2.3190436,0.0,-0.0,5.1543913,-1.5013449,-3.4890597,2.2117457,8.432799,-1.3035647,-5.1934476,7.6247573,9.701212,-1.1566858,-5.5627007,8.84616,9.61679,-1.5134777,-5.4588046,8.944641,9.127586,-1.579613,-5.3870907,8.493891,-7.5485096,-1.0854702,-7.127919,1.0,-13.125392,0.013649394,-6.1344347,9.817722,-19.188314,-0.43866783,-11.352957,8.389776,-20.151794,-1.8487923,-12.139926,6.3703527,-21.389257,3.4421704,-14.386835,10.977438
2045.jpg,2.9649234,2.4287343,3.5669873,1.5414488,3.57588,1.3074689,3.5787318,1.064326,3.5518622,1.6834688,3.5526185,1.5702829,3.547636,1.4371037,3.3282123,-0.44541287,3.2173746,0.20268887,2.427057,1.8638605,2.421112,2.1157272,1.0,-2.421142,0.0,-0.0,5.6283336,-1.4927622,-2.482078,2.6581872,9.156952,-1.5255073,-5.693898,8.8203335,10.567949,-1.3475564,-6.1092963,10.3479595,10.485178,-1.866692,-6.0098906,10.477216,9.929542,-1.8910916,-5.9439173,9.854242,-8.309069,-1.0013412,-7.8180485,1.0,-14.397382,0.22157869,-6.6941185,11.730097,-21.033709,0.09893992,-12.378752,9.991486,-22.105112,-1.7929814,-13.2568445,7.574339,-23.314873,5.154852,-15.622795,13.088255
2046.jpg,2.5661995,2.1864953,3.129229,1.4568367,3.1319492,1.2449486,3.1334355,1.008512,3.1285594,1.5969006,3.129073,1.5132581,3.1267416,1.4132777,2.9204657,-0.40512002,2.812721,0.23731491,2.0529091,1.6552896,2.055572,1.935044,1.0,-2.4580884,0.0,-0.0,5.091251,-1.5043427,-2.0658343,2.2949991,8.600549,-1.3374423,-5.4226646,8.515146,9.681508,-1.3679808,-5.7612853,9.928111,9.611771,-1.783592,-5.6198134,10.125019,9.22725,-1.7836825,-5.571136,9.537369,-7.482226,-0.9601692,-7.143482,1.0,-13.151123,0.019451732,-6.187263,10.841973,-18.969164,0.2986218,-11.281869,9.432485,-19.920563,-1.3949003,-12.005538,7.2144213,-21.079664,4.772185,-14.260987,11.978399
2047.jpg,2.514486,1.9613488,3.06443,1.2781683,3.07191,1.0868386,3.0785265,0.86833435,3.056925,1.4111358,3.057508,1.3369541,3.0561585,1.2519068,2.8760052,-0.4736672,2.7636228,0.16160007,2.0237331,1.4436147,2.0199993,1.7063525,1.0,-2.4790306,0.0,-0.0,4.9954495,-1.5905132,-2.0047715,2.314084,8.3773985,-1.3777056,-5.2349715,7.7851615,9.425824,-1.3707488,-5.5802283,9.089008,9.374905,-1.6776574,-5.4764943,9.2850275,8.996095,-1.6735784,-5.4332294,8.808528,-7.3178363,-0.90150416,-6.9818068,1.0,-12.880767,-0.0051308223,-6.071947,9.917549,-18.611073,0.38052788,-11.04684,8.632831,-19.568718,-1.3151845,-11.807192,6.584771,-20.482685,4.509267,-13.994902,11.144979
2048.jpg,2.5180862,1.8928567,3.0702515,1.2672716,3.0755787,1.0789857,3.0796213,0.87194616,3.0706182,1.403417,3.074717,1.3353614,3.0757637,1.2543238,2.8870456,-0.38741368,2.7828624,0.22154397,2.0332768,1.4116238,2.0372348,1.6698002,1.0,-2.2479618,0.0,-0.0,5.0299177,-1.3859961,-1.9604088,2.333028,8.478648,-1.2135508,-5.254485,7.518618,9.569567,-1.2895454,-5.633112,8.810927,9.491836,-1.654821,-5.5238833,8.994811,9.101021,-1.6474043,-5.46335,8.526818,-7.305104,-0.82994884,-6.9562097,1.0,-12.963787,0.007447198,-6.0954747,9.775641,-18.683464,0.32968095,-11.042678,8.435051,-19.581806,-1.2311074,-11.793417,6.375222,-20.86597,4.2246842,-14.077558,10.950572
2049.jpg,2.4734566,2.0267022,2.9971108,1.267809,3.0036032,1.0564622,3.0093484,0.8238019,2.9909728,1.4190646,2.9918938,1.3393517,2.9913716,1.2472261,2.813369,-0.5975636,2.7078521,0.09927795,2.0086973,1.4902781,2.0079894,1.7748214,1.0,-2.7058408,0.0,-0.0,4.8851347,-1.7583596,-1.8465413,2.5479057,8.119303,-1.519213,-4.922237,8.534085,9.148523,-1.5657262,-5.252333,9.997226,9.096121,-1.9294072,-5.1531467,10.177182,8.726888,-1.8746253,-5.1206913,9.666696,-6.830573,-1.1417986,-6.569106,1.0,-12.26094,-0.14319882,-5.818013,10.884264,-17.750189,0.38192153,-10.544625,9.1553545,-18.655771,-1.4307582,-11.307246,6.9227357,-19.72733,4.7665224,-13.335514,11.9882765
2050.jpg,2.5597563,2.0763097,3.1124725,1.3834212,3.1172013,1.1901147,3.1216695,0.9716739,3.1121585,1.5127224,3.1142654,1.4349385,3.1151195,1.3436441,2.912519,-0.37311986,2.815577,0.24079984,2.0652497,1.5607343,2.0733101,1.8105518,1.0,-2.3554902,0.0,-0.0,5.0462837,-1.5196946,-2.000653,2.4688015,8.43385,-1.3015994,-5.2475123,7.892564,9.523335,-1.2733861,-5.613865,9.260239,9.462387,-1.683744,-5.5065327,9.407879,9.062091,-1.6393998,-5.456751,8.915452,-7.3010483,-0.80647844,-6.9527397,1.0,-12.942088,0.14435294,-6.11934,10.167188,-18.690504,0.6172171,-11.064328,8.796956,-19.632948,-1.0818324,-11.832168,6.6498423,-20.789232,4.624168,-14.030957,11.350324
2051.jpg,2.506208,2.9195888,3.0264926,1.8927969,3.0357952,1.6011422,3.040671,1.2940367,3.0164115,2.1094189,3.020249,1.9958956,3.0198388,1.8639653,2.8530502,-0.59362835,2.7528002,0.29301444,2.0544517,2.1746817,2.0493662,2.5585117,1.0,-3.3039126,0.0,-0.0,4.8080153,-2.0127513,-3.1483145,3.5413237,8.037705,-1.6643199,-4.8490124,11.210806,9.112983,-1.562591,-5.2123356,13.171866,9.04758,-2.1704967,-5.121556,13.412848,8.623282,-2.1548445,-5.077873,12.728051,-6.9021726,-0.99566895,-6.663605,1.0,-12.290425,0.34755522,-5.720944,14.324284,-17.72391,0.9002956,-10.434713,12.465541,-18.667675,-1.5668011,-11.163318,9.413593,-19.587734,6.708718,-13.298201,16.154024
2052.jpg,2.6725302,1.7268097,3.2392066,1.1012666,3.2473862,0.912885,3.2543669,0.72300845,3.229844,1.2477297,3.2324135,1.1739682,3.230371,1.0856364,3.054908,-0.47465718,2.9361432,0.10338973,2.1740444,1.2699354,2.162035,1.5155027,1.0,-2.215167,0.0,-0.0,5.24993,-1.47504,-2.1757312,2.046652,8.774008,-1.1653843,-5.3434734,7.1511803,9.835826,-1.0601364,-5.737195,8.419712,9.80291,-1.4031104,-5.624655,8.561343,9.425273,-1.4177036,-5.580376,8.087079,-7.533512,-0.81625384,-7.1481433,1.0,-13.493226,0.14294967,-6.2123346,9.4147005,-19.407919,0.48058805,-11.391756,8.115451,-20.418459,-1.1896901,-12.148977,6.1040473,-21.328865,4.437688,-14.460121,10.227202
2151.jpg,3.2029579,2.142568,3.9196966,1.3800622,3.933446,1.1831572,3.9399238,0.96683365,3.9027686,1.4901817,3.9085546,1.3888744,3.9092622,1.2668787,3.6759593,-0.37710017,3.5604944,0.16983508,2.5904524,1.6257809,2.56293,1.8639961,1.0,-1.9269376,0.0,-0.0,6.0645213,-0.9847958,-2.8840308,2.393057,10.0323,-0.5508049,-6.1717644,7.671077,11.559537,-0.3024583,-6.667429,9.008622,11.475015,-0.8660752,-6.603592,9.128099,10.9078865,-0.9296147,-6.512678,8.633112,-9.257615,-0.6508035,-8.79358,1.0,-15.983424,0.9310043,-7.5253177,10.243123,-23.3317,0.6241381,-13.737074,8.898823,-24.50106,-1.0128472,-14.5739565,6.9136577,-25.746017,4.349893,-17.3729,11.554376
2152.jpg,3.1304011,1.9060283,3.7950304,1.2455223,3.8039796,1.0722525,3.8066375,0.8886784,3.766429,1.345764,3.7602346,1.2569586,3.7462559,1.1548716,3.536026,-0.22169746,3.392082,0.2410289,2.562312,1.467781,2.5468404,1.6665002,1.0,-1.6872085,0.0,-0.0,5.8097944,-0.9600781,-2.4367614,2.0545275,9.685398,-0.5249659,-5.9983134,7.047851,11.009106,-0.42078888,-6.4397135,8.180818,10.963905,-0.8715362,-6.3434753,8.262881,10.47324,-0.86440086,-6.2719145,7.847091,-8.69955,-0.38382536,-8.333533,1.0,-15.449942,0.7881946,-7.105504,9.07998,-22.185349,0.6195516,-12.995786,7.9117866,-23.246298,-0.8985984,-13.883294,5.9913235,-24.454088,4.0065956,-16.542963,10.227142
2153.jpg,2.87261,1.7326357,3.4952602,1.1140177,3.5025918,0.9370378,3.5064745,0.7459885,3.4903004,1.22592,3.4953864,1.146296,3.4946027,1.0510808,3.2964678,-0.4027577,3.1742687,0.092774555,2.33428,1.2778722,2.3303974,1.5046824,1.0,-1.8785307,0.0,-0.0,5.4152493,-1.0840664,-2.2863135,2.3110409,9.060247,-0.6018458,-5.5412436,6.9792523,10.240113,-0.5256793,-5.955087,8.21228,10.218339,-1.0126486,-5.8638024,8.385048,9.820341,-1.030668,-5.825011,7.9302177,-8.075436,-0.48873746,-7.7416644,1.0,-14.44391,0.73181796,-6.6976485,9.223457,-20.823957,0.48972258,-12.276254,7.9621425,-21.772234,-0.9423486,-13.098781,6.1126065,-23.020367,3.8888052,-15.605293,10.342916
2154.jpg,2.7408352,1.7791235,3.326451,1.1703537,3.3373682,1.0026191,3.347246,0.8143695,3.317458,1.2660722,3.3227472,1.186221,3.3259313,1.0917152,3.160775,-0.36405426,3.0348601,0.122221306,2.2484155,1.3352213,2.245853,1.5445607,1.0,-1.9077419,0.0,-0.0,5.088328,-0.9719543,-2.1820765,2.4489818,8.5621,-0.33398944,-5.2730455,7.095639,9.705429,-0.15937534,-5.6959887,8.27794,9.708518,-0.6458795,-5.608842,8.376191,9.322695,-0.6978596,-5.548157,7.925784,-7.6567917,-0.53261095,-7.375118,1.0,-13.640287,0.90341157,-6.3906746,9.2578745,-19.528618,0.34131357,-11.552049,7.963081,-20.487001,-1.1372156,-12.307761,6.0716634,-21.6927,4.0503674,-14.686671,10.351895
2155.jpg,2.7565656,1.654813,3.342867,1.0678166,3.351728,0.9044796,3.3581479,0.72968966,3.3316805,1.1625967,3.3344193,1.0832971,3.3325572,0.99089926,3.1590416,-0.3418817,3.0373657,0.11254117,2.24741,1.2180792,2.2425811,1.4180769,1.0,-1.7807372,0.0,-0.0,5.1336493,-0.8978211,-3.5255775,1.9603277,8.669352,-0.31483418,-5.190209,6.6266537,9.807819,-0.16721155,-5.5788164,7.7787533,9.7972355,-0.62524235,-5.496845,7.9090586,9.407762,-0.6831311,-5.453307,7.4892316,-7.7154574,-0.6168818,-7.3904595,1.0,-13.595908,0.8277871,-6.2898364,8.790042,-19.64272,0.40023494,-11.626615,7.5550346,-20.622183,-1.0163345,-12.390848,5.759416,-21.720575,3.806442,-14.754152,9.867864
2156.jpg,2.8992167,1.6450741,3.5276093,1.070179,3.5367625,0.903695,3.542347,0.7234346,3.5237513,1.1858288,3.5312805,1.119162,3.533921,1.0379426,3.339485,-0.36069646,3.2150862,0.11628547,2.3651545,1.2165831,2.3595102,1.4496666,1.0,-1.7040312,0.0,-0.0,5.491029,-0.90441555,-2.3239038,2.1566417,9.254018,-0.26953518,-5.715007,6.478558,10.478871,-0.10893891,-6.160697,7.530725,10.449626,-0.5390528,-6.0756927,7.6308174,10.033958,-0.58611125,-5.9813337,7.24553,-8.192228,-0.576515,-7.856974,1.0,-14.536055,0.71367437,-6.8177776,8.5456,-20.934883,0.32939738,-12.450448,7.400742,-21.94441,-1.0386426,-13.2782955,5.670081,-23.292187,3.5932968,-15.782694,9.625032
2157.jpg,2.6562188,1.7494723,3.2211037,1.1322702,3.2323673,0.9632901,3.2440193,0.7894256,3.209818,1.2242655,3.2137399,1.1336602,3.2153566,1.031729,3.081867,-0.35468552,2.9596064,0.10469516,2.1943831,1.3067397,2.1881087,1.5027189,1.0,-1.9296756,0.0,-0.0,4.9911585,-0.9087706,-3.3731606,1.9854435,8.128124,-0.20390427,-4.869457,7.034197,9.240549,0.017626163,-5.2488823,8.281066,9.250133,-0.43385524,-5.118263,8.489932,8.83884,-0.5169794,-5.0796976,8.029084,-7.250281,-0.73628646,-6.9459763,1.0,-12.866651,0.6912204,-5.9243093,9.379381,-18.717253,0.40970373,-10.997695,8.055845,-19.611162,-1.0832014,-11.642432,6.113589,-20.925817,3.8490644,-13.897365,10.282417
2264.jpg,2.739529,1.7489322,3.3518238,1.1329885,3.3653936,0.98041016,3.3745046,0.8080491,3.3437676,1.2099648,3.3520632,1.1235437,3.3577933,1.0312963,3.1725893,-0.32127964,3.0740657,0.111323826,2.2469711,1.3013871,2.2449045,1.4623414,1.0,-1.7624551,0.0,-0.0,5.219033,-0.8590866,-3.464849,1.3721331,8.617859,-0.3260732,-5.2073526,6.3541636,9.767457,0.07019106,-5.5352077,7.466945,9.760416,-0.30357158,-5.3656764,7.631034,9.373985,-0.44520923,-5.3233495,7.197635,-7.6235685,-0.8692258,-7.1976495,1.0,-13.58018,0.23355564,-6.1531825,8.512363,-19.9027,-1.17348,-11.430756,7.3813405,-20.763742,-2.520734,-12.219006,5.4828453,-22.443575,1.7062322,-14.277581,9.983235
2265.jpg,3.656136,1.7728431,4.4315124,1.163495,4.4390645,1.0139455,4.4404435,0.8424082,4.4200287,1.2218826,4.422165,1.1306365,4.4200854,1.0260377,4.11794,-0.28090203,4.017359,0.09137244,2.9933367,1.3587201,2.9954643,1.5005882,1.0,-1.5224798,0.0,-0.0,6.504148,-0.6760369,-2.9277625,1.857169,10.506727,0.50721043,-7.160801,6.582868,7.096965,3.6207905,-7.5127773,7.784102,6.9649363,3.4428806,-7.2830663,7.8851414,6.5256004,3.4701097,-7.1706953,7.4572654,-10.166779,-0.6703263,-9.520949,1.0,-17.869946,0.015079807,-8.058486,8.589593,-26.224264,-1.1451327,-15.175524,7.5066957,-27.383114,-2.6548374,-16.234497,5.5719223,-29.421303,1.9205573,-18.646048,10.226989
2266.jpg,3.340356,1.5942173,4.0701895,1.0552762,4.0804935,0.9242662,4.085396,0.7745877,4.061269,1.1039934,4.067208,1.0210764,4.069411,0.9274254,3.8032784,-0.2268095,3.7034755,0.10290163,2.7311728,1.2218181,2.731798,1.3459584,1.0,-1.32666,0.0,-0.0,6.1819186,-0.68903315,-2.621965,1.7720798,10.417319,-0.23411155,-6.2985945,5.8307586,11.842369,0.18439707,-6.7158213,6.985569,11.8376045,-0.16475287,-6.47035,7.093708,11.369482,-0.30725098,-6.41412,6.659241,-9.200968,-0.48675388,-8.690841,1.0,-16.454235,0.12293769,-7.378035,7.8414817,-24.09703,-1.0778201,-13.980087,6.698832,-25.003809,-2.3392644,-14.862021,5.0740204,-27.063196,1.5497969,-17.302868,9.192542
2267.jpg,2.774065,1.6886116,3.3827522,1.1000454,3.395698,0.94321877,3.4050465,0.7682967,3.3783636,1.1820076,3.388408,1.1012627,3.3960624,1.0091445,3.2260203,-0.37190613,3.1284473,0.05181529,2.2863247,1.2606056,2.2866728,1.4468342,1.0,-1.7266707,0.0,-0.0,5.1812615,-0.8162029,-3.5205314,1.6757851,8.6592655,-0.23229675,-5.135564,6.787325,9.836969,0.2127358,-5.4391212,7.937732,9.802162,-0.19050416,-5.243338,8.102988,9.397086,-0.34580165,-5.2041235,7.66919,-7.521106,-0.7652475,-7.118259,1.0,-13.379033,-0.030822104,-6.0055737,8.690277,-19.567492,-1.0833368,-11.397554,7.5454082,-20.339108,-2.5411053,-12.148533,5.798165,-22.03604,1.9249387,-14.04641,10.414994
2268.jpg,2.9706078,1.6520514,3.6163623,1.0718286,3.6277747,0.9197121,3.6366262,0.7596538,3.6160612,1.1379802,3.6280549,1.0481094,3.6374145,0.94840455,3.435497,-0.3138128,3.3326364,0.04508468,2.4555507,1.2376082,2.453943,1.3846656,1.0,-1.5076876,0.0,-0.0,5.49191,-0.67863566,-3.728047,1.7840353,9.005555,-0.08873829,-5.436786,6.574673,10.352277,0.4443094,-5.77392,7.7567058,10.310285,0.08846627,-5.6196623,7.867061,9.846092,-0.11421669,-5.596249,7.42873,-8.080218,-0.6077798,-7.6337137,1.0,-14.209154,0.043011993,-6.4271393,8.734107,-20.890173,-0.9897341,-12.213017,7.5674467,-21.683681,-2.4572158,-12.969502,5.827257,-23.437946,1.9018503,-15.083937,10.126061
2269.jpg,2.9664357,1.4759328,3.5906653,0.9212901,3.5993361,0.77820164,3.6047752,0.62624824,3.5777857,0.9843979,3.5797057,0.90049905,3.5774004,0.80500877,3.371866,-0.33184585,3.2592363,-0.0074065207,2.4348538,1.0968399,2.4252465,1.2480912,1.0,-1.477239,0.0,-0.0,5.3699627,-0.74732393,-3.5925279,1.623334,8.894672,-0.16486447,-5.298419,5.9910264,10.078024,0.286936,-5.6619387,7.092941,10.0739975,-0.09381139,-5.499278,7.220596,9.670822,-0.26307026,-5.4547205,6.814456,-7.715304,-0.6295842,-7.329602,1.0,-13.756194,-0.09715548,-6.2102704,8.1274805,-20.249464,-0.9407968,-11.804144,6.909285,-20.972324,-2.2117143,-12.577726,5.254518,-22.810331,1.8863118,-14.580539,9.411359
2270.jpg,3.1414974,1.5774044,3.8072338,0.9625705,3.8141687,0.79912335,3.8160193,0.62905765,3.8010538,1.0522704,3.8061924,0.96942186,3.805336,0.8730016,3.5764296,-0.40646255,3.4777277,-0.008094208,2.5905423,1.1792513,2.5807662,1.3537323,1.0,-1.5365695,0.0,-0.0,5.8458233,-0.6867125,-3.800426,1.6655325,9.634836,-0.15991664,-5.6748195,6.4527082,10.988402,0.34528303,-6.065055,7.610497,10.942761,-0.06453538,-5.8709316,7.74327,10.485976,-0.26975164,-5.8129673,7.3158574,-8.272631,-0.70041823,-7.8715577,1.0,-14.813301,-0.075761326,-6.561733,8.47592,-21.659168,-0.981358,-12.567523,7.3787775,-22.501255,-2.3143237,-13.409861,5.604548,-24.364492,2.0180018,-15.549774,10.034732
2271.jpg,3.2281609,2.0365756,3.9111595,1.29162,3.9144704,1.1075685,3.9109895,0.907862,3.9078221,1.371649,3.9119146,1.2651129,3.9089017,1.1415095,3.6370041,-0.3473379,3.5392952,0.075585246,2.6480355,1.5805814,2.6412022,1.7602341,1.0,-1.6773186,0.0,-0.0,5.963455,-0.7541054,-3.9115067,2.053187,9.865165,-0.030319039,-5.9135456,7.592725,11.3037195,0.5661798,-6.3072724,8.928561,11.2491255,0.047061667,-6.122535,9.020154,10.751543,-0.19127822,-6.0608616,8.527132,-8.770788,-0.7370037,-8.327208,1.0,-15.393606,0.0683689,-6.870363,10.040349,-22.522472,-0.99296665,-13.058529,8.7461815,-23.486506,-2.6352012,-13.971678,6.602051,-25.256872,2.5476797,-16.132109,11.897345
2272.jpg,3.0972347,2.124904,3.7749712,1.359277,3.792241,1.1635652,3.8008833,0.9533387,3.758218,1.4509995,3.767916,1.3425503,3.7696092,1.2166979,3.5760047,-0.32614228,3.4475727,0.12115257,2.5553813,1.5845584,2.543829,1.7748116,1.0,-1.7038819,0.0,-0.0,5.8424745,-0.7001378,-3.76402,2.0789835,9.648316,-0.2046962,-5.693291,7.7411685,11.004168,0.41687337,-6.171713,9.072115,10.971889,-0.062990606,-6.0510435,9.18066,10.511635,-0.29592127,-5.949935,8.6793165,-8.393262,-0.7801163,-8.032218,1.0,-14.824443,0.41078836,-6.7434697,10.470675,-21.910934,-0.9918282,-12.755014,9.215717,-22.793283,-2.5636332,-13.652918,7.014407,-24.704786,2.493709,-15.825456,12.486193
2713.jpg,3.3151987,1.8245509,4.0659842,1.1885889,4.0779705,1.007076,4.0838227,0.81561905,4.042007,1.3036993,4.041409,1.2195953,4.033739,1.1184131,3.8225844,-0.33235028,3.6786795,0.16363642,2.6956134,1.3575071,2.6799743,1.5901968,1.0,-1.6851791,0.0,-0.0,6.13897,-0.79380065,-2.8250413,2.1473951,10.266004,-0.07472763,-6.852704,7.2352886,11.719923,0.17030361,-7.2915616,8.57586,11.681028,-0.28594604,-7.1727133,8.811362,11.152223,-0.36633185,-7.1179066,8.324097,-9.933951,-0.70059305,-9.315462,1.0,-17.342031,1.2957278,-8.145482,9.351064,-24.923319,0.96258914,-14.898951,8.082469,-25.953232,-0.6765782,-15.82942,5.990637,-27.513937,4.195032,-18.529537,10.558963
2714.jpg,2.7011619,2.4599378,3.3011558,1.5995241,3.32508,1.3613992,3.342356,1.1088148,3.2645977,1.7615526,3.2672694,1.6588472,3.2665057,1.534863,3.1512058,-0.41083372,3.0053205,0.29060405,2.237943,1.8187617,2.210016,2.10868,1.0,-2.4573462,0.0,-0.0,5.0311785,-0.96768165,-3.5326343,2.5672057,8.303558,0.2906979,-5.124646,8.853586,9.503327,0.55801916,-5.4967937,10.418518,9.52357,0.07661888,-5.423612,10.598676,9.085416,-0.009166187,-5.3747935,10.008469,-7.7025337,-1.1285675,-7.2685723,1.0,-13.581641,1.4354061,-6.243801,11.679584,-19.467812,0.84616643,-11.527402,10.182087,-20.337257,-1.4072628,-12.294413,7.4640718,-21.49448,4.8850636,-14.4812765,13.317788
2715.jpg,3.0239959,2.270309,3.7033532,1.453443,3.7196743,1.2292478,3.731422,0.997903,3.6824996,1.5809673,3.6868713,1.4658943,3.685627,1.3324075,3.4990957,-0.475038,3.3625257,0.10058004,2.4645255,1.6955972,2.4535325,1.9537911,1.0,-2.1098979,0.0,-0.0,5.784077,-0.7222446,-2.6066108,2.7208679,9.532112,0.5319968,-6.0647616,8.635256,10.781339,0.8468846,-6.5523415,10.194497,10.793242,0.27635077,-6.4161263,10.477309,10.370073,0.15957649,-6.35271,9.898735,-8.850918,-0.8047867,-8.435214,1.0,-15.641923,1.4286156,-7.1218967,11.443429,-22.37028,0.88401705,-13.160443,10.085446,-23.372604,-1.3461527,-14.103825,7.382656,-24.658243,4.6764197,-16.651026,12.929522
2833.jpg,2.7721312,1.8509854,3.368349,1.118623,3.3918908,0.9095908,3.4095666,0.6983773,3.3348558,1.2677494,3.3369884,1.1776793,3.3360493,1.070281,3.2025776,-0.56292254,3.0577912,0.021599911,2.282795,1.3179057,2.2478435,1.5563926,1.0,-2.1178958,0.0,-0.0,5.396139,-1.1505107,-3.5972216,2.4503262,8.90034,-0.8922242,-5.3965225,7.908878,10.142993,-0.8020422,-5.745663,9.240486,10.015038,-1.2677214,-5.6891875,9.42443,9.531086,-1.3164724,-5.6568303,8.942331,-7.898791,-0.91431695,-7.430621,1.0,-14.0253725,0.40946844,-6.485088,10.162924,-20.21052,-0.21407996,-11.819196,8.480092,-21.146046,-1.854156,-12.6264515,6.3498635,-22.420462,3.8937342,-14.97536,11.227126
2834.jpg,2.9054275,2.1759453,3.5050557,1.3785921,3.5180883,1.1563445,3.5273063,0.926605,3.4770484,1.5283271,3.473521,1.4290004,3.4652824,1.3086684,3.2937183,-0.47630897,3.1424837,0.14645718,2.390233,1.665934,2.368972,1.9207423,1.0,-2.096014,0.0,-0.0,5.5147443,-1.266677,-3.7824492,2.5343988,9.024484,-1.0821524,-5.574051,8.451113,10.229905,-0.99681515,-6.0130258,9.914113,10.093849,-1.4507914,-5.9400806,10.044746,9.626247,-1.5032545,-5.874201,9.501803,-8.0688305,-0.909899,-7.652818,1.0,-14.409332,0.3509036,-6.7680492,11.244518,-20.739443,-0.31783986,-12.257452,9.301347,-21.672462,-2.1032236,-13.151385,6.9733214,-22.972584,4.280113,-15.415928,12.536709
2835.jpg,2.5839634,1.6973519,3.139793,0.9873812,3.1597633,0.79132414,3.1746986,0.5910406,3.1076405,1.1387827,3.1084406,1.0609688,3.1063478,0.9672997,2.9809132,-0.5954455,2.8354154,-0.0051929858,2.130476,1.2167684,2.0968912,1.4552517,1.0,-2.106281,0.0,-0.0,5.045618,-1.2940301,-3.2720423,2.2190652,8.198291,-1.0697213,-4.9883947,7.399914,9.299396,-1.02809,-5.3556757,8.725741,9.206671,-1.4031233,-5.3329706,8.90985,8.776837,-1.4223224,-5.2852445,8.371134,-6.9547186,-0.98685586,-6.618737,1.0,-12.450129,0.3043285,-6.0310345,9.82752,-18.417206,-0.3893123,-10.884842,8.053361,-19.280293,-2.005038,-11.578714,6.0969625,-20.4692,3.3140848,-13.73286,10.701232
2836.jpg,2.6060317,2.3564694,3.135729,1.4755279,3.154285,1.2231495,3.1677413,0.96061546,3.1109908,1.6460336,3.1151388,1.5374947,3.117417,1.4071556,2.9819076,-0.6093001,2.861648,0.102256104,2.1518724,1.7069603,2.1315322,1.9962708,1.0,-2.5429616,0.0,-0.0,4.9553638,-1.3901883,-3.357125,2.6661847,8.122959,-0.9814049,-4.7563243,9.232764,9.262161,-0.9299788,-5.108859,10.9901905,9.177342,-1.4823816,-5.0576563,11.189282,8.740632,-1.4991121,-5.020892,10.549997,-6.8320847,-1.1702225,-6.5065603,1.0,-12.113278,0.42628342,-5.848637,12.260703,-18.017576,-0.49977592,-10.611546,10.108234,-18.84677,-2.390907,-11.337641,7.705235,-20.074718,4.1859975,-13.468335,13.569721
2837.jpg,2.8252518,2.412429,3.3966403,1.4254242,3.4115555,1.1683903,3.4190276,0.8935201,3.3672705,1.5830237,3.365635,1.4639056,3.3600817,1.3227651,3.1713743,-0.70057565,3.0499704,0.019687867,2.3239706,1.7987379,2.30412,2.0776515,1.0,-2.5623534,0.0,-0.0,5.317812,-1.57555,-3.3584752,2.9531338,8.597208,-1.413567,-5.060401,9.230565,9.743773,-1.3702906,-5.445101,10.85773,9.634993,-1.8828511,-5.399911,11.094161,9.211236,-1.8992177,-5.3581405,10.414856,-7.156242,-1.1180475,-6.9240384,1.0,-12.889085,0.3639505,-6.200044,12.060995,-19.113134,-0.7295343,-11.238781,10.011181,-20.003496,-2.650447,-11.896985,7.7808347,-21.314423,3.7545462,-14.24681,13.308913
2838.jpg,3.130003,1.8583401,3.773246,1.1696273,3.7826998,0.98839945,3.7850575,0.80054086,3.7428582,1.2725178,3.7351642,1.1796019,3.7207131,1.0725878,3.5204122,-0.3223341,3.3821094,0.12763804,2.5560524,1.4058099,2.5386188,1.5818706,1.0,-1.5869645,0.0,-0.0,5.8904967,-0.9745685,-4.150221,1.9937893,9.6984005,-0.60767114,-6.190287,6.914507,10.999444,-0.3097154,-6.6915097,8.225986,10.957736,-0.6534752,-6.589609,8.449574,10.460978,-0.7424299,-6.528586,7.968326,-8.941753,-0.6385402,-8.41007,1.0,-15.785627,0.5124262,-7.446987,9.421562,-22.788479,-0.3371355,-13.469454,7.8154283,-23.807312,-1.8290523,-14.254883,5.8299685,-25.403336,3.3477085,-16.931744,10.3497095
2937.jpg,2.3485298,1.9838504,2.8408947,1.208412,2.8535752,1.0088384,2.860354,0.7940376,2.8174899,1.3534006,2.8155947,1.2690375,2.8099916,1.1755353,2.670697,-0.4807191,2.553742,0.123888366,1.9241992,1.4507053,1.9041727,1.7090834,1.0,-2.402984,0.0,-0.0,4.4744744,-1.505714,-2.9000611,2.4155054,7.414165,-1.3991643,-4.4234395,7.410285,8.403986,-1.452229,-4.7414675,8.763456,8.342183,-1.8345468,-4.714466,8.905552,7.952352,-1.7968937,-4.669109,8.39324,-6.3923445,-1.0624669,-6.0920687,1.0,-11.371336,0.5661823,-5.447423,9.871482,-16.542559,-0.1548929,-9.778577,7.6938014,-17.303534,-1.6544505,-10.369857,5.8922133,-18.31049,3.434658,-12.37915,10.425601
2938.jpg,2.3984137,1.7264038,2.9115865,1.0780705,2.926303,0.91443145,2.9373364,0.73890465,2.891418,1.1750915,2.894177,1.0947219,2.8944387,1.0023052,2.7753062,-0.3678062,2.6528537,0.12727071,1.9574792,1.2942725,1.9395461,1.4838207,1.0,-1.930761,0.0,-0.0,4.762555,-1.2796565,-3.0158815,2.1985972,7.6936483,-1.2470434,-4.6210675,6.5590158,8.727624,-1.1958783,-4.9417963,7.8519487,8.634791,-1.6383554,-4.931211,7.983729,8.246542,-1.6251862,-4.898162,7.4796915,-6.7424655,-0.7943185,-6.361548,1.0,-11.954973,0.54041165,-5.7267394,8.931261,-17.315138,-0.13605319,-10.272908,6.9991508,-18.130754,-1.576737,-10.887411,5.40228,-19.171898,3.284129,-12.965926,9.490255
2939.jpg,2.2601075,1.6180215,2.7616174,1.0111036,2.7779832,0.84830064,2.79211,0.680212,2.7420037,1.114586,2.746408,1.0393575,2.749116,0.953582,2.6565478,-0.38815755,2.533525,0.1059462,1.8490219,1.1807384,1.8281246,1.3748488,1.0,-1.9468945,0.0,-0.0,4.457786,-1.2771724,-2.892374,2.321575,7.264772,-1.107688,-4.377372,6.5415626,8.237867,-0.9732111,-4.725896,7.8028994,8.162793,-1.3763229,-4.7181597,7.951756,7.787155,-1.4031208,-4.664241,7.4798203,-6.2905307,-0.9328458,-5.9641657,1.0,-11.157638,0.5227397,-5.4004455,8.881741,-16.312765,-0.20740402,-9.616164,6.8855042,-17.030851,-1.5952427,-10.161179,5.360021,-18.09997,2.9353848,-12.195201,9.14799
2940.jpg,2.2830515,1.5497998,2.797539,0.98363155,2.8153932,0.82940996,2.8321564,0.66612196,2.7840946,1.0763195,2.7939177,1.0023392,2.8024266,0.9179641,2.7081854,-0.40554935,2.595454,0.07039428,1.8650326,1.1253521,1.8494453,1.3115875,1.0,-1.9486735,0.0,-0.0,4.4785585,-1.297307,-3.0774243,2.3432984,7.3248744,-1.2066073,-4.6057124,6.5757065,8.339066,-1.0828711,-4.9276075,7.900706,8.264182,-1.4770149,-4.9200993,8.059573,7.882107,-1.5079755,-4.8782706,7.547627,-6.5831685,-0.89406055,-6.2511816,1.0,-11.713961,0.40753752,-5.666922,8.865481,-17.069693,-0.017491141,-10.173732,6.9493,-17.767132,-1.3735539,-10.706913,5.4162316,-19.010315,3.098843,-12.859681,9.25525
2941.jpg,2.4374442,1.7363898,2.9516814,1.0057304,2.9695601,0.8146989,2.9815505,0.60807407,2.9304562,1.1363336,2.9361477,1.055912,2.939154,0.9595543,2.8039188,-0.62777907,2.6859972,-0.056426417,2.00561,1.2369264,1.9716213,1.4778413,1.0,-2.203096,0.0,-0.0,4.5543785,-1.371151,-3.0840874,2.3237917,7.383057,-1.2421185,-4.3440123,7.353665,8.534324,-1.175044,-4.6880894,8.6928,8.475294,-1.6398846,-4.640693,8.886595,7.973497,-1.6645964,-4.5948405,8.355421,-6.415824,-1.1368239,-6.1222954,1.0,-11.296671,0.4181947,-5.3842325,9.823155,-16.706772,-0.33482397,-9.876348,7.7591023,-17.437668,-1.7694315,-10.468798,5.923742,-18.537172,3.2627597,-12.358469,10.485934
2942.jpg,2.5397685,1.7646139,3.0360668,1.0053697,3.0492322,0.8004705,3.0593338,0.58601004,3.0209787,1.1679332,3.023864,1.0940771,3.025538,1.0010154,2.8473904,-0.6890197,2.743135,-0.035831336,2.0724144,1.2709104,2.0363739,1.5507098,1.0,-2.342461,0.0,-0.0,4.737145,-1.693645,-3.0011325,2.4467716,7.684635,-1.3593504,-4.5157814,7.838983,8.82911,-1.2333301,-4.8779645,9.388992,8.820843,-1.6228133,-4.8497663,9.655371,8.331694,-1.6404147,-4.806053,9.030477,-6.7208204,-1.2457786,-6.3156195,1.0,-11.951025,0.4325416,-5.6975913,10.428484,-17.427343,-0.32087043,-10.269892,8.145562,-18.247068,-1.9098471,-10.870962,6.293238,-19.314041,3.6669269,-13.046828,10.892506
2943.jpg,2.3775635,2.375239,2.8587213,1.3951834,2.8757157,1.1375506,2.8896613,0.86421233,2.8397498,1.5659813,2.8442354,1.4520302,2.8479254,1.3125371,2.7120092,-0.7968709,2.608673,-0.017021786,1.9630648,1.7608987,1.9229743,2.06933,1.0,-2.9721704,0.0,-0.0,4.4194593,-1.9503155,-2.9589431,3.2361417,7.1819124,-1.1415874,-4.25004,10.247498,8.288686,-0.88699704,-4.5775237,12.158466,8.244178,-1.537917,-4.535682,12.41111,7.7648582,-1.5781239,-4.4858985,11.674795,-6.2778454,-1.520168,-6.004818,1.0,-11.100754,0.6701143,-5.307361,13.143437,-16.121752,-0.38849533,-9.574865,10.378995,-16.811316,-2.3814023,-10.113346,8.127387,-17.870872,4.5981283,-12.119785,14.197007
2944.jpg,2.7916842,1.7001836,3.3758523,0.9895984,3.3949027,0.8073579,3.4084442,0.6051747,3.3522213,1.100729,3.3580985,1.0144765,3.3605666,0.9121585,3.1764612,-0.59381706,3.0616262,-0.02703754,2.2986937,1.2395828,2.260955,1.4381789,1.0,-2.0050607,0.0,-0.0,5.331256,-1.1425627,-3.410787,2.3004527,8.614341,-0.7988916,-5.199194,7.338459,9.904301,-0.5115077,-5.5820885,8.737389,9.835162,-1.0315971,-5.5379195,8.974136,9.339983,-1.1360449,-5.498631,8.458069,-7.709846,-1.0470527,-7.209499,1.0,-13.599872,0.6692591,-6.4842653,9.625457,-19.683277,-0.2925336,-11.574716,7.570238,-20.559887,-1.7877417,-12.228834,5.8594317,-21.803528,3.3870182,-14.617265,10.123052
