3041.jpg,4.928501,3.7399325,5.762916,1.7254432,5.7381077,0.940819,5.711119,0.12208063,5.8196383,2.8896308,5.841304,2.9867465,5.8683825,3.0810394,5.2397633,-3.5351346,5.44556,0.74478483,3.8492522,2.44566,3.9769075,3.6947417,1.0,-7.097093,0.0,-0.0,-5.454658,-14.397794,-5.8950276,-1.8783275,-8.205489,1.7452836,-8.271237,6.0740895,-9.570301,4.847864,-9.649682,7.9892864,-9.019961,6.3506303,-8.965877,8.812911,-8.567103,5.551075,-8.554025,8.114677,-13.864592,-4.2941475,-13.970592,1.0,-19.874,29.838217,-19.958048,30.479208,-23.154837,-2.8466282,-23.279602,0.5957213,-22.395,-9.033944,-22.218819,-5.8828173,-28.11709,-9.17574,-28.06125,-5.9909983
3042.jpg,5.2241564,4.7856975,6.1684504,1.8126279,6.1320815,0.6307751,6.1107683,-0.6501245,6.2620225,3.752026,6.291648,3.9720068,6.3228297,4.1789346,5.6232896,-5.772819,5.8508534,1.1603147,4.0032306,2.8404942,4.1712804,4.892547,1.0,-10.098508,0.0,-0.0,-6.089724,-20.280376,-6.234071,-3.150069,-9.015529,1.8308512,-9.016612,8.213557,-10.532469,6.097524,-10.459993,11.031371,-9.934261,8.416726,-9.750886,12.219965,-9.4419365,7.338488,-9.310663,11.180742,-15.23544,-6.6447797,-15.286333,1.0,-21.665436,41.333668,-21.773333,42.388115,-25.315857,-4.580863,-25.492138,0.05500309,-24.439583,-12.8839035,-24.289083,-8.593313,-30.66039,-13.692503,-30.636744,-8.402532
3043.jpg,5.3413405,3.7303095,6.260797,1.2775328,6.2447414,0.3772369,6.2368507,-0.72848636,6.3302083,2.8325362,6.360083,3.0745656,6.408044,3.2974262,5.7937217,-4.4943743,5.9671507,0.96377236,4.1550355,2.1285887,4.273037,3.9425678,1.0,-7.56116,0.0,-0.0,-6.265153,-15.884636,-6.4216857,-2.0185447,-9.4545965,1.8821135,-9.320902,6.6646476,-11.090315,5.0963197,-10.85676,8.791313,-10.476868,6.863569,-10.224351,9.671654,-9.970392,6.042072,-9.666735,8.884486,-16.020668,-4.7989936,-16.007046,1.0,-22.724669,32.57325,-22.767097,33.91597,-26.54911,-2.801029,-26.421686,1.2354609,-25.760271,-8.9590645,-25.340038,-5.4160247,-32.1081,-9.43091,-31.775618,-6.0686088
3044.jpg,5.0147314,4.6932,5.8750095,2.2432444,5.84021,1.2878066,5.812901,0.2805388,5.9484158,3.7403789,5.9706626,3.8754776,5.995693,4.006977,5.355447,-4.181253,5.5547924,1.1081594,3.8877056,3.0612576,4.025205,4.666856,1.0,-8.304516,0.0,-0.0,-5.734969,-17.521873,-6.0835,-1.964173,-8.622263,2.1477242,-8.728789,7.778725,-10.059842,6.0146465,-10.065479,10.301567,-9.5108795,7.903663,-9.435258,11.898776,-9.063025,6.8989425,-9.047084,10.428222,-14.490565,-5.098386,-14.544465,1.0,-20.555326,36.78685,-20.642029,37.09173,-24.090254,-3.1665375,-24.183779,0.9115261,-23.272558,-10.478459,-23.06101,-6.438521,-29.234789,-10.637507,-29.27113,-6.6701093
3045.jpg,5.1981544,3.9237683,6.1211667,1.5353712,6.08223,0.62502277,6.055312,-0.4215154,6.2040067,3.1305182,6.2318873,3.3349729,6.265113,3.5193524,5.5794935,-4.3034453,5.852332,1.1368091,3.983984,2.3344507,4.1618743,4.0149016,1.0,-7.815742,0.0,-0.0,-5.9348383,-15.751521,-6.0957117,-2.0853038,-8.812664,1.2050619,-8.842624,6.2806864,-10.270965,4.670055,-10.241833,8.52908,-9.679883,6.4121156,-9.591146,9.449314,-9.200201,5.591856,-9.166341,8.632067,-14.953328,-4.6540847,-14.959257,1.0,-21.2475,32.202194,-21.311256,32.608677,-24.900866,-2.7922542,-24.90748,0.7915498,-24.003185,-9.147157,-23.718365,-5.455399,-30.102312,-9.687676,-30.032728,-6.343122
3046.jpg,5.3531566,4.233923,6.277757,1.6852678,6.23627,0.7068691,6.2044315,-0.4069813,6.3633666,3.3884063,6.3917713,3.6122983,6.4254,3.817576,5.7053227,-4.565769,5.982334,1.3001356,4.0943007,2.55866,4.272421,4.3588347,1.0,-8.428048,0.0,-0.0,-6.1472197,-16.893297,-6.2984877,-2.3510084,-9.120671,1.5243145,-9.123656,6.76459,-10.638786,5.1689496,-10.576199,9.120477,-10.063578,7.0387807,-9.911623,10.111476,-9.576621,6.161149,-9.477249,9.254637,-15.421955,-5.1028934,-15.389113,1.0,-21.965704,34.74981,-21.962385,35.263115,-25.651299,-2.9897733,-25.557001,0.7515327,-24.70351,-9.722627,-24.300003,-5.9398527,-31.034359,-10.2039995,-30.743254,-6.865005
3047.jpg,5.070508,3.8944705,5.9951835,1.3657765,5.974807,0.45559466,5.9662437,-0.6229245,6.0443554,2.9826562,6.066422,3.1987145,6.101699,3.4007576,5.5640497,-4.6214323,5.6997333,0.92316425,3.994054,2.1833985,4.085467,4.033948,1.0,-8.031984,0.0,-0.0,-5.984682,-16.493687,-6.06962,-2.2536283,-9.0220995,2.1291096,-8.828837,6.700296,-10.581006,5.452113,-10.346828,8.91828,-10.017727,7.319471,-9.759426,9.851072,-9.546754,6.3360624,-9.18699,9.00074,-15.170601,-5.1376925,-15.239386,1.0,-21.576561,33.224754,-21.721254,34.44937,-25.196604,-3.0775754,-25.209576,1.1449103,-24.417088,-9.540414,-24.1672,-5.7397914,-30.441652,-9.812712,-30.36526,-6.091884
3048.jpg,5.0090127,4.6490455,5.883724,1.8136619,5.8768067,0.8329586,5.875631,-0.3046015,5.9095426,3.5057244,5.928318,3.6830828,5.9604034,3.8480814,5.479745,-5.079273,5.561228,0.87300676,3.9598153,2.8937583,4.034199,4.6889467,1.0,-9.2598505,0.0,-0.0,-5.730147,-19.302896,-5.8473983,-2.7090664,-8.670317,2.1534324,-8.561121,7.7974076,-10.124375,6.2305455,-9.964807,10.5430975,-9.550583,8.312509,-9.379143,11.6195345,-9.107589,7.2057376,-8.853103,10.551225,-14.498839,-5.911703,-14.593998,1.0,-20.618446,38.46206,-20.776207,39.700115,-24.072466,-3.7279367,-24.161837,1.0395191,-23.377657,-11.321238,-23.187996,-6.952236,-29.127907,-11.694517,-29.111116,-7.4472466
3049.jpg,5.4663215,5.1414084,6.421742,1.9846157,6.4064918,0.8381447,6.3989573,-0.45805755,6.4635096,3.8859854,6.488857,4.0826235,6.5305967,4.262206,5.9534674,-5.733862,6.0959525,0.9202438,4.315913,3.193607,4.404276,5.206501,1.0,-10.380071,0.0,-0.0,-6.522362,-21.372437,-6.754616,-2.0322433,-9.720418,2.5909626,-9.596881,8.88261,-11.383,6.7201815,-11.166932,11.691395,-10.7311735,9.221509,-10.512625,12.803083,-10.220168,8.094928,-9.914041,11.7152,-16.125792,-6.4937086,-16.246,1.0,-22.9235,43.173996,-23.104948,43.235565,-26.73955,-3.7136116,-26.813122,0.8332951,-25.960794,-12.366833,-25.74727,-8.175012,-32.257324,-13.116685,-32.194187,-9.060489
3050.jpg,5.0020437,4.006604,5.9000874,1.7535101,5.895895,0.8934738,5.889195,-0.05045247,5.922447,3.1045349,5.944369,3.2117038,5.9774904,3.3097224,5.498335,-4.245444,5.629834,0.7562073,3.9511409,2.5833733,4.0198975,4.041063,1.0,-7.8884325,0.0,-0.0,-6.0141444,-16.36185,-6.1338763,-1.879509,-9.049375,1.6718258,-8.919789,6.6690784,-10.632896,4.752111,-10.431027,8.823234,-10.069586,6.756472,-9.839872,9.779751,-9.588256,5.9390864,-9.26883,8.9339695,-15.177103,-4.814172,-15.264458,1.0,-21.6798,32.80888,-21.80693,33.379105,-25.27854,-3.198054,-25.29812,1.1607976,-24.513279,-9.667679,-24.316736,-5.663772,-30.612461,-9.747095,-30.46234,-5.9645333
3051.jpg,5.2823033,4.795739,6.2430243,1.9399431,6.2367444,0.86207,6.228224,-0.30326933,6.256133,3.6191165,6.274786,3.7623913,6.3006954,3.8975956,5.7732277,-5.259734,5.8609486,0.6723668,4.1905966,3.1490157,4.2531567,4.9095798,1.0,-9.732225,0.0,-0.0,-6.2620454,-20.246912,-6.351344,-1.4266723,-9.215898,1.569399,-9.282718,7.765848,-10.811457,5.852873,-10.805197,10.754275,-10.1416,8.094806,-10.16458,11.590794,-9.678204,6.916295,-9.718767,10.487993,-15.586056,-5.9963303,-15.698739,1.0,-22.130564,39.859833,-22.278137,41.07681,-25.912546,-3.5625467,-25.955822,0.65063727,-25.153862,-11.487202,-24.881823,-7.6293797,-31.297451,-12.113672,-31.321695,-8.217158
3052.jpg,4.8833275,12.080954,5.7472467,4.5575657,5.7363653,1.6908697,5.7301693,-1.4852777,5.7650704,9.401356,5.781371,9.92025,5.808529,10.384147,5.341541,-14.505376,5.431913,2.43056,3.862372,7.03823,3.9214292,12.390284,1.0,-25.146944,0.0,-0.0,-5.712582,-52.65364,-5.9255867,-6.032333,-8.582592,4.2266126,-8.6142235,21.252808,-10.108053,14.384187,-10.003356,28.16973,-9.52538,20.943115,-9.4202795,30.680922,-9.04853,18.218067,-8.901766,27.904043,-14.531734,-16.320602,-14.611832,1.0,-20.570705,104.515045,-20.718874,107.11958,-24.02443,-9.143774,-24.024937,1.0219432,-23.374708,-30.69099,-23.094131,-21.199053,-29.049929,-31.8127,-28.996578,-22.074213
3053.jpg,5.387788,4.091397,6.356626,1.8609666,6.3480687,1.0228153,6.3375883,0.14759848,6.3766527,3.1214604,6.395104,3.1965148,6.419815,3.2655518,5.830657,-3.9702072,5.9553714,0.37970245,4.269674,2.692903,4.3306127,4.101094,1.0,-7.8559704,0.0,-0.0,-6.3286014,-16.223785,-6.5167365,-2.3821268,-9.561835,1.0706981,-9.430493,6.42238,-11.220722,4.4146023,-11.038082,8.49661,-10.519014,6.3412213,-10.341379,9.299996,-10.01393,5.5163364,-9.856378,8.506467,-16.099096,-4.4608855,-16.197742,1.0,-22.638025,32.183075,-22.826836,33.382618,-26.456278,-2.6648085,-26.40207,1.0977467,-25.637857,-8.711485,-25.27688,-5.3269835,-31.961828,-9.905847,-31.703482,-6.501261
3054.jpg,5.533897,4.361942,6.5477543,2.0793028,6.511182,1.1928031,6.4806924,0.22867495,6.634279,3.5937152,6.665479,3.7462735,6.6979465,3.884288,5.9350715,-3.9033172,6.1977005,1.1032299,4.24787,2.71435,4.4151516,4.381983,1.0,-7.801649,0.0,-0.0,-6.6905603,-16.112726,-6.812918,-2.031836,-9.834746,1.9832948,-9.897949,6.880952,-11.353864,5.7298555,-11.401886,9.254726,-10.681168,7.3274317,-10.628238,10.135341,-10.184385,6.3326545,-10.179562,9.211383,-16.49821,-4.393478,-16.52375,1.0,-23.397907,33.51395,-23.493458,33.68179,-27.445852,-2.2177923,-27.470476,1.2476292,-26.568386,-9.051065,-26.28941,-5.563591,-33.134926,-9.191254,-33.170986,-5.863572
3055.jpg,4.8761077,4.491958,5.80321,2.1272008,5.779288,1.1403724,5.770017,0.010072404,5.883011,3.846643,5.912482,4.0216274,5.942655,4.1854444,5.3368254,-4.479401,5.5011806,1.7169574,3.7291877,2.6619732,3.8626552,4.5757165,1.0,-8.268495,0.0,-0.0,-5.7941504,-17.16773,-5.9961414,-1.9489701,-8.553194,1.4799621,-8.673663,7.4091883,-9.977091,5.416014,-10.061192,9.912929,-9.371398,7.2918725,-9.393102,10.9414625,-8.91232,6.301264,-8.967888,9.932886,-14.470461,-4.794344,-14.535709,1.0,-20.507984,35.966858,-20.65507,36.208088,-24.117651,-1.9358386,-24.208149,1.5696785,-23.317297,-9.333698,-23.11703,-5.7370887,-29.16536,-9.745384,-29.113293,-6.552486
3056.jpg,5.0145807,5.059885,5.782089,2.635058,5.758835,1.6324966,5.736278,0.5802372,5.862897,4.0766935,5.897935,4.1825075,5.938826,4.2825146,5.2937555,-4.4587646,5.5049415,0.93279487,3.8944702,3.2314777,4.020999,4.904577,1.0,-9.30951,0.0,-0.0,-5.4117126,-18.955439,-5.70853,-2.4966164,-8.202259,2.0569599,-8.164322,7.1802664,-9.524346,6.0335007,-9.464273,10.7419195,-8.908738,8.047078,-8.960379,11.62148,-8.497404,6.837808,-8.584305,10.006796,-13.958854,-5.5552793,-13.98138,1.0,-19.818924,38.145805,-19.908726,39.043354,-23.301115,-4.392578,-23.307936,-0.19989812,-22.51047,-12.0946665,-22.359598,-7.96599,-28.142126,-12.268224,-28.09539,-7.611715
3057.jpg,5.6406198,3.8200026,6.5091977,2.2621272,6.4910774,1.652312,6.472702,1.0158323,6.5775776,3.100278,6.608662,3.1381621,6.647535,3.1687682,5.971111,-2.313008,6.1731744,0.83285755,4.394171,2.7438846,4.5131793,3.647879,1.0,-5.558915,0.0,-0.0,-6.240258,-12.087537,-6.66115,-0.7729782,-9.287,1.7440546,-9.408727,5.3524804,-10.816997,4.270313,-10.901946,7.345098,-10.174229,5.58782,-10.172148,7.9214053,-9.66587,4.811543,-9.738768,7.3542385,-15.614533,-3.1512911,-15.583035,1.0,-22.193956,25.332432,-22.319675,26.363785,-25.943531,-2.307904,-25.865131,0.52132404,-24.96419,-7.4669456,-24.718191,-4.997174,-31.313274,-7.2828274,-30.971725,-4.731625
3058.jpg,6.966589,4.3788133,8.271196,2.1819608,8.260969,1.3479713,8.279873,0.4364844,8.390652,3.5481133,8.438084,3.650982,8.494368,3.7390964,7.6770387,-3.7940135,7.890506,0.8271733,5.399346,2.9219544,5.5631576,4.3380895,1.0,-7.6114044,0.0,-0.0,-8.510241,-16.355785,-8.37447,-2.1746337,-12.3941965,1.7515328,-12.19124,6.6695495,-14.554685,5.1579227,-14.328837,8.909481,-13.617431,6.915387,-13.465831,10.271259,-12.95598,5.948485,-12.691644,8.890701,-20.748398,-4.7086406,-20.752337,1.0,-29.304222,32.859035,-29.639595,33.65821,-34.359642,-3.1625087,-34.45029,0.63672614,-33.131214,-9.742211,-32.923367,-6.1073794,-41.438766,-9.279247,-41.41557,-5.322189
3059.jpg,7.1085725,4.5043936,8.432395,2.5389433,8.398977,1.780006,8.3773155,1.0079801,8.516516,3.6293418,8.548206,3.6820195,8.58187,3.7378337,7.65634,-2.960607,7.8752403,0.8423128,5.53194,3.2970502,5.694786,4.430659,1.0,-6.9756446,0.0,-0.0,-8.366094,-15.056171,-8.351144,-2.1759653,-12.270936,1.7196366,-12.112126,6.767367,-14.393862,5.0081644,-14.191369,9.039381,-13.452109,6.641104,-13.296809,9.742862,-12.803095,5.7716913,-12.559217,8.563322,-20.435484,-4.135696,-20.442266,1.0,-28.897911,30.266665,-29.167084,31.102911,-34.072407,-2.9858503,-34.068737,0.17882513,-32.917645,-9.106659,-32.60798,-6.206133,-41.13462,-8.497774,-41.011314,-5.4340262
3060.jpg,7.438653,3.8216279,8.7993555,2.1315153,8.782744,1.4158998,8.754383,0.66818994,8.866268,3.0107822,8.895486,3.0485628,8.930033,3.0908813,8.040503,-3.0546384,8.257758,0.5867537,5.760477,2.70179,5.909927,3.6807623,1.0,-6.672728,0.0,-0.0,-8.849109,-14.1292305,-8.705561,-2.291671,-12.782133,1.6925766,-12.564914,6.1716857,-15.009597,4.567221,-14.73622,7.9862485,-14.043923,6.101843,-13.807593,8.642118,-13.35253,5.2855744,-13.043687,8.123029,-21.093151,-4.1848793,-21.06495,1.0,-30.079123,27.350248,-30.186314,29.356754,-35.337807,-3.2095926,-34.995766,0.62438667,-34.167805,-8.800695,-33.60061,-5.1744657,-42.814747,-8.36063,-41.90765,-4.7617035
3061.jpg,7.313136,4.1631055,8.644024,2.4219308,8.620608,1.7528162,8.597989,1.0522295,8.72281,3.2020533,8.750704,3.2136135,8.782535,3.2269154,7.844569,-2.4909148,8.061866,0.73595977,5.6669526,3.1077387,5.8340826,3.9758918,1.0,-5.7389846,0.0,-0.0,-8.391781,-13.400012,-8.264216,-2.0229065,-12.608087,1.19692,-12.160582,5.822391,-14.55014,4.1891994,-14.179475,7.6158867,-13.520469,5.498136,-13.0929365,8.745249,-12.927497,4.7614737,-12.508849,7.706606,-20.656197,-3.485099,-20.521849,1.0,-29.28377,27.148367,-29.42978,27.707064,-34.30207,-2.1654785,-34.126183,0.7979467,-33.135944,-7.6336803,-32.744514,-4.910941,-41.31555,-7.273227,-40.875473,-4.346
3062.jpg,6.9994726,4.8854,8.08342,2.9889975,8.070422,2.2660434,8.0626,1.4619192,8.175997,3.7328658,8.22264,3.7148721,8.270395,3.6992834,7.454371,-3.01953,7.6532154,0.84458023,5.404011,3.4945164,5.568757,4.4715495,1.0,-7.3203993,0.0,-0.0,-7.781902,-15.209225,-7.675659,-2.3980036,-11.627178,2.1144829,-11.351706,6.9457965,-13.571007,5.147549,-13.209543,9.014498,-12.681536,6.757557,-12.315761,9.772489,-12.029178,5.921645,-11.73802,8.787526,-19.019909,-4.2060924,-18.991955,1.0,-26.991741,31.066685,-27.182726,32.247322,-31.922901,-2.9663002,-31.959646,0.07210303,-30.882788,-9.460207,-30.71614,-6.356386,-38.73697,-8.673818,-38.66092,-5.102354
3063.jpg,6.9430356,5.127502,8.120749,3.0694952,8.116246,2.3338876,8.105756,1.5025315,8.179586,3.8156793,8.201071,3.7980273,8.228922,3.782938,7.442223,-3.191159,7.5927706,0.599955,5.440722,3.8064408,5.5495543,4.805578,1.0,-7.9859734,0.0,-0.0,-7.7828226,-16.995499,-7.7257752,-3.2763062,-11.712216,1.2441275,-11.435345,6.8472953,-13.578503,4.695753,-13.227495,9.468415,-12.601224,6.366116,-12.197632,10.335262,-12.025171,5.498581,-11.667698,9.142604,-19.18435,-4.8212423,-19.077953,1.0,-27.140202,32.958847,-27.30401,34.53247,-31.77796,-3.4106963,-31.651348,0.4995187,-30.801104,-10.150467,-30.438793,-6.678364,-38.427315,-9.527146,-37.823647,-6.1356277
3064.jpg,7.196478,4.299549,8.563329,2.6597836,8.554159,1.9633342,8.575566,1.2499527,8.658162,3.4330182,8.702897,3.4346292,8.760863,3.4299011,7.9985433,-2.6926584,8.098713,0.8302656,5.5940323,3.133374,5.6980352,4.062917,1.0,-6.5665607,0.0,-0.0,-8.669162,-14.119316,-8.463806,-2.1824443,-12.99441,1.2616937,-12.482709,6.009235,-15.126266,4.1820545,-14.521307,7.7942634,-14.105641,5.6630163,-13.411313,8.949087,-13.460063,4.9625025,-12.815067,7.848514,-21.335455,-3.8611715,-21.287096,1.0,-29.934135,27.690174,-30.304514,28.287514,-35.350246,-2.8256428,-35.35706,0.4895015,-34.128788,-8.295432,-33.8795,-5.3205147,-42.828636,-7.745172,-42.453106,-4.5404882
3065.jpg,7.2168965,5.6281385,8.565714,3.4468262,8.5692005,2.539722,8.587261,1.6186098,8.646738,4.4604588,8.694861,4.4587755,8.759758,4.445783,8.047576,-3.5767107,8.162905,1.0298107,5.627892,4.13275,5.729167,5.2855177,1.0,-8.404802,0.0,-0.0,-8.737463,-18.71184,-8.433228,-3.5202887,-13.004372,1.2911235,-12.341654,7.535215,-15.053873,5.526604,-14.361905,10.031118,-13.933213,7.2854342,-13.248309,10.950672,-13.306234,6.254733,-12.626386,10.0605955,-21.511116,-5.274542,-21.481747,1.0,-29.944275,36.70408,-30.306736,37.675213,-35.393204,-3.3345528,-35.18454,1.0519843,-34.16635,-10.12841,-33.77361,-6.622282,-42.84111,-10.357311,-42.463764,-6.1692657
3066.jpg,6.4686875,4.305457,7.457714,2.5760484,7.450577,1.9396055,7.446779,1.2253561,7.5303955,3.2373395,7.562292,3.2207136,7.6041617,3.2022924,6.8638153,-3.0130455,7.0595984,0.5317589,5.029375,3.0383828,5.1563363,3.915437,1.0,-7.418937,0.0,-0.0,-7.2137723,-14.627646,-7.287676,-2.0950696,-10.66713,0.77069193,-10.577545,5.525746,-12.433467,3.70387,-12.404037,7.433226,-11.467916,5.102644,-11.410748,8.578896,-10.88496,4.353125,-10.837344,7.4894032,-17.770948,-4.2052245,-17.839693,1.0,-25.155931,27.879965,-25.474728,29.395788,-29.470732,-3.5845683,-29.490383,0.30967483,-28.488155,-9.35082,-28.352877,-5.610033,-35.84261,-8.97938,-35.384045,-5.538165
3067.jpg,6.3232064,5.168418,7.3542023,2.8254118,7.332143,1.9487344,7.3108416,0.97113514,7.44295,3.7707741,7.4833093,3.7561388,7.5155277,3.744204,6.6549444,-4.393642,6.869535,0.19437255,4.8918195,3.4614038,5.0166345,4.721859,1.0,-9.805068,0.0,-0.0,-7.064985,-18.839697,-7.136963,-2.7294986,-10.5083475,1.3236418,-10.233371,7.4147696,-12.191601,5.1862993,-11.967024,10.110814,-11.324182,7.129157,-11.13751,10.964699,-10.767229,6.0911417,-10.635391,9.781898,-17.446484,-5.7346196,-17.392506,1.0,-24.767365,36.063538,-24.949503,38.104755,-29.191973,-4.9774733,-29.12062,-0.28337368,-28.165201,-12.558786,-28.030737,-7.9151263,-35.42671,-11.4923115,-35.118694,-6.6146827
3068.jpg,6.0174255,3.7289255,7.0499063,2.059878,7.0389037,1.4507769,7.0171795,0.7671535,7.113886,2.7223082,7.1503043,2.7184308,7.1758575,2.720967,6.3814216,-2.9022243,6.559822,0.25164953,4.648928,2.569921,4.771007,3.4070003,1.0,-6.480726,0.0,-0.0,-6.853907,-12.927723,-6.905273,-1.7871323,-10.216632,1.5565208,-10.007412,5.2045593,-11.8756895,4.1227393,-11.5660715,7.2928705,-11.067238,5.568716,-10.862685,7.8976088,-10.514453,4.7750344,-10.37432,7.041007,-16.709736,-3.6371357,-16.676912,1.0,-23.879826,25.4668,-24.03381,26.888775,-28.004002,-2.894256,-27.882679,0.5495632,-27.006971,-8.064523,-26.77848,-4.760526,-33.892536,-7.2961645,-33.439034,-4.308467
3069.jpg,6.3987722,5.1406054,7.449067,2.746153,7.4543953,1.8513049,7.440612,0.8938262,7.4638596,3.8127131,7.488162,3.7907903,7.515981,3.764434,6.807819,-4.375552,6.9962387,-0.34898016,4.9881353,3.424321,5.0697966,4.683134,1.0,-9.66504,0.0,-0.0,-7.2535377,-19.356293,-7.4008136,-2.655036,-10.682499,2.1106937,-10.748121,7.4527645,-12.4184265,5.9470572,-12.400064,10.141426,-11.532364,7.849261,-11.548311,11.015718,-10.949537,6.790877,-11.028935,10.239827,-17.450037,-5.695081,-17.434114,1.0,-25.301699,37.251816,-25.470179,39.468857,-29.498823,-5.2857594,-29.473925,0.6179413,-28.503944,-12.280592,-28.378468,-7.2812395,-36.046978,-12.048467,-35.469837,-7.0810556
3070.jpg,6.537734,14.048183,7.5516768,7.3603153,7.5501685,4.9501295,7.536234,2.4037511,7.590819,10.338539,7.623413,10.294515,7.665518,10.2193365,6.8808265,-11.902339,7.0957127,-1.0654085,5.103884,9.686416,5.197904,12.916817,1.0,-27.380836,0.0,-0.0,-7.2856297,-53.37962,-7.4131823,-7.970258,-10.72939,5.9706507,-10.700436,20.48607,-12.50711,15.800596,-12.384281,27.205368,-11.659477,21.459625,-11.6204195,29.375658,-11.097967,18.597662,-11.113056,27.205053,-17.606236,-17.05972,-17.696726,1.0,-25.39202,99.45429,-25.7681,104.38441,-29.75028,-15.150004,-30.083632,-2.4741426,-28.755005,-34.584908,-28.950209,-22.940556,-36.095997,-33.17229,-36.050037,-20.512987
3071.jpg,5.316115,7.1133113,6.1958747,4.355155,6.208839,3.338109,6.217382,2.2739859,6.220336,5.352204,6.2506146,5.264023,6.2901535,5.1555233,5.800382,-4.547614,5.911538,-0.12740573,4.183445,5.0764112,4.236861,6.359072,1.0,-11.809347,0.0,-0.0,-6.0608897,-23.716373,-6.3710246,-4.389962,-9.203387,3.1681333,-9.379293,9.103384,-10.697664,7.5702224,-10.704042,12.338252,-10.03858,10.139068,-10.082045,13.53436,-9.564004,8.843618,-9.686226,12.592706,-14.786912,-7.4669814,-14.93961,1.0,-21.555054,45.505276,-21.70266,48.552032,-25.0914,-6.5413713,-25.276918,-0.26808327,-24.234829,-14.57346,-24.384674,-8.972813,-30.602558,-15.300386,-30.303936,-9.219378
3072.jpg,5.700323,5.7730756,6.6236978,3.3716917,6.6255608,2.5986614,6.6311293,1.7198534,6.65938,4.0492854,6.6788235,3.9217188,6.7107925,3.7671704,6.233174,-3.6293986,6.3073153,-0.5148083,4.684065,4.420977,4.721309,5.3821545,1.0,-9.5407,0.0,-0.0,-6.0996943,-19.483633,-6.351644,-3.0798104,-9.31916,2.1476893,-9.465086,7.0973444,-10.779693,5.943795,-10.791491,9.999167,-10.112788,8.101826,-10.2716465,10.839516,-9.611465,6.9540005,-9.865806,9.978075,-15.046843,-6.146675,-15.182893,1.0,-22.069704,38.03113,-22.183657,40.834385,-25.698454,-6.032221,-25.882769,-0.107776634,-24.834127,-13.045379,-24.958115,-7.737221,-31.290257,-12.934119,-31.003672,-6.9520926
3073.jpg,5.448528,5.3099356,6.336287,3.379648,6.333463,2.8176,6.340996,2.1601913,6.364341,3.8514442,6.3777704,3.7566018,6.4009175,3.6443694,5.9823155,-2.529949,6.03535,-0.018857187,4.4830213,4.1383114,4.5153556,4.951004,1.0,-8.047086,0.0,-0.0,-5.7457404,-16.50162,-6.059628,-2.408016,-8.821251,1.7984393,-8.923346,6.678555,-10.211703,5.117886,-10.173312,8.845425,-9.500393,6.898252,-9.587078,9.858198,-9.026552,5.893092,-9.0937195,8.760902,-14.299525,-5.064603,-14.379167,1.0,-20.98612,31.629293,-21.01602,34.012623,-24.33952,-4.938458,-24.436544,0.20983204,-23.630445,-11.090277,-23.662663,-6.643168,-29.682138,-10.807647,-29.371325,-5.252947
3074.jpg,5.7483,4.59389,6.7127295,2.9210694,6.70978,2.4698887,6.7161837,1.9080474,6.7397223,3.291499,6.754683,3.2024746,6.778787,3.1037395,6.3365426,-2.1201367,6.3745303,-0.002214698,4.7317433,3.4877234,4.772606,4.1771865,1.0,-6.9036818,0.0,-0.0,-6.1617675,-14.142784,-6.3641143,-2.335218,-9.3244505,1.8477821,-9.365104,5.790008,-10.7435665,4.6101813,-10.658071,7.503386,-9.906768,5.904502,-9.989382,8.3964205,-9.402459,5.0027046,-9.471143,7.491897,-15.062459,-4.3570457,-15.127543,1.0,-22.04897,26.686354,-22.11922,28.71277,-25.623203,-4.436434,-25.749586,0.15330395,-24.998201,-9.949009,-25.001404,-5.7123127,-31.361603,-9.066313,-30.814249,-4.11411
3075.jpg,5.702484,4.5043445,6.6398215,2.8830798,6.639271,2.483351,6.6498656,1.9728793,6.6654963,3.2328663,6.6803613,3.1497664,6.7076406,3.0593944,6.2766013,-1.7300688,6.334,0.14204209,4.7177253,3.4675708,4.74483,4.125609,1.0,-6.297474,0.0,-0.0,-6.080972,-13.190005,-6.319357,-2.1319673,-9.385437,1.4008639,-9.412965,5.904194,-10.86093,4.235056,-10.70805,7.4329367,-10.066994,5.509397,-10.070693,8.20451,-9.58075,4.7022047,-9.5969715,7.3079505,-15.107704,-4.0651197,-15.094723,1.0,-22.100014,25.35472,-22.17396,27.40651,-25.668951,-3.6897895,-25.713936,0.33843604,-24.927689,-8.783969,-24.926971,-4.9909396,-31.343275,-8.26514,-30.768042,-3.8374567
3076.jpg,5.7334743,5.011845,6.65895,3.2348619,6.6581354,2.8557343,6.670909,2.3708534,6.681133,3.6246374,6.6956882,3.5246987,6.7245717,3.4199488,6.2732058,-1.6007745,6.35046,0.19826964,4.765081,3.9126832,4.777894,4.6092644,1.0,-6.6874223,0.0,-0.0,-6.0566993,-13.980377,-6.2948217,-3.0274012,-9.3658495,2.120403,-9.339596,6.0468407,-10.846827,4.933029,-10.682307,7.924496,-10.112684,6.3794947,-10.080044,8.362773,-9.65255,5.577214,-9.55705,7.7780185,-15.053223,-4.22922,-15.123325,1.0,-21.985565,27.659557,-22.12793,29.411179,-25.494177,-3.4602954,-25.671907,0.37892273,-24.680977,-8.980798,-24.695774,-5.165205,-31.10605,-9.053939,-30.800745,-5.3903685
3320.jpg,4.710149,5.9043794,5.6378407,3.8812366,5.669838,3.4927146,5.7197495,3.0307927,5.6242824,4.2624936,5.647112,4.090676,5.6916695,3.90213,5.439672,-0.8246565,5.413617,0.78542334,3.9087965,4.407642,3.8900287,5.1003222,1.0,-6.8329654,0.0,-0.0,-5.2808795,-12.848326,-5.3861547,-3.4096076,-9.105039,1.5702184,-8.625096,3.1550279,-10.539189,3.9805355,-10.397815,4.371854,-10.030394,5.179994,-9.788752,4.8184857,-9.643806,4.574444,-9.319638,4.496413,-13.666446,-4.7264214,-13.719747,1.0,-18.899376,24.591578,-19.31199,26.411837,-22.669088,-2.7238276,-22.659906,0.2643274,-21.936033,-8.47166,-21.738047,-5.683966,-27.2836,-6.8010173,-27.231081,-4.2255197
3321.jpg,5.885256,4.6372266,7.1999393,3.1115346,7.2305036,2.78479,7.276479,2.3953776,7.207081,3.4664962,7.2391214,3.3443882,7.2781825,3.2148707,6.979341,-0.5234905,6.9452405,0.7851766,4.833752,3.4795947,4.8008027,4.020713,1.0,-4.8354716,0.0,-0.0,-7.180038,-9.643595,-7.1373873,-2.5088139,-12.239046,1.439739,-11.341265,2.6581526,-14.063779,3.1961777,-13.598114,3.5542405,-13.422506,4.2356787,-12.840318,3.968595,-12.913192,3.804998,-12.277107,3.7449262,-18.11275,-3.5413866,-18.029383,1.0,-25.229008,19.462929,-25.464298,21.211864,-29.854897,-1.9993135,-29.760754,0.8554114,-28.770939,-6.1833634,-28.43261,-3.824338,-35.7187,-5.337113,-35.313416,-3.0679939
3322.jpg,4.7618976,6.224431,5.764606,4.2587996,5.806348,3.7648215,5.847986,3.1637416,5.741478,4.6187053,5.774017,4.4590034,5.8191986,4.2743516,5.521789,-0.903709,5.460426,0.8544898,3.8863924,4.6074476,3.8481205,5.31698,1.0,-7.015967,0.0,-0.0,-5.914204,-12.845709,-5.8524327,-3.1070704,-10.044401,2.3644028,-9.393568,3.6902487,-11.515598,4.9940577,-11.283077,4.91502,-10.967882,6.1197634,-10.776901,5.268282,-10.59668,5.4370728,-10.137333,5.0344005,-14.734425,-4.659027,-14.70593,1.0,-20.264383,26.742062,-20.46968,28.271885,-24.089327,-2.2408764,-23.951138,0.04237315,-23.29231,-7.741605,-22.879223,-5.770328,-29.195976,-6.3521776,-28.855503,-4.352475
3323.jpg,4.54285,7.0904007,5.5080924,4.822921,5.5403824,4.354963,5.581867,3.7575514,5.494753,5.30352,5.519165,5.1287456,5.5522966,4.9450874,5.3120623,-0.8530422,5.245009,1.2518368,3.7373974,5.1782317,3.7024682,6.1000166,1.0,-7.5742054,0.0,-0.0,-5.2961693,-14.938065,-5.289133,-3.8049486,-9.123612,2.151844,-8.6751995,3.5079837,-10.512409,5.058118,-10.423652,5.1376896,-10.00774,6.482664,-9.932569,5.533975,-9.645433,5.738811,-9.331196,5.2257853,-13.594274,-5.5009847,-13.572633,1.0,-18.836872,29.98964,-19.02986,31.720766,-22.433447,-2.4186635,-22.236698,0.65071553,-21.741236,-8.7011385,-21.244314,-6.230131,-27.212667,-7.2131796,-26.78396,-4.9045935
3324.jpg,4.434111,6.082853,5.3471127,4.2419105,5.392951,3.8019564,5.4414167,3.2505374,5.316865,4.594111,5.3433623,4.4393215,5.386029,4.2657824,5.1566777,-0.7023219,5.0805573,1.0426316,3.612563,4.4869847,3.5766757,5.162603,1.0,-6.6459517,0.0,-0.0,-5.468029,-11.890513,-5.4576774,-2.7768092,-9.372963,2.5762348,-8.987455,3.5458753,-10.702624,5.0694356,-10.722635,4.8719044,-10.162792,6.1510334,-10.214282,5.307048,-9.813899,5.4892645,-9.742508,5.0446,-13.705061,-4.430936,-13.717955,1.0,-18.967354,25.333801,-19.149876,27.123064,-22.44097,-1.7164521,-22.339067,0.9959327,-21.674908,-7.1258965,-21.347866,-4.7961416,-27.244467,-5.83095,-26.902601,-3.6293812
3325.jpg,4.2293506,6.4813776,5.177171,4.5571685,5.205264,4.0693502,5.2510834,3.463239,5.174904,4.978195,5.196337,4.8291187,5.229748,4.6547856,5.0183253,-0.67536503,4.9758153,1.1841387,3.3420146,4.6440015,3.3234992,5.3714275,1.0,-7.0725436,0.0,-0.0,-5.4405313,-12.884513,-6.2570233,-1.7996043,-9.357543,2.6874502,-9.051483,4.0353093,-10.808169,5.190708,-10.849132,5.4403157,-10.32,6.6161647,-10.447501,5.7832723,-9.93597,5.990689,-9.791772,5.5120745,-13.976103,-4.555749,-13.875213,1.0,-19.201561,27.152464,-19.226542,29.395447,-22.821724,-1.954132,-22.486464,1.175978,-22.086546,-7.6663547,-21.51328,-5.066759,-27.864351,-6.1016493,-27.368673,-3.4325743
3326.jpg,4.474289,7.2115436,5.490621,5.0240393,5.5163717,4.4721665,5.5572224,3.789717,5.4923887,5.5007787,5.515219,5.331776,5.549035,5.1355333,5.305258,-0.88126314,5.2685466,1.208392,3.5175602,5.117575,3.5067577,5.934631,1.0,-8.194129,0.0,-0.0,-5.826025,-14.823273,-6.5415916,-1.7204053,-10.054562,3.2312076,-9.581053,4.554876,-11.538208,6.138067,-11.470589,6.1113954,-11.0326395,7.667124,-11.030524,6.460067,-10.650331,6.912977,-10.391965,6.1781363,-14.702573,-5.683624,-14.675661,1.0,-20.243496,30.564257,-20.399694,33.435867,-24.076252,-2.822074,-23.860079,1.0231615,-23.377651,-9.581671,-22.92861,-6.1021132,-29.403593,-7.0852427,-28.904234,-3.5054135
3327.jpg,4.522316,6.8467865,5.5369263,4.8300114,5.566,4.3267355,5.615196,3.7021372,5.5370865,5.246441,5.5600758,5.0814266,5.595781,4.8881226,5.3748317,-0.65697,5.3301816,1.2106732,3.5589378,4.939373,3.5461173,5.6593256,1.0,-7.3921423,0.0,-0.0,-5.876428,-13.634878,-6.576907,-1.6910912,-10.145774,3.0515134,-9.581011,4.3208466,-11.637847,5.7715116,-11.488315,5.750838,-11.114258,7.169565,-11.03306,6.1028094,-10.724564,6.4506536,-10.389054,5.8167586,-14.863709,-5.1528935,-14.820219,1.0,-20.41257,28.274948,-20.598171,30.92246,-24.311907,-2.4032338,-24.137562,1.0618161,-23.594973,-8.723646,-23.176483,-5.666381,-29.744736,-6.058031,-29.432499,-2.8331103
3328.jpg,4.3959575,9.114873,5.3133187,6.355901,5.344624,5.712544,5.402119,4.931722,5.310285,6.8864307,5.3334537,6.6387773,5.374214,6.36095,5.1661887,-0.7961365,5.1183615,1.5442677,3.4926112,6.6187925,3.4813404,7.5556397,1.0,-9.330943,0.0,-0.0,-5.6082883,-18.093813,-6.322928,-2.514867,-9.705249,3.3605707,-9.081994,5.5450563,-11.128586,6.989371,-10.95125,7.3744903,-10.596018,8.830586,-10.457817,7.95154,-10.217842,7.8968325,-9.815941,7.584889,-14.294192,-6.949447,-14.251776,1.0,-19.715122,37.441254,-19.797024,40.401237,-23.558279,-3.0491576,-23.343246,1.2524754,-22.833897,-11.355703,-22.367712,-7.5325165,-28.625017,-9.035647,-28.216068,-5.4911675
3329.jpg,4.565647,5.6022353,5.531568,3.866854,5.567883,3.518079,5.6066566,3.1181772,5.518456,4.2278876,5.546875,4.0747347,5.582306,3.9164257,5.3299675,-0.33252397,5.2657194,1.2086357,3.7500145,4.1844,3.7233813,4.836971,1.0,-5.6336827,0.0,-0.0,-5.3827486,-11.146187,-5.35289,-2.751587,-9.374893,1.88918,-8.851433,3.0523727,-10.825244,4.15489,-10.648942,4.2405376,-10.298511,5.2190757,-10.168932,4.5553374,-9.930174,4.6607194,-9.5531025,4.347029,-14.079291,-3.8849967,-13.984108,1.0,-19.313086,22.918207,-19.47205,24.12598,-22.988644,-1.6836908,-22.891014,0.69341224,-22.287283,-6.6849546,-21.947966,-4.693867,-28.010809,-5.138084,-27.852655,-2.6795166
3330.jpg,4.5140977,5.696388,5.443617,3.7918065,5.4701257,3.4419742,5.521989,2.999287,5.4382086,4.138593,5.460161,3.9949307,5.5013084,3.8321865,5.2505617,-0.70424235,5.2216206,0.9133707,3.719191,4.2470126,3.7020528,4.9584923,1.0,-6.239129,0.0,-0.0,-5.1677456,-12.049487,-5.348723,-3.34166,-8.985659,1.7271501,-8.641654,3.0590186,-10.371774,4.0887976,-10.373192,4.276551,-9.86207,5.2384353,-9.888001,4.6231737,-9.501012,4.6711097,-9.291165,4.426728,-13.441771,-4.2762613,-13.412692,1.0,-18.508995,23.959023,-18.785612,25.31641,-22.067362,-1.7882117,-21.895355,0.4787595,-21.417622,-7.076472,-21.010601,-5.000212,-26.863894,-6.236527,-26.666594,-4.291488
3331.jpg,4.799535,4.725528,5.828056,3.260212,5.8597016,2.9549732,5.898889,2.5660822,5.8179774,3.5352457,5.844544,3.4233532,5.8805943,3.3033206,5.5981355,-0.35894337,5.5449347,0.898797,3.9236238,3.5648892,3.8941312,4.128991,1.0,-4.6106725,0.0,-0.0,-5.740098,-9.404991,-5.671177,-2.326797,-10.029511,1.8452638,-9.460039,2.4777985,-11.512862,3.7692914,-11.296169,3.5846074,-10.939462,4.635973,-10.77704,3.8735118,-10.566626,4.1494813,-10.159787,3.6862004,-14.887295,-3.2377257,-14.730524,1.0,-20.474833,19.54379,-20.53527,20.892256,-24.298368,-1.2768503,-23.948154,0.8229882,-23.566032,-5.3484178,-22.83021,-3.6146488,-29.542025,-4.7299643,-28.874386,-3.0718324
3332.jpg,4.447049,5.26024,5.3825855,3.4973533,5.411689,3.1608238,5.468466,2.7171602,5.3785534,3.8577266,5.4015846,3.7369363,5.442102,3.5969145,5.2232227,-0.7585465,5.175414,0.82211506,3.6596992,3.8624208,3.641982,4.5855284,1.0,-5.821643,0.0,-0.0,-5.2056637,-11.294834,-5.3986254,-2.9208412,-9.094481,1.6874143,-8.717306,3.0020158,-10.474836,3.8531957,-10.459796,4.055342,-9.967418,4.88207,-9.974687,4.398073,-9.613128,4.3567142,-9.388544,4.214731,-13.628405,-4.144135,-13.509714,1.0,-18.584522,22.255873,-18.810213,24.100924,-22.240402,-1.9503056,-21.984009,0.8213614,-21.628698,-6.903081,-21.114405,-4.444989,-27.075462,-5.9064856,-26.541424,-3.5942452
3333.jpg,4.409238,5.402934,5.315937,3.6408079,5.3428416,3.3200166,5.387725,2.9235187,5.3060822,3.94806,5.3256645,3.8018355,5.35878,3.6415913,5.0988917,-0.4658317,5.063421,0.93307877,3.625813,4.0775228,3.6004126,4.698908,1.0,-5.482522,0.0,-0.0,-5.1044273,-11.026099,-5.2366056,-2.9132552,-8.842936,1.7432015,-8.496489,2.97488,-10.235815,3.8632557,-10.200273,4.153248,-9.750454,4.9900303,-9.736501,4.507962,-9.394129,4.495251,-9.152457,4.3142753,-13.317767,-3.7804453,-13.256714,1.0,-18.293543,22.399748,-18.409222,23.53715,-21.814398,-1.6493711,-21.642006,0.5276168,-21.184818,-6.4490256,-20.769732,-4.5087013,-26.489012,-5.223427,-26.346373,-3.3396535
3334.jpg,4.427195,5.5994473,5.324853,3.7258828,5.3537736,3.3576202,5.4076104,2.8928602,5.323398,4.085836,5.349708,3.9426963,5.397091,3.7776504,5.166926,-0.7531721,5.1350183,0.8152281,3.6537485,4.20598,3.6378806,4.9082737,1.0,-6.1056385,0.0,-0.0,-5.0105696,-11.837717,-5.186488,-3.2168612,-8.886657,1.5711732,-8.469943,3.05324,-10.251055,3.9379344,-10.206897,4.327912,-9.699212,5.0226135,-9.681607,4.7514415,-9.334698,4.4566135,-9.121197,4.534781,-13.314391,-4.4008684,-13.231194,1.0,-18.2277,23.583843,-18.49323,25.257402,-21.784533,-1.7120373,-21.577387,0.7700487,-21.132637,-6.9535108,-20.734715,-4.8163657,-26.46082,-5.810495,-26.094667,-3.794718
3335.jpg,4.383815,5.671379,5.323601,3.9615097,5.3660717,3.5616238,5.4095626,3.069056,5.298958,4.321617,5.3278213,4.1833854,5.371187,4.0322685,5.1278324,-0.48870236,5.063341,1.1081996,3.5762124,4.218765,3.5405507,4.8840785,1.0,-5.5691156,0.0,-0.0,-5.3649273,-11.128089,-5.446856,-2.8737977,-9.182364,2.2451887,-8.800272,3.213178,-10.575832,4.46723,-10.517443,4.4508657,-10.071811,5.584744,-10.070349,4.718033,-9.72351,5.043773,-9.464186,4.532512,-13.682804,-3.9468942,-13.645151,1.0,-18.675297,22.759312,-18.820744,24.888027,-22.324026,-2.0577445,-22.13591,0.95270175,-21.674768,-7.142079,-21.2683,-4.482039,-27.330172,-5.2016363,-26.971613,-2.297227
3336.jpg,4.559679,8.4884,5.49354,5.985632,5.5405283,5.415789,5.599609,4.7313724,5.4687667,6.4343405,5.496377,6.195392,5.5426126,5.9344664,5.3274264,-0.43750083,5.255618,1.6317774,3.6707458,6.35493,3.6378748,7.169351,1.0,-8.1119585,0.0,-0.0,-5.622058,-15.840475,-5.634792,-3.5215855,-9.473432,3.2343006,-9.050463,4.9479585,-10.881786,6.4297457,-10.839381,6.505969,-10.36414,8.012124,-10.329791,6.969033,-9.995522,7.2366242,-9.656091,6.7720604,-14.025763,-5.673355,-14.027634,1.0,-19.345009,33.412323,-19.489164,36.02219,-23.051617,-2.469557,-22.85641,1.3770268,-22.36721,-9.720457,-21.933235,-6.4017396,-28.196657,-8.01652,-27.821276,-4.868362
3337.jpg,4.136938,5.4322777,4.997565,3.7330368,5.0325828,3.3765545,5.070026,2.9304001,4.9815545,4.0954175,5.005975,3.9649885,5.040046,3.8298678,4.8241835,-0.48402956,4.753558,1.0812254,3.3948982,4.024512,3.362005,4.712253,1.0,-5.648011,0.0,-0.0,-4.7643666,-11.112373,-4.8589964,-2.823069,-8.358233,1.7108574,-7.87214,3.0814865,-9.638921,4.034129,-9.560075,4.3689003,-9.142576,5.091707,-8.975348,4.7413034,-8.813901,4.5448136,-8.555888,4.4607515,-12.698301,-3.974894,-12.620133,1.0,-17.28334,22.614405,-17.443727,23.950418,-20.628775,-1.939045,-20.478283,0.67129827,-20.018335,-6.869697,-19.660198,-4.68106,-25.255768,-5.1670613,-24.848402,-2.6034453
3338.jpg,4.4583344,5.561729,5.429515,3.909187,5.477874,3.5265846,5.5282426,3.0521567,5.4008765,4.2561345,5.431495,4.1218276,5.478454,3.9750326,5.2509828,-0.44505262,5.178696,1.128009,3.6181707,4.1192474,3.5820272,4.7616663,1.0,-5.527848,0.0,-0.0,-5.5174623,-10.91699,-5.5001082,-2.8771152,-9.362343,1.7481389,-8.9649935,3.102504,-10.8741455,3.869384,-10.782946,4.260354,-10.36703,5.0928197,-10.311792,4.574773,-9.981228,4.6323223,-9.683175,4.397017,-14.143689,-3.7108712,-14.140109,1.0,-19.399817,22.4239,-19.517357,24.115826,-23.221859,-1.8233371,-23.006258,0.8974871,-22.496614,-6.6119595,-21.99056,-4.324587,-28.275608,-5.4055185,-27.92604,-3.249093
3339.jpg,4.215225,8.341326,5.120915,5.685372,5.163808,5.0633307,5.208355,4.2875695,5.0956745,6.2164125,5.1250734,5.9999723,5.169281,5.7594843,4.933472,-1.1302834,4.877222,1.3116449,3.4335845,6.1289372,3.394083,7.131477,1.0,-9.206117,0.0,-0.0,-5.138463,-16.854523,-5.770744,-2.284614,-8.818008,2.5966337,-8.4280615,5.3698,-10.171281,5.9080706,-10.136573,6.9154387,-9.708286,7.6261897,-9.679162,7.489371,-9.357995,6.9009933,-9.090744,7.192504,-13.173053,-6.2650347,-13.187506,1.0,-18.15974,34.52348,-18.30621,36.848793,-21.61655,-2.983418,-21.473915,0.6970416,-21.004301,-10.786806,-20.699486,-7.4448147,-26.35376,-7.5148335,-26.082611,-3.9634364
3340.jpg,4.323911,6.709309,5.2616444,4.544492,5.2986736,4.115839,5.3377466,3.58098,5.238762,4.9720726,5.262435,4.793046,5.294086,4.613361,5.0645995,-0.7850095,4.988943,1.2385869,3.5533144,4.9454403,3.5163183,5.757428,1.0,-7.2794957,0.0,-0.0,-5.2471023,-13.775969,-5.815304,-2.2739255,-8.934493,1.9735239,-8.538338,3.995792,-10.321818,4.634323,-10.260776,5.3435206,-9.85127,6.0592475,-9.832363,5.783893,-9.490975,5.4795623,-9.25007,5.5267777,-13.437283,-4.8611674,-13.3698015,1.0,-18.48615,28.066816,-18.600916,29.647348,-22.023853,-2.09539,-21.81826,0.52202255,-21.27873,-8.112301,-20.788185,-5.763601,-26.553455,-6.9811473,-26.202642,-4.8484097
3341.jpg,4.1788945,6.546346,5.069474,4.5238185,5.113731,4.089852,5.1604943,3.5789902,5.0411973,4.9483438,5.0663443,4.774534,5.10648,4.5937476,4.8804154,-0.6440429,4.8186307,1.3368057,3.3950768,4.849221,3.3639352,5.6109486,1.0,-6.9109197,0.0,-0.0,-5.0137596,-13.294881,-5.6488223,-1.8907393,-8.650269,1.9632404,-8.215716,4.0710754,-9.998728,4.5715528,-9.889811,5.3264318,-9.541942,5.921433,-9.465217,5.802902,-9.200928,5.327707,-8.891814,5.5213003,-13.085332,-4.7779527,-13.046588,1.0,-17.814802,26.91167,-17.961393,28.4947,-21.27358,-2.2038603,-21.091433,0.7995692,-20.605162,-8.005584,-20.165636,-5.431223,-25.899878,-6.382332,-25.472803,-3.723821
3342.jpg,4.3895445,6.376421,5.32378,4.319403,5.357078,3.9050722,5.392493,3.396383,5.300645,4.7148056,5.321569,4.5364547,5.3509383,4.356427,5.077623,-0.7830222,5.023235,1.097543,3.5947456,4.7000527,3.5597246,5.4527154,1.0,-7.016029,0.0,-0.0,-5.200031,-13.2092905,-5.875669,-2.2854476,-8.921889,2.131161,-8.507979,3.5402193,-10.287241,4.6872296,-10.235302,4.851176,-9.800601,5.9771485,-9.787346,5.170463,-9.455348,5.3730044,-9.189597,4.950522,-13.377996,-4.8151746,-13.312478,1.0,-18.282566,26.178951,-18.40219,27.968227,-21.779505,-2.178277,-21.600914,0.71009177,-21.162954,-8.052315,-20.70079,-5.474976,-26.495058,-6.0053463,-26.10984,-3.3000317
3343.jpg,4.324358,5.967646,5.2641025,4.2356753,5.295777,3.786255,5.346356,3.2290516,5.25865,4.613775,5.279599,4.4778256,5.313359,4.318534,5.105008,-0.5069372,5.0538993,1.1338307,3.4231443,4.323129,3.4006689,4.984514,1.0,-6.233547,0.0,-0.0,-5.5958123,-11.682202,-5.8414183,-3.206773,-9.615597,2.6037793,-9.418431,3.4012432,-10.99432,5.1445723,-11.169627,4.2898207,-10.480714,6.267204,-10.66229,5.1806655,-10.142042,5.6257696,-10.289719,4.4160523,-14.161751,-4.2916207,-14.086899,1.0,-19.390924,24.862698,-19.405294,27.282759,-23.029358,-1.517808,-22.699715,1.4160327,-22.248672,-6.9543486,-21.661127,-4.382376,-27.998789,-5.6129,-27.511946,-3.1488388
3344.jpg,4.3038316,5.958263,5.2401967,4.0913987,5.285859,3.6486585,5.3379707,3.1013691,5.2140985,4.505221,5.242813,4.3595767,5.2899137,4.1965094,5.0710077,-0.84670246,5.0232162,1.0480064,3.4816961,4.333537,3.4439385,5.076463,1.0,-6.6541653,0.0,-0.0,-5.287031,-12.335142,-5.905561,-1.6820302,-9.101783,1.981283,-8.645517,3.8574252,-10.510518,4.479322,-10.370287,4.9827175,-10.015934,5.714168,-9.911767,5.407924,-9.659425,5.1227646,-9.327365,5.1650033,-13.5935955,-4.4273233,-13.58274,1.0,-18.686905,24.988354,-18.835907,26.820562,-22.260029,-1.9840012,-22.095848,1.0549676,-21.572641,-7.4467325,-21.149046,-4.778384,-27.07105,-6.3004065,-26.782204,-3.595737
3345.jpg,4.5926867,8.185497,5.655648,5.555522,5.676998,4.693013,5.7013807,3.758716,5.6637735,6.238135,5.690469,6.0279465,5.721458,5.7776093,5.395301,-1.9158732,5.3803477,0.8038907,3.5655544,5.728968,3.5435152,6.750753,1.0,-10.217788,0.0,-0.0,-5.9017315,-17.76768,-6.719391,-2.2207706,-10.195036,3.7972145,-9.851404,4.878556,-11.5299835,7.7184315,-11.564201,7.2630687,-10.959742,9.411248,-11.093046,7.551495,-10.628017,8.390175,-10.643697,7.1048217,-14.874452,-6.850049,-14.779357,1.0,-20.46971,37.019634,-20.459133,39.767513,-24.372517,-2.9764287,-23.990973,1.4439785,-23.67074,-11.160381,-23.035187,-7.1186132,-29.699087,-8.810204,-29.165258,-4.666293
3346.jpg,4.289497,10.428426,5.276854,7.283809,5.297838,6.2918715,5.319747,5.165094,5.2798104,8.048356,5.302928,7.790148,5.330585,7.4905715,5.0471373,-1.8898935,5.0081997,1.3431478,3.3313794,7.359103,3.3074617,8.527267,1.0,-12.602826,0.0,-0.0,-5.3847017,-22.73209,-6.1785903,-2.8796647,-9.2988825,4.9729867,-9.004307,6.3777714,-10.58267,9.745804,-10.691176,9.288631,-10.093395,12.056758,-10.245854,9.713366,-9.762668,10.783818,-9.774266,9.1225395,-13.622681,-8.68605,-13.591298,1.0,-18.72768,46.960346,-18.748405,49.61603,-22.373571,-3.500537,-22.108034,1.5950834,-21.690144,-13.4146185,-21.19344,-8.829669,-27.271101,-11.873166,-26.755098,-7.0159745
3383.jpg,3.6562364,11.294183,4.5486298,8.017161,4.5765333,7.0336967,4.607052,5.8592315,4.5368433,8.768266,4.5581193,8.461338,4.5845437,8.105703,4.3967037,-1.7517884,4.3362427,1.6588875,2.865706,7.8767834,2.8327746,9.144326,1.0,-13.524393,0.0,-0.0,-4.731629,-23.632442,-5.5526776,-3.2371683,-8.227318,4.7295456,-8.060421,7.3797545,-9.403205,9.671787,-9.636631,9.852762,-8.956594,11.911028,-9.219086,10.281947,-8.653869,10.690375,-8.766594,9.791193,-12.161489,-9.01204,-12.139011,1.0,-16.88518,48.66133,-16.840454,52.09984,-20.128063,-3.9758024,-19.746212,1.1585943,-19.511585,-14.049803,-18.898859,-9.557133,-24.57803,-12.126988,-23.989056,-7.587135
3384.jpg,4.0778337,9.27498,5.024091,6.505088,5.044914,5.7970686,5.0661306,4.9524875,5.0227604,7.0258245,5.0435066,6.7436423,5.068539,6.4279447,4.795576,-1.0606766,4.7454457,1.1823758,3.1792877,6.545036,3.1581638,7.397952,1.0,-10.785257,0.0,-0.0,-5.154469,-19.07708,-5.97517,-2.5661418,-8.945381,3.9786892,-8.599258,5.421685,-10.224339,7.941132,-10.347206,6.7269397,-9.738768,9.809682,-9.862774,8.00854,-9.406472,8.812544,-9.304137,7.003633,-13.1915245,-7.0349307,-13.196019,1.0,-18.180546,39.20611,-18.207348,41.29978,-21.728355,-2.9479263,-21.497522,1.3618578,-21.091063,-11.225532,-20.654919,-7.2437916,-26.420742,-9.61551,-26.009583,-5.527468
3385.jpg,4.2300925,7.394806,5.248382,5.2422705,5.270761,4.653781,5.2961044,3.9476063,5.247909,5.7047973,5.270386,5.504915,5.298279,5.277033,5.029404,-0.8731733,4.9861054,1.0936549,3.291173,5.195963,3.2722895,5.9593897,1.0,-8.293825,0.0,-0.0,-5.5170956,-14.953116,-6.2674503,-2.0195224,-9.545277,3.4641297,-9.167138,4.49233,-10.852052,6.6532927,-10.877303,6.3995643,-10.31737,8.063275,-10.42818,6.7756867,-9.979357,7.2119665,-9.840245,6.3934784,-13.974134,-5.4234943,-13.900769,1.0,-19.237114,31.292849,-19.194393,33.04776,-22.85981,-2.1780934,-22.558292,1.1001791,-22.15863,-8.747486,-21.630299,-5.7925167,-27.671688,-7.2891045,-27.266018,-4.0297155
3386.jpg,4.287312,11.213368,5.2780495,7.7603955,5.302726,6.7971416,5.330458,5.652587,5.273691,8.464279,5.296406,8.137389,5.325999,7.763939,5.070788,-2.0469773,5.0180974,1.0485499,3.3525639,7.8337083,3.3240986,8.976591,1.0,-13.568306,0.0,-0.0,-5.2967725,-24.330055,-6.112141,-3.3745646,-9.182308,4.7823515,-8.847757,6.881621,-10.472434,9.826243,-10.580713,9.599319,-9.992491,12.17941,-10.127499,9.9888525,-9.651202,10.948444,-9.647825,9.471604,-13.585141,-8.999164,-13.569908,1.0,-18.705523,49.11364,-18.751574,51.79943,-22.429413,-3.7228339,-22.157778,1.1656946,-21.6724,-14.009495,-21.167253,-9.728049,-27.251558,-12.642833,-26.908445,-8.747477
3387.jpg,4.3405857,11.757484,5.363671,8.037198,5.400381,6.8565774,5.437691,5.5127506,5.3468246,9.020328,5.3751173,8.729918,5.4116645,8.392765,5.2052145,-2.9665196,5.149392,1.1938604,3.3823287,7.9541707,3.342741,9.470335,1.0,-15.72383,0.0,-0.0,-5.569334,-26.973824,-6.3133006,-3.9752157,-9.57128,5.1884904,-9.202594,7.2947803,-10.881202,10.838468,-11.058403,10.285996,-10.370958,13.271605,-10.622471,10.594604,-10.028735,11.825272,-10.106717,9.987999,-14.074833,-10.630541,-13.94843,1.0,-19.414324,53.327305,-19.430311,56.984585,-23.126642,-4.6360197,-22.740364,0.7655499,-22.503199,-15.918343,-21.815247,-11.334805,-28.082718,-13.331522,-27.599339,-8.320912
3388.jpg,4.595149,9.752987,5.6894946,6.7023177,5.715412,5.810613,5.7447367,4.7753253,5.6866465,7.3792744,5.712701,7.10538,5.745196,6.7877917,5.457816,-1.9746745,5.4128118,0.9221813,3.5696778,6.7477283,3.538461,7.824027,1.0,-12.153581,0.0,-0.0,-5.9889493,-21.692482,-6.705354,-2.2049112,-10.238367,4.4005938,-9.827932,6.3518567,-11.646327,8.907283,-11.672413,8.753326,-11.100321,10.940335,-11.190019,9.066211,-10.735559,9.797128,-10.553614,8.622407,-14.998086,-8.5072975,-14.879879,1.0,-20.787922,43.46534,-20.769625,47.372604,-24.677063,-4.510481,-24.297003,1.074814,-23.933788,-13.804228,-23.29458,-9.056857,-30.017836,-11.101374,-29.47877,-6.226606
3389.jpg,4.2856073,10.170328,5.308525,7.1543655,5.3310013,6.295542,5.3549767,5.2826543,5.308554,7.790369,5.3327036,7.508479,5.362432,7.1827717,5.075349,-1.4543338,5.038142,1.3035942,3.3151202,7.1203604,3.294428,8.159112,1.0,-12.183589,0.0,-0.0,-5.5725856,-21.595617,-5.637568,-5.2249894,-9.551795,4.669511,-9.143516,6.1545258,-10.865038,9.207267,-10.924704,8.607118,-10.357806,11.245858,-10.472129,8.92511,-10.017828,10.115543,-9.813107,8.589377,-14.034708,-7.944646,-14.048448,1.0,-19.30057,44.7174,-19.388775,46.52782,-23.059423,-2.7153192,-22.84341,1.2867072,-22.337852,-12.030699,-21.869429,-8.428825,-27.9911,-10.842933,-27.671824,-7.05978
3390.jpg,4.303868,12.892064,5.294873,8.962842,5.31718,7.8365936,5.341123,6.502497,5.29147,9.828085,5.313663,9.477594,5.341686,9.071726,5.072352,-2.3407094,5.029619,1.4315344,3.3491855,8.88226,3.3235266,10.28406,1.0,-15.856872,0.0,-0.0,-5.3887935,-28.145834,-5.5520935,-6.540187,-9.287288,6.0894146,-8.957136,7.666944,-10.552747,11.940483,-10.679394,10.893105,-10.066727,14.609115,-10.24951,11.2611685,-9.733701,13.140376,-9.838933,9.575449,-13.635226,-10.746994,-13.643363,1.0,-18.809675,57.393105,-18.901674,60.2817,-22.473003,-4.1104326,-22.227808,1.3870468,-21.768408,-16.232473,-21.261675,-11.340548,-27.346493,-14.480855,-26.992735,-9.540627
3392.jpg,4.900629,11.585482,6.018607,7.861683,6.052208,6.690286,6.086177,5.3722544,6.0050645,8.79273,6.0316463,8.490252,6.064002,8.137494,5.7885284,-2.8210216,5.7256236,1.0497162,3.8083422,7.896885,3.7633924,9.318357,1.0,-14.360102,0.0,-0.0,-6.3460307,-25.64995,-7.0794735,-2.6330316,-10.738037,5.965881,-10.395219,7.065205,-12.202517,11.28322,-12.428168,10.380572,-11.622213,13.754235,-11.786515,10.857221,-11.234536,12.308761,-11.248472,10.207465,-15.624553,-10.446016,-15.507442,1.0,-21.46014,52.090378,-21.514475,56.627552,-25.677835,-4.6926045,-25.306446,1.5478965,-24.90502,-15.783675,-24.241785,-10.508535,-31.291616,-13.52658,-30.80851,-7.7158484
3393.jpg,4.6456547,10.566704,5.687956,7.189857,5.7226095,6.0425835,5.7565484,4.7949204,5.666359,8.169391,5.690248,7.930704,5.7206903,7.642363,5.4471574,-2.6904464,5.3939323,1.1383171,3.5955107,7.1151986,3.5483682,8.611173,1.0,-12.930821,0.0,-0.0,-5.8840694,-23.232813,-6.7161975,-2.2998114,-10.138585,5.749234,-9.860639,6.5402064,-11.465801,10.409609,-11.775199,9.496995,-10.916003,12.5875435,-11.176344,9.795942,-10.556291,11.322026,-10.733479,8.349996,-14.814135,-9.131973,-14.660283,1.0,-20.379545,47.623882,-20.318169,52.05315,-24.288168,-3.865945,-23.820507,2.2067096,-23.630005,-14.231242,-22.875484,-8.8692255,-29.65955,-12.362743,-28.905031,-6.4103746
3394.jpg,5.307958,7.6438923,6.512396,5.356587,6.555073,4.564964,6.606196,3.7373898,6.510715,5.950836,6.5537853,5.7326264,6.609185,5.4696035,6.252699,-1.5679578,6.255829,0.9877856,4.092675,5.4637756,4.08081,6.310297,1.0,-8.646461,0.0,-0.0,-6.938425,-15.542105,-6.7688785,-3.81846,-11.786694,4.1454024,-11.381053,4.5403757,-13.382333,7.614913,-13.735422,5.8388176,-12.726652,9.166811,-12.957267,7.0262785,-12.317171,8.228176,-12.451819,5.85819,-17.099535,-5.8426895,-16.954977,1.0,-23.4534,33.036243,-23.429926,35.409157,-28.004755,-1.7986349,-27.559559,1.0781431,-27.13999,-9.145309,-26.39246,-6.448541,-33.91011,-7.535519,-33.379837,-4.577338
3395.jpg,5.3764715,8.203355,6.616423,5.7719855,6.6492558,4.990036,6.6876173,4.120559,6.610612,6.3764873,6.6429496,6.1679854,6.683771,5.919355,6.329987,-1.3492473,6.298427,1.1846595,4.1792216,5.8761005,4.1377215,6.767613,1.0,-8.689276,0.0,-0.0,-6.893987,-16.00066,-6.6763406,-3.905319,-11.941702,4.7205877,-11.357376,4.55471,-13.386815,8.312201,-13.421443,6.0030394,-12.691046,9.901793,-12.80398,7.3213477,-12.309505,8.882022,-12.365711,5.9831686,-17.162405,-6.1270537,-16.974962,1.0,-23.618444,35.97713,-23.670334,38.22823,-28.078653,-1.7485448,-27.65522,1.121362,-27.24612,-9.296989,-26.512163,-6.7016487,-34.28956,-8.150796,-33.7976,-5.519312
3396.jpg,5.3093724,7.1703486,6.539544,5.1077347,6.5800433,4.453414,6.6250367,3.713597,6.524642,5.628855,6.5580063,5.451943,6.6006618,5.246956,6.299899,-1.0607222,6.2487535,1.1949612,4.148085,5.095558,4.094812,5.8559704,1.0,-7.801182,0.0,-0.0,-6.930645,-14.221873,-7.7886767,-1.7372826,-11.8365,3.9082615,-11.288544,4.337322,-13.397099,6.999654,-13.382723,6.3807006,-12.725551,8.412805,-12.839281,6.610844,-12.313649,7.574116,-12.337301,5.607692,-17.05374,-5.3272843,-16.915451,1.0,-23.555288,30.605986,-23.586737,33.035206,-27.974403,-1.6191512,-27.557764,1.4386288,-27.144293,-8.019124,-26.406284,-5.309347,-33.892452,-6.972989,-33.40889,-4.227523
3397.jpg,4.7957277,9.502635,5.9114423,6.53098,5.939359,5.5750513,5.9698873,4.518516,5.898579,7.3016634,5.9204693,7.062441,5.948546,6.7779455,5.657395,-2.042766,5.5989504,1.0167047,3.713816,6.577626,3.6679158,7.72699,1.0,-11.222278,0.0,-0.0,-6.17241,-20.33861,-6.964014,-2.2517726,-10.648981,5.0934124,-10.319189,6.079987,-12.072406,9.379161,-12.1144,8.614246,-11.488432,11.2127495,-11.6129,8.921164,-11.123656,10.0631275,-11.117055,8.436486,-15.504258,-7.853486,-15.340166,1.0,-21.350319,41.477795,-21.259483,45.437344,-25.337229,-3.3388157,-24.797056,1.6352602,-24.519484,-12.550295,-23.68153,-8.109602,-30.80646,-10.808007,-30.207767,-6.5465
3398.jpg,5.571418,9.903007,6.8645883,6.7120743,6.9040427,5.6136184,6.943693,4.4356,6.8466735,7.627788,6.8781238,7.3965964,6.916742,7.1148744,6.558221,-2.6753197,6.52004,0.9601904,4.251628,6.67412,4.2067695,8.069985,1.0,-12.217303,0.0,-0.0,-7.5033917,-21.967688,-8.30936,-2.8932226,-12.744317,5.816546,-12.3379,6.183323,-14.349884,10.375323,-14.631614,9.067099,-13.666976,12.258837,-13.89423,9.340724,-13.245937,10.995971,-13.378682,7.89654,-18.52619,-8.719852,-18.247166,1.0,-25.379465,44.89626,-25.223259,49.327812,-30.074652,-3.127207,-29.397207,1.4764404,-29.068272,-12.770401,-27.988567,-8.905236,-36.42562,-10.639334,-35.76466,-6.5924206
3399.jpg,4.484502,6.497297,5.5252175,4.5920825,5.5522876,4.1136584,5.5867167,3.521032,5.5213284,5.002853,5.545218,4.828891,5.576793,4.629339,5.338718,-0.72228205,5.2995496,1.0470042,3.5100927,4.5205545,3.489408,5.232801,1.0,-7.3826947,0.0,-0.0,-5.898747,-13.09291,-6.7193537,-1.7793332,-10.17975,2.9872332,-9.703569,3.861352,-11.622588,5.785128,-11.568208,5.401168,-11.066972,7.0350366,-11.088069,5.6848254,-10.692844,6.3279085,-10.403601,5.465124,-14.941814,-4.9257636,-14.831014,1.0,-20.525982,27.661512,-20.502338,30.310013,-24.356949,-1.8175894,-23.923035,1.2416155,-23.562048,-7.7617817,-22.811615,-5.112848,-29.559221,-6.5529823,-29.013233,-4.0621023
3401.jpg,4.1679144,4.9082236,5.160762,3.4970367,5.1888556,3.135159,5.2221456,2.6911685,5.154504,3.8146245,5.179013,3.6790411,5.209229,3.5278258,5.004755,-0.5404861,4.9593964,0.81037956,3.2582178,3.4101965,3.23477,3.9278343,1.0,-5.6326203,0.0,-0.0,-5.4585905,-9.957716,-6.2634835,-1.5149659,-9.368196,2.01271,-8.9749975,2.740869,-10.711452,4.1970034,-10.687413,3.9469452,-10.1954,5.106909,-10.200097,4.1317296,-9.8458805,4.581147,-9.820402,3.515124,-13.7955065,-3.5440485,-13.771046,1.0,-19.10099,20.504536,-19.097963,22.842733,-22.590433,-1.7162228,-22.301353,1.3178625,-21.87519,-6.1850758,-21.34818,-3.5888214,-27.575815,-5.1849756,-26.966772,-2.535417
3402.jpg,4.2143416,6.7483926,5.222067,4.822489,5.251244,4.3144865,5.2866316,3.6871552,5.215827,5.2581964,5.2406697,5.0707674,5.272363,4.860312,5.0711246,-0.7851671,5.0262465,1.0334686,3.2883909,4.6722107,3.2648885,5.3998566,1.0,-7.677808,0.0,-0.0,-5.5528717,-13.6541195,-6.3354597,-1.89899,-9.635998,3.0397496,-9.162985,4.332372,-10.998212,5.809197,-10.950035,5.7306895,-10.460645,7.111771,-10.454457,6.0676327,-10.103622,6.4352627,-9.807203,5.8609505,-14.068217,-5.0187864,-13.997975,1.0,-19.449165,28.541357,-19.412167,30.274258,-23.097065,-2.423362,-22.757568,0.99072087,-22.409788,-8.494654,-21.81208,-5.473508,-28.084032,-6.875895,-27.473707,-3.803976
3403.jpg,3.887413,8.031496,4.8208375,5.6359506,4.8482547,4.999252,4.8786693,4.225882,4.813476,6.211793,4.8379645,5.996709,4.8672776,5.761906,4.6793137,-1.1236843,4.6351824,1.2607774,3.027899,5.4904943,3.007372,6.409144,1.0,-9.23789,0.0,-0.0,-4.916901,-16.37418,-5.7129903,-2.6437023,-8.57798,3.1415672,-8.315407,4.640819,-9.8434305,6.6986156,-9.955223,6.7020016,-9.375129,8.294286,-9.5265465,7.040267,-9.0461645,7.415522,-8.929092,6.711861,-12.67723,-6.1902657,-12.689093,1.0,-17.56535,34.240543,-17.632372,36.96052,-20.944633,-2.8048794,-20.687899,1.0288574,-20.29508,-9.976868,-19.822676,-6.689681,-25.542416,-8.5898905,-25.155638,-5.45481
3404.jpg,3.998113,6.2783084,4.9858937,4.448895,5.0162215,3.9615223,5.048804,3.3680253,4.9765415,4.894079,5.00295,4.7272787,5.034898,4.5442095,4.842795,-0.8081588,4.796563,0.9844395,3.0970285,4.280282,3.0744553,5.0088687,1.0,-7.167519,0.0,-0.0,-5.2296844,-12.775408,-5.430989,-3.0735128,-9.082533,2.514547,-8.701449,4.009898,-10.433678,5.1994658,-10.445629,5.4742355,-9.928623,6.515995,-9.94804,5.7739387,-9.570191,5.906873,-9.308921,5.520113,-13.387599,-4.6271915,-13.335998,1.0,-18.534266,26.742271,-18.504955,28.589336,-22.041754,-1.834068,-21.677526,1.1945543,-21.373247,-7.629658,-20.734482,-4.9281173,-26.68781,-6.300421,-26.231262,-3.644275
3405.jpg,4.5272894,5.4230804,5.5288367,3.8301287,5.5694513,3.4471552,5.6366367,2.969516,5.522352,4.154714,5.5507035,4.0151215,5.598546,3.8579705,5.391598,-0.45069003,5.354502,0.9911449,3.609464,3.912172,3.5867865,4.505847,1.0,-5.6035743,0.0,-0.0,-5.8811345,-10.549569,-5.7670956,-2.5857925,-10.092442,2.2350168,-9.623366,3.2672236,-11.576501,4.4432545,-11.478496,4.4385858,-11.009573,5.4698644,-10.96595,4.72859,-10.625485,4.8950243,-10.330879,4.5125594,-14.85869,-3.783577,-14.78231,1.0,-20.455235,22.09778,-20.507187,24.407896,-24.352667,-2.1071804,-24.009588,1.1390123,-23.639744,-7.0058203,-23.034935,-4.2800155,-29.692627,-5.24605,-29.067848,-2.532778
3406.jpg,4.418841,5.5793724,5.3575683,3.9749813,5.39536,3.564775,5.4576354,3.0622756,5.349466,4.3267894,5.3737497,4.1854353,5.4150004,4.0249643,5.2112083,-0.4618708,5.1713004,1.0881892,3.5264823,4.0275855,3.5039809,4.632031,1.0,-5.7889314,0.0,-0.0,-5.519699,-10.726502,-6.307717,-1.7481674,-9.571111,2.340736,-9.210072,3.3042653,-10.979392,4.5042167,-11.020127,4.4954944,-10.455671,5.5599847,-10.561355,4.766353,-10.089197,5.003588,-9.9360485,4.553549,-14.124846,-3.8742735,-14.079919,1.0,-19.47241,22.519917,-19.556879,24.699007,-23.216127,-1.9040195,-22.887987,0.89049774,-22.5285,-6.7217207,-21.928303,-4.3436193,-28.419228,-4.800175,-27.900047,-2.3842294
3407.jpg,4.1574483,11.169751,5.16038,7.8169203,5.1828766,6.7275305,5.20762,5.477459,5.162972,8.665919,5.188089,8.382995,5.2182713,8.052684,4.9532523,-2.3630416,4.918384,1.3876818,3.2225442,7.5933437,3.2109365,9.010414,1.0,-14.465006,0.0,-0.0,-5.363178,-24.794298,-6.147408,-3.9132597,-9.143928,4.4064527,-8.901768,6.8199363,-10.533558,9.551909,-10.723073,9.541169,-10.014019,12.215791,-10.249398,9.977031,-9.633591,11.021726,-9.545228,9.602637,-13.624634,-9.794991,-13.586979,1.0,-18.799921,50.408306,-18.840067,53.466595,-22.50518,-3.9337423,-22.183043,1.399095,-21.895073,-14.587209,-21.33405,-10.070864,-27.469563,-12.409571,-26.92818,-7.7292013
3408.jpg,4.385633,15.790645,5.411571,10.843042,5.438681,9.181491,5.468324,7.351444,5.406322,12.17584,5.431565,11.787611,5.462333,11.33253,5.2201858,-4.040622,5.16765,1.541886,3.4027934,10.73212,3.3662167,12.687513,1.0,-21.775835,0.0,-0.0,-5.667167,-36.628544,-6.3589177,-5.213013,-9.724905,7.3097806,-9.369651,9.42802,-11.004707,14.926458,-11.162201,13.840129,-10.47739,18.173492,-10.698902,14.267791,-10.145159,16.192226,-10.197247,13.400185,-14.255652,-14.899278,-14.088926,1.0,-19.62396,72.83602,-19.627039,77.69941,-23.399828,-6.408808,-22.969328,0.9107265,-22.731958,-21.321558,-21.989697,-15.151575,-28.423801,-18.796562,-27.919836,-12.504832
3409.jpg,5.0350976,11.827284,6.1840763,8.130107,6.218118,6.8577504,6.2564974,5.4344645,6.1839294,9.143609,6.2190204,8.871428,6.2612886,8.553809,5.9410915,-3.2003112,5.920328,1.297475,3.9221392,8.108035,3.890169,9.624321,1.0,-15.2664385,0.0,-0.0,-6.5513535,-25.867197,-7.3265057,-3.222624,-11.096071,6.3179903,-10.786941,6.9765253,-12.58313,11.816478,-12.989514,10.377477,-11.99863,14.32084,-12.35458,10.816851,-11.595045,12.801201,-11.732162,10.202876,-16.13587,-10.304204,-16.02907,1.0,-22.27804,54.237595,-22.317734,56.74509,-26.585583,-3.808741,-26.237282,0.39198667,-25.885757,-15.217101,-25.241688,-11.538949,-32.363667,-13.279941,-31.836466,-9.122304
3410.jpg,4.221796,9.982874,5.1813436,6.8182764,5.203,5.917674,5.2273736,4.840953,5.1803694,7.5391273,5.2010245,7.287037,5.2266874,7.0031037,4.982858,-2.2251415,4.92175,1.0241556,3.3099835,6.9351287,3.2748756,8.028556,1.0,-13.694377,0.0,-0.0,-5.2950163,-22.667738,-6.011963,-2.5272777,-9.086621,4.103341,-8.809339,6.040004,-10.318129,8.829067,-10.542962,8.814643,-9.827261,10.937137,-10.086234,9.228629,-9.5054865,9.718276,-9.612326,8.584006,-13.278646,-9.075516,-13.254077,1.0,-18.332918,45.055397,-18.484587,47.737083,-21.754221,-4.139237,-21.606726,1.2189885,-21.08272,-13.832025,-20.755623,-9.276666,-26.58323,-10.700657,-26.28413,-5.522275
3411.jpg,4.0767765,17.69508,5.0097947,12.135028,5.036135,10.320302,5.0640454,8.253067,5.003483,13.608167,5.0261903,13.205608,5.0543847,12.7398815,4.8424125,-4.6060677,4.790632,1.7639881,3.1773534,12.147918,3.1423917,14.312857,1.0,-24.200819,0.0,-0.0,-5.077891,-40.643032,-5.79053,-4.4663167,-8.705095,7.6036077,-8.513307,10.89262,-9.935842,15.890259,-10.326459,15.809971,-9.463224,19.778124,-9.764233,16.575829,-9.133037,17.674417,-9.252415,15.462152,-12.823089,-16.439686,-12.767525,1.0,-17.755947,80.53037,-17.754034,85.93172,-21.209288,-7.8348966,-20.894745,1.2629715,-20.61668,-25.046442,-20.067175,-17.239586,-25.92766,-21.13798,-25.40475,-12.613644
3412.jpg,5.0068207,6.5196013,6.190282,4.48717,6.2173867,3.9896085,6.254064,3.3829465,6.1962147,4.8983226,6.225703,4.70778,6.261731,4.493759,5.9639373,-1.0346234,5.9175377,0.73278826,3.8862543,4.495278,3.88551,5.1782894,1.0,-7.757797,0.0,-0.0,-6.6252127,-13.774948,-7.340343,-1.9706752,-11.32535,2.511425,-10.746626,3.6959724,-12.856329,5.543125,-12.752401,5.5239635,-12.236709,6.806009,-12.225075,5.8277054,-11.858152,6.0669513,-11.576287,5.4498634,-16.601002,-5.2509394,-16.489777,1.0,-22.732294,28.301264,-22.858662,31.035114,-26.955778,-2.4078748,-26.659002,1.0151649,-26.155243,-8.468168,-25.540102,-5.5975037,-32.966362,-6.368056,-32.4851,-3.328876
3413.jpg,4.5407825,11.8645935,5.593729,7.8826313,5.622206,6.636953,5.6555686,5.22175,5.6044755,8.879651,5.6380033,8.572446,5.677939,8.220453,5.389547,-3.5309572,5.3649917,0.9289646,3.487621,7.946684,3.4656434,9.520312,1.0,-16.211674,0.0,-0.0,-5.853257,-27.839392,-6.607065,-3.5839777,-10.052836,4.4659266,-9.6606865,6.874329,-11.46784,10.6126375,-11.571893,10.369666,-10.911279,13.231075,-11.079884,10.779798,-10.542022,11.733327,-10.3856125,10.164316,-14.791562,-10.944341,-14.678666,1.0,-20.405514,56.589527,-20.375532,61.605244,-24.33369,-4.963129,-23.963688,1.2740196,-23.62869,-16.89728,-23.000614,-11.520153,-29.67843,-14.616755,-29.008398,-9.019243
3414.jpg,4.6214023,13.216182,5.670227,8.883091,5.697039,7.668102,5.728154,6.2263737,5.6776204,9.866452,5.70798,9.499136,5.744972,9.099273,5.4559865,-3.1271985,5.4203014,1.4870709,3.565816,8.895814,3.539648,10.472646,1.0,-16.921087,0.0,-0.0,-5.912097,-29.607141,-6.689274,-3.6161911,-10.162078,5.380233,-9.76553,7.1816635,-11.509715,11.674062,-11.612449,10.789438,-10.978526,14.312049,-11.130604,11.1402855,-10.626226,12.688,-10.619644,10.52081,-14.825299,-11.709674,-14.837553,1.0,-20.525434,60.584835,-20.663084,63.50213,-24.37361,-5.2903256,-24.205723,0.5771972,-23.62105,-18.131601,-23.26744,-12.844,-29.659094,-15.551802,-29.302683,-9.896908
3415.jpg,4.3050494,9.546705,5.3375483,6.5990043,5.3667674,5.8477807,5.4013615,4.921909,5.331617,7.2557526,5.357669,7.0053616,5.3894157,6.7260313,5.1708636,-1.4554265,5.1091456,1.3466316,3.3528976,6.594442,3.3282897,7.6693864,1.0,-11.197442,0.0,-0.0,-5.6400523,-20.121399,-6.4390635,-3.150854,-9.679512,4.008292,-9.329704,5.6599956,-11.095737,8.201655,-11.158515,7.8830795,-10.559551,10.129025,-10.718948,8.171801,-10.196176,9.060475,-10.038015,7.8477473,-14.266728,-7.5906625,-14.242986,1.0,-19.740276,41.549534,-19.77202,43.814777,-23.504656,-3.023827,-23.243254,1.102834,-22.74829,-11.774201,-22.28905,-8.14113,-28.638712,-10.201555,-28.188572,-6.3766026
3416.jpg,6.509405,8.498223,7.969692,5.7356753,8.002395,4.940364,8.04011,4.01248,7.977693,6.3647404,8.017053,6.1554217,8.062692,5.9222207,7.57847,-1.8119668,7.544252,1.1118331,5.0524683,6.060031,5.020524,7.031716,1.0,-9.706039,0.0,-0.0,-8.569298,-17.512722,-8.124884,-4.7013783,-14.685035,4.334604,-14.0130825,4.6788177,-16.646475,8.258799,-16.548721,7.2219205,-15.851423,9.980187,-15.9443445,7.4767103,-15.362335,8.911138,-15.360139,6.220827,-21.09309,-6.8698115,-20.853012,1.0,-29.00922,37.026554,-28.93165,40.276608,-34.55293,-2.5211794,-33.98748,1.239137,-33.474762,-10.671697,-32.497906,-7.3690066,-41.80392,-9.130887,-41.100914,-5.7150273
3417.jpg,5.8698316,7.3583703,7.2074294,5.1101108,7.2517533,4.4788976,7.2984805,3.7221224,7.199843,5.6193585,7.241104,5.434098,7.2906666,5.230368,6.9359326,-1.1843485,6.8756585,1.2169976,4.543621,5.213697,4.5097733,6.013974,1.0,-7.9759307,0.0,-0.0,-7.7308598,-14.717588,-7.471049,-3.7429807,-13.2690935,3.892792,-12.602089,4.309628,-15.052099,7.118973,-14.909852,6.2860208,-14.340189,8.501285,-14.335273,6.5137944,-13.889434,7.622852,-13.793404,5.5322766,-19.182072,-5.6906676,-18.89909,1.0,-26.351913,31.236572,-26.128586,34.34627,-31.308054,-2.2143261,-30.588514,1.4744534,-30.32627,-9.075419,-29.19782,-6.0033007,-37.96912,-7.280254,-37.07931,-3.9709342
3418.jpg,4.197746,9.415028,5.1852093,6.542653,5.218249,5.751175,5.2539344,4.8042116,5.1750093,7.216282,5.201182,6.9629617,5.2325497,6.671817,5.0315795,-1.4825577,4.936876,1.377254,3.269352,6.497308,3.2314327,7.5638127,1.0,-11.409114,0.0,-0.0,-5.321709,-20.017742,-6.234743,-2.4567316,-9.418698,4.0112467,-9.150623,5.9287605,-10.723753,8.359478,-10.920061,8.372332,-10.166149,10.196917,-10.434676,8.8988495,-9.822614,9.06001,-9.939751,8.350129,-13.761179,-7.6787224,-13.789082,1.0,-19.0258,42.785275,-19.027605,46.104687,-22.7116,-3.2858803,-22.376217,1.665681,-22.097595,-12.777035,-21.495054,-8.136907,-27.760788,-11.1112175,-27.138699,-6.470183
3419.jpg,4.5480304,10.8900175,5.6274776,7.247543,5.662488,6.2775826,5.7003794,5.0886016,5.6160154,8.06365,5.6451526,7.770432,5.678158,7.4471736,5.4716187,-2.8085976,5.392319,0.9390377,3.5399303,7.333436,3.4986458,8.643541,1.0,-14.269273,0.0,-0.0,-5.5023537,-22.410587,-6.617872,-2.410034,-10.080644,4.6275573,-9.806972,6.661065,-11.508708,9.580691,-11.72927,9.308587,-10.942293,11.728101,-11.237626,9.549215,-10.565508,10.40911,-10.519226,9.08932,-14.940945,-9.403816,-14.911684,1.0,-20.779839,51.436012,-20.738268,53.92209,-24.689611,-3.619883,-24.24168,1.1916692,-23.921543,-14.813399,-23.188004,-10.075634,-29.899725,-13.348004,-29.378849,-9.099108
3420.jpg,5.1499987,5.632289,6.404618,3.9032915,6.4447002,3.43192,6.4886107,2.8630495,6.3986316,4.272553,6.4340734,4.1159325,6.477358,3.9368756,6.2068453,-0.92687327,6.115895,0.6700075,3.9803293,3.9634974,3.936383,4.5426946,1.0,-6.3520136,0.0,-0.0,-6.57351,-11.1553135,-6.729315,-2.6977746,-11.702665,2.2346623,-11.209608,3.6997204,-13.466587,4.7770324,-13.422979,5.0633574,-12.794399,5.872768,-12.785485,5.3256655,-12.335792,5.244563,-11.993971,5.0081377,-17.4614,-4.050832,-17.412428,1.0,-24.104193,25.262207,-24.096357,26.807323,-28.741734,-1.7768601,-28.237215,0.948489,-27.766256,-7.061665,-26.917953,-4.486593,-34.8341,-6.8793144,-34.219734,-4.794189
3421.jpg,5.0826936,6.126,6.307833,4.1534915,6.3446655,3.6182964,6.384926,2.9591599,6.3061895,4.589115,6.340821,4.424815,6.38113,4.2336054,6.1185875,-1.3039732,6.036733,0.6171774,3.9313238,4.265684,3.899035,4.9488883,1.0,-7.243675,0.0,-0.0,-6.608704,-12.638571,-6.7085967,-2.8172379,-11.475146,2.4253745,-10.990392,4.0502167,-13.301851,5.27091,-13.180216,5.413503,-12.6464815,6.551789,-12.575809,5.677464,-12.168661,5.857608,-11.778183,5.384389,-17.142555,-4.8762155,-17.09215,1.0,-23.584803,27.296633,-23.60769,29.349714,-28.18508,-2.724917,-27.739365,0.4953062,-27.223606,-8.60478,-26.485405,-5.4735436,-34.141453,-7.0946817,-33.558575,-4.255782
3422.jpg,4.5275273,11.3347225,5.5558224,7.7020144,5.5829887,6.818519,5.616812,5.7179875,5.5534983,8.436517,5.5785046,8.123138,5.6102223,7.762241,5.360767,-1.9444233,5.324183,1.304319,3.5857255,7.9588137,3.5576065,9.165147,1.0,-12.401644,0.0,-0.0,-5.549457,-23.108387,-6.4365864,-2.642429,-9.647722,4.1397533,-9.270784,6.6031866,-11.199419,9.405352,-11.264012,8.178214,-10.61058,11.6584425,-10.618524,9.7494135,-10.199801,10.402545,-9.948956,8.440425,-14.570723,-9.495681,-14.539603,1.0,-20.048143,49.40365,-20.091396,52.32003,-23.980364,-3.93336,-23.553408,0.6924742,-23.128702,-15.258643,-22.43537,-10.482293,-29.020206,-12.179978,-28.58816,-7.8925943
3423.jpg,4.778262,4.862223,5.819189,3.2924619,5.87071,2.9441814,5.9455867,2.511886,5.806093,3.5509,5.842047,3.400759,5.900778,3.2221425,5.6727,-0.52524674,5.607201,0.5361442,3.8177018,3.5945377,3.7890456,4.0479903,1.0,-4.7949333,0.0,-0.0,-5.852698,-9.652182,-5.7700067,-2.3518918,-10.113062,1.3945409,-9.560993,2.671641,-11.620832,3.4362016,-11.387511,3.378677,-10.978364,4.41007,-10.696654,4.0270324,-10.582944,3.9666858,-10.288799,3.4842157,-15.384515,-3.1387973,-15.26729,1.0,-20.972218,19.607866,-20.91348,21.467068,-25.053886,-1.7100333,-24.537565,0.7346981,-24.215342,-5.8716617,-23.385145,-3.6161413,-30.397575,-5.2750754,-29.757097,-3.279157
3424.jpg,4.7343416,6.299327,5.780813,4.247096,5.8076453,3.7882695,5.84914,3.2000926,5.786539,4.6060534,5.8131933,4.4387126,5.8519077,4.2427506,5.5818315,-0.88639593,5.5572467,0.7498064,3.7646332,4.619509,3.7584186,5.251635,1.0,-6.406391,0.0,-0.0,-5.8900957,-12.586456,-6.1011443,-3.6494858,-10.202702,2.2716517,-9.96637,3.5227165,-11.784844,4.8966784,-11.896608,4.4654627,-11.169288,6.2245083,-11.357199,4.7297144,-10.758126,5.6276298,-10.676419,4.507239,-15.502694,-4.300822,-15.422866,1.0,-21.119804,26.625511,-21.06037,28.796757,-25.303856,-2.3317988,-24.74811,0.3394893,-24.484203,-8.13247,-23.609083,-5.3204513,-30.801018,-6.7445574,-30.126114,-4.1077204
3425.jpg,4.547941,5.3562183,5.518964,3.560149,5.571625,3.171574,5.630832,2.700146,5.5000296,3.891195,5.538784,3.7316785,5.5970817,3.5557775,5.3583508,-0.6906325,5.3068767,0.6966345,3.696414,3.9450421,3.6598394,4.5466223,1.0,-5.199828,0.0,-0.0,-5.3068414,-10.635674,-5.5701365,-3.137883,-9.608413,1.4569877,-9.0425825,3.1114564,-11.081125,3.4463098,-10.847232,3.9371948,-10.515271,4.738818,-10.293253,4.3208427,-10.140107,4.3469467,-9.802216,4.117387,-14.484185,-3.4962869,-14.336076,1.0,-19.6553,22.435955,-19.557402,23.940016,-23.586355,-2.0298393,-23.09387,0.5228745,-22.836761,-6.4180827,-22.072292,-3.9874496,-28.707066,-5.957198,-28.109713,-4.0065393
3426.jpg,4.6934876,4.871392,5.74019,3.039282,5.761936,2.650955,5.78423,2.1744707,5.744002,3.3516943,5.7753377,3.220047,5.8139877,3.0834906,5.44531,-1.0497152,5.4321527,0.37277701,3.822624,3.646955,3.806185,4.2702904,1.0,-4.8077803,0.0,-0.0,-5.310646,-10.328828,-5.6400843,-3.2856586,-9.564994,1.2133371,-9.225788,2.546044,-11.149132,3.1541326,-10.946596,3.7493377,-10.556506,4.459021,-10.468611,4.093101,-10.135742,4.109794,-10.005051,3.8259969,-14.584001,-3.336049,-14.430196,1.0,-19.801771,21.795347,-19.654793,23.292498,-23.803686,-2.0806334,-23.273767,0.12314499,-23.010706,-6.3795304,-22.248121,-4.18415,-28.825453,-5.6960554,-28.291584,-3.7738142
3427.jpg,4.333504,8.98941,5.2807755,5.804223,5.307608,5.0384326,5.342125,4.3599257,5.2777586,6.634795,5.3020697,6.3311167,5.334991,5.98463,5.0841575,-1.0712751,5.0746813,1.4694157,3.5368695,6.745593,3.5261028,7.8599105,1.0,-8.024698,0.0,-0.0,-4.8087955,-18.10256,-5.751988,-3.3398685,-8.95054,3.062025,-8.578259,5.3344493,-10.361377,6.495095,-10.107973,7.4281487,-9.867509,8.322568,-9.626343,8.274807,-9.515946,7.5168805,-9.222677,7.8601904,-13.111425,-6.323035,-13.008183,1.0,-17.966543,38.31603,-17.902012,40.438194,-21.510426,-3.6734147,-21.122948,1.0590663,-20.92405,-11.604631,-20.324001,-7.2813005,-26.015137,-10.560904,-25.529697,-6.360829
3428.jpg,4.303458,5.992051,5.2033315,3.9336004,5.2154474,3.4414725,5.2372417,2.982094,5.205477,4.4805627,5.2230015,4.2816916,5.2470007,4.0534925,5.0192633,-0.61243993,4.9741693,0.9698835,3.5205207,4.5258293,3.5038419,5.284539,1.0,-5.595415,0.0,-0.0,-4.8925147,-12.179388,-5.4137125,-2.6950452,-8.882203,2.144549,-8.64165,3.7387037,-10.312973,4.4036837,-10.366326,5.1012383,-9.835852,5.7569785,-9.798609,5.7019496,-9.465814,5.2490244,-9.356838,5.449944,-13.05352,-4.0714703,-12.962966,1.0,-18.02046,25.673052,-17.928753,27.307331,-21.439445,-2.1531024,-21.058783,1.0327287,-20.926327,-7.488491,-20.349691,-4.579179,-25.955599,-6.53385,-25.443678,-3.6330297
3429.jpg,4.2390065,8.046472,5.1525407,5.0875373,5.186921,4.4423933,5.22867,3.8001626,5.141461,5.8120117,5.166179,5.5546236,5.2057886,5.2651196,4.972723,-1.1557326,4.939452,1.1421049,3.4887478,6.045183,3.4787936,7.034343,1.0,-7.476092,0.0,-0.0,-4.747392,-16.54905,-5.695057,-3.2975433,-8.728752,3.0812347,-8.4293785,4.873974,-10.076082,6.2575,-10.020524,6.5835037,-9.598488,7.872237,-9.462782,7.3139024,-9.267653,7.110143,-9.06952,7.0042577,-12.794002,-5.754937,-12.745114,1.0,-17.557188,34.21929,-17.489023,36.34452,-21.036188,-3.2297263,-20.641737,0.838749,-20.457565,-10.674417,-19.859741,-6.5925937,-25.580719,-8.787347,-25.026848,-5.035253
3430.jpg,4.300581,5.616607,5.214848,3.5426204,5.238597,3.1451557,5.2726016,2.7144961,5.2096467,3.897723,5.23218,3.7001414,5.266288,3.483534,4.965467,-0.81066847,4.936015,0.485894,3.5245614,4.2230825,3.506128,4.8544054,1.0,-5.4490223,0.0,-0.0,-4.786973,-11.933356,-5.135875,-2.6030524,-8.877864,1.7379395,-8.230937,3.5916135,-10.306306,3.8386562,-9.82282,4.6994586,-9.804245,5.0845485,-9.337453,5.1664243,-9.427728,4.6040664,-8.805989,4.918914,-13.174587,-3.753318,-13.137811,1.0,-18.016926,23.7631,-18.016926,25.36024,-21.593027,-2.0758204,-21.279108,0.7607684,-20.98841,-6.9226193,-20.489704,-4.546706,-26.269009,-5.6857576,-25.824177,-3.5357356
3431.jpg,4.540124,5.223262,5.47225,3.3006887,5.498208,2.9136264,5.5377107,2.5451715,5.462424,3.6471822,5.488908,3.4457388,5.533388,3.225385,5.2138624,-0.6651651,5.1911016,0.5180811,3.7272558,3.9702604,3.7071378,4.5637164,1.0,-5.1390114,0.0,-0.0,-4.9965677,-11.129074,-5.250073,-2.6062388,-9.13521,1.5449486,-8.470044,3.4550247,-10.67053,3.3738694,-10.144147,4.464114,-10.144063,4.633757,-9.612886,4.9576383,-9.744776,4.2625103,-9.069811,4.7390237,-13.59459,-3.4521525,-13.547927,1.0,-18.580013,21.658394,-18.580702,23.02263,-22.257788,-2.3737445,-21.950329,0.30558577,-21.58634,-6.653132,-21.057858,-4.3747077,-27.060102,-5.4126453,-26.55611,-3.2144666
3432.jpg,4.446263,5.35363,5.352077,3.4007769,5.386252,2.952939,5.41871,2.4279962,5.3362727,3.772588,5.365255,3.6165931,5.40673,3.4465399,5.115895,-1.064469,5.0574675,0.53309345,3.6549091,3.9636664,3.6235046,4.6389637,1.0,-5.4931235,0.0,-0.0,-4.7291245,-11.578427,-5.162,-3.38167,-8.81804,1.8885463,-8.420818,2.9310548,-10.227927,4.0565286,-10.021477,4.311513,-9.723717,5.2097273,-9.55292,4.567824,-9.368538,4.6789813,-9.176166,3.9133701,-13.209615,-3.5315568,-13.176027,1.0,-18.125147,23.314137,-18.147234,24.702002,-21.757017,-2.3876255,-21.389462,0.36748776,-21.128393,-7.1015472,-20.508186,-4.575602,-26.496164,-6.24085,-26.07222,-3.9603355
3433.jpg,4.9586053,6.5167866,6.035345,4.1780267,6.0769863,3.6863637,6.1179194,3.144532,6.023972,4.6389737,6.058204,4.420083,6.104366,4.187376,5.773201,-1.0437669,5.7392907,0.6573245,4.029706,4.7763615,4.005247,5.5778913,1.0,-6.059012,0.0,-0.0,-5.6572347,-13.253285,-5.748742,-3.6998537,-10.351806,2.2975698,-9.6296215,4.1036453,-11.871131,4.62824,-11.375626,5.6077633,-11.253199,6.036251,-10.808837,5.9826393,-10.87115,5.5208707,-10.343341,5.6781616,-15.457044,-4.397266,-15.279962,1.0,-20.95224,27.837095,-20.854372,29.851755,-25.148375,-2.499201,-24.653664,0.7529591,-24.40354,-8.0222435,-23.680183,-5.0348783,-30.344738,-7.07185,-29.72647,-4.3363748
3434.jpg,4.3690405,7.6044097,5.3205476,4.9509063,5.351436,4.425649,5.3864226,3.9052258,5.3098855,5.4081593,5.3341985,5.129256,5.3675375,4.838493,5.0688577,-0.5954407,5.0388675,1.0083836,3.576346,5.797322,3.5590634,6.6073623,1.0,-6.4888444,0.0,-0.0,-4.958011,-14.750234,-5.1719313,-4.4387794,-9.042693,2.6618125,-8.440581,4.504279,-10.423982,5.135509,-9.97424,6.223656,-9.88703,6.817714,-9.473639,6.688222,-9.524033,6.3058114,-8.95337,6.40294,-13.454526,-4.8788166,-13.408548,1.0,-18.382837,31.204086,-18.368862,32.97363,-22.072811,-3.2211897,-21.769176,0.32895672,-21.303583,-9.669735,-20.788874,-6.060766,-26.733162,-8.714768,-26.392794,-5.6719027
3435.jpg,4.6302423,6.2499976,5.662125,4.129764,5.699946,3.7013826,5.7414427,3.2749982,5.6479855,4.487338,5.67651,4.2563004,5.7150316,4.018163,5.4126487,-0.35803828,5.372032,0.9589741,3.7727926,4.78293,3.7511942,5.410601,1.0,-5.108212,0.0,-0.0,-5.395139,-11.80669,-5.517923,-3.4066885,-9.850146,2.5853546,-9.134068,3.6831791,-11.329997,4.663221,-10.829153,5.060379,-10.772116,5.907541,-10.30434,5.4130216,-10.397575,5.4177012,-9.739491,5.177143,-14.623565,-3.7825367,-14.450092,1.0,-19.89841,25.038464,-19.731428,26.6085,-23.888805,-2.7012515,-23.386333,0.14083725,-23.176157,-7.6696754,-22.364433,-4.8978386,-28.89829,-7.0707664,-28.147266,-4.4558024
3436.jpg,4.8165164,5.0700607,5.8346043,3.2861254,5.857759,2.9450586,5.891709,2.5920475,5.835815,3.6241786,5.8622108,3.4586155,5.899099,3.2807264,5.5505786,-0.60566396,5.53409,0.6488905,3.9252698,3.832009,3.9201121,4.4529705,1.0,-4.8058968,0.0,-0.0,-5.4543543,-10.2946825,-5.6499834,-2.7091887,-9.930032,1.857748,-9.229051,3.0499923,-11.520308,3.5027504,-10.989326,4.0503063,-10.960412,4.679417,-10.449203,4.2990203,-10.549009,4.3093514,-9.839707,4.1570826,-14.808649,-3.2252245,-14.721825,1.0,-20.137426,21.022844,-20.103325,22.428343,-24.224863,-2.2189765,-23.744642,0.115018934,-23.510065,-6.287594,-22.702274,-3.903742,-29.262346,-6.3527226,-28.577972,-4.1933393
