4014.jpg,12.827339,2.6783884,16.267025,1.7301676,16.27671,1.395355,16.296352,1.0194044,16.421064,2.1554074,16.52092,2.1170921,16.633831,2.0648515,15.323108,-0.9333562,15.56263,0.2874499,9.563341,1.6158284,9.797319,2.2302294,1.0,-2.951945,0.0,-0.0,-21.522926,-0.77095664,18.714426,0.7584586,-28.98167,8.042318,19.322725,5.4404263,-30.97981,10.122695,23.287598,6.4473114,-29.20954,10.866122,23.782164,6.43484,-28.827559,10.163757,22.187817,6.1606236,-41.127567,-1.1846428,-42.08799,1.0,-33.15085,14.497926,-74.51585,3.4986987,-65.558556,12.4325,-106.158585,4.084036,-69.77304,9.498195,-110.528244,1.7873024,-78.55549,17.146929,-117.72355,9.02417
4015.jpg,9.998001,9.324061,12.351404,5.7770233,12.353527,4.813134,12.374136,3.7892988,12.439043,6.6382136,12.503362,6.2989597,12.587824,5.9307694,11.697153,-2.2020955,11.893683,0.4777152,7.7772055,6.2923355,7.879127,7.8444743,1.0,-10.553331,0.0,-0.0,-16.397852,-1.499477,17.841305,1.6652416,-22.022293,31.10013,29.109453,4.654342,-23.546413,37.84264,32.81207,5.6866364,-22.125324,39.46186,32.896614,4.7754636,-21.757309,37.309914,31.466677,4.3015833,-30.915073,-4.566249,-31.861408,1.0,-24.069304,47.449936,-54.98955,11.070754,-49.163925,40.04268,-79.749504,14.293124,-52.00149,31.053047,-83.07381,6.534395,-59.332493,58.074074,-88.67118,30.652948
4016.jpg,18.183538,4.134589,22.483088,2.6152265,22.458733,2.2024536,22.45094,1.76186,22.699099,2.9299233,22.831371,2.7530632,22.98231,2.5592873,21.089552,-0.71155953,21.511751,0.33010808,14.059659,2.9443736,14.347708,3.5528815,1.0,-3.5249865,0.0,-0.0,-30.681509,-0.5380811,31.931622,0.47355366,-41.24122,13.255667,52.61992,1.4356774,-44.26963,15.859988,59.418293,1.8960172,-41.478176,16.448593,59.731495,1.6020871,-40.710323,15.618712,56.925083,0.8336648,-57.35901,-1.2344081,-58.34504,1.0,-45.24628,19.354942,-100.00218,4.2244644,-90.21129,16.149002,-144.62955,5.220457,-95.16675,12.626571,-151.64124,2.2364788,-109.465775,23.524324,-161.89789,12.227354
4017.jpg,15.199303,5.361216,19.109941,3.4750414,19.108637,2.947958,19.122927,2.3754158,19.289904,3.9337187,19.406029,3.7339013,19.547163,3.515863,18.005733,-1.003813,18.357552,0.4686864,11.731553,3.7437913,11.95379,4.608001,1.0,-5.5691857,0.0,-0.0,-25.832232,-0.9795049,27.69987,0.84361565,-34.660355,16.749342,45.08564,2.103538,-37.269047,20.401611,51.12954,2.7227898,-35.027,21.200413,51.222195,2.2483046,-34.413795,19.996971,48.698734,1.2541332,-48.30074,-2.3809168,-49.628586,1.0,-38.022034,25.40461,-84.48585,4.947779,-76.63731,21.673588,-123.29921,6.774951,-80.701996,17.015501,-129.5601,2.7592719,-93.339516,31.484306,-137.91327,16.245932
4018.jpg,8.947005,4.776546,10.9886675,3.0292087,10.974243,2.5528226,10.961159,2.038614,11.084536,3.4077542,11.138788,3.213187,11.199318,3.0024276,10.251937,-0.91264397,10.433598,0.34637004,7.021701,3.4362667,7.1271615,4.161652,1.0,-4.2707167,0.0,-0.0,-13.922142,-0.65547454,15.695198,0.6596248,-18.561419,14.698613,25.200893,1.5232486,-19.964228,18.012842,28.491201,1.869662,-18.655874,18.936884,28.481209,0.6924877,-18.3319,17.902637,27.134321,0.5008701,-26.40151,-1.4811976,-27.347828,1.0,-20.332745,22.717407,-46.835915,4.9102426,-41.68829,18.743795,-67.82411,6.496598,-43.751484,14.471548,-70.75274,3.2241237,-50.936184,27.07762,-75.55747,14.19227
4019.jpg,11.503799,6.597896,14.179004,4.275789,14.16486,3.6507132,14.155992,2.9806473,14.293237,4.787226,14.362594,4.516999,14.447455,4.2256284,13.195227,-0.90815735,13.416706,0.66343725,9.033042,4.8027368,9.167872,5.7767196,1.0,-5.262923,0.0,-0.0,-17.97237,-0.06925257,20.26125,0.7503231,-24.15327,20.741276,32.73375,2.5491586,-25.743979,25.148869,37.311356,3.1762028,-24.106161,26.169361,37.468937,2.5929513,-23.732405,24.917679,35.64545,2.2853703,-34.40215,-2.2939913,-34.983196,1.0,-26.763826,30.556665,-60.62964,6.769083,-54.26041,25.6013,-87.65831,8.820014,-57.016376,20.052698,-91.599846,4.1047444,-66.72562,36.489784,-98.01031,19.481543
4020.jpg,-50.291924,4.106806,-62.29021,2.6001344,-62.167404,2.1826508,-62.08078,1.7422903,-63.028137,2.9316127,-63.405113,2.7562213,-63.842285,2.5682268,-57.667046,-0.772297,-59.2942,0.2648774,-38.30624,2.8803167,-39.154152,3.5056105,1.0,-3.7932734,-0.0,-0.0,87.00363,0.051067144,-88.76236,0.41836128,116.22382,13.531907,-148.1154,1.5315562,124.64047,16.231466,-166.7984,1.9573143,117.21064,16.681215,-166.63121,1.2132607,115.44814,15.972833,-159.83601,1.0221443,163.85144,-1.5314189,165.5961,1.0,129.82027,19.797243,285.4977,4.20949,256.7119,16.301403,411.0699,5.3074794,269.4245,12.710001,429.25165,2.2621522,314.53098,23.544067,462.46033,12.400393
4021.jpg,152.98363,6.622454,191.35634,4.329929,190.71703,3.6843333,190.22162,2.980403,194.19127,4.852776,195.45349,4.6008024,196.84586,4.322744,177.0428,-0.9846204,182.2548,0.6137792,115.82882,4.692119,118.68494,5.7119446,1.0,-5.1735015,0.0,-0.0,-271.82205,0.69744194,277.9952,1.2395737,-357.9714,21.958654,465.8465,3.191176,-384.4655,26.280846,526.5943,3.9786007,-360.6378,26.981363,529.4585,3.3873022,-353.99496,25.790596,507.712,3.019537,-500.38416,-1.8715441,-512.3906,1.0,-394.24344,31.902868,-875.4708,6.616038,-785.47076,26.311966,-1264.9266,9.3477955,-820.3656,20.952888,-1324.5925,4.566667,-964.12085,37.5191,-1417.5295,20.542685
4022.jpg,46.19866,6.1616106,57.671974,3.9028544,57.53572,3.2532864,57.436977,2.5739567,58.47533,4.417471,58.917507,4.181582,59.358578,3.9247334,54.085354,-1.1590136,55.446987,0.44384307,35.260483,4.300124,36.16382,5.303399,1.0,-5.6620474,0.0,-0.0,-80.59267,-0.35925722,82.743416,1.5166047,-106.83911,19.599352,140.8633,3.6172895,-115.17461,23.824818,160.3814,4.2703276,-108.265686,24.727282,160.44185,3.5295436,-106.20874,23.459702,153.25899,3.1496828,-149.07098,-2.1504986,-152.45268,1.0,-116.53143,30.499495,-265.32413,6.4412575,-233.33774,25.110786,-377.19684,9.308167,-244.71725,19.56003,-395.9582,4.9315705,-288.33215,35.834057,-421.16806,19.993462
4133.jpg,6.651636,7.049351,8.112131,4.7193174,8.1261,4.11074,8.153819,3.4643984,8.179734,5.133815,8.235409,4.8343234,8.3074045,4.514397,7.82472,-0.4655227,7.8980875,0.90417004,5.341497,5.25839,5.431377,6.0784388,1.0,-5.7141232,0.0,-0.0,-10.120091,-0.7021217,10.265681,1.3104911,-13.416184,21.549314,17.717772,2.6444232,-14.387709,26.476095,19.442629,4.3469605,-13.34121,27.352509,19.798223,3.8009827,-13.088839,25.833027,13.280153,13.25586,-19.111624,-2.3420963,-20.261042,1.0,-14.274432,31.86572,-34.35285,7.8236294,-30.631277,27.513615,-50.05596,8.743871,-32.232117,21.051918,-52.344543,3.43096,-37.387318,39.19871,-55.863373,20.10656
4134.jpg,9.356601,5.5586505,11.480915,3.733418,11.496628,3.2784352,11.534402,2.7881718,11.583027,4.022138,11.663118,3.7908273,11.766753,3.5407262,11.018017,-0.26057842,11.156381,0.75739384,7.4103827,4.1989264,7.5451384,4.7834287,1.0,-4.2497644,0.0,-0.0,-15.2055435,-0.7217957,16.436974,1.042535,-20.338354,16.695578,26.867765,1.5990494,-21.85845,20.35041,30.555197,2.1438935,-20.28946,21.006195,30.633648,0.96591234,-19.909353,19.895515,29.30141,0.85506743,-29.153303,-1.250255,-30.40403,1.0,-21.854752,25.530508,-52.252754,5.564221,-45.716373,22.027142,-74.62282,6.7656775,-47.893806,17.441668,-78.194695,2.696271,-55.72686,30.781244,-82.717545,15.333208
4135.jpg,6.274336,4.5581985,7.707642,3.0921962,7.716857,2.7055373,7.747543,2.278395,7.7635922,3.3652432,7.8057923,3.199505,7.868258,3.012399,7.391713,-0.36856177,7.4433193,0.5740434,4.964012,3.3443131,5.0213513,3.9008644,1.0,-3.6942208,0.0,-0.0,-9.446378,-0.16425002,10.331077,0.920919,-12.349777,14.218151,17.149357,1.520755,-13.200396,17.576168,19.82625,1.5683373,-12.233613,18.14359,19.969769,1.0174922,-12.032666,17.10945,19.150675,0.97984177,-17.511194,-1.2939773,-18.477879,1.0,-13.272819,20.90338,-31.458326,4.939032,-27.98083,18.181185,-46.167435,5.748902,-29.401411,13.8720875,-48.069588,2.6192462,-34.359,25.431726,-51.27071,12.325118
4136.jpg,7.0398083,4.4023166,8.666188,2.981544,8.677188,2.608797,8.713578,2.1996758,8.732551,3.2498138,8.781158,3.0973034,8.854003,2.9215136,8.310976,-0.29904532,8.371766,0.60650074,5.54289,3.254998,5.618307,3.8124745,1.0,-3.3783228,0.0,-0.0,-10.860821,0.19051313,12.024727,0.88165987,-14.074444,14.437608,19.800568,1.6076835,-15.027327,17.550127,22.669214,1.6211857,-13.879793,17.981874,22.760267,1.1139469,-13.641025,17.054062,21.708532,1.0687475,-20.274708,-0.9959524,-21.030077,1.0,-15.2308235,20.108395,-36.613644,4.3093524,-32.081783,17.506824,-52.84864,5.4687214,-33.72879,13.804302,-55.236996,2.1876252,-39.285637,24.68932,-58.31541,11.7779665
4137.jpg,7.4183936,3.916633,9.244927,2.7222402,9.259459,2.3941317,9.299497,2.0353436,9.326909,2.9476638,9.393994,2.7991414,9.485963,2.6311288,8.901996,-0.16140102,9.019668,0.5680007,5.839109,2.8826277,5.9367185,3.3647108,1.0,-2.9117901,0.0,-0.0,-12.082979,0.2259866,13.011845,0.74565244,-15.4504795,12.50266,21.279156,1.5243099,-16.493282,15.306512,24.36505,1.4422082,-15.225605,15.664869,24.445717,1.1134769,-14.954993,14.829602,23.39022,1.1145037,-22.016472,-0.7287525,-23.04108,1.0,-16.430435,17.354761,-39.46026,4.040438,-34.82277,15.182382,-57.152267,4.6085515,-36.44734,11.946498,-59.547268,1.9058014,-42.81163,21.455929,-63.45337,10.223581
4138.jpg,5.8136835,4.036175,7.121582,2.7903943,7.1308184,2.4609146,7.159548,2.0962613,7.169625,3.0171442,7.206441,2.8720305,7.262463,2.7071307,6.831151,-0.18606804,6.8681183,0.5515248,4.636568,3.0017908,4.6876845,3.4850242,1.0,-2.966794,0.0,-0.0,-8.484432,0.04046408,-0.28269565,1.9351743,-10.856943,12.642687,2.6052532,8.389648,-11.608205,15.471032,3.797739,10.052161,-10.711121,15.89755,3.9772177,10.778398,-10.518491,15.043575,3.4457269,10.387708,-15.554105,-0.8275289,-16.384438,1.0,-11.679885,17.830408,-28.213297,4.0989914,-25.030367,15.681122,-41.13119,4.881624,-26.22771,12.158493,-42.68781,2.4457176,-30.827593,21.772923,-45.852768,10.586807
4139.jpg,7.4478188,4.006126,9.232832,2.7514687,9.240228,2.4178681,9.272844,2.0505075,9.330135,2.9785595,9.403601,2.8260722,9.498598,2.654501,8.85126,-0.1763727,8.994841,0.5864987,5.8321733,2.9846377,5.9536843,3.4677238,1.0,-2.9216,0.0,-0.0,-12.087105,0.07357805,13.317839,0.8176169,-15.47797,12.398254,21.033463,1.719162,-16.521095,15.212774,23.978289,1.6479881,-15.275171,15.634582,24.14205,1.2477164,-15.03381,14.797209,23.050919,1.2569662,-22.15811,-0.80522937,-23.238134,1.0,-16.488806,17.647337,-39.97785,4.120235,-35.038654,15.627512,-57.737717,4.6914463,-36.74017,12.285742,-60.104416,2.0224593,-43.165672,21.868362,-64.185135,10.73953
4140.jpg,9.315876,3.3717043,11.506394,2.363523,11.511075,2.087389,11.539457,1.7883607,11.616326,2.5471935,11.689912,2.4074736,11.786345,2.2581215,10.997954,-0.12239569,11.186477,0.5381302,7.3261266,2.4918528,7.4827166,2.8841984,1.0,-2.6439528,0.0,-0.0,-14.3993025,-0.078553304,15.054093,0.7520795,-18.668568,10.0402355,24.802189,2.2042375,-19.922878,12.341369,28.349491,2.3182697,-18.444998,12.714598,28.701836,2.0931807,-18.193563,12.038745,27.562786,2.059073,-27.054316,-0.8730471,-27.659039,1.0,-20.309969,14.915262,-47.69507,3.4175608,-42.034344,12.870658,-69.19732,4.0440474,-44.136276,9.790045,-71.92967,1.6724395,-52.25799,17.910625,-77.2438,8.849232
4141.jpg,4.4653225,5.1536,5.4300733,3.617802,5.441752,3.2166595,5.4625807,2.7851002,5.454164,3.893849,5.4801536,3.6974025,5.5170174,3.4853625,5.2560487,0.03223623,5.249531,0.9091801,3.626585,3.947686,3.6589448,4.4978004,1.0,-3.4771724,0.0,-0.0,-6.095038,0.03880193,-6.381263,1.1996278,-8.163385,15.606473,-6.0499983,14.142237,-8.708921,18.79109,-8.752483,18.662256,-8.02993,19.385744,-8.445162,19.09038,-7.903572,18.391268,-6.072168,17.03838,-11.688391,-0.9767662,-12.474325,1.0,-8.6879225,22.195135,-21.331799,5.2051697,-18.8205,19.569456,-31.267355,6.1806583,-19.77911,14.907335,-32.668133,2.7724257,-23.353249,27.07576,-34.788136,13.493934
4142.jpg,7.4210944,5.004295,9.115544,3.4016824,9.114123,2.970013,9.1285715,2.5117025,9.188007,3.7162583,9.235731,3.5242395,9.300851,3.315118,8.642888,-0.2725771,8.7545,0.6928192,5.8958254,3.6610618,5.969122,4.297287,1.0,-4.0044217,0.0,-0.0,-11.181839,-0.28472438,3.772872,3.439395,-14.663383,14.564552,10.63204,9.277635,-15.736565,17.962118,12.9989195,10.648237,-14.678864,18.64744,13.301344,11.057365,-14.385839,17.626501,12.389563,10.803551,-21.070753,-1.2140685,-22.102787,1.0,-15.713134,22.18758,-37.469078,5.430721,-33.14131,19.091341,-54.631073,5.528009,-34.771328,14.702722,-56.79365,2.07562,-40.766743,26.744314,-60.67315,13.049445
4143.jpg,8.452459,4.266898,10.494007,2.964371,10.5057335,2.5967689,10.536423,2.2074459,10.5801935,3.2232819,10.64646,3.0485554,10.734046,2.8619647,10.019888,-0.2516658,10.137734,0.55552405,6.6504097,3.074648,6.736371,3.5966887,1.0,-3.6062617,0.0,-0.0,-13.463927,-0.42548302,14.944852,1.0353745,-17.612238,12.576655,23.937178,2.1807132,-18.898993,15.44887,26.98386,3.1032574,-17.58744,15.988412,27.06455,1.9815817,-17.263786,15.089669,25.92702,1.9126222,-25.335848,-1.177418,-26.19054,1.0,-18.971004,19.313969,-45.165916,4.9103165,-39.27326,16.459417,-65.10741,4.7863784,-41.439743,12.615892,-67.5187,1.416143,-48.876736,22.816378,-72.54082,10.577259
4249.jpg,60.48131,2.8728623,73.88289,2.0656848,73.97102,1.7864109,74.212364,1.4892334,74.895744,2.3675027,75.65466,2.2959976,76.443504,2.2124538,70.49417,-0.24535854,71.70619,0.66561115,45.211933,2.0384011,46.060528,2.4341185,1.0,-2.1307573,0.0,-0.0,-108.020836,0.22188367,98.70173,0.86374116,-141.29724,9.0974245,173.86652,2.3637884,-152.04286,10.87929,195.4616,2.4023988,-142.08754,11.278119,197.73251,2.2182143,-139.24794,10.796523,189.71965,2.1806495,-199.95143,-0.98258924,-197.89493,1.0,-167.33513,13.523005,-346.205,2.587768,-313.74237,11.70226,-498.93063,3.3353996,-369.4934,6.2568445,-518.5216,1.031406,-380.05865,16.407164,-554.164,7.842467
4250.jpg,22.405075,2.9072354,27.628428,2.0675476,27.686367,1.7850953,27.800678,1.4901029,27.859621,2.3468835,28.087553,2.2592585,28.407867,2.1568623,26.778154,-0.26298165,27.098343,0.5510084,17.158699,2.0383494,17.47895,2.437812,1.0,-1.9998077,0.0,-0.0,-39.70299,0.12120921,36.301086,0.78193873,-50.540623,9.049964,63.105434,2.1173697,-54.301086,11.105796,70.5442,2.2264433,-50.19352,11.497918,71.256355,2.0054178,-49.254314,10.894215,69.34221,1.9928168,-72.06586,-0.81566954,-72.79029,1.0,-55.83766,13.640788,-128.98155,2.5101197,-113.83313,11.742436,-182.80634,3.4872751,-120.942184,9.0186205,-190.0522,1.0238057,-135.29549,16.838358,-202.60988,8.091975
4251.jpg,11.392024,3.600117,14.398393,2.63488,14.43187,2.309259,14.479852,1.9688333,14.50466,2.9371185,14.605175,2.820242,14.723713,2.6903162,14.004969,-0.13418111,14.126874,0.7968347,8.761058,2.5331712,8.933262,3.0213382,1.0,-2.6610587,0.0,-0.0,-21.211184,0.042922683,18.100332,0.94965667,-27.30128,10.621215,30.139378,2.2655911,-29.298712,13.06763,23.016222,7.1050897,-27.210016,13.514001,23.560911,7.0826554,-26.7379,12.694055,22.074574,6.882083,-38.316,-1.0346707,-38.838364,1.0,-30.38609,16.591059,-68.49424,3.1035748,-60.77313,14.358389,-97.3116,4.489343,-64.715935,11.047234,-101.74018,1.5722141,-72.341194,20.343584,-107.72361,10.096475
4252.jpg,18.71133,3.8592474,23.263865,2.5483747,23.269335,2.1628852,23.302662,1.7302482,23.53124,2.8747683,23.685509,2.7365675,23.86766,2.5805495,22.215782,-0.85474443,22.613184,0.2262817,14.384706,2.630977,14.791925,3.2199774,1.0,-3.9424276,0.0,-0.0,-31.953241,-0.44861567,32.013027,0.9211204,-40.881702,13.16263,52.09876,2.3685353,-43.893913,16.577225,58.65045,2.244797,-40.587437,17.172935,59.120155,1.89176,-39.89552,16.193161,57.045944,1.9439287,-58.707233,-1.6825827,-60.07305,1.0,-44.41719,19.417845,-104.02076,3.7277415,-91.24188,16.628868,-148.32497,5.3618555,-96.94315,12.668788,-154.76476,2.2691438,-109.68772,24.128248,-164.49026,11.882175
4253.jpg,13.037724,4.6052294,16.305988,3.0648875,16.293573,2.5594587,16.287428,1.9900028,16.461824,3.6557832,16.54425,3.5858111,16.644104,3.4847288,15.44314,-1.1094536,15.756105,0.58340216,9.873882,2.9124682,10.142146,3.892448,1.0,-4.2688675,0.0,-0.0,-22.279474,-0.16221866,22.499018,1.2539318,-28.549368,15.472985,36.80306,2.7694526,-30.6565,19.336689,41.49549,3.4213383,-28.478916,19.980125,41.708553,1.977175,-27.993536,18.88819,40.149197,2.011563,-40.568275,-1.6641372,-41.71003,1.0,-31.470114,22.821314,-71.861,4.7025948,-63.72225,19.740011,-102.94309,6.273419,-67.76988,14.999871,-107.370476,2.963831,-76.80049,28.214725,-114.57434,13.887415
4254.jpg,8.722245,3.5809684,10.860428,2.4318268,10.867752,2.0677435,10.877034,1.6611239,10.933301,2.8445203,10.980682,2.7677422,11.038623,2.6701849,10.359374,-0.7565728,10.472852,0.42141092,6.7018347,2.3419163,6.813593,3.0165162,1.0,-3.4590962,0.0,-0.0,-13.966878,-0.23529139,1.1177603,2.0433228,-17.950056,11.397618,6.692643,7.5395756,-19.373749,14.331969,8.721904,9.033826,-18.059319,14.889753,8.995467,9.488513,-17.758123,14.000708,8.1112795,9.131224,-25.741444,-1.3803352,-26.351664,1.0,-20.049717,17.32879,-45.77653,3.4796505,-40.483315,15.107854,-65.740364,4.750519,-43.189743,11.412832,-68.6953,1.6901577,-49.06678,21.392218,-73.04391,10.569329
4255.jpg,10.727452,4.5102463,13.340933,3.0237904,13.343987,2.549225,13.353548,2.0169373,13.439918,3.5574439,13.49684,3.4597847,13.569685,3.3358953,12.653654,-0.99440426,12.827047,0.5073236,8.216251,2.8966784,8.379217,3.7575006,1.0,-4.490786,0.0,-0.0,-17.47722,-0.42316243,17.71319,1.2350218,-22.523787,14.316477,29.618666,2.3893547,-24.296995,18.023516,33.261765,3.0915222,-22.556488,18.727798,33.45949,2.6881282,-22.139143,17.648333,32.166943,1.6599079,-32.3051,-1.8333263,-33.395306,1.0,-24.708445,21.805365,-57.28108,4.5294237,-50.632298,19.007694,-82.28119,6.0892324,-53.946266,14.433296,-85.84747,2.548767,-60.903927,27.343231,-91.54183,13.739365
4256.jpg,13.780195,5.8045397,17.132198,3.897865,17.11888,3.2944121,17.112625,2.6195717,17.299366,4.5413685,17.38488,4.4093328,17.490044,4.245917,16.286875,-1.1139238,16.497936,0.754169,10.476139,3.811463,10.725315,4.893975,1.0,-5.476808,0.0,-0.0,-23.426872,-0.51560426,23.658792,1.5063124,-30.17165,19.514843,39.135628,3.5509818,-32.488575,23.95517,44.10296,3.217441,-30.137964,24.680017,44.426403,2.4702277,-29.552422,23.41378,42.7194,2.5556436,-43.21668,-2.2543833,-44.722733,1.0,-32.359123,27.515198,-77.571,5.291786,-68.03901,24.456573,-109.57979,7.73162,-72.07916,19.00478,-114.50404,3.3073156,-81.273674,35.746227,-122.11346,17.979862
4257.jpg,8.433202,5.4700265,10.465981,3.728391,10.489198,3.224358,10.542837,2.6743927,10.539806,4.12898,10.619878,3.9186847,10.7349,3.6948369,10.152662,-0.5400705,10.300315,0.68982214,6.6089096,3.9075675,6.7150683,4.6621203,1.0,-5.207552,0.0,-0.0,-13.761971,-0.3483714,14.700852,1.406576,-18.039606,17.251059,23.720913,2.845349,-19.192795,21.00513,26.670944,2.8331633,-17.77836,21.629827,26.929995,2.3185327,-17.508709,20.574375,25.797792,2.3565145,-25.623743,-2.11922,-27.001617,1.0,-19.354378,24.542795,-45.87257,5.237237,-40.639126,21.665123,-66.20378,6.445049,-43.004444,16.581364,-69.22403,2.50206,-48.925674,31.368027,-73.60514,15.705435
4258.jpg,26.542664,2.7437391,33.013916,1.8617083,33.01968,1.5854053,33.0275,1.2803234,33.2909,2.1579733,33.45135,2.0837781,33.64701,1.9984179,31.36,-0.48915535,31.827435,0.382241,20.178,1.8728234,20.69041,2.3305962,1.0,-2.521534,0.0,-0.0,-46.45671,-0.25099385,44.571854,0.79419714,-59.97786,8.710569,74.03004,1.7382767,-64.07288,10.727061,82.85982,1.7272668,-59.418674,11.062574,83.482925,1.4454163,-58.447018,10.481535,80.09172,1.4500676,-84.66752,-0.9499925,-85.94713,1.0,-65.30948,13.237991,-150.25089,2.6578581,-133.119,11.710925,-212.30975,3.5336604,-141.56842,8.833355,-221.81293,1.5539929,-159.29175,16.627506,-237.84987,8.393156
4259.jpg,23.007717,4.220409,28.561462,2.8646784,28.540344,2.4493184,28.532438,1.9762857,28.833033,3.248511,28.97142,3.1078076,29.13861,2.947564,26.917913,-0.81367207,27.422915,0.506265,17.355974,2.9502015,17.907656,3.568257,1.0,-3.8038943,0.0,-0.0,-39.51183,-0.77899504,38.29183,1.0879387,-50.965355,12.561155,65.8121,2.526065,-54.675938,15.742384,74.31917,2.5254076,-50.63453,16.418097,74.977264,2.0488582,-49.759743,15.383856,72.00232,2.0496914,-72.903305,-1.8831637,-74.597694,1.0,-55.382015,19.901129,-130.83553,3.9500103,-114.315674,17.8253,-184.79782,5.5740595,-122.21765,14.054882,-193.45499,2.5192611,-136.75256,25.32564,-205.27463,13.119833
4260.jpg,20.82722,3.0538812,25.514477,2.1649048,25.539944,1.8726041,25.600252,1.5540602,25.694258,2.446895,25.832224,2.3532474,26.03041,2.2463207,24.349787,-0.47133648,24.706635,0.45208275,15.769657,2.0854914,16.119272,2.5129046,1.0,-2.5787027,0.0,-0.0,-36.28222,-0.053870283,33.814903,1.0095671,-45.113213,10.46502,56.150627,2.4203804,-48.59748,12.857708,64.922745,2.589127,-44.656357,13.21471,65.85921,2.347381,-43.698486,12.5496645,61.693687,2.3188858,-65.91167,-1.1876044,-66.432686,1.0,-50.805786,14.604474,-116.242004,3.068034,-102.60271,12.571262,-164.8336,4.0543423,-109.58309,9.584851,-172.84045,1.861154,-122.718895,18.029087,-183.73477,9.430208
4261.jpg,24.728783,2.8750675,29.730518,2.0376728,29.759783,1.7772971,29.867725,1.4839017,30.07313,2.3286922,30.31954,2.2669973,30.603825,2.1983037,28.299973,-0.23234543,28.683523,0.6825277,18.617199,2.0417004,18.941877,2.4563875,1.0,-2.1168125,0.0,-0.0,-43.124653,0.20305549,41.114544,1.0502616,-54.98217,9.429017,69.6761,2.469155,-59.11376,11.444731,78.29252,2.5257409,-54.507248,11.84738,78.9335,2.32524,-53.357075,11.315518,75.97788,2.2814562,-77.85971,-0.77530813,-78.39668,1.0,-60.335773,13.609181,-139.68948,3.1500459,-122.93628,11.746921,-198.31358,4.003755,-131.51048,9.143354,-207.2357,1.9644006,-147.23856,16.628105,-219.2423,9.0431385
4262.jpg,17.008919,4.116947,20.851212,2.975499,20.886435,2.6127784,20.957502,2.2224627,20.975819,3.302889,21.107937,3.163919,21.298174,3.0081904,20.06191,-0.3346914,20.360584,0.75467443,12.954569,2.8849711,13.23488,3.4019923,1.0,-3.2434144,0.0,-0.0,-29.996471,-0.17103136,29.143398,1.2774919,-37.976723,12.547228,50.635815,3.0054183,-40.920444,15.333236,56.7086,3.5673883,-37.788776,15.9497795,57.326363,2.60106,-37.03296,15.19178,55.170444,2.5771189,-55.20482,-1.4735074,-55.82617,1.0,-41.86595,18.859041,-96.98911,4.6113153,-85.7686,16.231276,-137.68243,5.8728046,-91.36661,12.782802,-144.25577,3.0883088,-102.94876,23.138248,-153.95944,12.894883
4366.jpg,-37.20046,-10.108952,-48.404366,-6.954925,-48.433815,-5.922097,-48.630524,-4.795075,-49.254883,-8.040487,-49.777588,-7.8733706,-50.464413,-7.658858,-46.887344,1.1524532,-48.63857,-2.7321723,-26.77378,-6.840412,-28.040878,-8.641929,1.0,7.3903747,-0.0,0.0,76.48654,-3.9183521,-67.01421,-8.526667,107.62128,-36.22382,-119.329384,-13.708446,115.89974,-43.805058,-133.43617,-14.085113,111.06785,-45.931873,-134.5406,-13.141779,109.4366,-43.685562,-129.933,-12.488933,144.5224,4.434251,143.99084,1.0,126.23868,-53.018482,247.17818,-8.560225,230.26387,-37.383575,353.34103,-8.698389,241.07843,-28.683222,367.3116,0.7694195,282.51776,-52.76747,391.8167,-23.059082
4367.jpg,-18.146587,-190.6941,-23.833769,-131.76239,-23.79359,-113.66499,-23.796053,-94.22724,-24.326088,-150.7346,-24.625174,-147.23326,-24.964191,-142.93207,-23.071062,13.228247,-24.119585,-51.765396,-13.175621,-134.57999,-13.843252,-167.02275,1.0,125.92872,-0.0,0.0,38.267097,-62.327644,-33.67582,-148.30154,54.970074,-629.47723,-60.61363,-227.82497,59.481297,-754.03613,-68.0121,-238.16734,57.229626,-799.7232,-68.522064,-202.39056,56.25062,-755.6148,-65.70239,-204.8678,74.44844,57.03146,73.58054,1.0,65.99766,-952.0217,126.66883,-169.42001,116.83412,-661.3872,179.33788,-137.64993,122.763306,-515.3678,186.71027,4.776439,145.54721,-937.6024,200.0998,-410.3283
4368.jpg,-34.18617,-15.106502,-45.280598,-10.647166,-45.21355,-9.248546,-45.19752,-7.733644,-46.227825,-12.036264,-46.808857,-11.717403,-47.422653,-11.337109,-44.077286,0.53564626,-45.889305,-4.3553557,-25.048443,-10.726978,-26.257898,-13.170304,1.0,10.173033,-0.0,0.0,72.14188,-6.6837907,-64.72262,-11.770243,105.40604,-50.519253,-116.13457,-17.415401,113.19881,-59.88606,-130.38744,-16.443249,108.78218,-62.794563,-131.84285,-15.082874,107.199394,-59.82519,-126.42699,-15.446157,137.77759,5.4352446,138.49962,1.0,122.288734,-75.20075,236.95302,-13.866629,222.72212,-51.957844,342.99734,-11.250759,233.30301,-39.68312,356.9629,-0.7308643,273.28305,-74.86663,381.18118,-31.342718
4369.jpg,-7.856862,-9.392397,-10.442838,-6.58694,-10.423451,-5.7459197,-10.416339,-4.8102994,-10.689457,-7.3452578,-10.837785,-7.0842037,-10.983181,-6.783744,-10.041031,0.24298975,-10.509006,-2.3627572,-5.7319465,-6.7275486,-6.0326705,-8.179789,1.0,6.6401486,-0.0,0.0,17.503872,-2.8672693,-15.341908,-7.1562514,25.67125,-30.803923,-27.406155,-10.286464,27.569956,-37.35759,-30.873709,-9.909468,26.438349,-39.31373,-31.238146,-9.029978,26.029234,-37.094566,-29.805408,-9.063702,34.082756,3.7227218,34.01196,1.0,29.948168,-47.3379,57.980812,-7.5722175,53.603245,-32.226315,82.37189,-6.565518,56.35271,-25.06777,85.654495,-0.018903866,66.102875,-46.50125,91.471054,-19.632433
4370.jpg,-18.75302,-27.65141,-24.345041,-19.489574,-24.288736,-17.174227,-24.260828,-14.605771,-24.833227,-21.483767,-25.101269,-20.634764,-25.39083,-19.703814,-23.275042,-0.014770441,-24.332752,-7.1203127,-13.861592,-19.943892,-14.501758,-23.707655,1.0,19.567312,-0.0,0.0,37.248325,-7.9956555,-34.673607,-20.13298,54.727955,-87.60632,-60.65832,-31.267286,59.211372,-105.94179,-68.87648,-30.42441,56.74073,-111.09814,-69.42381,-28.03567,55.837536,-105.09096,-66.3418,-28.091183,72.56118,9.883437,72.94854,1.0,64.37866,-132.06969,125.079445,-23.234726,116.07989,-91.14505,178.29326,-18.507362,121.81495,-71.45989,185.79639,1.5068593,142.8892,-130.52885,198.50418,-55.216297
4371.jpg,-26.462574,-18.832172,-34.17645,-12.854615,-34.085857,-11.130499,-34.050175,-9.265553,-34.86573,-14.466484,-35.232212,-13.977227,-35.658627,-13.419848,-32.70347,1.2046602,-34.200912,-4.3773394,-19.537813,-13.297237,-20.467861,-16.170765,1.0,14.314268,-0.0,0.0,53.108,-6.0777583,-48.96741,-14.673289,77.2068,-64.06588,-85.45986,-22.670187,83.40763,-77.52685,-96.94032,-23.417637,79.77699,-81.235916,-97.40711,-19.792864,78.46387,-77.00508,-93.36282,-20.023565,102.35868,7.653883,102.91126,1.0,90.52853,-94.1498,175.4815,-17.307798,163.43263,-65.123505,251.02893,-12.9395685,171.55402,-50.726757,261.1103,2.1798408,201.271,-93.672066,279.4085,-39.609097
4372.jpg,-33.318504,-20.199356,-42.751225,-13.158597,-42.692,-10.896683,-42.697926,-8.468095,-43.335804,-15.887583,-43.68299,-15.741838,-44.112366,-15.529971,-40.87734,3.870218,-42.322056,-5.3140473,-24.536898,-13.387943,-25.636644,-17.739527,1.0,16.327127,-0.0,0.0,61.816055,-6.6589193,-56.46408,-15.2298765,91.28951,-73.769745,-101.663475,-24.60326,98.36583,-88.88038,-114.04825,-26.572435,94.22185,-93.14146,-114.880165,-22.83473,92.68556,-88.45361,-110.019875,-22.803337,121.36184,9.019753,120.23964,1.0,107.96887,-107.193634,207.76984,-20.847166,194.36699,-74.618385,297.95978,-15.853649,204.03769,-58.126522,309.0845,0.38301423,240.98761,-107.50028,333.17825,-47.302258
4373.jpg,-11.529017,-134.50238,-15.109247,-93.47523,-15.098106,-79.34802,-15.097686,-64.12173,-15.365748,-109.085754,-15.53431,-106.7444,-15.714701,-103.97285,-14.661425,17.16484,-15.277446,-36.82825,-8.42065,-91.21701,-8.814393,-116.0243,1.0,97.62244,-0.0,0.0,23.195753,-38.274178,-21.88267,-108.34921,33.539566,-454.88065,-38.8833,-176.43903,36.29411,-550.9836,-43.980873,-182.95593,34.757637,-579.394,-44.22174,-161.49237,34.126675,-549.3118,-42.348686,-160.48404,44.97318,45.564316,45.157974,1.0,39.267586,-678.00336,76.64757,-143.4795,71.56563,-472.90472,111.05982,-101.540016,74.84941,-369.217,115.44045,8.425917,88.753395,-684.0431,123.71631,-298.46356
4374.jpg,-10.410192,9939.884,-13.67197,7161.6333,-13.659019,6233.7666,-13.659689,5216.8,-13.901117,8117.55,-14.048701,7909.2,-14.21528,7669.817,-13.170102,-351.93332,-13.777461,3041.55,-7.5450892,6972.25,-7.922966,8529.483,1.0,-6437.8335,-0.0,-0.0,21.211632,3208.35,-19.520033,8862.066,30.939917,31803.383,-35.23512,13328.783,33.27899,37851.75,-39.830727,13657.233,31.929379,39623.3,-40.122986,12276.45,31.437485,37491.0,-38.741215,12262.217,42.021744,-3229.2,41.850372,1.0,36.534748,47773.066,71.63322,10428.934,67.273125,34275.867,102.273224,8419.816,70.10933,26880.467,106.28381,928.4667,82.64999,47927.617,113.77923,21609.95
4486.jpg,12.850081,14.184264,16.230999,9.976247,16.260063,8.720889,16.313465,7.4195666,16.323288,10.982482,16.425142,10.434548,16.584719,9.828205,15.440653,-0.58638346,15.75,2.2433388,9.870485,10.445382,9.998708,12.172174,1.0,-10.9780245,0.0,-0.0,-21.276663,1.7234733,23.736872,2.3687654,-30.890778,40.6561,38.859276,6.3136497,-33.524227,49.741085,44.370358,7.228167,-31.897833,52.448273,44.808037,6.208918,-31.346258,49.29748,42.912216,5.6785984,-42.56472,-4.282287,-43.15487,1.0,-35.896225,68.70294,-75.55709,11.308814,-68.06111,49.73803,-107.49155,11.841053,-71.70921,39.49955,-111.87324,0.42485303,-84.60278,70.37168,-119.21308,33.461098
4487.jpg,17.963371,12.218008,22.786428,8.340421,22.821493,7.2244825,22.904684,6.0281754,22.93683,9.436308,23.093803,9.052299,23.336523,8.624366,21.675314,-1.0149543,22.200432,1.885503,13.685038,8.818856,13.922335,10.588379,1.0,-9.075169,0.0,-0.0,-30.339912,2.3111384,32.740673,1.8929802,-44.28443,36.988033,54.011784,5.774327,-47.845398,44.749077,61.563026,6.797302,-45.463566,47.07423,62.006153,5.809812,-44.711422,44.34228,59.289753,5.3739843,-60.846874,-3.5835752,-60.928814,1.0,-51.325104,60.545876,-107.23794,9.979052,-96.51571,43.975563,-151.95413,10.307463,-101.65532,34.89837,-158.03198,0.98026276,-119.33449,62.097935,-169.07666,29.16951
4488.jpg,28.19091,10.12851,35.88778,7.3006396,35.98771,6.469242,36.13459,5.6071525,36.147804,7.921555,36.434544,7.5347605,36.863026,7.1051674,34.284317,0.11983268,35.16252,1.8121555,21.399967,7.5759516,21.753105,8.704396,1.0,-6.7364335,0.0,-0.0,-47.94414,0.9780348,51.58975,1.4811844,-70.5599,27.829266,85.38663,4.547211,-76.118744,34.136745,97.62964,5.142011,-72.43818,35.70028,98.550446,4.421588,-71.3375,33.49037,94.31233,4.133268,-98.18441,-2.5954232,-97.70588,1.0,-84.25283,47.57408,-169.64389,8.458317,-156.7664,34.49585,-241.09048,8.078724,-163.98409,27.71068,-252.30725,0.54112536,-193.84271,49.28525,-269.5391,23.467028
4489.jpg,23.983627,8.5473175,30.427639,5.920509,30.529324,5.1746674,30.680782,4.3705454,30.591393,6.5781903,30.822672,6.279886,31.172804,5.950475,29.203579,-0.62897235,29.803606,1.1483701,18.358387,6.204853,18.614155,7.364128,1.0,-6.3205523,0.0,-0.0,-40.02549,0.87604153,43.077923,1.1609414,-57.979206,24.280325,70.99596,3.496521,-62.68603,29.896887,80.52777,4.202032,-59.619854,31.32548,81.22503,3.5252156,-58.59951,29.28376,77.74258,3.1339278,-79.975426,-2.4601812,-79.50544,1.0,-68.68575,42.154552,-139.33966,6.8982897,-127.80687,30.431238,-198.44833,7.1774592,-134.20763,24.166233,-207.87947,0.45762315,-158.82652,43.653122,-222.12833,21.222614
4490.jpg,17.514942,8.547949,22.206142,6.028792,22.274055,5.303027,22.379017,4.5265207,22.326336,6.665303,22.493048,6.369188,22.746336,6.044507,21.332874,-0.27433416,21.749317,1.4807019,13.406673,6.28009,13.581377,7.3697805,1.0,-5.899447,0.0,-0.0,-29.214659,1.5388924,31.725042,1.3961319,-42.03612,24.631418,51.835365,3.8526971,-45.418472,29.949202,58.7404,4.6427884,-43.18242,31.416601,59.25036,4.032502,-42.457752,29.530485,56.820637,3.6457229,-58.42858,-2.2935336,-57.96508,1.0,-49.109196,40.809715,-102.45199,6.8275027,-92.60388,29.999592,-145.61646,7.436096,-97.45129,24.041178,-151.79073,1.2287552,-114.65736,42.285748,-161.4405,20.57114
4491.jpg,29.149715,14.51475,36.84333,9.6876335,36.855724,8.283818,36.932484,6.719648,37.189713,11.21088,37.447758,10.824497,37.808735,10.374856,34.52194,-2.0591,35.515316,1.8717363,21.97301,10.266438,22.389236,12.584195,1.0,-11.320813,0.0,-0.0,-47.333294,1.7966933,50.75132,2.1895716,-68.370995,43.0391,85.365685,7.150086,-74.07304,52.834305,97.53016,8.411414,-70.30389,55.713898,98.36773,7.363123,-69.11937,52.32936,94.252815,6.837796,-95.49049,-4.8663964,-95.38613,1.0,-79.99125,73.10978,-166.31418,12.011887,-151.00894,54.4224,-236.9246,12.712998,-158.22716,43.712357,-247.34111,1.9552771,-186.76582,76.05189,-263.37247,36.783985
4492.jpg,79.111626,11.915669,101.4909,7.745341,101.58008,6.5335226,101.97877,5.208235,102.64341,8.896063,103.59136,8.547405,104.90245,8.159669,97.24096,-2.2306132,100.10932,1.266581,58.800655,8.278367,60.379154,10.260564,1.0,-10.911184,0.0,-0.0,-146.81436,0.85849506,148.42004,1.5626845,-208.10313,38.865032,244.92963,5.507516,-225.1138,48.340633,279.7917,7.0672708,-214.27275,50.857616,282.19705,6.0261645,-210.6206,47.741917,269.52646,5.21779,-283.19412,-4.8239245,-288.1542,1.0,-239.6786,63.119713,-484.48755,10.769589,-451.64523,47.02522,-703.7062,10.219368,-471.09573,37.038357,-737.1216,0.6113402,-557.5468,65.90465,-782.7375,31.276182
4493.jpg,63.83399,8.845984,81.176186,5.867388,81.199234,4.9590297,81.22807,3.9409866,82.14324,6.8669944,82.7877,6.640741,83.46687,6.374926,76.05002,-1.7398885,78.54162,1.039905,47.378872,6.0305147,48.828667,7.558751,1.0,-7.7777944,0.0,-0.0,-111.43794,1.621157,112.746826,1.4905277,-158.24487,29.570404,192.15266,4.8721237,-170.6564,36.60829,221.08174,5.745034,-162.08763,38.91385,221.9135,4.9474764,-159.8017,36.77322,211.15529,4.548836,-219.14539,-3.8516223,-219.97061,1.0,-185.7934,46.670437,-383.25558,7.6132417,-349.29684,34.732662,-544.1031,8.231892,-364.82553,27.398739,-566.79865,1.557096,-428.06406,48.0874,-603.1016,23.36316
4494.jpg,-104.65392,23.592476,-134.23268,16.106651,-134.60265,13.784733,-135.10957,11.311522,-135.90237,18.333027,-137.38716,17.497433,-139.15273,16.586796,-128.32791,-2.6540694,-132.18808,3.2200274,-77.88023,16.936275,-79.95063,20.303253,1.0,-20.075542,-0.0,-0.0,188.54929,1.8562659,-186.6767,2.910093,269.39145,71.1277,-318.2822,10.9924,291.02133,88.95261,-364.03806,12.689607,276.9374,94.32777,-369.46902,11.34877,272.96814,88.38314,-351.35913,10.44256,375.4102,-9.39032,380.46082,1.0,317.2983,120.439926,649.9888,21.138472,595.139,89.57602,927.66547,21.530546,621.57007,71.04781,965.45264,3.810206,729.66003,122.92534,1030.0605,61.34309
4495.jpg,19.446682,11.904175,24.72495,8.5616,24.742342,7.438647,24.779045,6.288379,24.967588,9.510633,25.14687,9.0799465,25.373245,8.593254,23.585335,-1.1284657,24.092747,2.0919785,14.321297,8.564212,14.874192,9.991876,1.0,-9.5571575,0.0,-0.0,-33.71346,2.1943028,29.096813,3.5155492,-47.12513,37.428753,53.73599,8.724085,-50.974052,46.750862,58.21946,11.896256,-48.39535,49.804626,60.385727,11.535973,-47.72382,47.182804,59.475224,11.2163925,-64.518265,-5.3174415,-64.88677,1.0,-54.818542,58.74385,-112.500046,10.913636,-105.63829,44.26339,-164.53712,11.443439,-110.60758,34.7768,-170.42441,1.7636981,-128.47873,61.21014,-182.07205,31.207527
4496.jpg,-356.63547,9.0561075,-454.6807,6.1865106,-453.71347,5.23004,-453.01978,4.1380405,-461.42902,7.201333,-464.29382,6.9761,-467.39053,6.710419,-424.72128,-1.6659856,-438.91418,1.362403,-261.1352,6.167434,-271.7015,7.619894,1.0,-7.1703486,-0.0,-0.0,625.22,2.1579714,-608.37286,2.3912773,866.63495,30.170517,-1033.468,5.966319,935.58136,37.56357,-1181.6906,6.914968,888.3687,39.599125,-1200.5481,6.2070613,876.41187,37.2968,-1142.8918,5.777631,1195.2083,-4.243238,1196.7618,1.0,1007.6896,47.716045,2085.848,9.438709,1933.6774,35.904083,3020.1096,10.438676,2028.8412,27.832666,3137.411,1.2515618,2358.219,48.761284,3340.0383,25.015175
4598.jpg,16.875105,-35.131424,21.173714,-23.281149,21.174513,-19.886263,21.212233,-16.251118,21.318666,-26.39228,21.448265,-25.16704,21.649069,-23.78152,20.179335,3.7679946,20.639357,-4.26272,13.0099,-25.034376,13.292447,-30.368702,1.0,27.848846,0.0,0.0,-27.394272,-5.9166045,29.848486,-6.2773643,-39.553665,-113.26117,48.503365,-13.345123,-42.847946,-141.18808,54.860477,-15.250062,-40.541553,-146.51706,54.98213,-11.999069,-39.78405,-137.04716,52.89338,-11.35443,-53.4536,14.55721,-54.72359,1.0,-44.72397,-172.56105,-95.20861,-25.481508,-86.40857,-125.438446,-137.2693,-18.870377,-90.489746,-99.108154,-143.26428,8.336125,-108.33148,-175.97754,-153.66304,-74.21128
4599.jpg,10.4429865,23.476768,13.262637,15.658317,13.275333,13.542328,13.304765,11.266824,13.395428,17.276993,13.484389,16.338377,13.5897455,15.3357725,12.849083,-1.6132193,12.998195,2.6987848,8.149201,17.0532,8.310033,20.314608,1.0,-18.57891,0.0,-0.0,-17.074076,4.41059,19.401539,3.0948248,-24.409988,74.836395,30.707813,4.4833827,-26.486624,91.81643,34.943962,4.507647,-25.114754,95.513435,35.14364,1.9613509,-24.649157,89.47102,33.450413,1.3815724,-33.71279,-8.198992,-34.349865,1.0,-28.02884,117.46325,-60.773743,16.646164,-54.1967,85.205025,-86.058846,10.930803,-56.608604,67.58722,-89.78486,-9.505787,-67.722046,117.97094,-96.73761,50.161583
4600.jpg,12.535629,7.8138623,15.984874,5.2780647,16.004246,4.543637,16.039455,3.7151873,16.153505,5.9210453,16.265951,5.656084,16.399248,5.3592877,15.322708,-1.2317884,15.589373,0.7701459,9.483759,5.3248205,9.748943,6.545353,1.0,-6.7736654,0.0,-0.0,-21.346449,1.292186,3.8118722,4.404197,-30.201595,27.151772,12.247329,15.046727,-32.59517,33.958508,15.199508,17.899055,-30.680681,35.49832,15.530778,18.59784,-30.194086,33.357906,14.179138,18.186007,-40.860737,-3.118003,-41.299137,1.0,-33.96167,42.041187,-73.45159,6.0480943,-65.43633,29.230494,-104.90559,4.013496,-68.4276,22.855062,-109.06177,-2.4459214,-81.28263,41.53366,-116.87803,16.67249
4601.jpg,8.610502,14.210238,10.7826185,9.524506,10.789357,8.2213745,10.811134,6.7551827,10.859061,10.649611,10.904158,10.132389,10.9674635,9.557889,10.235717,-2.4665108,10.354469,0.91803104,6.6405363,9.687221,6.7352467,11.841431,1.0,-13.353764,0.0,-0.0,-13.018845,-0.037981074,-12.784951,2.5480545,-18.595894,45.985912,-11.4956455,37.84393,-20.277641,58.031017,-11.912776,46.388424,-19.133736,61.397087,-11.398749,49.10977,-18.784328,57.225735,-11.455782,46.57373,-25.589993,-6.190038,-26.276474,1.0,-20.950907,75.25507,-46.32841,8.983681,-41.303688,52.94073,-65.73246,6.866415,-43.332924,41.73998,-68.54495,-5.659712,-51.641354,74.82216,-73.77949,30.217043
4602.jpg,22.366308,7.0797997,28.490211,4.892413,28.452005,4.269988,28.451752,3.5886672,28.84629,5.367814,29.015093,5.1041136,29.238775,4.806021,26.804325,-0.89432716,27.45813,0.7891868,16.743479,5.0408063,17.300821,6.0104456,1.0,-5.694112,0.0,-0.0,-37.75434,1.6495532,38.524693,0.5767256,-54.14973,23.467909,64.64351,-0.0036508841,-58.574993,29.358814,74.14468,0.6015085,-55.499462,30.86403,74.35245,-1.5603473,-54.59359,29.127008,71.68393,-1.6116118,-73.92922,-2.3801737,-73.996574,1.0,-61.440575,36.529415,-130.97926,4.983444,-116.74116,26.036737,-185.46088,4.05489,-122.28797,20.727465,-193.45264,-1.7103505,-145.59955,36.604576,-206.61899,15.517411
4603.jpg,11.557121,5.013982,14.768589,3.5335858,14.768205,3.109697,14.7889,2.6708393,14.923231,3.7976022,15.011403,3.5805554,15.12595,3.3419557,14.088124,-0.40693545,14.337593,0.54787934,8.778792,3.66766,9.027142,4.2514987,1.0,-3.7743945,0.0,-0.0,-18.81964,1.1160296,0.6531627,2.5813959,-27.123999,16.19183,6.8594003,9.505189,-29.241808,20.066357,8.964014,11.251464,-27.671555,21.001022,9.539656,11.845421,-27.244318,19.832876,8.519664,11.571208,-36.899426,-1.5372847,-36.191364,1.0,-31.257082,25.385988,-64.752914,3.5358813,-58.843502,17.765818,-92.9978,2.933227,-61.484352,14.1913,-97.457085,-0.953628,-73.86287,25.110703,-104.436424,10.458037
4604.jpg,17.725233,5.9397564,22.64451,4.191091,22.636057,3.676985,22.65641,3.1435668,22.899841,4.511519,23.043015,4.250476,23.220398,3.9615107,21.541552,-0.5537962,22.00486,0.6443016,13.364588,4.338394,13.80536,5.045227,1.0,-4.546386,0.0,-0.0,-29.597233,1.2945645,29.497074,0.3846353,-42.190475,19.08589,50.190994,0.7408201,-45.63613,23.709452,55.820087,0.6205705,-43.153534,24.91615,58.115208,-0.057635784,-42.4643,23.52489,55.340538,-0.050753437,-57.467934,-2.0525024,-56.601387,1.0,-48.868927,30.216955,-100.62746,4.349023,-91.866844,21.1641,-144.65585,3.2882926,-96.093056,16.854963,-151.22675,-1.1360428,-114.72689,29.868895,-162.78372,12.378974
4605.jpg,13.230589,8.444283,16.770096,5.6689687,16.803997,4.925479,16.864502,4.1405063,16.938126,6.2138124,17.066668,5.8417597,17.227219,5.446097,16.095722,-1.0509267,16.362087,0.51715755,10.191118,6.0059834,10.4237795,7.137799,1.0,-7.0468817,0.0,-0.0,-20.914173,0.7383065,-2.3202724,3.7195878,-30.086746,27.138138,3.524097,14.829224,-32.56263,34.077396,5.6922536,17.608675,-30.684341,35.8032,6.402296,18.914589,-30.199589,33.464706,5.3737655,18.552458,-41.063038,-3.1321235,-41.865456,1.0,-33.90372,43.609398,-74.04605,5.6248097,-66.05803,30.629824,-105.3246,4.2277937,-69.413216,23.957087,-109.75339,-3.0722756,-83.01696,43.520573,-117.89203,18.213888
4729.jpg,88.88758,12.089388,112.06551,8.17309,111.97351,7.0786257,112.031784,5.9501753,113.30973,8.948847,114.07973,8.437115,115.13516,7.871637,105.600464,-1.5321018,108.460396,1.3523452,65.608345,8.950959,67.89404,10.405111,1.0,-8.139299,0.0,-0.0,-154.57036,1.2033507,155.99794,0.08908302,-221.97816,37.666958,264.26877,4.9742923,-237.71507,46.344566,297.007,5.7590466,-226.58392,48.73168,300.43146,4.5937996,-223.82336,45.784927,288.19757,4.155835,-302.02844,-3.629093,-305.83105,1.0,-258.25467,62.672775,-533.0445,10.997712,-481.94962,44.08405,-761.34973,6.5295963,-502.30618,33.670094,-791.56213,-3.8013768,-599.22626,63.45574,-849.6572,23.96756
4730.jpg,13.528283,6.7865744,16.883257,4.67225,16.901287,4.1018147,16.946722,3.5142803,17.02578,4.9978685,17.141954,4.6989937,17.305363,4.366468,16.112131,-0.45608723,16.361494,0.8931766,10.27259,5.1921444,10.560678,5.834238,1.0,-4.547652,0.0,-0.0,-21.779705,0.75712854,23.35006,0.4947002,-31.651888,20.048758,38.77774,2.7763128,-33.94128,24.16836,43.763264,2.9916484,-32.377617,25.491999,44.25337,2.4056516,-31.954414,24.094593,42.407703,2.2331338,-43.402943,-1.7209849,-44.36719,1.0,-37.023758,33.635246,-77.64503,6.307704,-69.84487,23.830755,-110.329315,3.5436683,-72.85259,18.148104,-114.30939,-2.272632,-87.196594,34.27587,-123.66803,12.788089
4731.jpg,24.1346,13.7574835,29.609299,10.048427,29.608768,8.873686,29.653137,7.729798,30.013994,10.884382,30.262302,10.361146,30.501724,9.769978,27.684208,0.10579775,28.233917,2.912809,18.173996,11.00809,18.491776,12.140675,1.0,-7.217663,0.0,-0.0,-39.14949,3.7080898,39.27056,1.2854158,-57.14889,44.108585,65.5895,5.340382,-61.436165,53.99991,74.692,5.55191,-58.140335,55.56355,74.66693,3.0189214,-57.243465,52.549774,71.67681,2.8333933,-76.7815,-3.8013258,-77.107605,1.0,-64.57289,65.55519,-136.35103,12.420068,-123.785484,47.086292,-195.87067,7.7894607,-128.70912,36.90782,-203.2749,-3.2328763,-153.74849,66.89054,-217.91862,24.417866
4732.jpg,56.42741,10.769207,70.0557,7.7287292,70.11342,6.801147,70.29528,5.8834963,70.89843,8.386399,71.494316,7.9723477,72.23007,7.510155,65.98226,-0.13731444,67.32495,2.1844733,42.25667,8.492757,42.99855,9.444865,1.0,-6.022222,0.0,-0.0,-93.947845,2.050428,100.133575,0.613476,-137.76639,32.14187,165.48215,4.8003073,-148.44733,39.134296,186.9239,5.32645,-141.25652,40.91172,188.60612,4.4871116,-139.13228,38.476875,180.36711,4.10107,-189.1063,-3.0616994,-189.10524,1.0,-160.18678,52.037083,-331.05405,9.211893,-301.64102,36.982227,-474.62143,6.161001,-313.01834,28.698416,-493.26456,-2.2422073,-375.20612,53.052803,-527.2519,19.447294
4733.jpg,22.338156,8.549442,27.459167,5.9810405,27.466185,5.1846037,27.527758,4.381896,27.824987,6.5676737,28.067848,6.2253456,28.374939,5.8344154,25.964794,-0.85163665,26.496878,1.2779156,16.806225,6.6553245,17.159033,7.534613,1.0,-5.7180133,0.0,-0.0,-36.23396,0.69389755,38.604168,0.0966999,-52.711796,25.906332,63.14917,3.1131039,-56.570568,32.02563,71.65418,3.3083313,-53.8542,33.54561,72.15424,2.5514777,-53.067787,31.361496,69.012085,2.3936346,-71.86159,-2.943894,-72.56624,1.0,-61.45719,43.038692,-127.467995,7.8042526,-115.40815,30.074293,-181.054,4.4879127,-120.055824,22.674938,-187.97641,-3.2342758,-143.1484,43.410053,-202.447,15.483663
4734.jpg,11.653914,7.9899597,14.184552,5.5461164,14.176864,4.8066273,14.193203,4.0704384,14.3800535,6.1660695,14.491217,5.872888,14.607117,5.5451818,13.300653,-0.8323869,13.532361,1.2002691,8.827113,6.174368,8.982402,7.034695,1.0,-5.8293986,0.0,-0.0,-17.50355,0.995171,18.794186,0.456716,-26.139153,24.442923,31.331081,3.046803,-28.274405,30.171139,35.55069,3.2522128,-26.939566,31.67674,35.793655,2.5144799,-26.460634,29.68225,34.17222,2.3122,-35.830086,-3.0746868,-36.003387,1.0,-30.382181,40.65986,-64.27687,6.395426,-57.867348,28.81242,-91.0859,3.988317,-60.206406,21.712696,-94.663345,-3.1071444,-71.56326,41.46166,-101.17279,14.925242
4735.jpg,12.976328,9.369076,15.960219,6.560752,15.990422,5.7917013,16.045961,5.007765,16.074677,7.035609,16.18036,6.634943,16.328787,6.19928,15.150421,-0.48082116,15.294994,1.2487621,10.049061,7.2587614,10.194211,8.104366,1.0,-6.379429,0.0,-0.0,-19.624762,1.6633013,0.83247244,4.3941226,-29.072296,29.432447,8.637123,16.237606,-31.246284,35.76709,11.466882,19.002846,-29.72192,37.21087,12.083676,20.371199,-29.297462,35.128914,10.85674,20.106504,-40.207973,-3.2568645,-40.585007,1.0,-33.67018,46.72,-71.34402,8.188477,-65.05805,32.768326,-101.84037,4.8536105,-67.6329,24.881454,-106.00888,-3.3189023,-80.65017,47.153816,-113.71359,17.688911
4736.jpg,38.992195,6.462942,48.030125,4.5498734,48.13174,4.0562315,48.30916,3.5498185,48.47157,4.8971815,48.875954,4.6516275,49.382233,4.3847227,45.366676,-0.1966294,46.044476,0.9744023,29.72768,5.027441,30.204649,5.616473,1.0,-4.041869,0.0,-0.0,-64.492905,1.9632108,66.793495,0.40367123,-93.43577,21.33886,108.981995,2.2659616,-99.842285,25.688625,123.357506,2.7144096,-94.76561,26.464819,124.4636,2.0542676,-93.60085,25.08397,119.77903,1.7680517,-128.04285,-1.8978066,-127.40234,1.0,-108.60331,32.100765,-223.36687,5.3321447,-204.19147,22.370152,-319.33258,3.2361944,-211.74364,17.104706,-332.5699,-2.1655457,-254.18233,32.386345,-355.9902,12.35964
4737.jpg,15.164704,9.687459,18.417795,6.790165,18.421001,5.951894,18.461987,5.0882215,18.664549,7.6056,18.814352,7.3191833,18.966309,6.9915657,17.315506,-0.5733263,17.613844,1.8732902,11.426613,7.283638,11.58946,8.426904,1.0,-5.7106404,0.0,-0.0,-22.247849,2.060157,6.0109506,5.395765,-32.958683,30.643972,17.573015,15.119048,-35.507294,37.34585,21.41357,17.635933,-33.800724,38.68384,21.849276,18.067934,-33.26885,36.47856,20.231384,17.76442,-45.001495,-3.0813165,-44.872604,1.0,-38.17018,48.27555,-79.31985,7.8137083,-72.08839,33.777817,-113.93407,4.469716,-75.03955,26.21738,-119.08779,-3.964948,-89.97749,48.32438,-127.00746,18.141096
4738.jpg,17.185526,6.6004558,20.840267,4.7380605,20.832237,4.213852,20.866856,3.6805758,21.124388,5.178771,21.290993,4.9518023,21.474024,4.7022314,19.53555,-0.057793036,19.943285,1.335358,12.940063,5.026509,13.15084,5.706303,1.0,-3.670793,0.0,-0.0,-26.043308,1.6953541,25.72804,0.8589286,-38.555035,20.262413,44.32929,2.3570359,-41.520847,24.612043,50.718987,2.7162728,-39.560253,25.585445,51.03868,2.1196024,-38.954403,24.114683,48.68389,1.933921,-52.531796,-1.7767287,-52.259674,1.0,-44.914406,32.305183,-92.26511,5.3313417,-84.22676,22.720663,-131.77534,3.2906158,-87.40684,17.49911,-137.34824,-2.1311898,-104.95901,32.584686,-147.02597,12.110425
4739.jpg,57.790215,9.736007,70.33644,6.9833055,70.43357,6.199063,70.70942,5.405599,71.131325,7.693875,71.75618,7.386331,72.59757,7.0376616,66.62437,-0.30986986,67.915504,1.8742803,43.461094,7.2817926,44.161503,8.379089,1.0,-5.5690956,0.0,-0.0,-94.38545,2.8893087,99.1203,0.47148582,-137.59508,30.089344,162.69003,3.5674458,-148.03822,36.65958,183.94553,4.3229184,-140.90424,37.787247,184.5752,3.3933585,-138.76543,35.52845,178.5163,3.0202906,-187.71461,-2.3558621,-187.8696,1.0,-160.20769,48.116035,-328.52505,7.726802,-300.98822,34.04464,-470.16437,4.7015624,-312.3456,26.437025,-489.2839,-3.3688118,-374.4727,48.803146,-523.5377,18.22064
4740.jpg,11.846973,4.487061,14.498673,3.151773,14.517689,2.753398,14.554845,2.350091,14.653724,3.4986565,14.764457,3.3422544,14.870007,3.1620715,13.677355,-0.31048945,13.8276825,0.74640024,8.999816,3.3966744,9.090353,3.8847218,1.0,-2.8292067,0.0,-0.0,-17.062044,0.7740102,1.8441981,2.020488,-25.803085,13.578869,8.032187,7.3773127,-27.917652,16.16451,10.092898,8.937666,-26.54224,16.899712,10.294704,9.240413,-26.072733,15.943227,9.286347,8.94739,-35.536236,-1.3890244,-34.756374,1.0,-30.22691,21.5893,-62.127556,3.428385,-56.605045,15.782724,-88.86223,1.832057,-58.912277,12.278328,-92.65411,-2.1562543,-70.56375,22.475893,-99.23567,8.146414
4741.jpg,11.339632,5.939622,13.810242,4.17453,13.825159,3.6454592,13.847091,3.115941,13.945557,4.6016474,14.042447,4.377159,14.128428,4.1239486,12.941562,-0.44823784,13.10087,0.9370431,8.666538,4.5003586,8.772176,5.140473,1.0,-4.0785246,0.0,-0.0,-15.499628,1.0887158,-15.578179,0.8119612,-24.077005,19.199749,-13.555919,14.79266,-25.96285,23.203638,-14.091823,18.202223,-24.642044,23.94579,-13.566269,19.203337,-24.23481,22.706804,-13.641471,18.164349,-32.803513,-2.4186,-32.31871,1.0,-28.067772,29.696447,-57.461647,5.04063,-52.593597,21.18467,-82.98148,2.3132975,-54.70748,16.68636,-86.728455,-3.0235023,-65.69721,30.424381,-92.47637,10.870342
4742.jpg,18.482983,6.126722,22.667461,4.3674517,22.682425,3.8659754,22.74035,3.3532453,22.927645,4.7915916,23.10885,4.5858316,23.32734,4.359056,21.371317,-0.27824187,21.700787,1.1305467,14.050444,4.6375813,14.225108,5.290168,1.0,-3.6609821,0.0,-0.0,-29.429672,1.6320965,1.5527264,3.5053327,-43.15024,19.74934,12.050165,10.927256,-46.38268,23.966492,15.735709,12.956782,-44.04664,24.768244,16.202358,13.567558,-43.39016,23.366726,14.488688,13.252005,-58.51579,-1.9257112,-58.05242,1.0,-50.323788,30.835566,-103.2165,5.664723,-94.35937,21.716356,-147.62834,3.099339,-98.17814,16.94245,-153.74928,-2.2581198,-117.58234,31.087349,-165.38373,11.111749
4743.jpg,18.453646,6.833111,22.714357,4.9363484,22.747438,4.3357205,22.80825,3.725704,22.952435,5.385209,23.152283,5.1333103,23.388292,4.840443,21.494751,-0.25208154,21.855413,1.2386614,14.059122,5.2529154,14.316806,5.911473,1.0,-4.2705956,0.0,-0.0,-29.24436,1.1498373,30.568634,0.34512022,-42.786022,21.302473,50.51322,2.7829137,-46.075497,26.075108,57.935833,4.091497,-43.64234,26.957855,58.64605,3.7238307,-42.998966,25.45729,56.295914,3.6149848,-58.393238,-2.318691,-57.599457,1.0,-49.80358,32.94407,-102.86105,6.099069,-93.89767,23.182354,-146.43893,3.0479128,-97.78536,18.167791,-152.6894,-3.1318944,-116.87897,33.35725,-164.71696,11.933436
4744.jpg,15.657116,9.152558,18.979574,6.0294094,18.965298,5.2883625,18.973953,4.4960423,19.137505,6.5309973,19.241833,6.1719017,19.38946,5.7770944,17.791138,-1.3309973,18.12274,0.6915217,11.782014,6.7393665,12.098566,7.7525587,1.0,-7.324981,0.0,-0.0,-23.36893,0.7190152,22.232487,1.023393,-34.093372,29.006521,23.391006,17.262548,-36.455624,35.467808,28.122719,20.269356,-34.793724,37.13639,28.711287,20.700396,-34.363678,34.935318,26.810606,20.14935,-47.008545,-4.0575414,-46.784283,1.0,-40.380173,48.090965,-83.3184,9.973498,-75.64623,33.343517,-118.28445,3.4690194,-78.738976,26.12031,-122.933716,-5.652298,-94.10024,48.493774,-132.5832,15.993698
4846.jpg,16.040815,40.98754,20.108742,29.069124,20.083496,25.977112,20.095407,22.734589,20.34268,30.899265,20.471165,29.142904,20.619604,27.324896,19.20536,2.2009444,19.507647,7.7751837,12.356946,31.935467,12.603543,35.514164,1.0,-23.356047,0.0,-0.0,-26.167389,2.8501444,27.931446,9.74154,-39.080956,106.13746,47.012146,30.238655,-42.37343,132.35796,51.94534,34.676876,-40.31387,140.08775,53.040585,33.411465,-39.666782,130.55771,50.847202,31.741999,-54.19132,-12.27866,-54.632915,1.0,-45.923683,183.65825,-94.389755,37.724228,-86.82946,128.91972,-135.47093,30.07214,-90.92176,102.35257,-141.48819,2.3895593,-107.28578,182.29846,-151.10756,86.81637
4847.jpg,32.633125,7.2303476,41.483322,5.0352345,41.440643,4.3548255,41.442528,3.5977497,42.019596,5.7570887,42.310722,5.5725455,42.646786,5.3501706,38.90324,-0.77208257,40.07749,1.1152446,24.115273,5.041291,24.778358,6.1557384,1.0,-4.854755,0.0,-0.0,-54.75146,1.402919,56.184425,1.6527487,-79.55191,21.873272,95.4146,5.82649,-85.703316,26.999756,108.17788,6.33092,-81.81972,28.506964,108.60726,5.964226,-80.64387,26.603601,103.72998,5.7074647,-109.54417,-2.4965086,-109.24367,1.0,-94.68518,36.061802,-192.22772,6.7072463,-175.90913,25.76784,-277.72012,6.7360125,-183.18527,20.028227,-287.22467,0.15860605,-217.60582,36.57153,-307.1612,17.257172
4848.jpg,103.35706,422.89978,131.25978,291.16223,131.2249,256.46936,131.47572,219.58832,132.66415,318.35687,133.61623,302.55948,134.92928,285.3778,124.84111,-7.2379236,127.54235,70.98341,78.127144,310.36697,79.91341,363.3331,1.0,-276.07788,0.0,-0.0,-192.38174,70.40736,182.78941,47.349674,-270.4468,1266.93,315.18356,187.25739,-291.94186,1559.39,356.9274,227.65898,-275.84238,1632.61,358.9604,197.10022,-271.94107,1536.3295,345.8768,185.47008,-371.5294,-105.10887,-374.2633,1.0,-312.88275,2102.4485,-648.8235,362.09662,-589.6252,1464.6423,-924.81116,338.11536,-614.7534,1159.1882,-963.6794,0.2934391,-735.2441,2043.3547,-1031.7269,955.434
4849.jpg,38.62611,-31.439022,49.114002,-20.805958,49.117336,-17.89734,49.161793,-14.727925,49.677937,-22.890217,50.019184,-21.53579,50.40565,-20.051105,46.67548,2.8421967,47.428463,-3.0932345,29.53334,-23.279648,30.182148,-27.340738,1.0,22.816671,0.0,0.0,-69.305565,-2.7084596,71.288895,-2.4311118,-100.698524,-98.52777,119.56347,-12.988556,-108.43917,-122.00022,134.86429,-15.983114,-102.77463,-126.68215,136.16309,-13.882138,-101.287964,-118.76091,130.21548,-12.835353,-135.18332,8.812521,-138.20262,1.0,-115.01726,-161.35953,-240.44522,-24.060137,-219.31764,-109.8399,-342.8205,-22.249355,-228.7121,-84.89846,-358.9563,5.1934814,-273.2227,-159.29979,-383.5574,-74.88489
4850.jpg,90.84481,107.3382,116.94074,70.19092,116.92339,60.428257,117.08719,49.74965,118.60581,77.728035,119.629654,73.48429,120.88911,68.78727,111.569695,-14.04923,114.082954,8.897538,68.53118,77.90755,70.36922,93.444466,1.0,-91.8439,0.0,-0.0,-168.32294,-0.23434061,176.5508,1.1981189,-243.38277,329.6972,289.82632,25.463678,-263.2407,409.57974,336.66873,43.94457,-249.69498,429.79688,336.8225,18.904142,-245.29797,401.76126,321.6144,12.081849,-328.95816,-44.388233,-331.21368,1.0,-283.72998,567.8925,-577.9819,86.13268,-531.18207,387.18692,-827.204,65.58555,-554.4225,296.91656,-864.99774,-30.464079,-657.8235,566.2141,-928.73145,250.69342
4851.jpg,12.554536,-34.268963,15.835987,-23.145897,15.829813,-20.312439,15.843323,-17.295416,15.999595,-25.145782,16.09512,-23.867157,16.206072,-22.467134,15.050113,0.42061073,15.2104025,-5.3225026,9.643149,-25.959227,9.856795,-30.075163,1.0,20.074587,0.0,0.0,-21.365568,-8.803324,22.558739,-2.7971706,-30.905525,-98.917076,37.133694,-4.804704,-33.101902,-121.30686,42.16831,-6.635344,-31.442184,-126.44476,42.563015,-2.8580136,-31.025452,-118.290474,40.433853,-0.96411526,-42.681797,7.290241,-43.115818,1.0,-36.10019,-165.60774,-75.17796,-25.050722,-68.18112,-114.44896,-107.528275,-21.215193,-71.001724,-88.33924,-112.19411,7.3390074,-85.67609,-164.44638,-120.12471,-75.98867
4852.jpg,12.028721,7.533545,15.126542,5.265035,15.125901,4.6975603,15.160044,4.099159,15.286828,5.6341186,15.3859825,5.3378468,15.519973,5.0181317,14.38865,0.3183127,14.577883,1.4480876,9.239693,5.8146763,9.433863,6.5787063,1.0,-3.490742,0.0,-0.0,-20.76015,2.4798331,21.795488,0.8223585,-29.604715,23.363909,35.646652,1.1095212,-31.835089,28.46349,40.8873,2.4133387,-30.127771,29.102186,40.8974,0.9110427,-29.692957,27.468739,39.337845,0.6726526,-40.09336,-1.23288,-40.171337,1.0,-34.68823,35.894638,-71.02879,5.672082,-64.438194,24.443335,-100.53207,5.0268807,-66.97217,18.753431,-105.01625,-0.82819134,-81.34585,35.690807,-112.34724,15.84538
4853.jpg,23.081438,12.103251,29.265032,8.589298,29.282495,7.7188745,29.379576,6.8018694,29.62823,9.082664,29.873766,8.569471,30.196718,8.021836,28.064219,0.7831941,28.593302,2.452326,17.67845,9.509152,18.085812,10.553255,1.0,-5.7275777,0.0,-0.0,-42.059776,3.1121888,42.041718,1.0876786,-60.124622,35.141655,70.54479,2.0571384,-64.649994,43.141266,80.22527,2.6190188,-61.31581,44.39191,80.236015,1.601007,-60.45251,41.603817,76.66494,1.0853564,-81.82339,-1.3767661,-81.753746,1.0,-70.66284,56.395187,-143.6912,8.883772,-130.95355,39.13709,-205.15697,7.4271135,-136.03557,30.494438,-213.51514,-1.405745,-164.80022,56.70098,-229.09831,24.505152
4854.jpg,10.465111,20.22949,13.156956,13.896477,13.150653,12.416937,13.183426,10.815264,13.295268,14.730383,13.3780365,13.904344,13.500015,12.99134,12.46551,0.6114894,12.670701,3.2727904,8.020211,15.743307,8.174726,17.664244,1.0,-9.40583,0.0,-0.0,-17.158554,4.072552,18.307194,1.7383486,-24.81514,58.121933,30.193975,3.4463212,-26.736616,71.70579,34.408783,3.9895883,-25.384058,74.06577,34.575756,2.1912143,-25.021868,69.335556,33.024208,1.4516758,-34.27814,-3.6678786,-34.101055,1.0,-29.557482,96.15168,-60.61412,13.668441,-55.152466,65.2481,-86.00899,11.946056,-57.388344,50.367027,-90.050644,-3.8402195,-69.03317,94.04796,-96.10193,41.674755
4855.jpg,11.032239,17.114914,13.7111435,11.323879,13.6670885,9.836625,13.649812,8.267653,13.859382,12.528948,13.91516,11.99121,13.989403,11.37864,12.824042,-0.6314972,13.018819,2.9891884,8.42221,12.771433,8.60807,15.12341,1.0,-11.001172,0.0,-0.0,-17.905458,3.0517433,18.91846,2.250923,-26.045752,52.779694,31.341858,1.816818,-27.85642,64.64034,35.418045,2.7366247,-26.4188,66.79308,35.541077,1.058951,-26.065218,62.733402,34.052986,0.29364195,-35.291157,-3.8976266,-35.488808,1.0,-30.71722,84.06967,-62.60314,12.757076,-56.869423,57.57228,-90.083466,11.1832695,-59.109844,44.315296,-94.011375,-1.8483152,-72.057304,84.14169,-100.47568,36.72517
4856.jpg,9.6321945,21.045752,12.069188,14.356468,12.049811,12.600643,12.050114,10.733268,12.202778,15.707492,12.266355,14.986105,12.3437805,14.192696,11.416737,-0.20054449,11.569676,3.7903335,7.412941,15.794329,7.5794816,18.41311,1.0,-13.673726,0.0,-0.0,-15.611319,2.1648693,17.142447,3.4424212,-22.929203,62.32341,27.975645,4.387795,-24.622925,76.33324,31.664663,5.077962,-23.315657,79.12382,31.898067,2.8192554,-22.998075,74.17109,30.362524,1.9891101,-31.355772,-4.2967153,-31.569931,1.0,-27.049494,101.745995,-55.650066,14.217692,-50.63856,70.73249,-80.15275,12.792243,-52.752327,54.90206,-83.74441,-2.2782943,-64.11724,101.706856,-89.33609,45.372837
4857.jpg,9.572454,-2101.2822,11.967459,-1422.7839,11.945591,-1250.7875,11.939064,-1068.1394,12.0940485,-1557.4808,12.155251,-1483.8676,12.232004,-1403.7142,11.226182,16.930313,11.411182,-356.56445,7.4532413,-1627.0662,7.5887647,-1884.432,1.0,1214.1917,0.0,0.0,-15.39846,-481.59583,17.143831,-271.77005,-22.220678,-6394.021,27.237747,-402.78745,-23.889349,-7824.3345,30.863346,-437.8223,-22.585375,-8113.1187,31.115437,-195.5331,-22.273958,-7644.401,29.4802,-112.16028,-30.013712,438.63068,-30.4011,1.0,-25.737967,-10174.707,-53.484608,-1418.8153,-48.829742,-6955.979,-76.91525,-1204.345,-50.773685,-5304.6235,-80.21278,263.59583,-61.543274,-10066.52,-86.18742,-4282.4565
4858.jpg,12.735787,12.021307,16.03771,8.394428,16.022997,7.433963,16.030474,6.4134355,16.19737,9.096965,16.280615,8.653937,16.38493,8.1791525,15.08523,0.2994717,15.286402,2.3392792,9.843758,9.230345,10.061829,10.594693,1.0,-6.5684934,0.0,-0.0,-21.054243,2.50886,22.953857,1.56284,-30.99405,34.66536,37.04829,2.786011,-33.24081,42.233932,41.68926,3.2531922,-31.471262,43.716866,42.204865,2.1410804,-31.036186,41.092365,40.038628,1.6514026,-42.43751,-2.3901203,-42.12575,1.0,-36.383003,56.360897,-74.960655,8.040158,-67.773056,38.522682,-105.753914,7.9196835,-70.50441,29.876406,-110.794174,-1.5587071,-85.31585,55.549137,-118.90546,24.80989
4859.jpg,9.427137,40.40534,11.907972,27.778788,11.910187,24.660728,11.936405,21.376015,12.0340395,29.848042,12.112764,28.294073,12.212752,26.621351,11.356996,0.5551473,11.505503,6.9505024,7.308324,30.65643,7.459364,34.89622,1.0,-23.537123,0.0,-0.0,-16.057573,6.7351127,17.11977,4.736291,-23.486454,116.78392,27.890987,10.932409,-25.194105,143.27591,31.738867,11.824056,-23.921635,149.15466,31.77785,8.078267,-23.57865,139.4764,30.204584,6.939688,-31.775087,-9.540312,-31.642395,1.0,-27.560541,199.74434,-56.13937,29.618788,-51.441574,138.55722,-80.57082,25.079445,-53.41928,106.53816,-84.27109,-7.5805893,-64.616066,196.85567,-90.28686,88.99196
4860.jpg,10.525521,50.68378,13.13047,35.394966,13.109273,31.641468,13.110481,27.579945,13.282802,37.79722,13.357178,35.973835,13.452294,33.923492,12.360139,2.5191686,12.527407,9.914134,8.066082,38.473545,8.227988,43.843834,1.0,-25.926804,0.0,-0.0,-16.716492,8.236152,18.012697,8.337997,-24.422626,135.1536,29.529705,14.979217,-26.381159,165.47562,33.642925,17.01449,-25.073507,172.53531,33.948944,13.740002,-24.657038,161.5513,32.248966,12.18026,-33.65647,-9.141094,-33.923958,1.0,-29.043766,234.60371,-60.153835,36.086777,-54.910236,164.51305,-85.36889,29.899065,-57.38382,127.33518,-89.34307,-11.650576,-68.30425,237.50742,-95.46943,107.084045
4861.jpg,7.638664,18.586391,9.523367,12.764704,9.503495,11.229005,9.497603,9.601539,9.638412,13.952453,9.694533,13.341844,9.760972,12.65721,9.002083,0.023208942,9.117128,3.173487,5.915908,13.993618,6.0222263,16.39501,1.0,-10.468515,0.0,-0.0,-11.706526,2.7356012,13.380361,3.063336,-17.24494,50.612167,21.432556,4.891132,-18.574183,61.857327,24.228458,5.737861,-17.68701,65.10802,24.50429,3.9280827,-17.42698,61.007633,23.233137,3.242686,-23.69287,-3.350974,-23.836666,1.0,-20.375578,87.41679,-42.40966,13.370976,-38.653675,59.841812,-60.554802,11.00226,-40.39849,46.096622,-63.535637,-4.2559395,-48.500904,86.22754,-67.646545,39.79109
4862.jpg,9.867372,30.703884,12.328954,21.05953,12.303106,18.438768,12.296124,15.71217,12.458566,22.913147,12.521835,21.821026,12.59835,20.538792,11.652848,-0.9381104,11.800257,4.3080215,7.6766267,22.875671,7.823727,26.709755,1.0,-18.441566,0.0,-0.0,-16.018358,11.090256,16.904795,5.3422036,-22.53026,104.22791,27.217527,8.074728,-24.030252,125.83754,30.64568,10.760178,-22.74656,129.23703,30.787199,7.3186655,-22.469847,122.157684,29.38842,5.608526,-30.67943,-6.939317,-30.903112,1.0,-25.939306,157.62444,-54.129086,23.730549,-49.074486,108.210526,-77.441246,19.482332,-51.2007,82.173325,-80.94666,-8.450839,-61.644222,157.20772,-86.67433,71.54571
4863.jpg,45.700047,43.762817,58.358543,31.370293,58.213593,27.819452,58.17713,23.960024,59.30287,33.945248,59.796524,32.436558,60.37348,30.685328,55.58877,1.2552868,56.759453,9.006591,34.33865,32.568584,35.26465,38.133038,1.0,-19.487326,0.0,-0.0,-83.59855,15.614427,84.01711,7.976246,-117.48388,133.43019,141.3305,18.249638,-125.92545,162.31424,162.97142,26.323652,-119.271576,167.86002,162.89708,17.289108,-117.657616,158.39412,156.19981,15.783821,-156.92993,-7.5249133,-157.02051,1.0,-135.77487,208.11319,-277.02115,35.094364,-254.13046,144.04468,-394.96536,26.496523,-265.4587,111.48269,-412.81546,-7.588427,-316.61282,208.02614,-443.1092,93.44438
5086.jpg,8.193291,42.8548,10.1935215,28.829634,10.19317,25.234842,10.21437,21.37257,10.257604,31.967001,10.301958,30.61082,10.3711815,29.118872,9.657443,-1.4804903,9.790771,7.8375397,6.431123,32.01813,6.5208316,37.950317,1.0,-26.068394,0.0,-0.0,-12.470084,8.687482,14.229539,6.2811866,-18.176605,123.90303,22.528477,11.055265,-19.714506,152.95627,25.688034,12.908181,-18.73028,160.39789,25.66913,8.009646,-18.444479,150.0391,24.450104,6.33783,-24.796894,-8.375326,-25.593805,1.0,-21.332132,205.769,-43.991756,44.248333,-40.473347,139.52966,-62.974632,37.88519,-42.085567,104.45032,-65.774765,2.7516682,-50.728733,198.46149,-70.499016,99.93618
5087.jpg,10.228538,14.253201,12.819679,9.76662,12.81266,8.61451,12.836096,7.367141,12.966336,10.614035,13.054707,10.084329,13.184202,9.511617,12.171182,-0.32147938,12.424014,2.2707682,7.9156556,10.713205,8.067598,12.492295,1.0,-10.323589,0.0,-0.0,-16.256773,1.4663111,18.417883,2.0953534,-24.055237,39.618565,29.563236,3.3495734,-26.176882,49.057114,34.29952,5.2131104,-24.849016,51.54066,34.156757,2.1883595,-24.372272,47.993645,32.707386,1.6461118,-32.62803,-4.701067,-33.012383,1.0,-28.192926,67.16005,-57.42627,12.428924,-53.358047,45.393906,-82.39322,12.310218,-55.742184,35.211807,-86.09852,1.6034377,-66.55408,64.23286,-91.72419,32.323994
5088.jpg,14.817393,11.821954,18.49549,8.285081,18.506733,7.4159393,18.55578,6.4884677,18.702944,8.77323,18.81993,8.244484,18.965519,7.69507,17.55464,-0.25442818,17.873066,1.5257504,11.36362,8.988438,11.624093,10.120095,1.0,-7.7269807,0.0,-0.0,-23.287464,1.8774487,24.76868,1.2308046,-32.918713,33.092598,40.60992,4.0597878,-35.861862,40.898754,46.62765,4.3255987,-33.935364,43.16351,47.176514,3.6095612,-33.347225,40.23957,44.94185,3.4709747,-45.362106,-3.702558,-45.187336,1.0,-38.65757,56.277573,-78.78486,10.208838,-72.8646,38.198055,-112.43986,10.694251,-75.8874,30.041636,-117.602745,2.1943407,-91.21754,54.223515,-125.57181,27.729876
5089.jpg,10.770822,15.01081,13.415018,10.544381,13.411213,9.404061,13.429487,8.147351,13.53618,11.359169,13.5904455,10.80668,13.664952,10.202451,12.7201805,-0.7238475,12.937579,2.1271744,8.258395,11.089576,8.405498,12.799701,1.0,-10.507544,0.0,-0.0,-15.769609,0.99031824,16.640112,1.6191851,-23.301914,43.46832,28.368057,5.843964,-25.240705,53.79372,31.709879,9.350641,-24.077684,56.895756,32.279068,4.9916563,-23.688454,53.161915,31.469604,5.052974,-31.714485,-5.2309184,-31.755148,1.0,-27.500008,74.77065,-55.845146,14.077191,-51.662052,50.706005,-79.84496,14.657886,-54.01992,39.520557,-83.52263,3.097893,-64.51109,71.63445,-88.826416,37.621468
5090.jpg,9.109259,8.233469,11.379513,5.8241043,11.386335,5.1484528,11.409323,4.39356,11.482178,6.418331,11.536566,6.1474323,11.604998,5.844895,10.857665,-0.6128337,11.043166,1.391721,6.9912486,5.9152994,7.134488,7.0525446,1.0,-5.792494,0.0,-0.0,-13.800649,1.0364809,12.425813,1.1129918,-20.0605,24.056942,11.824504,14.803169,-21.702093,29.80462,14.191058,17.327194,-20.667053,31.405586,14.503695,17.674517,-20.336563,29.272234,13.492533,17.16496,-27.366138,-2.603049,-27.33971,1.0,-24.04871,40.492916,-48.415207,7.3686028,-44.6126,27.985315,-69.03557,8.09256,-46.451393,22.149832,-72.19083,2.3060288,-55.608784,39.04746,-76.65241,21.039225
5091.jpg,9.615168,8.454692,12.02747,5.983565,12.028911,5.2544475,12.05059,4.4186206,12.156924,6.6061215,12.22043,6.3439627,12.302113,6.0466704,11.491983,-0.8001876,11.710285,1.4133208,7.337319,5.9779525,7.504706,7.1849403,1.0,-6.300701,0.0,-0.0,-14.847243,1.0925819,16.108982,1.1779733,-21.503044,24.516071,27.109085,3.000253,-23.323843,30.100338,30.33171,3.1655874,-22.225273,31.896685,31.282679,2.3705804,-21.850178,29.843746,29.68453,2.2450688,-29.490757,-2.636595,-29.63392,1.0,-25.851604,42.23286,-52.349403,7.9123607,-48.077515,29.242344,-74.794106,8.646078,-50.06618,22.93822,-78.05005,2.5837762,-59.78879,40.607803,-82.71361,22.037916
5092.jpg,10.917979,8.443027,13.630793,5.935397,13.641811,5.2902126,13.675538,4.591202,13.739312,6.412438,13.799638,6.1026993,13.881288,5.7654405,12.976922,-0.274226,13.154761,1.3332049,8.332501,6.189055,8.47864,7.2077537,1.0,-5.312865,0.0,-0.0,-16.544025,1.1430651,17.021282,0.70974463,-23.84826,24.296806,28.581928,2.7405615,-26.033384,29.72683,33.07053,2.8408484,-24.76051,31.495682,33.62314,2.1195135,-24.29447,29.467548,31.502687,2.1266503,-32.71104,-2.2082672,-32.395195,1.0,-28.326958,40.684036,-56.96429,7.5557175,-52.818306,27.88641,-81.15783,7.9379525,-54.901436,22.097118,-85.14728,1.7686379,-65.75093,38.992477,-90.54345,20.838936
5093.jpg,12.958101,11.167431,16.21571,7.8373456,16.214262,6.9461493,16.242264,5.9860783,16.386024,8.501325,16.468098,8.072124,16.576159,7.6081557,15.369267,-0.5740279,15.696052,1.6518747,9.826827,8.138871,10.030481,9.504766,1.0,-7.757024,0.0,-0.0,-20.089153,0.6978363,21.847113,0.77438754,-28.899757,31.65201,35.691418,3.8181643,-31.427578,39.45447,40.529404,3.7746196,-29.982107,41.850998,41.21285,2.8462014,-29.443697,38.991394,39.25983,2.8465302,-39.849712,-3.2750933,-39.64115,1.0,-34.07231,54.929115,-69.10186,9.850165,-63.684746,37.18876,-98.26548,10.391458,-66.37363,29.78247,-102.953575,1.8344451,-79.28353,52.725914,-109.147766,27.791983
5094.jpg,11.417552,12.546839,14.389097,8.861651,14.398426,7.8894534,14.43593,6.82913,14.541944,9.5624695,14.625317,9.085242,14.73629,8.575986,13.727862,-0.35527748,14.009532,2.024834,8.6688385,9.224381,8.844946,10.704277,1.0,-8.535158,0.0,-0.0,-17.910484,0.6351562,20.576057,1.2269864,-26.171333,35.675556,32.443672,5.028656,-28.428171,43.991375,37.158287,5.065128,-27.130379,46.511093,37.243557,2.3490636,-26.631847,43.450726,35.620403,2.2232497,-35.673676,-3.8140547,-35.663506,1.0,-30.781816,61.05112,-62.440853,11.185348,-57.66021,41.466698,-88.97694,12.523072,-60.350613,33.05255,-93.29518,2.4766073,-71.8587,58.670795,-98.57336,31.179583
5095.jpg,13.672702,12.991291,17.167622,8.983763,17.179884,8.012763,17.219324,6.9368296,17.333696,9.686658,17.436655,9.198499,17.56858,8.693994,16.199926,-0.23929644,16.50637,2.0162807,10.447036,9.793307,10.651885,11.290197,1.0,-7.702874,0.0,-0.0,-21.667429,2.4217074,23.94627,1.188224,-31.15029,37.53595,38.436287,2.6427927,-33.854282,45.678978,43.97192,2.2469969,-32.122078,47.599377,44.15173,0.6924067,-31.512344,44.720676,42.34762,0.48219648,-42.46279,-3.2013514,-41.916115,1.0,-37.02841,61.05309,-73.95177,11.356735,-68.63714,41.928055,-105.559586,13.499507,-71.57389,33.36967,-111.06327,4.1938653,-86.25076,59.442493,-117.03933,32.373016
5096.jpg,11.376761,12.776906,14.281897,8.958064,14.290979,8.013206,14.31764,6.9542465,14.403408,9.647597,14.469761,9.209657,14.55505,8.734316,13.537394,-0.2640383,13.759398,2.103257,8.597718,9.484495,8.744503,10.98979,1.0,-8.36776,0.0,-0.0,-18.073477,1.391153,19.877363,1.2676666,-26.23738,37.24058,31.964935,4.630089,-28.607294,45.2857,36.93724,4.7441673,-27.16256,47.07803,36.83559,1.5647808,-26.594032,44.26891,35.258472,1.2882335,-35.69064,-3.0150614,-35.50567,1.0,-30.926693,59.9715,-62.126648,11.051344,-57.622314,42.35527,-88.90706,13.381723,-60.042854,33.370586,-93.36343,4.616947,-71.90888,58.855736,-98.811714,32.56533
5097.jpg,17.925282,9.478648,22.541794,6.6577296,22.550371,6.001494,22.600756,5.27154,22.811552,7.0334015,22.977087,6.6624265,23.18411,6.265719,21.324772,0.2520135,21.766241,1.5898179,13.716004,7.263825,14.060652,8.196498,1.0,-4.9551105,0.0,-0.0,-29.657534,2.1710582,31.327738,1.4233488,-41.760605,28.583057,50.604576,2.7001247,-45.3221,34.53093,58.044353,2.6153502,-42.87284,35.584858,58.137207,1.5554923,-42.024334,33.58292,55.641754,1.4227328,-57.304543,-1.608867,-56.362854,1.0,-49.137867,44.179665,-98.28875,8.41705,-91.24528,30.733065,-140.49901,9.790028,-94.83046,24.427092,-147.48668,3.282135,-113.7534,42.554893,-155.76959,24.12178
5098.jpg,24.942263,20.923967,31.334639,13.7718315,31.32251,11.982003,31.391926,9.954388,31.642939,15.149733,31.839508,14.480855,32.13197,13.730082,29.394005,-1.8933659,30.205025,2.470509,18.946941,15.545521,19.303553,18.509308,1.0,-15.144959,0.0,-0.0,-40.85791,3.1964006,44.508335,2.7544172,-59.369747,63.569748,73.15921,5.944552,-64.25985,77.89297,83.9284,5.7011185,-60.947254,81.18492,84.568085,3.601552,-59.89406,76.42857,80.70109,3.1022623,-80.3647,-6.4681773,-79.61563,1.0,-69.12663,104.37568,-139.00438,17.895332,-129.29407,69.709206,-199.96767,21.688623,-134.38956,54.628292,-210.30304,5.528398,-161.1806,100.60771,-221.53864,55.36719
