1113.jpg,4.827146,3.7256536,5.6882353,2.189789,5.7195687,1.7438539,5.76071,1.2614747,5.684411,2.5419803,5.7062726,2.4235826,5.7445235,2.2713535,5.4777346,-1.7721493,5.4681964,-0.27631876,4.0036755,2.6430857,3.9895225,3.2645369,1.0,-4.835427,0.0,-0.0,-5.436671,1.6226016,-6.239642,3.3610837,-7.7989717,17.39854,-8.505525,16.067049,-8.779884,20.610785,-9.2249775,19.067472,-8.168085,21.692402,-8.711427,19.958694,-7.9376516,20.625448,-8.586202,18.179789,-12.507486,-3.067499,-12.438211,1.0,-9.058975,23.352797,-9.237511,24.79842,-19.496351,23.792538,-19.062836,24.505138,-20.566807,18.859423,-20.314419,19.82528,-23.481876,31.176796,-23.07689,31.177523
1114.jpg,4.962839,3.8230267,5.8568506,2.2616947,5.884036,1.7983235,5.921519,1.2707477,5.852069,2.6247485,5.873241,2.4988492,5.9100456,2.335786,5.6325016,-1.9648663,5.611618,-0.48367015,4.154504,2.6112642,4.1185074,3.2640054,1.0,-5.5447574,0.0,-0.0,-5.5395403,1.2988672,-6.3984876,3.4871228,-7.990974,17.388264,-8.680395,16.696068,-9.040732,20.735977,-9.40857,19.692244,-8.427442,21.78145,-8.946969,20.656847,-8.172363,20.685366,-8.809189,18.95934,-12.866204,-3.4410875,-12.743894,1.0,-9.412674,23.978342,-9.6530285,25.857607,-20.089579,24.399456,-19.57211,25.21256,-21.138706,19.496004,-20.811705,20.66444,-24.127745,32.660263,-23.657751,32.84211
1115.jpg,5.105687,3.3973887,6.106939,2.0862179,6.1304364,1.713626,6.1650863,1.2509081,6.106801,2.3730016,6.127645,2.2771707,6.159462,2.1545966,5.869408,-1.6199698,5.880183,-0.3823782,4.253254,2.3797936,4.2168427,2.9270356,1.0,-4.6226015,0.0,-0.0,-5.980875,1.3682581,-6.842125,3.1662662,-8.520523,15.052966,-9.337756,14.615368,-9.684903,17.788166,-10.14096,16.970114,-9.053841,18.699907,-9.655625,17.773746,-8.763607,17.756767,-9.448109,16.494354,-13.650603,-2.746145,-13.595106,1.0,-10.146219,21.18349,-10.397083,22.893343,-21.223093,21.810774,-20.942293,22.290558,-22.373173,17.226727,-22.194092,17.984612,-25.571768,28.63223,-25.194744,28.72528
1116.jpg,5.124116,3.2931595,6.0885463,1.9561173,6.107567,1.5989535,6.1382456,1.162273,6.0972624,2.2107725,6.1184835,2.0981455,6.150257,1.9552093,5.8192053,-1.5742921,5.830675,-0.46622038,4.2795343,2.3123577,4.242376,2.807056,1.0,-4.6156816,0.0,-0.0,-5.8635964,1.2045245,-6.682996,3.0997846,-8.318246,14.555463,-9.083974,14.483549,-9.483557,17.385365,-9.85581,17.541082,-8.803916,18.32286,-9.379574,17.665428,-8.519968,17.380817,-9.177387,16.310802,-13.396491,-2.6913204,-13.227592,1.0,-9.87828,20.5764,-10.002012,22.30607,-20.801323,20.973738,-20.320286,21.53575,-21.925295,16.639189,-21.648436,17.442266,-25.145164,27.771954,-24.675898,27.830524
1117.jpg,4.6750183,4.4653134,5.530959,2.8309906,5.558139,2.364995,5.6039305,1.8089756,5.5385737,3.1358836,5.5557737,2.9677527,5.5892596,2.7432508,5.3249707,-1.9141413,5.3167048,-0.6676244,3.8413303,3.1693816,3.8219843,3.6731024,1.0,-6.3697286,0.0,-0.0,-5.3642807,1.3744522,-6.2460656,4.222052,-7.6393595,19.08862,-8.51376,19.39008,-8.702981,22.92055,-9.203132,23.582355,-8.11013,24.267921,-8.7643795,23.885015,-7.855848,23.055058,-8.584294,22.172907,-12.459715,-4.0167956,-12.507894,1.0,-9.269298,27.457851,-9.568238,29.577673,-19.370516,28.595016,-19.10661,29.549963,-20.479103,22.529394,-20.286627,24.158218,-23.438543,37.743324,-23.072954,38.048164
1118.jpg,5.0344706,3.2336416,5.990219,2.005551,6.0093803,1.641027,6.037783,1.213856,5.995916,2.2591887,6.0178733,2.146071,6.0499887,1.9975737,5.726898,-1.4306114,5.7340045,-0.43000293,4.2072644,2.3032293,4.173977,2.7714438,1.0,-4.280469,0.0,-0.0,-5.761572,1.4096314,-6.608926,3.1439679,-8.208592,14.156745,-8.918877,14.123468,-9.29141,16.84897,-9.638784,16.506538,-8.643948,17.732323,-9.172979,17.248514,-8.381334,16.850368,-9.001445,15.946344,-13.169797,-2.5405815,-13.033203,1.0,-9.775228,20.170746,-9.892052,21.764788,-20.497007,20.558422,-19.983414,21.06224,-21.613274,16.413929,-21.305346,17.119225,-24.731005,27.355104,-24.252949,27.373951
1122.jpg,5.084964,4.159065,6.0118,2.6092236,6.034636,2.1454012,6.073898,1.5838045,6.02015,2.9777048,6.034887,2.8606422,6.0592446,2.7072413,5.793276,-1.957385,5.7956395,-0.4502856,4.1788626,2.870257,4.159524,3.4942145,1.0,-5.7973275,0.0,-0.0,-5.9294324,1.7601331,-6.906758,3.8088987,-8.446598,19.149158,-9.40033,18.637339,-9.5014925,23.232023,-10.121683,22.364597,-8.873316,24.098845,-9.647318,22.590101,-8.6205845,22.74652,-9.432261,21.711884,-13.651705,-3.5777318,-13.655457,1.0,-10.134062,26.093386,-10.456053,27.973238,-21.12931,26.799011,-20.847773,27.52082,-22.321869,21.1034,-22.13291,22.355274,-25.556974,35.332832,-25.138548,35.542183
1123.jpg,4.5628047,3.5682023,5.3983517,2.0836189,5.4251385,1.6485425,5.4589987,1.141358,5.389626,2.4272563,5.411044,2.3060887,5.445217,2.147188,5.2054334,-1.9370009,5.184297,-0.51197124,3.8325446,2.4304738,3.7953744,3.0646737,1.0,-5.181344,0.0,-0.0,-5.099902,1.3952396,-5.9668903,3.5446544,-7.4536924,17.046543,-8.062387,16.433779,-8.361698,20.466717,-8.686835,20.1294,-7.7707663,21.267715,-8.263037,20.169289,-7.5578585,20.214474,-8.133543,18.594223,-11.843545,-3.20711,-11.760232,1.0,-8.607898,23.487196,-8.839457,25.210556,-18.401644,23.464762,-18.000937,24.119371,-19.420414,18.683987,-19.210352,19.511646,-22.203604,31.621313,-21.827686,31.606794
1124.jpg,5.031407,3.1466494,5.996049,1.8911098,6.0201607,1.554174,6.051741,1.1397367,5.9928265,2.137254,6.012322,2.036254,6.042693,1.9070681,5.7187276,-1.3897902,5.7352324,-0.30783004,4.2066746,2.2183795,4.164774,2.6831243,1.0,-3.9864173,0.0,-0.0,-5.8813324,1.4927877,-6.6946797,2.8960679,-8.428321,13.933006,-9.095065,13.06725,-9.447053,16.381393,-9.869184,16.725193,-8.782438,17.058418,-9.33358,16.055344,-8.524716,16.303871,-9.178838,14.87767,-13.1851425,-2.2723894,-13.131389,1.0,-9.69693,19.406048,-9.923222,20.937744,-20.474983,19.545643,-20.12908,20.079912,-21.609915,15.615596,-21.403896,16.358624,-24.74117,25.784096,-24.350615,25.878204
1125.jpg,4.7680626,3.4348931,5.661248,2.0011964,5.6966705,1.5773495,5.741737,1.101397,5.652534,2.3385181,5.6764956,2.2327228,5.716258,2.0889268,5.460437,-1.8213545,5.4312596,-0.40714684,3.9813921,2.35569,3.9517555,2.975784,1.0,-4.923931,0.0,-0.0,-5.502768,1.1842992,-6.3129964,3.4889874,-7.92698,16.095533,-8.5481,15.711532,-8.945555,19.210056,-9.246283,19.344349,-8.31928,20.086357,-8.783947,19.488356,-8.066404,19.195244,-8.605917,18.014425,-12.6543255,-3.1140358,-12.548422,1.0,-9.190746,22.659578,-9.342401,24.516413,-19.576088,22.51735,-19.141336,23.157,-20.666525,17.775738,-20.428932,18.700562,-23.618513,30.386276,-23.217377,30.406717
1126.jpg,4.474616,3.7094429,5.291382,2.1220021,5.323264,1.6079636,5.363563,1.0696437,5.2812233,2.5769932,5.301272,2.4731696,5.3370314,2.332617,5.1151166,-2.1224673,5.0828156,-0.43192855,3.7318099,2.4980185,3.7021143,3.2460322,1.0,-5.4761653,0.0,-0.0,-5.095306,1.5680249,-5.9184976,3.9542005,-7.440645,18.160025,-8.05844,17.539986,-8.356103,21.639223,-8.709218,20.474258,-7.7620173,22.570072,-8.257757,21.207275,-7.5366797,21.486008,-8.124991,19.702381,-11.719395,-3.5784166,-11.698909,1.0,-8.510557,24.671486,-8.736059,26.602083,-18.226519,24.888157,-17.903526,25.71081,-19.187809,19.769876,-18.989426,20.992762,-22.097307,33.236507,-21.77257,33.45089
1127.jpg,4.6926236,3.944489,5.607813,2.5178554,5.6355515,2.0483723,5.676237,1.4838059,5.608954,2.8833,5.628753,2.7728717,5.659162,2.6323645,5.4164095,-1.8573202,5.422902,-0.33705476,3.9253237,2.7273383,3.9018111,3.3774304,1.0,-5.274789,0.0,-0.0,-5.41837,1.9350592,-6.280828,3.5979407,-7.7686815,18.282812,-8.61674,17.400333,-8.693344,21.920755,-9.260652,21.021982,-8.134626,22.696228,-8.818922,21.153315,-7.9121804,21.463139,-8.638697,20.290855,-12.373363,-3.1925402,-12.457655,1.0,-9.109655,24.686178,-9.480744,26.57196,-19.279163,25.40647,-19.094173,25.989758,-20.325634,20.018978,-20.23536,20.880342,-23.387041,33.054928,-23.080301,33.04064
1161.jpg,5.094791,3.0231636,6.0347466,1.4685488,6.0454006,0.9829641,6.064264,0.4568148,6.0372496,1.9535424,6.059562,1.8208272,6.0954914,1.6760654,5.693503,-2.6078956,5.6928315,-0.8171072,4.188813,2.0158277,4.1764884,2.7300675,1.0,-5.931465,0.0,-0.0,-5.8798766,0.8926215,-6.5563307,3.5884,-8.311365,17.054262,-8.7982025,16.824696,-9.318379,20.924686,-9.563041,20.535223,-8.642529,21.74061,-9.054,20.790085,-8.377414,20.479578,-8.855956,19.902521,-13.069135,-3.4446723,-13.026968,1.0,-9.52923,23.341196,-9.896168,25.402212,-20.342655,23.300589,-20.147305,23.930622,-21.374107,18.157774,-21.264202,18.9501,-24.594524,31.111708,-24.242416,31.121086
1162.jpg,5.7180033,2.4949846,6.734521,1.2784001,6.7358093,0.88771707,6.748441,0.44589046,6.7480426,1.6965336,6.7641807,1.6130811,6.791374,1.521968,6.3285537,-1.9864073,6.3370514,-0.51746494,4.6567016,1.6906781,4.651403,2.2794666,1.0,-4.494462,0.0,-0.0,-6.803025,1.1354603,-7.531874,2.8640308,-9.571877,13.765264,-10.166831,13.463108,-10.700197,16.751928,-10.94017,16.46759,-9.973101,17.41006,-10.405529,16.73193,-9.6767,16.461226,-10.194411,16.00299,-14.949806,-2.5513282,-14.868591,1.0,-10.963766,18.879261,-11.239522,20.509192,-23.14472,18.74337,-22.89436,19.226511,-24.406408,14.71113,-24.223358,15.445326,-27.984484,24.887758,-27.613152,24.90812
1163.jpg,5.4991584,1.9740709,6.4885273,0.5288297,6.512863,0.076539725,6.5358768,-0.3620184,6.492979,1.0733488,6.53049,1.0299447,6.5693846,0.97524685,6.1541257,-2.7963386,6.114913,-1.0914906,4.5056367,0.8352467,4.5194974,1.6614871,1.0,-4.8716736,0.0,-0.0,-6.4649897,1.1744337,-7.1064644,2.7675126,-9.064664,14.316319,-9.447264,13.492424,-10.136618,17.523989,-10.298082,16.56667,-9.362672,17.977291,-9.724239,16.839943,-9.069702,16.94427,-9.526431,15.572413,-14.225986,-2.7137182,-14.082836,1.0,-10.240981,19.159813,-10.490666,21.050732,-21.99413,18.884573,-21.632101,19.495342,-23.121223,14.874377,-22.953028,15.65129,-26.54028,25.403616,-26.171242,25.4883
1164.jpg,5.6498375,1.8976192,6.713848,0.52925366,6.749567,0.07228485,6.7836075,-0.37447184,6.7195234,1.0725726,6.75822,1.0511167,6.8043714,1.0186765,6.4166913,-2.7677326,6.3628526,-0.9539648,4.526846,0.7400862,4.572271,1.6176322,1.0,-4.62809,0.0,-0.0,-6.9509444,0.82518005,-7.5434732,2.5823987,-9.807089,13.684085,-10.113505,12.708348,-10.949272,16.64266,-11.039983,15.226723,-10.126609,17.171928,-10.458119,15.544996,-9.815196,16.272455,-10.24495,14.772295,-15.34513,-2.6896362,-15.033474,1.0,-11.197254,18.780457,-11.34077,20.534061,-23.699598,18.53562,-23.182373,19.093431,-24.87994,14.712847,-24.599796,15.418247,-28.459335,24.99901,-27.982428,25.024452
1165.jpg,5.3521156,1.6554021,6.3655367,0.49229664,6.3880124,0.11029621,6.4152193,-0.26420817,6.378335,0.931039,6.416113,0.8933579,6.4590445,0.84667116,6.0673385,-2.444217,6.01921,-0.8884663,4.316546,0.6785057,4.3389206,1.3991694,1.0,-4.386043,0.0,-0.0,-6.495753,0.7348071,-7.129845,2.5106966,-9.203778,11.734276,-9.628807,11.677145,-10.3073845,14.410087,-10.438331,14.109311,-9.569277,15.03288,-9.916094,14.468688,-9.266548,14.082392,-9.725316,13.649247,-14.402088,-2.376299,-14.222569,1.0,-10.367368,17.513288,-10.577985,19.18586,-22.28322,17.157164,-21.859194,17.698149,-23.489885,13.563117,-23.243048,14.271232,-26.85586,23.365694,-26.34362,23.426355
1166.jpg,4.8581443,1.8193872,5.7192044,0.26210755,5.7413445,-0.24199079,5.765366,-0.80055934,5.7427144,0.90645033,5.7735286,0.9076634,5.81246,0.88368,5.5121503,-3.7140522,5.4882593,-1.4723816,3.787722,0.472946,3.8505158,1.4711264,1.0,-5.8639,0.0,-0.0,-5.8360267,0.33795816,-6.6484866,2.8199854,-8.2422,15.423092,-8.758482,15.012889,-9.282882,19.345203,-9.636129,18.449434,-8.56498,20.123177,-8.968185,18.907444,-8.2931595,18.843699,-8.774159,17.801502,-12.906639,-3.4137666,-12.86376,1.0,-9.309569,22.545427,-9.6229925,23.968815,-19.9931,22.320007,-19.633057,23.028793,-21.120825,17.572157,-20.921368,18.388157,-24.283657,29.732492,-23.932127,29.771116
1167.jpg,5.0934525,1.8512971,6.0180225,-0.43744072,6.0373716,-1.383598,6.0550714,-2.4110239,6.0370307,0.8873423,6.070841,1.0124122,6.1086006,1.1120621,5.8023925,-6.4396653,5.7628284,-1.8403682,3.950301,-0.27143866,4.043813,1.6198424,1.0,-8.256437,0.0,-0.0,-6.1353235,1.22241,-6.9324875,4.683423,-8.612105,22.796469,-9.144137,22.151062,-9.656331,28.309599,-9.997603,27.053965,-8.9151945,29.398624,-9.306273,28.76328,-8.623131,27.824175,-9.134099,26.324808,-13.441577,-5.1362906,-13.508059,1.0,-9.683089,32.733704,-10.113297,35.196686,-20.987278,31.959663,-20.716026,33.118652,-22.20543,24.866663,-22.092108,26.167242,-25.38806,43.269287,-25.082682,43.32416
1168.jpg,5.1629434,1.2513963,6.100135,-0.15264271,6.1253715,-0.6412972,6.1600833,-1.1709431,6.095932,0.566551,6.1225595,0.58859515,6.153665,0.6004657,5.818967,-3.6617055,5.7471075,-1.2455295,4.1463575,0.0005859167,4.185129,1.0723646,1.0,-5.2500877,0.0,-0.0,-6.1896663,0.8215313,-6.8745446,2.9497786,-8.671511,13.854327,-9.258911,13.833645,-9.712485,17.117039,-10.086445,16.868876,-8.990412,17.803665,-9.4205885,17.851946,-8.711972,16.815496,-9.257036,16.36212,-13.493474,-3.0101433,-13.384515,1.0,-9.778607,20.448158,-10.036981,22.17563,-20.90927,20.166027,-20.656925,20.769255,-22.047777,15.960089,-21.89533,16.644623,-25.324501,26.940731,-25.005667,26.998867
1393.jpg,4.6871877,3.218143,5.556534,2.0917554,5.5715947,1.6704501,5.584656,1.2305018,5.565123,2.3942966,5.5839643,2.25217,5.6065583,2.088593,5.2837467,-1.705292,5.297092,-0.55830914,3.811858,2.297225,3.793253,2.7549047,1.0,-5.6205873,0.0,-0.0,-5.4535675,1.2537512,-6.2013855,4.218474,-7.1259193,15.859689,-7.984703,17.695475,-8.004842,19.87263,-8.612644,21.470644,-7.4334826,20.922321,-8.049247,22.023563,-7.188802,19.293312,-7.8490896,21.001524,-11.965312,-3.103856,-12.007021,1.0,-8.590753,21.549152,-8.850296,22.741247,-18.193964,23.060745,-17.863218,23.451412,-19.270546,18.307987,-19.054588,19.489965,-22.023039,30.498184,-21.78839,30.495789
1394.jpg,5.007049,3.776061,5.8182564,2.272495,5.831487,1.7458681,5.852287,1.1949229,5.8496914,2.7712634,5.8852262,2.6178246,5.928896,2.422004,5.525275,-2.4146826,5.575003,-1.0508803,4.0632663,2.5430453,4.041113,3.162366,1.0,-7.0555882,0.0,-0.0,-5.710515,1.6995063,-6.3928795,4.632158,-7.455167,19.562565,-8.343834,21.107555,-8.376818,24.693373,-8.907665,25.909111,-7.8185754,25.969297,-8.399459,26.475437,-7.5735154,24.089272,-8.218996,25.32206,-12.421293,-3.9926088,-12.426306,1.0,-8.931463,26.655699,-9.134264,27.896704,-19.050562,28.408468,-18.65279,28.877962,-20.116457,22.949,-19.863476,24.201925,-22.984592,37.664757,-22.686129,37.60877
1395.jpg,4.5836625,3.7743225,5.318456,2.2431781,5.331733,1.696577,5.3519793,1.1258717,5.3438797,2.7551684,5.3751936,2.6017213,5.414021,2.402962,5.0599036,-2.5951278,5.1015058,-1.125656,3.7267249,2.5340407,3.7115643,3.1569698,1.0,-7.3745236,0.0,-0.0,-5.1345096,1.6335076,-5.8366,4.9164724,-6.7397623,19.582762,-7.5620623,21.85333,-7.573247,24.828066,-8.113968,26.783894,-7.073649,26.21174,-7.6228414,27.436258,-6.8503656,24.270393,-7.460195,26.213179,-11.285684,-4.2678986,-11.304989,1.0,-8.106373,27.266378,-8.322738,28.515503,-17.367165,29.177511,-17.088974,29.681799,-18.320793,23.195566,-18.138618,24.488493,-20.937996,38.438866,-20.671946,38.40025
1396.jpg,4.5794516,4.024737,5.376041,2.5109496,5.390447,1.9421786,5.404926,1.3570622,5.3858614,2.9617007,5.404199,2.7936153,5.429663,2.6039045,5.13464,-2.615462,5.157157,-0.89963955,3.7336664,2.9186687,3.7262726,3.491855,1.0,-7.739836,0.0,-0.0,-5.1501393,1.6685181,-5.86065,5.5604014,-6.772094,21.194674,-7.5604286,23.839945,-7.6391025,26.774618,-8.142395,28.872252,-7.096228,28.257217,-7.61064,29.650442,-6.864128,26.152935,-7.4355164,28.310284,-11.3660345,-4.672495,-11.392127,1.0,-8.127921,28.647144,-8.369657,30.47494,-17.449839,30.968964,-17.098454,31.549162,-18.428978,24.4043,-18.184319,26.244246,-21.034843,40.9361,-20.782389,40.95021
1397.jpg,5.1555486,3.3358505,6.1233354,2.1306996,6.134473,1.6894914,6.1465435,1.2357606,6.1452127,2.459617,6.1694603,2.3202448,6.198692,2.158622,5.7734723,-1.7011071,5.808983,-0.5179512,4.1913676,2.382165,4.17742,2.8810396,1.0,-5.666738,0.0,-0.0,-6.1719017,1.3404258,-6.828995,4.2288604,-8.001978,16.702896,-8.917384,18.102068,-8.968957,20.847486,-9.578131,21.815468,-8.319652,21.9316,-8.974885,22.330582,-8.060513,20.441704,-8.771317,21.055754,-13.342613,-3.18417,-13.385613,1.0,-9.518611,22.020842,-9.791441,23.075077,-20.312313,23.423937,-19.89754,23.698486,-21.44814,18.340525,-21.162462,19.39059,-24.550058,30.954147,-24.278248,30.783976
1398.jpg,5.3434167,3.392357,6.3714266,2.328817,6.4006724,1.9211135,6.4450054,1.4984694,6.3807235,2.6027288,6.4101324,2.457225,6.4552937,2.2801938,6.133639,-1.478042,6.127397,-0.39566487,4.332821,2.5015705,4.3105197,2.902046,1.0,-5.498406,0.0,-0.0,-6.653886,1.4296733,-7.2853765,4.195097,-8.432227,16.362547,-9.430653,17.730103,-9.464127,20.478615,-10.135515,21.436901,-8.760921,21.4954,-9.482701,21.92474,-8.495311,19.996851,-9.268796,20.645412,-14.144153,-3.1380613,-14.11773,1.0,-10.007296,20.725405,-10.305438,22.308056,-21.375225,22.579535,-20.960281,22.890167,-22.601994,17.632126,-22.32997,18.666237,-25.917654,29.750412,-25.571339,29.675549
1399.jpg,5.028069,3.342355,5.9964724,2.1815622,6.027757,1.7540768,6.0686026,1.3223969,5.9877763,2.5346346,6.009566,2.390928,6.052675,2.214907,5.7315927,-1.5703079,5.7343793,-0.49927795,4.1359177,2.4221957,4.1043797,2.9353552,1.0,-5.4550214,0.0,-0.0,-6.205008,1.4894205,-6.824748,4.262206,-7.8657227,16.62774,-8.834114,18.173872,-8.818087,20.839945,-9.437638,21.86766,-8.180073,21.768404,-8.836349,22.41327,-7.918621,20.232172,-8.635703,21.12847,-13.233653,-3.1835337,-13.24284,1.0,-9.240191,20.983757,-9.56202,22.57103,-20.021317,22.95812,-19.62494,23.161564,-21.1679,17.996666,-20.93872,18.689083,-24.302206,30.417133,-23.960869,30.269491
1400.jpg,5.8684807,3.2965224,6.9675956,2.1867876,6.993919,1.7909644,7.032833,1.3784748,6.9839706,2.4848075,7.0168247,2.3600602,7.069686,2.1993227,6.638275,-1.4349179,6.667891,-0.3783023,4.7798047,2.3889167,4.7546644,2.8274016,1.0,-5.212297,0.0,-0.0,-7.4170556,1.4879196,-8.070301,4.0814347,-9.370719,16.109146,-10.454656,17.37453,-10.465413,20.183996,-11.197109,21.03664,-9.696303,21.1304,-10.463829,21.503363,-9.414572,19.714022,-10.243475,20.265173,-15.660921,-3.0599473,-15.609783,1.0,-11.041564,20.353476,-11.367633,21.934776,-23.633364,22.18384,-23.165922,22.407574,-24.964615,17.304354,-24.671585,18.242125,-28.4759,29.458067,-28.11827,29.332058
1401.jpg,5.9747224,3.4485412,7.0952682,2.3027642,7.118741,1.9351041,7.1554847,1.5358493,7.11858,2.5391762,7.1543684,2.3999515,7.205499,2.2253354,6.7695394,-1.2959144,6.815088,-0.31428728,4.848005,2.5334382,4.8328032,2.9101791,1.0,-5.1287117,0.0,-0.0,-7.4934454,1.4962621,-8.201961,4.0991755,-9.524895,16.014553,-10.6320715,17.425198,-10.648116,20.003397,-11.396991,21.063503,-9.84896,20.920418,-10.641171,21.529078,-9.56345,19.518267,-10.41583,20.32599,-15.998413,-3.096326,-15.9039345,1.0,-11.275279,20.398323,-11.610354,21.901716,-24.06122,22.43362,-23.597637,22.576916,-25.379833,17.388672,-25.091877,18.139671,-29.105337,29.500568,-28.652428,29.269793
1402.jpg,4.360345,3.0769386,5.185476,2.0251205,5.2158685,1.6195747,5.2525616,1.1965245,5.167132,2.366172,5.183018,2.2305093,5.2158165,2.0685303,5.0288672,-1.5394073,5.017605,-0.4625285,3.5885334,2.155028,3.5627277,2.6721776,1.0,-5.027004,0.0,-0.0,-5.4319453,1.1875257,-6.0923657,3.8676782,-7.0053945,15.15094,-7.9373293,16.67983,-7.893732,19.04078,-8.549554,19.721746,-7.2970705,19.934355,-7.9525023,20.601309,-7.054829,18.495564,-7.7733064,19.437782,-11.692601,-2.7871296,-11.778433,1.0,-8.270687,19.732786,-8.539958,21.105991,-17.897644,21.396711,-17.52237,21.702007,-18.886549,16.848223,-18.669107,17.91659,-21.549498,28.329863,-21.281742,28.227139
1403.jpg,5.1946187,3.19069,6.1892347,2.18339,6.2240953,1.7980614,6.2701364,1.4025713,6.188134,2.4622493,6.214816,2.3266923,6.264815,2.1558497,5.9525833,-1.3342644,5.9660835,-0.41451445,4.247369,2.3020587,4.2165794,2.7240698,1.0,-4.8973737,0.0,-0.0,-6.6593175,1.2605144,-7.3329163,3.9483924,-8.456338,14.926982,-9.436004,16.45821,-9.474184,18.57817,-10.114343,20.03515,-8.7468405,19.457273,-9.458746,20.460257,-8.482607,18.084501,-9.258562,19.229803,-14.102906,-2.8757899,-14.102915,1.0,-9.995804,19.923336,-10.223007,21.55368,-21.388247,21.360868,-20.874096,21.663712,-22.564047,16.862473,-22.257917,17.898287,-25.787823,28.63744,-25.451408,28.474977
1404.jpg,5.05389,3.0682197,6.026551,2.048491,6.058538,1.6605552,6.1004834,1.2693189,6.0234623,2.3570375,6.0484295,2.2303734,6.0940113,2.0719504,5.777401,-1.4495695,5.780502,-0.4773231,4.133747,2.1997566,4.104108,2.6385124,1.0,-5.0239267,0.0,-0.0,-6.3816204,1.0772609,-7.0768285,3.8930051,-8.149858,14.569187,-9.081476,16.174088,-9.145812,17.842089,-9.733885,19.75632,-8.429881,19.035103,-9.093132,20.151636,-8.1707735,17.691513,-8.89591,18.918451,-13.583941,-2.8922858,-13.597446,1.0,-9.612612,19.63071,-9.85196,21.217134,-20.602102,20.966772,-20.10349,21.338688,-21.760225,16.560637,-21.463158,17.801126,-24.787188,28.246216,-24.46725,28.229988
1405.jpg,4.503488,2.9253757,5.353828,2.0384436,5.3797092,1.6928492,5.419427,1.3370469,5.35377,2.2961688,5.3744664,2.1867661,5.4118185,2.0547576,5.1687655,-1.1443136,5.1525,-0.14850785,3.6737816,2.1555138,3.656631,2.5329823,1.0,-4.2616286,0.0,-0.0,-5.4374046,1.3314501,-6.1366196,3.4334567,-7.00353,13.606846,-7.9095736,14.588382,-7.853222,17.010307,-8.4901,17.33176,-7.248944,17.847815,-7.903077,18.000753,-7.029938,16.646269,-7.74026,16.985134,-11.701918,-2.3018055,-11.83909,1.0,-8.261994,18.013376,-8.551452,19.060686,-17.91892,19.01683,-17.58354,19.311981,-18.902866,15.068274,-18.718239,16.072824,-21.619377,25.361061,-21.39798,25.33755
1406.jpg,5.0464005,2.950121,5.953227,1.8682522,5.972332,1.4949597,5.9963,1.1067698,5.9493065,2.1566908,5.9661536,2.018022,5.992414,1.8485103,5.6766167,-1.2845168,5.695756,-0.40466702,4.1991796,2.176209,4.169225,2.6114955,1.0,-4.7098274,0.0,-0.0,-6.116734,0.83434,-6.699049,3.5048795,-7.806847,13.723677,-8.651886,15.107518,-8.833305,16.807705,-9.275127,18.29736,-8.07394,17.771725,-8.609395,18.765223,-7.798912,16.57016,-8.412857,17.865015,-13.200294,-2.618738,-13.140891,1.0,-9.182315,18.466578,-9.4248295,19.864267,-19.97574,19.85439,-19.524744,20.136047,-21.10544,15.672923,-20.854248,16.60744,-24.008514,26.783419,-23.698837,26.691742
1407.jpg,5.6904135,2.7477088,6.7205834,1.5919266,6.730116,1.2596078,6.7519116,0.90668416,6.7488804,1.8231442,6.7727323,1.6663293,6.804709,1.4921161,6.365166,-1.3578421,6.3883824,-0.45816886,4.7170544,2.0674393,4.6934385,2.4439704,1.0,-4.84398,0.0,-0.0,-7.055822,0.6237814,-7.593246,3.3181205,-8.96545,13.710501,-9.7887535,15.118927,-10.104323,16.926392,-10.580001,18.084675,-9.212563,17.697008,-9.767665,18.737804,-8.903369,16.660637,-9.530706,17.610909,-14.968472,-2.616397,-14.829768,1.0,-10.360275,17.76103,-10.653376,19.51249,-22.63647,19.104906,-22.209167,19.539371,-23.937098,14.866799,-23.684694,15.945353,-27.22848,25.742172,-26.908587,25.750643
1408.jpg,5.343224,2.685695,6.2962384,1.5871637,6.3113003,1.2450657,6.340729,0.8834667,6.318792,1.8322293,6.3460855,1.6819609,6.383579,1.5068841,6.0163126,-1.400466,6.019906,-0.5025288,4.4747868,1.9783314,4.4560766,2.3787973,1.0,-4.6354504,0.0,-0.0,-6.36748,0.9942537,-7.0260854,3.3741653,-8.15087,13.578716,-9.079898,14.97137,-9.195977,16.473661,-9.816212,17.860888,-8.431687,17.348345,-9.1132,18.576178,-8.151621,16.329208,-8.886708,17.47697,-13.868407,-2.4561532,-13.745083,1.0,-9.53642,17.806078,-9.752095,19.456978,-21.143105,19.026983,-20.593307,19.421324,-22.247087,14.810588,-21.929317,15.883081,-25.340485,25.615288,-24.965475,25.541132
1620.jpg,4.919797,7.148661,5.833862,4.3210397,5.8462925,3.5111072,5.866072,2.5910347,5.871883,4.8414927,5.90584,4.5451202,5.9463315,4.1764555,5.532699,-3.614925,5.576475,-1.4762307,4.0043526,4.892641,4.0000114,5.7305408,1.0,-12.502695,0.0,-0.0,-5.607543,3.7553637,-6.4740844,8.541942,-7.9887114,36.124374,-8.938027,38.83985,-8.937388,43.797203,-9.569087,45.78746,-8.36322,45.90033,-9.016456,47.031334,-8.149027,43.22394,-8.797949,45.100174,-12.68942,-7.945638,-12.810515,1.0,-9.336861,46.31717,-9.704733,49.07609,-19.67306,40.643497,-19.486748,42.985386,-20.48564,29.80019,-20.373173,32.818554,-24.200134,53.008984,-23.90724,53.929264
1621.jpg,4.7847924,6.1605268,5.6983404,3.988469,5.7318535,3.1816797,5.774685,2.3223925,5.7012305,4.5849743,5.7249827,4.326657,5.767099,3.9794934,5.486148,-3.3420367,5.5043015,-1.4480948,3.9136558,4.2609344,3.8915899,5.1444077,1.0,-10.8235855,0.0,-0.0,-5.5185084,3.286506,-6.485631,8.204881,-7.9539547,31.369764,-8.875662,34.58867,-8.941355,37.674435,-9.560778,40.691772,-8.370521,39.337093,-9.020373,41.73149,-8.128273,36.732983,-8.80553,39.469185,-12.781008,-7.0589175,-12.878453,1.0,-9.459766,41.110798,-9.796876,44.240753,-20.007757,35.664215,-19.72241,38.39421,-20.76846,26.701378,-20.6055,29.854315,-24.493818,47.796337,-24.073198,49.115063
1622.jpg,4.61597,7.5786715,5.482976,4.481236,5.4905324,3.4968727,5.509435,2.4533834,5.5087695,5.1772213,5.5334415,4.8479924,5.565461,4.4171066,5.2083416,-4.448927,5.2514653,-1.744107,3.812649,5.314335,3.7864957,6.5647354,1.0,-13.988996,0.0,-0.0,-5.2538,3.1447363,-6.139327,9.664849,-7.5018516,39.83091,-8.378121,43.2065,-8.4596615,48.934658,-9.061683,50.67292,-7.923209,51.252884,-8.563717,52.620148,-7.6842437,47.8839,-8.371949,49.38196,-12.108794,-9.013252,-12.226527,1.0,-8.737849,51.372387,-9.208487,55.65177,-18.935564,45.59888,-18.782597,47.795296,-19.702003,33.71956,-19.635782,36.06401,-23.045034,61.22282,-22.812027,61.660275
1623.jpg,4.6265473,11.125,5.49523,6.3164907,5.504883,4.753844,5.5250807,3.0649354,5.5106606,7.526555,5.532175,7.1152287,5.56094,6.5746183,5.207389,-7.3779345,5.2543845,-2.6244426,3.8305395,7.737148,3.8068752,9.737353,1.0,-20.975441,0.0,-0.0,-5.249703,4.8623238,-6.1918674,14.75,-7.517739,59.54833,-8.360538,64.58682,-8.4997015,73.38885,-9.0816345,75.507835,-7.9538646,77.20367,-8.553964,78.59539,-7.715781,72.14727,-8.361553,73.78991,-12.166972,-14.17899,-12.258442,1.0,-8.795599,77.06285,-9.232628,83.860886,-18.976366,67.09202,-18.73468,70.72409,-19.744719,50.3642,-19.617304,53.981308,-23.145426,91.54598,-22.809729,92.58944
1624.jpg,5.3940463,6.739794,6.4057145,3.3579147,6.4232173,2.122397,6.443206,0.81756175,6.407559,4.5325055,6.4221473,4.3430653,6.4432817,4.083422,6.012921,-6.291978,6.054245,-2.4014165,4.4210587,4.4060645,4.417811,5.9760556,1.0,-14.388137,0.0,-0.0,-6.147366,3.3222802,-7.09696,9.091068,-8.7614765,40.33228,-9.808748,43.033745,-9.876707,49.409786,-10.610826,50.57997,-9.258562,51.886616,-10.023161,52.979637,-8.985984,48.425804,-9.806973,49.33425,-14.231173,-9.823457,-14.31097,1.0,-10.310567,52.23568,-10.795683,57.16596,-22.167591,46.080143,-21.821518,49.02453,-23.090834,34.402744,-22.868093,37.567337,-27.128115,62.374313,-26.689396,63.011307
1625.jpg,4.9625306,6.212251,5.916546,3.8508484,5.9244018,3.1282544,5.9463696,2.3108747,5.947566,4.3406115,5.974536,4.1014338,6.011112,3.7895317,5.64494,-3.0256267,5.7082524,-1.0441214,4.1258492,4.423233,4.103706,5.3437843,1.0,-10.240734,0.0,-0.0,-5.7826896,3.299104,-6.6071787,7.4128075,-8.136442,30.769829,-9.081861,33.141098,-9.1881,37.79242,-9.834756,38.981583,-8.59599,39.484505,-9.283716,40.601818,-8.349271,36.808678,-9.090458,37.950665,-13.200435,-6.6596003,-13.29044,1.0,-9.5258255,39.57864,-9.994829,43.5318,-20.524645,34.957283,-20.231365,37.27118,-21.382736,25.97992,-21.200943,28.403862,-25.102562,47.2053,-24.759466,48.05145
1626.jpg,4.9347315,5.5185275,5.89304,3.400833,5.9198303,2.6605537,5.9538083,1.8727294,5.8988576,3.9540799,5.920279,3.7204168,5.960695,3.4181998,5.596937,-3.3484564,5.6386046,-1.5619668,3.9962378,3.7408886,3.9811358,4.549765,1.0,-10.036548,0.0,-0.0,-5.8806314,3.7570803,-6.783795,7.7472725,-8.336377,30.34625,-9.252375,32.870888,-9.327813,36.524143,-9.953282,38.659275,-8.699527,38.10217,-9.382085,39.60677,-8.45555,36.04701,-9.123793,37.992584,-13.320906,-6.533196,-13.365497,1.0,-9.793002,38.742744,-10.152998,41.759605,-20.884998,33.832294,-20.563314,36.138515,-21.675556,25.04196,-21.481516,27.440311,-25.442621,45.06886,-25.033245,46.0046
1627.jpg,5.083213,7.7565837,6.036348,4.8486414,6.069066,3.845354,6.112472,2.7635784,6.0357466,5.6339297,6.054124,5.3560944,6.089889,4.9702253,5.7834134,-4.16036,5.806609,-1.5914268,4.146501,5.2854414,4.124665,6.434545,1.0,-13.459274,0.0,-0.0,-5.991321,4.070214,-6.8779755,9.549325,-8.576628,38.70273,-9.514881,41.921284,-9.631723,46.655754,-10.222292,50.01466,-8.982631,48.82309,-9.670911,51.147976,-8.724926,45.516743,-9.4344,48.132954,-13.783777,-9.076654,-13.83921,1.0,-10.095036,49.855732,-10.348838,54.227898,-21.447542,44.389576,-21.105597,47.50466,-22.268322,33.072258,-22.064108,36.467396,-26.236248,58.759563,-25.802792,59.93053
1628.jpg,4.4892464,12.814383,5.3292885,7.649725,5.3456025,6.1283073,5.370107,4.423009,5.3517623,8.680607,5.379254,8.127227,5.4168797,7.4240894,5.0798836,-7.333508,5.109396,-3.3721836,3.6598113,8.618123,3.64941,10.220494,1.0,-23.869007,0.0,-0.0,-4.9224143,6.3337374,-5.8780894,17.10355,-7.208216,66.4736,-8.056361,73.413155,-8.079128,79.68267,-8.6333275,85.9195,-7.5260854,83.28537,-8.0941725,88.27987,-7.3216276,78.1324,-7.8888144,84.730545,-11.444647,-16.38394,-11.565888,1.0,-8.458613,86.09327,-8.811188,92.010185,-18.025032,75.43974,-17.78624,80.83963,-18.740507,55.50547,-18.59358,61.01847,-21.952518,100.98317,-21.625008,103.247086
1629.jpg,4.4901466,6.938827,5.3411016,4.138154,5.3709216,3.133521,5.4056067,2.0661082,5.337386,4.898209,5.3566213,4.5692186,5.39216,4.1464176,5.1152344,-4.853261,5.136674,-2.3782501,3.677603,4.6763988,3.6634936,5.7928824,1.0,-13.505626,0.0,-0.0,-5.0891724,3.9417205,-6.0458956,10.096855,-7.400651,37.25515,-8.278897,41.47586,-8.338213,45.296635,-8.900158,48.161053,-7.788639,47.636898,-8.344123,50.318626,-7.5696883,44.632492,-8.162306,47.409225,-11.8768,-8.961935,-11.983948,1.0,-8.622464,50.17824,-8.987587,53.550518,-18.572298,43.953426,-18.34977,46.70529,-19.292393,32.71592,-19.154964,35.43965,-22.763391,58.527767,-22.37543,59.414234
1630.jpg,4.814456,5.2650437,5.7274537,3.18638,5.7500863,2.4757986,5.7785764,1.6894685,5.738213,3.727433,5.757108,3.526825,5.788131,3.262198,5.441338,-3.3511612,5.4759626,-1.3818381,3.9631817,3.6333199,3.9490526,4.44179,1.0,-9.744798,0.0,-0.0,-5.449909,3.1316195,-6.4849296,7.3398066,-7.926256,27.257076,-8.793254,30.96688,-8.939322,32.405632,-9.406385,36.097015,-8.320085,34.16013,-8.807841,37.55066,-8.076311,32.684513,-8.631049,35.38921,-12.676775,-6.4377785,-12.86268,1.0,-9.222515,36.17644,-9.591845,40.30706,-19.772114,31.935314,-19.462769,34.29422,-20.598358,23.604809,-20.420557,26.075499,-24.162504,42.883636,-23.881994,44.024834
1631.jpg,4.870785,9.043464,5.734222,5.7108383,5.7578645,4.674024,5.795346,3.5058632,5.7422786,6.4449167,5.7578588,6.1095934,5.7899632,5.657454,5.481911,-4.1881294,5.5105543,-1.4885924,3.9940388,6.36483,3.9797003,7.500871,1.0,-14.011493,0.0,-0.0,-5.3677373,5.781748,-6.3853683,11.948124,-7.8668356,43.563305,-8.68797,48.174362,-8.868066,51.834324,-9.33574,56.09776,-8.239101,55.071377,-8.732407,58.06577,-7.99973,51.784084,-8.5439625,54.861515,-12.619281,-9.939627,-12.758036,1.0,-9.110224,55.5403,-9.471938,61.36963,-19.607794,49.46514,-19.28834,53.058334,-20.504759,36.172367,-20.332415,39.965267,-23.923386,66.29029,-23.622343,67.78073
1632.jpg,4.523351,6.3568754,5.3560977,3.8279262,5.3813624,2.9628415,5.413715,2.0002904,5.350088,4.4775257,5.3615313,4.229033,5.3879004,3.8901646,5.1261168,-4.123691,5.140715,-1.855637,3.7307477,4.1778483,3.7092993,5.2776895,1.0,-12.16143,0.0,-0.0,-4.9611835,3.9414349,-5.987014,9.551843,-7.3365893,34.20744,-8.213501,38.12547,-8.241059,41.679943,-8.756679,44.11334,-7.671746,43.710384,-8.166693,45.96115,-7.4516377,40.93115,-8.003917,43.34307,-11.749521,-8.045103,-11.882588,1.0,-8.514878,44.620674,-8.917515,48.73514,-18.414608,39.683136,-18.168129,42.16777,-19.252619,29.35139,-19.084133,32.04097,-22.599167,53.17281,-22.228655,53.847572
1770.jpg,4.6885495,6.515821,5.4268637,3.8926327,5.4335985,3.116748,5.438771,2.2777443,5.4361506,4.5058174,5.4497147,4.2155223,5.4636636,3.8908005,5.1162605,-3.9418092,5.153576,-1.9383646,3.797402,3.957896,3.7848423,4.8028913,1.0,-12.148976,0.0,-0.0,-5.3236623,4.305502,-5.8653607,8.545411,-7.2283325,37.701954,-7.828498,39.65036,-8.016064,46.624325,-8.420918,47.959232,-7.46269,49.443394,-7.9440427,49.62709,-7.280591,46.003098,-7.8015795,46.56738,-11.642881,-8.261584,-11.591823,1.0,-8.624427,48.2983,-9.083686,51.64732,-18.178387,38.7237,-17.90701,43.057495,-18.785908,27.146706,-18.607891,31.527199,-22.309883,53.07283,-21.932827,55.229393
1771.jpg,4.2508087,16.91283,4.8965797,9.610569,4.8984737,7.5486364,4.897693,5.2685165,4.906432,11.251547,4.917439,10.493618,4.9267893,9.640398,4.5853696,-11.675643,4.6258516,-5.93889,3.4802885,10.280845,3.4722295,12.68831,1.0,-34.556664,0.0,-0.0,-4.424688,9.402001,-5.0903554,25.4883,-6.0726357,93.651665,-6.752226,105.14664,-6.821945,116.61579,-7.268921,127.20804,-6.3470783,125.02205,-6.8379445,131.978,-6.1740937,114.70272,-6.699482,123.975105,-10.079907,-23.181107,-10.0612335,1.0,-7.333831,122.46872,-7.6660185,132.15794,-15.64173,101.573296,-15.407785,112.05507,-16.244894,71.77795,-16.07361,82.085815,-19.222488,140.46823,-18.813179,144.6523
1772.jpg,4.182521,9.387249,4.8489704,5.2706347,4.8531456,4.0668125,4.8569813,2.8296247,4.864802,6.1987166,4.8825164,5.705884,4.896451,5.176464,4.5859947,-6.705065,4.6065364,-3.5544028,3.4181385,5.664601,3.3987875,6.9426346,1.0,-20.661734,0.0,-0.0,-4.611074,4.278389,-5.194572,12.620614,-6.2600975,52.06116,-6.9362926,57.68759,-7.001711,64.92977,-7.4605374,69.790855,-6.5303497,68.91765,-7.041199,73.21122,-6.360317,63.639534,-6.900724,68.21166,-10.347541,-12.766581,-10.280446,1.0,-7.5512443,69.88456,-7.9007564,75.26905,-15.994449,56.520218,-15.777277,62.781597,-16.524519,39.98097,-16.393396,45.62258,-19.67213,77.902145,-19.297508,81.107414
1773.jpg,4.833136,7.110409,5.607681,4.280097,5.61563,3.481734,5.6247106,2.6442153,5.6290803,4.8613744,5.6532645,4.5307946,5.677977,4.155755,5.2847295,-3.7584307,5.3265576,-1.7618308,3.920484,4.573443,3.9052894,5.3845925,1.0,-12.878707,0.0,-0.0,-5.30216,3.8975923,-5.966239,8.83702,-7.115486,36.184174,-7.8739505,39.56352,-7.932963,44.97045,-8.490466,47.863815,-7.411414,47.5504,-7.9863043,50.093613,-7.203661,43.95133,-7.823303,46.69043,-11.921828,-8.240442,-11.820743,1.0,-8.599261,47.335976,-9.069609,51.30375,-18.424007,38.930668,-18.140532,43.162815,-19.053568,27.430216,-18.838625,31.502226,-22.647966,53.214256,-22.162634,55.471664
1779.jpg,6.646249,5.4374495,7.790147,3.598146,7.8046875,3.0649526,7.8270435,2.4932582,7.845959,4.0148544,7.9015303,3.7929034,7.9642553,3.5368283,7.403406,-1.8098335,7.4631653,-0.5726756,5.4271245,3.7771432,5.4659834,4.4737244,1.0,-7.3016706,0.0,-0.0,-8.385869,4.268993,-9.0433035,5.651678,-11.148171,28.069607,-11.887558,27.230164,-12.160976,33.878105,-12.71454,32.359818,-11.363233,35.59621,-12.137048,33.98063,-11.151394,33.51015,-11.955763,31.882118,-17.299017,-4.764603,-17.119114,1.0,-13.110628,34.52107,-13.624103,36.309593,-26.828312,28.098284,-26.502825,30.639868,-27.919886,19.683903,-27.62186,23.804235,-33.130047,36.64578,-32.653862,38.66804
1780.jpg,5.4791822,5.12498,6.2970586,3.1468847,6.312239,2.5309792,6.325872,1.8742663,6.313142,3.6555684,6.340316,3.445339,6.3803487,3.2002935,5.962693,-2.8245733,6.001799,-1.2354865,4.450362,3.4991114,4.4613423,4.12397,1.0,-8.566051,0.0,-0.0,-6.267127,3.9496472,-6.88773,6.830726,-8.647973,28.689402,-9.309789,29.413593,-9.545744,34.610184,-10.020671,34.948517,-8.936103,36.719357,-9.475399,36.456192,-8.714186,34.6153,-9.290273,34.835342,-13.482873,-5.649806,-13.438439,1.0,-10.186969,36.008873,-10.59486,38.87327,-21.095037,28.812294,-20.797703,31.916218,-21.973072,19.888483,-21.78415,23.656443,-26.140026,38.375156,-25.682577,40.095238
1781.jpg,5.627185,5.0070257,6.478991,3.1551101,6.5010915,2.5923119,6.5232115,2.008008,6.4950557,3.6087685,6.5297747,3.3972502,6.576966,3.1536999,6.182837,-2.3644,6.205941,-0.88923585,4.5918183,3.4414198,4.598661,4.036212,1.0,-7.9532366,0.0,-0.0,-6.5165663,4.0107403,-7.113005,6.607245,-9.017176,27.721888,-9.601682,27.81573,-9.890156,33.165436,-10.342475,32.94639,-9.254948,35.11929,-9.751698,34.377987,-9.037512,33.10239,-9.5526495,32.90948,-14.024316,-5.0634847,-13.921602,1.0,-10.584094,33.769707,-11.029629,36.332947,-21.912317,26.8963,-21.552914,29.649275,-22.835712,18.702131,-22.57791,22.177711,-27.104212,35.888958,-26.551003,37.42408
1782.jpg,5.229466,5.304656,6.0772605,3.4878633,6.0838575,2.872842,6.089611,2.1846309,6.0949073,3.9871583,6.114276,3.7923005,6.130456,3.5647633,5.713378,-2.83789,5.745483,-1.0039291,4.2186713,3.4460933,4.22202,4.153841,1.0,-8.821899,0.0,-0.0,-6.084142,3.989513,-6.642714,6.449119,-8.202468,28.26364,-8.909005,29.366058,-9.073425,34.860275,-9.624361,35.060894,-8.555846,36.7519,-9.114329,36.726204,-8.332591,34.168682,-8.912087,34.40516,-13.194594,-5.7626195,-13.087827,1.0,-9.882262,36.643715,-10.281248,39.032146,-20.631943,29.127966,-20.29015,31.747889,-21.465939,20.754665,-21.218235,23.296537,-25.439848,39.94684,-24.902681,41.112934
1986.jpg,5.9516315,4.881621,7.1309743,3.1527107,7.1536145,2.5138438,7.1801586,1.7956045,7.1470566,3.638331,7.1754885,3.4775672,7.209343,3.2775722,6.786654,-2.8723712,6.8269672,-0.856028,4.814795,3.2943141,4.791225,4.0318513,1.0,-8.58899,0.0,-0.0,-7.231579,2.1108494,-8.014308,5.0208683,-9.532179,25.318834,-10.516516,26.351957,-10.733665,31.640512,-11.4160385,32.44872,-10.068745,33.24207,-10.816705,33.071007,-9.699066,30.81348,-10.524407,30.865988,-16.01275,-5.2770486,-15.879473,1.0,-11.496785,32.435844,-11.792127,34.942207,-24.488989,31.248226,-23.996655,32.01299,-25.587587,23.286573,-25.347805,24.781218,-29.979137,40.897255,-29.500622,40.92827
1987.jpg,6.7349434,3.61443,8.056947,2.3919106,8.083569,2.0009081,8.124647,1.5601724,8.094795,2.661766,8.141046,2.526916,8.202187,2.3598895,7.7171655,-1.4576788,7.780158,-0.35048923,5.4236355,2.4914017,5.41905,2.9283984,1.0,-5.280941,0.0,-0.0,-8.512327,1.8321961,-9.190087,3.412805,-11.062511,16.937325,-12.196321,17.219492,-12.457037,21.152128,-13.229543,20.713692,-11.688105,22.136969,-12.505654,21.551222,-11.2568245,20.460182,-12.167488,20.111738,-18.49401,-3.050437,-18.121563,1.0,-13.293163,21.458906,-13.571111,23.108614,-28.321754,20.604252,-27.57964,21.02933,-29.474415,15.456714,-29.096487,16.443876,-34.5187,27.010921,-33.791836,26.946617
1988.jpg,6.0099897,4.2484913,7.1560073,2.7439196,7.177635,2.2691658,7.2104554,1.7412497,7.186486,3.0960069,7.2249446,2.9486372,7.276796,2.7646623,6.8291287,-1.8507624,6.8885503,-0.5224101,4.8605976,2.9291463,4.8518176,3.4591455,1.0,-6.263836,0.0,-0.0,-7.1728525,2.1018064,-7.9063077,4.2584667,-9.465794,20.256247,-10.4759245,20.882086,-10.688495,24.951004,-11.346794,25.383608,-9.986204,26.19665,-10.713101,25.906418,-9.632653,24.322592,-10.412215,24.2472,-15.906481,-3.8009937,-15.669984,1.0,-11.414423,25.819105,-11.68778,27.608208,-24.436104,24.602673,-23.858856,25.149649,-25.57974,18.369467,-25.23228,19.63071,-29.821619,32.512463,-29.257397,32.356705
1989.jpg,6.8437943,3.6329236,8.17561,2.4427578,8.204803,2.0392413,8.247682,1.5948381,8.208241,2.7434845,8.2536335,2.6185467,8.318122,2.459455,7.8227835,-1.4539878,7.8818865,-0.3275651,5.5056686,2.5035985,5.4896364,2.9777343,1.0,-5.313129,0.0,-0.0,-8.713736,2.011213,-9.361616,3.6768813,-11.313877,17.0312,-12.416382,17.735874,-12.687114,20.994625,-13.468642,21.814484,-11.855349,22.012175,-12.691909,22.229668,-11.464064,20.5233,-12.365021,20.72191,-19.087984,-3.0112214,-18.645464,1.0,-13.768185,22.222784,-14.039149,23.95848,-28.824116,21.032265,-28.170345,21.581186,-30.112753,15.878353,-29.714943,16.983412,-35.31135,27.874666,-34.6193,27.8111
1990.jpg,6.4860573,3.100993,7.729312,2.041649,7.7478485,1.7346134,7.775588,1.3837808,7.774578,2.2349067,7.8198524,2.1127894,7.8753853,1.9606557,7.3534865,-1.0729744,7.4184904,-0.3370314,5.2474775,2.196858,5.241449,2.5236406,1.0,-4.198358,0.0,-0.0,-7.866167,1.611821,-8.58268,2.8783667,-10.382764,13.926684,-11.445771,14.261152,-11.622431,17.203983,-12.389718,17.21792,-10.878721,18.023994,-11.63552,17.900282,-10.513407,16.777668,-11.3531885,16.681454,-17.490082,-2.2438393,-17.237257,1.0,-12.4238615,18.261192,-12.769965,19.643814,-26.443338,17.278227,-25.927809,17.556555,-27.564194,13.010501,-27.292698,13.615728,-32.554283,22.399818,-31.946405,22.263245
1991.jpg,7.1309943,3.6923468,8.474587,2.4145777,8.497504,2.0220985,8.535917,1.5913073,8.530541,2.6794345,8.582776,2.538391,8.65291,2.3609529,8.069673,-1.3691388,8.153124,-0.41543642,5.7395844,2.62165,5.7395334,3.0209064,1.0,-4.9833283,0.0,-0.0,-8.871596,1.909347,-9.608736,3.9158573,-11.690897,16.792536,-12.826917,17.570326,-13.033781,20.661263,-13.8353195,21.44407,-12.169818,21.604202,-13.046371,21.95262,-11.797401,20.099123,-12.719036,20.488201,-19.63164,-2.8755283,-19.266558,1.0,-13.949662,22.032894,-14.288118,23.230164,-29.700146,20.77569,-29.034643,21.080524,-30.990885,15.53479,-30.602333,16.350649,-36.32145,27.495728,-35.629753,27.233055
1992.jpg,6.184484,4.2116647,7.3324237,2.7413814,7.3580723,2.281753,7.3976927,1.7765124,7.3685765,3.0652723,7.409923,2.9091709,7.4696965,2.713759,7.0115666,-1.7344613,7.065586,-0.52468824,4.985387,2.9269292,4.980909,3.4106667,1.0,-6.0332394,0.0,-0.0,-7.5176673,2.1802204,-8.373505,4.7205634,-10.003083,19.579498,-11.088579,20.444273,-11.198507,24.48453,-11.99252,24.715004,-10.44044,25.63871,-11.288163,25.395235,-10.102617,23.650755,-10.987393,23.752634,-16.69553,-3.5805311,-16.542332,1.0,-11.968088,25.768858,-12.421047,27.401508,-25.546776,23.953606,-25.064104,24.440653,-26.691189,17.941195,-26.394897,18.934515,-31.286533,31.876839,-30.768726,31.57172
1993.jpg,6.537286,3.6330798,7.810832,2.4238982,7.8579035,1.9597578,7.91802,1.4562302,7.806679,2.7940052,7.8315573,2.6816294,7.881924,2.527509,7.5007014,-1.6661111,7.5670314,-0.46659297,5.3134737,2.4963083,5.2919064,3.043351,1.0,-5.326307,0.0,-0.0,-8.340613,2.1697855,-9.04344,4.3159094,-11.012828,17.629946,-12.114884,18.453156,-12.3356905,21.598606,-13.132179,22.47566,-11.494888,22.688486,-12.326198,22.996857,-11.110203,21.144207,-11.988126,21.513105,-18.367311,-3.045294,-18.196724,1.0,-13.160112,23.213638,-13.634235,24.38799,-27.996437,21.478977,-27.584068,21.699514,-29.261776,16.037634,-28.971241,16.531214,-34.12824,28.379969,-33.55911,27.989258
1994.jpg,5.825589,4.889158,6.9121065,3.1182673,6.9276605,2.5611238,6.9514885,1.9130627,6.9459405,3.5451794,6.977905,3.3971999,7.016554,3.2253387,6.575805,-2.4287393,6.624262,-0.6450002,4.7184844,3.3355873,4.724991,3.9847655,1.0,-7.784798,0.0,-0.0,-6.935126,2.2094293,-7.661459,5.1898537,-9.167644,22.929054,-10.207944,24.441914,-10.28453,28.19786,-11.129659,29.493296,-9.606078,30.007576,-10.463823,30.343199,-9.287735,27.60805,-10.171178,28.829966,-15.401004,-4.5010824,-15.194026,1.0,-11.132379,30.466633,-11.559819,32.467228,-23.860214,28.806643,-23.413227,29.637226,-24.899223,21.342314,-24.548576,23.089579,-29.193352,38.32813,-28.61882,38.036858
2097.jpg,4.957478,8.719295,5.7524757,5.5454626,5.755318,4.429174,5.764139,3.2591426,5.804743,6.522349,5.8435483,6.188076,5.881769,5.76207,5.4154425,-4.6801023,5.482215,-1.9072181,4.0107617,5.890003,3.9950044,7.045135,1.0,-14.996461,0.0,-0.0,-5.4109387,5.636038,-6.1727223,11.427929,-7.362388,47.0852,-8.003536,47.65144,-8.209686,56.94759,-8.677324,57.299885,-7.6398907,60.211147,-8.218448,59.229214,-7.417541,56.394043,-8.006023,56.34284,-11.907329,-9.57135,-12.0212965,1.0,-8.576753,58.312206,-8.968228,61.609493,-18.601082,51.92028,-18.367075,54.373314,-19.43814,37.691616,-19.286217,41.81887,-22.968716,68.2231,-22.568243,68.5864
2098.jpg,5.094591,9.302225,5.9310226,5.993401,5.942706,4.770593,5.962288,3.4916482,5.9682736,7.1205235,6.0056458,6.825722,6.049159,6.427308,5.632542,-5.12034,5.693235,-1.875971,4.108331,6.2308273,4.0881963,7.5625644,1.0,-15.777674,0.0,-0.0,-5.815709,5.2220287,-6.5514836,11.874597,-7.8203583,49.44055,-8.507659,49.95832,-8.765726,60.307976,-9.294482,60.53917,-8.160371,63.95195,-8.774541,62.683132,-7.9169083,59.805855,-8.558858,59.761818,-12.7460985,-10.070779,-12.805858,1.0,-9.27508,61.92805,-9.616671,65.16142,-19.885422,54.682377,-19.60162,57.36627,-20.752932,39.93417,-20.57141,44.634766,-24.537638,72.750084,-24.081015,73.385124
2099.jpg,6.486225,5.152687,7.564829,3.5581546,7.5631733,3.017419,7.564741,2.4424472,7.6346626,3.9438882,7.677093,3.7307723,7.715464,3.4695425,7.042511,-1.8047663,7.148723,-0.6684221,5.218996,3.644151,5.2278614,4.1567264,1.0,-7.066436,0.0,-0.0,-7.591162,4.1382074,-8.143902,6.4496117,-10.100526,26.216646,-10.697052,25.956955,-11.262438,31.310675,-11.666491,31.007767,-10.545302,32.890205,-11.152892,31.861677,-10.2294445,30.929316,-10.852757,30.435005,-16.155031,-4.412632,-16.032297,1.0,-11.924327,31.485086,-12.29612,33.251648,-25.3107,27.819616,-24.783419,29.374437,-26.41051,20.460747,-26.001894,23.020405,-31.321318,36.78157,-30.520538,37.12396
2100.jpg,5.839335,5.144913,6.801845,3.4460216,6.819565,2.8570237,6.837842,2.2146697,6.8254824,4.0074077,6.8675785,3.8469865,6.9249063,3.6574395,6.48024,-1.9081379,6.531609,-0.36099175,4.6988845,3.4771667,4.6922874,4.2076025,1.0,-6.7800946,0.0,-0.0,-6.8137207,4.8144326,-7.5845656,7.127292,-9.301143,26.454414,-9.906016,25.9124,-10.298278,31.484339,-10.778894,30.922684,-9.667723,33.234745,-10.330946,31.95816,-9.4045,31.19841,-10.062861,30.46005,-14.594989,-4.4259,-14.615879,1.0,-10.930635,32.162052,-11.337308,33.39694,-23.030075,28.660292,-22.649216,29.92462,-24.132866,21.210737,-23.84915,23.445635,-28.686666,37.543846,-28.065723,38.1909
2101.jpg,6.031346,5.3811707,7.0082917,3.4355204,7.020341,2.7520757,7.034506,2.0182457,7.036271,4.0865026,7.0776463,3.9044716,7.1335506,3.6955566,6.6428866,-2.4961197,6.706121,-0.6973129,4.8347187,3.562349,4.8399053,4.3957105,1.0,-7.6821404,0.0,-0.0,-7.035145,4.910747,-7.6635847,7.372416,-9.50338,28.876192,-10.117689,28.759192,-10.567219,34.264374,-11.025988,34.289246,-9.91185,36.392895,-10.571498,35.414227,-9.621983,34.22526,-10.3005085,33.82503,-15.100608,-5.0438,-14.941121,1.0,-11.141938,34.76961,-11.518493,36.677376,-23.661816,31.138863,-23.198832,32.79018,-24.681065,22.919218,-24.337536,25.7755,-29.21274,40.557793,-28.616158,41.29973
2204.jpg,4.749482,6.331846,5.4976587,4.241873,5.503859,3.4999108,5.5130744,2.6938224,5.5316916,4.8542876,5.557789,4.619077,5.5835648,4.322715,5.152672,-2.666756,5.2153974,-0.76617295,3.8382838,4.3973856,3.837025,5.160599,1.0,-9.065629,0.0,-0.0,-4.9682875,1.7330538,-5.9337783,5.4393387,-6.778444,28.527424,-7.6035857,29.258781,-7.477539,35.863567,-8.093894,35.826134,-6.964123,38.32578,-7.653216,37.068336,-6.798941,35.41538,-7.4529495,34.606987,-11.232914,-6.1096487,-11.3243265,1.0,-8.12313,39.803055,-8.350897,40.75438,-17.460127,37.93342,-17.172092,38.507214,-18.607994,30.851595,-18.432245,31.762306,-20.318687,54.672405,-20.164423,54.468292
2205.jpg,4.953749,6.5827165,5.847557,4.190218,5.8691525,3.2469842,5.890941,2.244974,5.8553257,4.9793377,5.875513,4.78025,5.903571,4.5302587,5.589766,-4.0750127,5.612592,-1.1268457,4.006395,4.4643016,3.9877348,5.4535565,1.0,-11.5845585,0.0,-0.0,-5.6409016,1.1376415,-6.499943,6.7964354,-7.5551248,30.510593,-8.416241,34.044365,-8.44125,38.328384,-9.00693,41.881214,-7.8799415,40.696823,-8.530703,43.173138,-7.6200643,37.46829,-8.325956,41.00939,-12.612675,-7.405119,-12.627379,1.0,-9.083354,44.791687,-9.29588,46.615646,-19.36389,42.574017,-18.983261,43.34239,-20.71533,34.300255,-20.508097,36.00696,-22.530785,62.82205,-22.385838,62.330597
2206.jpg,4.6434875,6.2446146,5.410842,4.2216954,5.41847,3.5697138,5.4291697,2.8554406,5.4366937,4.6896725,5.4620523,4.433997,5.4846144,4.1313243,5.1139355,-2.5060596,5.144847,-0.72252184,3.7673962,4.263924,3.7605157,4.91521,1.0,-9.471326,0.0,-0.0,-5.0476613,1.4972457,-5.971507,5.8079066,-6.8560767,27.629034,-7.648941,29.195515,-7.5729423,34.62763,-8.148303,35.61397,-7.0383005,37.068596,-7.6851187,36.92308,-6.868396,34.311283,-7.486472,35.15616,-11.26234,-6.116639,-11.386941,1.0,-8.099946,38.60487,-8.360072,39.9794,-17.493927,36.696384,-17.252218,37.745106,-18.623426,29.507147,-18.477926,31.299412,-20.507599,52.47573,-20.338257,52.742413
2207.jpg,5.3709,4.1175847,6.242241,2.684612,6.245621,2.1898777,6.2549973,1.6501765,6.2937045,3.0819788,6.330997,2.9381497,6.366135,2.7575247,5.838849,-2.0082796,5.9262853,-0.5980019,4.313298,2.8442826,4.311096,3.347552,1.0,-6.4939184,0.0,-0.0,-5.8799715,0.8914521,-6.795791,4.0587335,-7.881475,18.452295,-8.866517,20.1143,-8.754391,23.085135,-9.45392,24.584639,-8.175984,24.604471,-8.865445,25.426266,-7.9296417,22.808943,-8.673833,24.270363,-13.101568,-3.8630736,-13.203235,1.0,-9.3597,26.125755,-9.686216,27.353197,-20.028833,25.065735,-19.793497,25.685793,-21.297632,19.828009,-21.156054,21.319891,-23.48543,35.667217,-23.340048,35.913006
2208.jpg,5.141138,4.089042,6.1192403,2.6923442,6.1415267,2.1610296,6.163311,1.5760978,6.1283507,3.1112902,6.149047,2.9870605,6.176176,2.8298693,5.8381658,-2.0824735,5.860584,-0.46124625,4.1653795,2.8423338,4.144689,3.4174523,1.0,-6.5368743,0.0,-0.0,-5.949216,1.2388438,-6.859215,4.6650705,-7.9788136,18.447783,-8.92385,20.510105,-8.874041,23.006529,-9.610775,24.912304,-8.26082,24.392078,-8.991427,25.971212,-7.99676,22.578175,-8.769662,24.271885,-13.283152,-3.82152,-13.343435,1.0,-9.471455,26.407164,-9.772884,27.949509,-20.339699,25.198305,-19.98322,25.67627,-21.631351,19.7847,-21.436174,21.013048,-23.73245,36.719814,-23.560377,36.576256
2209.jpg,4.811415,3.5752432,5.616814,2.4052718,5.6248927,2.0076256,5.637693,1.5645934,5.645336,2.7289088,5.6715736,2.5979893,5.696701,2.436984,5.294089,-1.4353249,5.3422823,-0.33533305,3.8904102,2.4328074,3.885536,2.8925133,1.0,-5.0119658,0.0,-0.0,-5.3749933,1.0296935,-6.313684,3.465991,-7.197441,15.596445,-8.144461,16.89772,-7.977315,19.506752,-8.652099,20.732285,-7.459216,20.837614,-8.166438,21.3975,-7.252587,19.330862,-7.9851975,20.406448,-11.889638,-3.0454843,-12.038644,1.0,-8.506522,21.82528,-8.833611,22.783556,-18.373903,20.945148,-18.17638,21.44537,-19.570019,16.35405,-19.428627,17.487185,-21.794445,29.388418,-21.635038,29.634237
2210.jpg,5.349678,4.480821,6.2551403,3.052655,6.273375,2.5378969,6.299489,1.9845741,6.2866344,3.445,6.3233,3.2897992,6.3693376,3.0846455,5.9670625,-1.7901978,6.019549,-0.46761087,4.323638,3.1622512,4.3068895,3.6683335,1.0,-6.5637274,0.0,-0.0,-6.201709,1.2737626,-7.032096,5.019484,-8.256872,19.224846,-9.18727,21.792124,-9.186459,24.128635,-9.826316,26.514385,-8.577243,25.50838,-9.252094,27.271952,-8.318086,23.637419,-9.053561,25.914816,-13.811622,-4.1523743,-13.721856,1.0,-9.922708,27.633238,-10.150752,28.8369,-21.026436,26.340467,-20.671053,27.158049,-22.32346,20.502398,-22.034388,22.40539,-24.792831,37.266277,-24.53338,37.767494
2211.jpg,6.4826245,4.732188,7.6188445,3.0048342,7.6383843,2.414756,7.660186,1.7526524,7.6346226,3.4536042,7.6562223,3.296515,7.686734,3.1021,7.2166114,-2.5368087,7.2742085,-0.81801915,5.241316,3.3300524,5.22815,3.9636502,1.0,-7.841342,0.0,-0.0,-7.7812243,1.2354944,-8.601812,4.988344,-10.105604,21.88808,-11.273439,24.08769,-11.187398,27.338362,-12.047163,29.421635,-10.452188,29.095848,-11.345196,30.150488,-10.187122,26.969158,-11.105507,28.241352,-16.873852,-4.7503633,-16.691454,1.0,-12.179532,30.728237,-12.4790945,32.334644,-25.602674,29.302279,-25.184256,30.079556,-27.16959,22.715502,-26.83318,24.466213,-30.162556,41.900433,-29.827242,42.195183
2212.jpg,5.0470715,6.7958946,5.885172,4.2351213,5.902836,3.3522625,5.930598,2.3768795,5.910506,4.950801,5.9380894,4.7312226,5.978406,4.4493847,5.632892,-4.0341105,5.664791,-1.3583293,4.072572,4.541996,4.065915,5.4913106,1.0,-12.110147,0.0,-0.0,-5.7392044,1.0723827,-6.581649,7.5044236,-7.6736345,32.65641,-8.571258,36.13679,-8.524848,41.180573,-9.137883,43.798588,-7.9511676,43.839745,-8.573657,45.21164,-7.731644,40.65354,-8.3929825,43.032032,-12.736569,-7.438929,-12.803981,1.0,-9.125012,46.05948,-9.454301,47.97325,-19.506136,43.81308,-19.281075,44.91316,-20.768053,33.914505,-20.596786,36.66739,-23.069715,62.093746,-22.881254,62.67802
2213.jpg,5.085064,6.077562,6.0031133,3.932487,6.0202317,3.1851938,6.0432115,2.321324,6.023974,4.517345,6.045307,4.32638,6.0760407,4.094409,5.7515926,-3.41382,5.7893734,-1.0740931,4.1169767,4.081373,4.1095343,4.9242425,1.0,-10.821153,0.0,-0.0,-5.9814687,0.9521187,-6.869833,7.145355,-7.9873786,28.891684,-8.94058,32.287613,-8.882119,36.37843,-9.5540905,39.100834,-8.267884,38.77226,-8.948706,40.284534,-8.044007,35.95898,-8.755634,38.28497,-13.282404,-6.5155406,-13.373465,1.0,-9.480786,40.97155,-9.884191,42.629208,-20.305988,38.820004,-20.097427,39.813034,-21.653597,29.934105,-21.497707,32.364727,-24.039057,55.388664,-23.853094,55.886456
2214.jpg,4.561129,6.513993,5.30647,4.272147,5.3226614,3.5255377,5.3435287,2.7150097,5.322973,4.848197,5.348276,4.6033006,5.381103,4.298756,5.041673,-2.995792,5.077017,-0.9870786,3.698119,4.4026437,3.6883795,5.1488776,1.0,-10.602268,0.0,-0.0,-4.959848,1.5912554,-5.8807178,7.3961363,-6.6792936,29.155588,-7.537087,32.38797,-7.427478,36.721767,-8.062188,39.455925,-6.913131,39.24496,-7.5344734,40.933186,-6.707149,36.25223,-7.3741813,38.751835,-11.117296,-6.5370197,-11.31575,1.0,-7.9735227,41.614548,-8.275496,42.972656,-17.184217,39.49985,-16.996782,40.535473,-18.321512,30.779993,-18.207333,33.043316,-20.346199,56.192287,-20.208939,56.54611
2215.jpg,7.3235726,4.940395,8.75518,3.2437756,8.772559,2.722001,8.804678,2.123158,8.803572,3.6041548,8.848869,3.4299476,8.908264,3.210465,8.316385,-1.8713105,8.403387,-0.44813707,5.9014606,3.5228083,5.903877,4.1400166,1.0,-6.801071,0.0,-0.0,-9.413151,1.7690362,-10.377091,4.5933332,-12.248377,21.44463,-13.698497,22.654808,-13.531467,26.767353,-14.555338,27.809572,-12.625923,28.223288,-13.733335,28.458584,-12.288921,26.161297,-13.467632,26.50872,-20.305561,-3.9318612,-20.184288,1.0,-14.473401,29.65791,-14.956201,31.138103,-30.722122,28.042702,-30.206102,28.698006,-32.613922,21.989717,-32.33902,23.57621,-35.802376,40.592686,-35.573975,40.785774
2216.jpg,5.4315147,8.228757,6.4176517,4.9253464,6.436115,3.769452,6.453303,2.4555745,6.4308963,5.926242,6.448785,5.7041783,6.47234,5.4188657,6.050215,-5.3736305,6.0850773,-1.6686847,4.422182,5.4303985,4.4165726,6.844532,1.0,-14.6479645,0.0,-0.0,-6.336051,2.1053293,-7.2699413,9.518397,-8.464282,40.26866,-9.562207,43.753803,-9.412415,50.293987,-10.204071,52.953762,-8.780962,53.405712,-9.60232,54.502644,-8.536266,49.521614,-9.389919,51.79,-14.095713,-9.062268,-14.190565,1.0,-10.034339,55.812214,-10.470012,58.133724,-21.520264,53.1728,-21.385916,54.7136,-22.896084,41.05165,-22.833363,44.217503,-25.372055,75.88917,-25.235867,76.56016
2532.jpg,6.833779,5.032648,7.932639,3.2382143,7.937301,2.6141756,7.940901,1.9126548,7.9674215,3.7876048,7.993229,3.6445515,8.0205345,3.4727952,7.400747,-2.63123,7.500757,-0.71670246,5.45719,3.3643627,5.4559135,4.1034007,1.0,-8.176213,0.0,-0.0,-8.146241,2.5685928,-8.931411,5.267841,-10.733808,25.264944,-11.676152,25.945478,-12.025475,32.285095,-12.540574,32.197575,-11.246379,34.105137,-11.936889,33.832027,-10.888819,31.366247,-11.699938,31.46368,-17.894764,-5.238027,-17.59228,1.0,-12.973558,33.31646,-13.2466955,34.77518,-27.243746,32.568905,-26.684679,33.197327,-28.510244,25.299267,-28.099285,26.908447,-33.240475,42.736767,-32.567722,42.521336
2533.jpg,6.6909723,4.1144147,7.76237,2.703065,7.7731805,2.2553544,7.792227,1.764657,7.813719,3.0756285,7.857319,2.9481778,7.9097996,2.7914083,7.284474,-1.7208488,7.4124317,-0.39060214,5.3450837,2.868377,5.3304133,3.3364012,1.0,-6.0175385,0.0,-0.0,-7.709889,1.9829713,-8.614401,3.9660938,-10.128908,19.34197,-11.218364,19.512474,-11.369797,24.623613,-12.177165,23.88854,-10.647365,25.997913,-11.503749,24.74271,-10.331416,23.951084,-11.229106,23.470818,-17.18668,-3.5259063,-16.894176,1.0,-12.238618,25.570272,-12.470467,26.425745,-26.145033,24.660513,-25.60688,25.175686,-27.332054,18.876749,-26.93444,20.175602,-31.779684,32.81816,-31.131847,32.564976
2534.jpg,5.6888094,4.175197,6.5866613,2.850098,6.591259,2.4369423,6.59502,1.9897492,6.624042,3.183482,6.6559815,3.035815,6.684695,2.8719637,6.1641016,-1.3663357,6.250956,-0.1086656,4.532184,2.8822327,4.5459127,3.3196058,1.0,-5.6604133,0.0,-0.0,-6.4540358,2.1004076,-7.2270727,4.0473495,-8.607808,18.644184,-9.462227,18.948952,-9.623192,23.394028,-10.302568,22.874468,-8.986303,24.775255,-9.737517,24.114473,-8.746674,22.906649,-9.52304,22.505207,-14.314883,-3.2477875,-14.175747,1.0,-10.435271,24.750597,-10.700105,25.308825,-22.0368,23.360258,-21.5786,23.900211,-23.168432,17.82738,-22.753824,19.279634,-26.98468,30.969105,-26.327843,30.721254
2535.jpg,6.203719,5.6701407,7.1743865,3.7352946,7.183263,3.137955,7.20158,2.473729,7.215501,4.2044244,7.2495785,4.0026317,7.29403,3.754042,6.746701,-2.3722918,6.85048,-0.6485011,4.972047,3.9531248,4.954343,4.549266,1.0,-8.362169,0.0,-0.0,-6.93682,2.7400236,-7.8251047,5.6596403,-9.266182,26.337442,-10.223598,26.862123,-10.389469,33.256718,-11.063696,32.979885,-9.694941,35.03592,-10.430076,34.10429,-9.42554,32.233997,-10.184538,32.334667,-15.647377,-5.176922,-15.394793,1.0,-11.334365,35.267586,-11.5973625,36.39401,-24.001575,33.923565,-23.48075,34.533905,-25.171917,25.584637,-24.733511,27.338211,-29.166409,45.32246,-28.507933,44.828197
2536.jpg,6.255766,5.128793,7.2073693,3.4255674,7.2149944,2.8684847,7.2319574,2.2393878,7.2528453,3.883375,7.28958,3.7102344,7.334761,3.5099406,6.770514,-2.323773,6.898004,-0.41153714,4.9782276,3.4924235,4.9826226,4.0890303,1.0,-7.820758,0.0,-0.0,-6.978333,2.4416995,-7.940868,5.3982234,-9.3515625,24.27921,-10.457617,24.886803,-10.5266905,30.178288,-11.355024,30.222588,-9.818988,32.072636,-10.670484,31.21356,-9.509763,29.657623,-10.386816,29.699345,-15.81586,-4.6874275,-15.561951,1.0,-11.324981,31.784935,-11.649687,32.661755,-24.24336,30.983438,-23.749012,31.469545,-25.478065,23.46281,-25.051342,24.85338,-29.36875,41.12226,-28.746004,40.67605
2537.jpg,6.234022,5.7045603,7.2036057,3.6153047,7.2125216,3.0008352,7.234332,2.303604,7.2481637,4.0927587,7.2838693,3.9023914,7.3334413,3.6675918,6.7716823,-2.6419804,6.8935876,-0.6465746,4.974492,3.9692557,4.967034,4.6048636,1.0,-9.014051,0.0,-0.0,-6.9549,2.1553385,-7.8888974,6.1088715,-9.255988,26.204662,-10.314004,28.074705,-10.4188385,32.65311,-11.1455965,34.27053,-9.750406,34.280025,-10.499222,35.13913,-9.4327545,31.672657,-10.239917,32.83938,-15.790264,-5.4642506,-15.589454,1.0,-11.4391985,35.61521,-11.744787,37.408905,-24.360369,34.512215,-23.763428,35.13979,-25.551012,26.13079,-25.074146,27.759745,-29.515642,46.266647,-28.791235,45.779846
2538.jpg,6.1447797,4.8355427,7.1999245,3.0419378,7.211566,2.501957,7.2351546,1.8557082,7.2326484,3.5071216,7.2554965,3.394507,7.290264,3.2556438,6.811475,-2.38684,6.89426,-0.37889796,4.941466,3.360408,4.9316115,3.9910362,1.0,-7.573816,0.0,-0.0,-7.088481,2.0110526,-7.9837093,5.4181385,-9.429468,22.152624,-10.43901,24.112707,-10.598606,27.475939,-11.317171,29.55465,-9.935029,28.745424,-10.658763,30.209642,-9.615088,26.676445,-10.379785,28.285898,-16.125818,-4.5908365,-15.861984,1.0,-11.681641,30.36826,-11.873363,31.95043,-24.618425,29.560972,-24.100492,29.98524,-25.804953,22.152658,-25.386866,23.163769,-29.83889,39.096924,-29.213076,38.634094
2539.jpg,5.8916645,4.3259273,7.002884,2.7588224,7.0205703,2.3173742,7.049384,1.7670691,7.018137,3.1458278,7.035809,3.0339751,7.0615444,2.896641,6.6483703,-1.8548248,6.682252,-0.29772675,4.782899,2.973164,4.750709,3.5662048,1.0,-6.8328733,0.0,-0.0,-7.028599,1.8743634,-7.898459,5.122522,-9.260987,19.231022,-10.359069,21.378471,-10.420953,24.069532,-11.239966,26.09535,-9.7240305,25.19765,-10.56968,26.675793,-9.410359,23.300417,-10.288685,25.32839,-15.828532,-3.8669276,-15.531961,1.0,-11.310815,26.35038,-11.56066,27.605204,-24.08438,25.580296,-23.538374,25.730621,-25.183336,19.3812,-24.778864,20.022455,-29.204628,33.663956,-28.544327,33.22602
2540.jpg,5.741833,3.6014369,6.7477837,2.276914,6.7593794,1.8825688,6.7838373,1.4017464,6.7735863,2.607986,6.79214,2.5205343,6.8197317,2.4143662,6.4125924,-1.8277322,6.4648275,-0.3227226,4.649728,2.5046008,4.623322,2.9680808,1.0,-5.971708,0.0,-0.0,-6.5182753,1.441989,-7.40313,4.397276,-8.719071,16.690254,-9.703592,18.739124,-9.786839,20.71218,-10.501962,22.894823,-9.148634,21.603733,-9.825344,23.46087,-8.84678,20.045044,-9.568595,22.280914,-14.906394,-3.3299153,-14.690476,1.0,-10.737387,22.949677,-11.014843,24.156786,-22.913584,22.425934,-22.412554,22.828367,-24.032244,16.866974,-23.61531,17.884422,-27.740557,29.915922,-27.123999,29.653126
693.jpg,6.187685,3.379331,7.334283,1.9695592,7.3568816,1.4842366,7.378132,0.9666831,7.2981844,2.4964283,7.308864,2.4015594,7.327635,2.2840042,7.0126586,-2.1395545,6.920502,-0.44267315,5.0423045,2.2791257,4.9880157,2.994112,1.0,-5.2629976,0.0,-0.0,-7.6204395,1.570316,-8.655407,4.1952267,-10.441984,18.28285,-11.166239,17.55949,-11.415796,21.94773,-11.866865,21.154537,-10.470789,22.703245,-11.046945,21.924356,-10.223552,21.416178,-10.831608,20.394407,-16.74358,-3.2668068,-16.371824,1.0,-11.76239,23.320198,-11.932827,24.385508,-24.895521,30.107391,-24.265574,30.347626,-26.993967,26.899141,-26.634584,27.137545,-28.21256,41.149845,-27.724737,40.59892
694.jpg,5.313672,3.622469,6.2761116,2.2574837,6.309471,1.7631257,6.352513,1.2580035,6.2377334,2.8489783,6.2437525,2.7615297,6.2667084,2.6397195,6.0692225,-2.2316315,5.965829,-0.3942338,4.30145,2.3255851,4.2579203,3.1697104,1.0,-5.764824,0.0,-0.0,-6.695287,1.7398344,-7.5960817,4.671863,-9.13536,19.472998,-9.815282,19.13457,-10.06262,23.764704,-10.475865,23.78096,-9.234083,24.703728,-9.744975,24.121346,-9.001362,23.214567,-9.547242,22.486805,-14.570217,-3.5014846,-14.191162,1.0,-10.312563,25.917942,-10.32388,26.94849,-21.787703,33.011356,-21.126799,33.2113,-23.60023,29.34406,-23.234438,29.584452,-24.667336,44.933086,-24.247963,44.277275
695.jpg,5.6278763,2.8900204,6.7030635,1.7892379,6.727223,1.376925,6.751201,0.954093,6.6869674,2.170565,6.7044916,2.072205,6.727093,1.9477329,6.3718767,-1.6288277,6.347386,-0.33772823,4.6262207,2.0423055,4.5933475,2.5708222,1.0,-4.606003,0.0,-0.0,-6.7587132,1.0577625,-7.6132092,3.6792011,-9.325583,15.133905,-9.949609,14.981606,-10.212484,18.423676,-10.604353,18.095509,-9.361125,19.106178,-9.887791,18.799314,-9.133927,17.990631,-9.695246,17.449095,-15.090221,-2.6478364,-14.64453,1.0,-10.483781,19.505806,-10.506922,20.429821,-22.350006,25.427662,-21.726809,25.564276,-24.188568,22.650509,-23.829618,22.914188,-25.459702,34.758686,-25.038034,34.332703
696.jpg,5.8384323,3.393333,6.9096527,1.6769634,6.9327993,1.1345571,6.960045,0.54759765,6.904823,2.2939687,6.920741,2.2172809,6.945668,2.1184943,6.516513,-2.4408817,6.4879317,-0.51881415,4.7907505,2.296173,4.772514,3.0963597,1.0,-5.484128,0.0,-0.0,-7.2208624,2.1329837,-7.783522,3.856038,-9.483194,19.561981,-10.135299,17.612045,-10.364114,23.601707,-10.946525,22.26947,-9.509418,24.325241,-10.198739,22.47955,-9.280237,22.908503,-10.001668,21.444935,-15.361413,-3.2858171,-14.797172,1.0,-10.841335,24.142076,-10.797819,25.427637,-22.898422,31.75966,-22.256187,31.814302,-24.714666,28.430063,-24.37131,28.559847,-26.092192,43.172024,-25.64047,42.37671
697.jpg,5.005521,4.1598315,5.899141,1.984926,5.9103975,1.3785045,5.927087,0.703423,5.903164,2.5528352,5.921804,2.3613424,5.951844,2.153403,5.5496173,-3.2292776,5.527479,-1.1538957,4.150822,2.8484035,4.112608,3.7268023,1.0,-7.600685,0.0,-0.0,-5.899163,2.1698027,-6.4030395,5.176818,-7.8293114,25.342703,-8.445559,23.935562,-8.5594425,30.473982,-9.128866,29.610128,-7.7910805,31.37081,-8.413744,29.934132,-7.614357,29.502357,-8.239795,28.431246,-12.66537,-4.954004,-12.306913,1.0,-8.822072,31.266829,-8.862253,33.106197,-18.864212,41.538982,-18.386541,41.63977,-20.423428,37.12709,-20.175287,37.335007,-21.523308,56.784946,-21.20567,55.95302
698.jpg,4.9487467,3.6523623,5.908459,2.0292623,5.9444394,1.4964463,5.987783,0.9224868,5.9072976,2.5287313,5.9376063,2.3848207,5.9729104,2.1964376,5.6024785,-2.5116465,5.5398707,-0.7977941,4.1200852,2.4420922,4.085035,3.1619332,1.0,-6.672279,0.0,-0.0,-6.049139,2.0146742,-6.5736694,4.6326756,-8.0076,21.355032,-8.487298,19.697247,-8.796267,25.445066,-9.270659,24.162823,-7.93472,25.998547,-8.457891,24.327568,-7.734657,24.572496,-8.271736,23.36369,-12.857761,-3.9278054,-12.547053,1.0,-8.733174,25.855085,-8.826796,27.437386,-18.983408,33.959557,-18.563671,34.03906,-20.7867,30.186556,-20.55452,30.39076,-21.791931,47.38711,-21.491007,46.681973
699.jpg,4.4344654,5.8720684,5.272217,3.1065378,5.306604,2.193924,5.3443484,1.2604479,5.2489047,4.0198493,5.274109,3.7610126,5.3123264,3.4348881,5.1088324,-4.714305,5.0435596,-1.9091257,3.6462476,3.3565543,3.6117887,4.7167296,1.0,-12.045595,0.0,-0.0,-5.2612243,1.6755863,-5.938049,6.6604214,-7.33351,34.330128,-7.8124704,33.307953,-8.173765,41.094612,-8.571632,39.48369,-7.4036207,42.001595,-7.784166,39.663578,-7.208312,40.08338,-7.6289515,38.024467,-11.694672,-7.492625,-11.565766,1.0,-8.001204,44.292305,-8.194265,46.841408,-17.325687,58.204224,-16.974583,58.832767,-19.011864,51.130093,-18.75139,52.127567,-19.865414,80.14925,-19.533274,78.774475
700.jpg,4.590358,8.344486,5.4616895,4.5395384,5.4890146,3.3232543,5.519449,2.0972195,5.449969,5.6846776,5.4754915,5.2839456,5.508435,4.785666,5.2621226,-5.6763735,5.2055116,-2.2844498,3.7173085,4.6115823,3.6950266,6.495125,1.0,-15.207148,0.0,-0.0,-5.535697,4.054953,-6.240552,8.469182,-7.564039,46.26396,-8.022867,43.63016,-8.392946,55.34118,-8.846367,53.278774,-7.5664425,56.343872,-7.9776917,53.595325,-7.357553,53.167553,-7.8113685,51.49197,-12.082255,-9.730056,-12.00947,1.0,-8.079662,58.77738,-8.39175,61.388615,-17.751066,76.72103,-17.439737,77.640526,-19.54628,67.13885,-19.269793,68.77283,-20.347029,105.66548,-19.952574,104.527245
701.jpg,4.7984266,9.624175,5.764712,5.2957015,5.786162,3.970358,5.8052754,2.543462,5.775778,6.749211,5.80444,6.431541,5.8297205,6.028359,5.468098,-6.470807,5.4317803,-1.7908893,3.7591307,5.1452327,3.757238,7.5283203,1.0,-17.193789,0.0,-0.0,-6.097132,5.689773,-6.714674,11.192557,-8.334909,57.243782,-8.727172,55.60244,-9.181351,67.264496,-9.554233,64.85731,-8.298353,68.0617,-8.734367,67.407394,-8.085742,65.43896,-8.49227,63.535046,-13.20558,-10.53661,-13.065543,1.0,-8.989571,69.30689,-9.21614,70.80295,-19.251787,89.70528,-18.932772,90.71862,-21.158049,78.956116,-20.868198,80.804726,-22.254225,124.40599,-21.887949,122.772736
702.jpg,5.534223,5.3058047,6.6552176,3.006729,6.6862645,2.2967923,6.719219,1.5293887,6.6793027,3.7899146,6.720096,3.6108258,6.760314,3.3848772,6.3246536,-3.4336288,6.3087683,-1.023038,4.30251,2.9671252,4.3083735,4.2609177,1.0,-9.375284,0.0,-0.0,-7.33764,1.9433709,-8.065495,5.930291,-9.941133,28.964085,-10.465898,28.620392,-10.969033,35.08849,-11.404332,34.024918,-9.9233,35.31983,-10.395871,34.31521,-9.671156,33.367367,-10.165925,32.3922,-15.63948,-5.172576,-15.506219,1.0,-10.605354,36.441086,-10.85814,37.462708,-22.909166,47.40069,-22.575144,48.25458,-25.217001,41.20118,-24.868721,42.594963,-26.58563,66.34959,-26.018984,65.70315
703.jpg,4.206759,3.3837996,5.0607414,2.1037288,5.0885396,1.6786768,5.126877,1.2410269,5.0441957,2.5538695,5.0604863,2.4271452,5.0962234,2.2712836,4.9037714,-1.6958755,4.8488226,-0.46740073,3.3470812,2.0172753,3.3166978,2.7157426,1.0,-5.0663104,0.0,-0.0,-5.08623,1.0365213,-6.0449605,2.9965801,-7.198346,16.433218,-7.9594903,15.846814,-7.977627,19.602406,-8.515599,19.353306,-7.27963,19.61279,-8.067369,18.711946,-7.1297016,18.771832,-7.8028674,17.958664,-11.667366,-2.7398422,-11.769677,1.0,-7.9498997,20.515118,-8.322745,21.95729,-17.249353,27.02821,-17.062689,27.687954,-18.950642,23.494751,-18.771545,24.36835,-19.923536,37.437344,-19.575102,37.223392
704.jpg,4.388193,3.7476168,5.267806,2.140858,5.28826,1.6376598,5.309912,1.07049,5.289324,2.7564738,5.319871,2.6721768,5.3479347,2.5642207,5.00761,-2.4296837,4.993593,-0.44133034,3.415302,2.1233788,3.430005,3.0615954,1.0,-6.3311105,0.0,-0.0,-5.230816,1.1699837,-6.103206,3.5723262,-7.314135,20.561956,-7.863609,19.259258,-8.101807,24.775888,-8.608519,23.499516,-7.3774033,24.83027,-7.862101,23.500343,-7.2075944,23.477886,-7.6741867,21.845993,-11.861381,-3.4250722,-11.853562,1.0,-8.010465,24.676554,-8.273469,26.154196,-17.457138,33.06387,-17.20311,33.687298,-19.216805,28.93787,-18.994507,29.91358,-20.116095,45.512806,-19.85665,45.24509
705.jpg,4.4064946,4.751985,5.298557,2.6325474,5.321084,1.9971595,5.3423038,1.2775685,5.3168454,3.3566957,5.348408,3.2322066,5.3769784,3.077929,5.0403404,-3.1738029,5.0221653,-0.7220363,3.4368222,2.6222968,3.4547284,3.823406,1.0,-8.268503,0.0,-0.0,-5.287138,1.6301144,-6.1262627,4.7509604,-7.316871,26.288387,-7.8800955,25.454706,-8.121884,31.856419,-8.590709,30.700151,-7.362913,31.984686,-7.795099,30.798212,-7.1836457,30.243853,-7.6414857,28.813168,-11.882148,-4.674439,-11.8541155,1.0,-7.9165797,31.992022,-8.168655,33.764854,-17.430475,43.411148,-17.181519,44.26123,-19.20684,38.0245,-18.976336,39.347347,-20.218964,59.691154,-19.919666,59.424614
706.jpg,4.4050794,3.9143996,5.2927155,2.4174712,5.325599,1.9495931,5.358839,1.4664185,5.293908,2.8526034,5.321804,2.6748168,5.3483114,2.4655595,5.0927186,-1.914372,5.0041203,-0.5957657,3.4603915,2.308584,3.437297,3.0515707,1.0,-6.2629066,0.0,-0.0,-5.353449,0.78873813,-6.123072,3.393935,-7.3255215,18.699766,-8.013439,19.009403,-8.161744,23.397131,-8.765214,23.073269,-7.362004,23.195448,-7.9896894,23.258638,-7.176717,22.093323,-7.779614,21.684553,-11.872461,-3.341847,-11.792597,1.0,-7.994042,24.229939,-8.228156,25.795555,-17.52935,32.41022,-17.197926,33.134315,-19.271774,28.117422,-18.948864,29.32171,-20.20405,44.721935,-19.817211,44.486797
707.jpg,4.616211,4.3610725,5.5331683,2.5712388,5.55911,2.0181134,5.583473,1.4474974,5.541592,3.153335,5.5694566,2.9872324,5.596248,2.7799103,5.299962,-2.278945,5.252984,-0.6437647,3.6593552,2.5144596,3.654547,3.4608567,1.0,-6.9552617,0.0,-0.0,-5.7224026,1.5202309,-6.439877,4.3668127,-7.7646317,22.249228,-8.349929,22.806297,-8.619026,26.85332,-9.183163,26.652826,-7.816821,26.96834,-8.4010725,26.825863,-7.6271563,25.509737,-8.1462755,25.912226,-12.503733,-3.8295481,-12.506178,1.0,-8.497446,27.42547,-8.7491665,28.908447,-18.46423,36.817623,-18.172724,37.492546,-20.314442,32.263405,-20.039503,33.432186,-21.232346,50.043316,-20.926424,49.914043
708.jpg,4.8132734,3.8995264,5.749334,2.308732,5.782234,1.7856665,5.82582,1.23464,5.7322783,2.8145564,5.7604046,2.6500697,5.802904,2.4498932,5.5892963,-2.1407247,5.533571,-0.61312586,3.8951447,2.3070786,3.8604796,3.1241245,1.0,-6.3516026,0.0,-0.0,-5.9559784,0.87636787,-6.7317753,3.8074222,-7.997607,19.154158,-8.633476,19.735931,-8.9029455,23.570692,-9.427935,23.40876,-8.130718,23.824404,-8.632328,23.46496,-7.9096036,22.371946,-8.442433,22.508806,-13.147483,-3.546456,-13.053862,1.0,-8.839317,25.296675,-9.078319,26.192448,-19.154646,32.4991,-18.739748,33.06891,-21.02576,28.282991,-20.650427,29.402824,-21.958935,44.32718,-21.574514,44.125626
709.jpg,4.9373565,4.7117906,5.8945885,2.810847,5.9352746,2.1958785,5.983248,1.5302364,5.8659635,3.3597853,5.8937635,3.1476886,5.935637,2.8937986,5.714309,-2.6038425,5.6442375,-0.8064465,4.024607,2.834834,3.9772646,3.739169,1.0,-7.943134,0.0,-0.0,-6.2371964,0.8581636,-6.8788137,4.8241844,-8.355148,24.07508,-8.90662,24.58209,-9.263389,29.14914,-9.694048,29.026289,-8.4484,29.617283,-8.886049,29.76158,-8.220538,27.901001,-8.693768,27.96001,-13.535542,-4.400819,-13.449505,1.0,-9.10757,30.674988,-9.360272,32.254105,-19.926329,39.705734,-19.587223,40.289368,-21.811726,34.825386,-21.563272,35.77739,-22.705828,54.537544,-22.4069,54.14896
710.jpg,4.6238375,5.800887,5.498992,3.328412,5.5381393,2.5412796,5.5835667,1.6749711,5.4690924,4.057735,5.4944506,3.7964358,5.534176,3.4739442,5.3133626,-3.7129714,5.2490225,-1.3839363,3.8195808,3.4453216,3.7676175,4.661305,1.0,-10.513904,0.0,-0.0,-5.58999,1.4862303,-6.189052,6.03116,-7.6467566,30.591358,-8.06058,29.428732,-8.435513,36.809776,-8.717018,35.585365,-7.669211,37.515163,-8.012778,35.876534,-7.468231,35.31295,-7.866227,34.5226,-12.401946,-6.0288453,-12.292965,1.0,-8.163404,39.756657,-8.447028,41.807446,-18.06295,51.607338,-17.828876,52.36782,-19.868513,45.234783,-19.68958,46.52515,-20.652822,70.823616,-20.427479,70.33128
