1136.jpg,0.5293319,-0.1754741,0.58498275,-0.23700583,0.6199084,-0.2400888,0.6597642,-0.24277447,0.45708615,-0.22959349,0.4070652,-0.22876708,0.3561584,-0.22883925,0.71931636,-0.22593936,0.2783293,-0.21519096,0.60581297,-0.11791823,0.45526865,-0.11749697,1.0,-0.0074972385,0.0,0.0,0.9684598,-0.41881043,-0.07732957,-0.38098434,0.97821486,-0.8794194,-0.14087784,-0.784701,0.99445444,-0.97456646,-0.18868528,-0.8501956,0.91438013,-0.9745794,-0.12752143,-0.86984754,0.8748734,-0.9423522,-0.08899767,-0.8474148,0.80385536,0.9963219,0.12793829,1.0,0.74658203,1.6776103,0.18811797,1.7033876,0.6481466,2.352541,0.19082777,2.3415768,0.5844403,2.4239745,0.21548878,2.3985648,0.8257359,2.5340858,0.113928705,2.5447783
1140.jpg,0.5495344,-0.19266123,0.60038877,-0.2549395,0.6387545,-0.25480127,0.68568885,-0.25565925,0.4784637,-0.25650525,0.43157843,-0.25610667,0.37903726,-0.2548758,0.7437079,-0.24045447,0.29680878,-0.2281221,0.6167957,-0.13314754,0.46707466,-0.13254416,1.0,-0.013659433,0.0,0.0,0.9632786,-0.48373345,-0.016658543,-0.42430243,0.6234214,-0.94759315,0.16404113,-0.8057869,0.5506048,-1.0368211,0.23048817,-0.9386057,0.49964318,-1.0378512,0.25668803,-0.9462484,0.51170677,-1.00457,0.25964653,-0.9146723,0.78483665,0.9985063,0.11061253,1.0,0.7450362,1.7591572,0.2416094,1.7877997,0.6117237,2.455182,0.20076421,2.4376605,0.5629055,2.5322266,0.2242476,2.5005586,0.7594744,2.6623106,0.24506527,2.6513724
1143.jpg,0.55126995,-0.17404006,0.60165274,-0.23955958,0.6343222,-0.24118824,0.674633,-0.24304517,0.47658393,-0.2373652,0.42850402,-0.23762663,0.37257847,-0.23784345,0.7358911,-0.22743924,0.28404984,-0.21726476,0.61949134,-0.11291156,0.47220692,-0.11562394,1.0,-0.0074675144,0.0,0.0,0.9655281,-0.45211816,0.03269726,-0.4108943,0.60767996,-0.88608116,0.31843346,-0.8131455,0.5334069,-0.99813837,0.36732504,-0.9189558,0.5051296,-1.009027,0.36838228,-0.92934495,0.51538324,-0.9620196,0.36419365,-0.8830136,0.8298052,0.99107134,0.13569468,1.0,0.7724187,1.7261825,0.2080349,1.7627363,0.68319106,2.4152637,0.24005845,2.4135156,0.619091,2.491707,0.2656149,2.47552,0.8687921,2.609624,0.26595134,2.620389
1145.jpg,0.55167073,-0.18455145,0.59951407,-0.24299072,0.6417093,-0.2437091,0.68781203,-0.2454767,0.48547038,-0.24500358,0.43797874,-0.24549861,0.39277092,-0.24591817,0.75112855,-0.23724866,0.300446,-0.22483268,0.61355346,-0.12719966,0.47050393,-0.12634295,1.0,-0.018305184,0.0,0.0,0.9777668,-0.47753796,-0.0020185774,-0.42174146,0.6689228,-0.9133514,0.23280078,-0.8160896,0.60144114,-1.009487,0.32023093,-0.9174503,0.5512784,-1.000639,0.32649344,-0.9302756,0.5574909,-0.9673529,0.32029366,-0.90106636,0.81604254,0.99549305,0.12340779,1.0,0.77774715,1.7506167,0.20778465,1.7611926,0.67040837,2.433601,0.2637896,2.4236724,0.6273369,2.5087905,0.27549684,2.5011656,0.7309267,2.655272,0.3303713,2.6380143
1147.jpg,0.5395263,-0.21084514,0.59683114,-0.2640291,0.6317656,-0.26374868,0.6767546,-0.2637202,0.47578296,-0.26504514,0.42937052,-0.26471996,0.37498975,-0.26486406,0.7351912,-0.24175453,0.29398808,-0.23693311,0.6068384,-0.14903358,0.45394143,-0.14906971,1.0,-0.014211021,0.0,0.0,1.0003011,-0.44395095,-0.04626782,-0.40770692,0.84405917,-0.8952942,0.07576357,-0.7833899,0.81561285,-0.9954629,0.1029441,-0.8987229,0.73179114,-0.9987307,0.15637118,-0.91559535,0.7135436,-0.9643174,0.17396569,-0.88668334,0.8236749,0.9875547,0.15939811,1.0,0.7564298,1.7167416,0.18561432,1.7539039,0.6770636,2.4109347,0.29614684,2.395954,0.6364299,2.473718,0.32912824,2.4649742,0.70799494,2.6333153,0.34315985,2.6372633
1341.jpg,0.5161788,-0.17789204,0.5902144,-0.23432523,0.63025385,-0.2339695,0.670749,-0.23280881,0.4504584,-0.23490456,0.39637414,-0.23410489,0.348349,-0.23337348,0.73224205,-0.20698525,0.27204168,-0.21203819,0.60257006,-0.10574107,0.4212192,-0.11022061,1.0,0.022724256,0.0,0.0,1.142788,-0.40123203,-0.013916579,-0.3896959,1.1890967,-0.8348777,-0.13320872,-0.77765393,1.196659,-0.92653817,-0.17531413,-0.86512196,1.1645073,-0.9326683,-0.12547748,-0.863333,1.1501503,-0.89696443,-0.09611292,-0.8369545,0.7817413,0.9992845,0.11615756,1.0,0.7327683,1.738646,0.20279287,1.7522498,0.6387483,2.3955286,0.3020885,2.4005642,0.59214085,2.463596,0.2939435,2.4721751,0.69568205,2.6124926,0.34590125,2.5831487
1346.jpg,0.5349261,-0.20828299,0.6113712,-0.27062607,0.6527623,-0.27091703,0.6861753,-0.27133125,0.47322363,-0.26923588,0.41772658,-0.26873514,0.3724813,-0.26859412,0.7462392,-0.24466865,0.29356396,-0.24535593,0.6103701,-0.13508385,0.43927372,-0.13471273,1.0,-0.00021773839,0.0,0.0,1.1159483,-0.45822057,0.0423154,-0.47002223,1.1227871,-0.8800503,0.0780167,-0.8840509,1.1353378,-0.97426724,0.08888384,-0.9638417,1.0951211,-0.9723902,0.15489495,-0.96070695,1.0684465,-0.93961656,0.18633504,-0.9457097,0.8294349,0.9854763,0.15672807,1.0,0.7806549,1.7409854,0.2256421,1.7683868,0.7291437,2.3643177,0.35028362,2.4354274,0.6894639,2.4120803,0.37358952,2.4998996,0.7571382,2.5860488,0.4099013,2.6627564
1348.jpg,0.57242167,-0.17000319,0.6497926,-0.22546154,0.6837144,-0.22466752,0.7251534,-0.22410433,0.5165384,-0.22453056,0.4596106,-0.22359274,0.40114,-0.22355013,0.7719986,-0.19948296,0.30525893,-0.20428373,0.64344996,-0.09785114,0.47210652,-0.10260793,1.0,0.021812718,0.0,0.0,1.121489,-0.43452355,0.0685629,-0.4559539,1.1054589,-0.8701496,0.13249704,-0.87333924,1.1072195,-0.95784444,0.13392523,-0.9785476,1.0516183,-0.9670868,0.18815844,-0.97085255,1.0156709,-0.9345413,0.22285973,-0.9352282,0.83350843,0.973076,0.16692278,1.0,0.78335977,1.6912653,0.2557264,1.7679558,0.72908515,2.2580173,0.37840793,2.404476,0.66391015,2.3034692,0.3966214,2.461471,0.78277045,2.5110617,0.46792603,2.6274326
1351.jpg,0.549639,-0.20184654,0.6248024,-0.2568659,0.6626728,-0.2558049,0.70118666,-0.2552329,0.4940194,-0.25759566,0.4408854,-0.2572547,0.38862032,-0.25731042,0.7579786,-0.22814621,0.31293803,-0.23107435,0.62808573,-0.13234401,0.4562804,-0.13483272,1.0,-0.0021291804,0.0,0.0,1.0679322,-0.4755977,0.058683753,-0.42685518,0.9812242,-0.93319446,0.18377504,-0.807663,0.99833673,-1.0100508,0.20446506,-0.9192956,0.9288167,-1.0102273,0.25536865,-0.92420846,0.88748074,-0.98015404,0.27514735,-0.8907611,0.8475987,0.9819115,0.16944648,1.0,0.7552328,1.7102737,0.22202352,1.7660965,0.74450886,2.259888,0.34602886,2.4505541,0.69769734,2.2950826,0.3462781,2.5265012,0.7620766,2.517795,0.4196316,2.6814594
1354.jpg,0.5928635,-0.19854347,0.6537886,-0.25470042,0.6889533,-0.25377485,0.7313071,-0.25304255,0.5291906,-0.25387573,0.47992682,-0.25224608,0.42159447,-0.25058553,0.7691797,-0.2300622,0.3246562,-0.22488986,0.65849775,-0.13285412,0.4997477,-0.13373333,1.0,-0.0051185223,0.0,0.0,1.0017849,-0.46285388,0.089212954,-0.42136824,0.8496978,-0.91525733,0.28933907,-0.8176498,0.8145448,-1.0054865,0.36888522,-0.92266244,0.7514818,-1.0020375,0.40345988,-0.9319211,0.7380389,-0.9649612,0.40346235,-0.90168935,0.8583894,0.98239136,0.17537904,1.0,0.77010196,1.7232236,0.21993953,1.7702938,0.739107,2.380425,0.3177404,2.4291809,0.70015717,2.450689,0.3316954,2.5131655,0.80332595,2.5807703,0.36344028,2.6349952
1355.jpg,0.5993058,-0.21010701,0.6527383,-0.26760778,0.6873551,-0.26711336,0.7287569,-0.26688495,0.5310266,-0.26559544,0.48307863,-0.2633241,0.42634347,-0.26088554,0.7657586,-0.24283105,0.32460973,-0.23339805,0.6625993,-0.14525735,0.5122085,-0.14371206,1.0,-0.007858596,0.0,0.0,1.026477,-0.46561784,0.10291071,-0.43130147,0.8341572,-0.92881197,0.33943623,-0.84352314,0.8136838,-1.0384827,0.43129268,-0.94642097,0.76086056,-1.0374459,0.46417856,-0.95765847,0.74111897,-0.99327016,0.45693302,-0.92736036,0.84703267,0.99109215,0.1693729,1.0,0.74674726,1.7522554,0.2191046,1.7826825,0.6853691,2.41178,0.3171368,2.4229207,0.64107966,2.4803889,0.31797504,2.5046546,0.7392523,2.6289003,0.3449297,2.633276
1362.jpg,0.54965854,-0.20005503,0.59955806,-0.25853541,0.63636947,-0.25839022,0.6760248,-0.25810817,0.4781744,-0.26146328,0.43223736,-0.26295102,0.38236207,-0.26377574,0.7344208,-0.23678957,0.28636009,-0.23342314,0.6243942,-0.13473518,0.47334382,-0.13991846,1.0,-0.01026526,0.0,0.0,0.97079027,-0.43155167,0.08323552,-0.4013047,0.7024057,-0.87115055,0.37937117,-0.7971376,0.64162195,-0.97716004,0.42691642,-0.89691216,0.59959567,-0.9704462,0.42141834,-0.8847613,0.6040628,-0.9206591,0.42384782,-0.8532383,0.81071544,0.9963562,0.1166918,1.0,0.7271274,1.6810019,0.23653825,1.7102355,0.6239631,2.3514915,0.24909417,2.313279,0.5780169,2.4127574,0.25641352,2.3627799,0.5946824,2.584424,0.23379631,2.54944
1368.jpg,0.56745857,-0.1847796,0.61612374,-0.24560215,0.65416354,-0.24589987,0.6919202,-0.24580252,0.49005884,-0.24662386,0.44060746,-0.2473074,0.3897511,-0.24801658,0.74360776,-0.22376193,0.2893426,-0.21965238,0.64414704,-0.124412976,0.49018544,-0.12894288,1.0,-0.0062305876,0.0,0.0,0.9620693,-0.44771922,0.10029274,-0.4350327,0.6601425,-0.90295184,0.39629805,-0.8404198,0.61913943,-1.0166867,0.4521889,-0.9357884,0.58325917,-1.0205789,0.44873014,-0.9409004,0.58503723,-0.9496734,0.44288278,-0.89812285,0.8027975,0.9978246,0.10368156,1.0,0.76413554,1.6986291,0.31988356,1.6931579,0.6427462,2.406756,0.29130477,2.241434,0.57889175,2.472493,0.31826952,2.275076,0.65465325,2.638867,0.25235298,2.4776995
1369.jpg,0.5615039,-0.18445894,0.6119765,-0.24531403,0.6504106,-0.24570817,0.68872035,-0.24547338,0.48896876,-0.24460366,0.4410379,-0.24423972,0.39104486,-0.24377733,0.7482272,-0.21689698,0.2867418,-0.2097011,0.6431669,-0.12083441,0.48874387,-0.123581074,1.0,-0.0032091525,0.0,0.0,0.9569338,-0.45161438,0.08349269,-0.43292722,0.6427018,-0.90194154,0.39849812,-0.8383751,0.5984175,-1.0080149,0.4565901,-0.92878956,0.56632423,-1.0143278,0.45624086,-0.9324465,0.56884724,-0.9513633,0.44848093,-0.8929657,0.8001027,0.99616706,0.08764267,1.0,0.7623969,1.6912642,0.3074167,1.6888815,0.6173718,2.405921,0.27704832,2.2768972,0.53784597,2.47322,0.28691727,2.3252003,0.66087073,2.6395693,0.2880919,2.4840991
1371.jpg,0.572072,-0.20642671,0.6222898,-0.26680762,0.6583795,-0.26799732,0.7013355,-0.2695887,0.4885855,-0.2643351,0.43483618,-0.26345024,0.37317866,-0.26267555,0.7501252,-0.25097123,0.273476,-0.23791991,0.64298266,-0.14843348,0.4856207,-0.14832644,1.0,-0.012067721,0.0,0.0,0.9280157,-0.4416223,0.07048345,-0.41364035,0.67014205,-0.8853157,0.3268007,-0.79400104,0.6260919,-0.99783516,0.39198977,-0.89907104,0.58831984,-1.0131269,0.38817826,-0.88874143,0.5873841,-0.9585122,0.38598996,-0.85590374,0.79162574,1.0013928,0.09977458,1.0,0.7688336,1.729669,0.2710925,1.7420628,0.61317015,2.3832834,0.2596519,2.3192658,0.50936234,2.4477851,0.23845902,2.374911,0.6396335,2.6433742,0.2849774,2.553195
1375.jpg,0.5637124,-0.19326015,0.6093201,-0.254575,0.64345217,-0.2547361,0.6828328,-0.25494096,0.48642704,-0.2555905,0.43959376,-0.25640342,0.3872456,-0.2567982,0.73466176,-0.23020864,0.29098806,-0.22591214,0.6383705,-0.12876864,0.48754302,-0.13161166,1.0,-0.0029562153,0.0,0.0,0.9724423,-0.42142442,0.08886429,-0.39857683,0.7019803,-0.867357,0.39921182,-0.8125124,0.6606653,-0.9824992,0.45012966,-0.90253204,0.6188707,-0.9815333,0.44811437,-0.90626246,0.6145324,-0.9177189,0.44668567,-0.8630355,0.85044944,0.98263717,0.14937313,1.0,0.7684086,1.6688756,0.2079771,1.7175783,0.70251805,2.3406987,0.3066469,2.3493094,0.65573114,2.3999043,0.31842434,2.406784,0.72248816,2.5896828,0.30553433,2.582372
1377.jpg,0.57015413,-0.2075088,0.62190145,-0.26646197,0.6590423,-0.26609504,0.6981887,-0.26561126,0.4991548,-0.26895204,0.45217165,-0.26985273,0.40145063,-0.2706256,0.75002795,-0.23916012,0.3012481,-0.2370412,0.6456907,-0.1434451,0.4924965,-0.14639206,1.0,-0.006521136,0.0,0.0,0.9744419,-0.4106786,0.10337474,-0.40275252,0.6988027,-0.866967,0.4024282,-0.8091034,0.6499954,-0.9733298,0.4661397,-0.90430945,0.6157856,-0.9714855,0.46160486,-0.9041411,0.6171129,-0.9143384,0.45474485,-0.8645885,0.8356118,0.9927497,0.15657705,1.0,0.7434778,1.711084,0.20381477,1.7527332,0.74480426,2.3149345,0.35455045,2.3157473,0.7113476,2.3687825,0.39278516,2.376538,0.7506013,2.5699258,0.37374383,2.55212
1382.jpg,0.59484804,-0.210913,0.65621114,-0.26923567,0.6904365,-0.26833582,0.7306898,-0.26734146,0.52697295,-0.26825693,0.47186512,-0.26627865,0.40929255,-0.2642775,0.76561886,-0.2475607,0.30596498,-0.24119978,0.6577648,-0.14839236,0.49707544,-0.14953175,1.0,-0.01009933,0.0,0.0,1.0015277,-0.43397394,0.09627358,-0.39265168,0.76796454,-0.88457966,0.33192438,-0.7763926,0.70633125,-0.9874053,0.4346914,-0.90519214,0.66686654,-0.98376435,0.448275,-0.90826225,0.66774523,-0.94544536,0.43697736,-0.8679293,0.8792542,0.974242,0.1829804,1.0,0.8068393,1.6897646,0.26449543,1.7624623,0.80150145,2.2885168,0.40633327,2.3942776,0.75115234,2.3531034,0.43275556,2.4678664,0.89733565,2.5367377,0.4569879,2.652569
1384.jpg,0.5482121,-0.1998385,0.62458485,-0.25568852,0.6650718,-0.2555447,0.7017624,-0.25511256,0.48646078,-0.25380915,0.42729148,-0.2519654,0.3744353,-0.25116387,0.74592435,-0.2353461,0.29195803,-0.23402031,0.6251929,-0.13579637,0.44937843,-0.13803926,1.0,-0.0056182067,0.0,0.0,0.97317463,-0.4147068,0.072332226,-0.37937975,0.77849555,-0.8699749,0.26359615,-0.7429217,0.69610053,-0.96736985,0.3715361,-0.8589133,0.65807354,-0.97295946,0.40030417,-0.87474495,0.6607582,-0.936876,0.3913573,-0.84647053,0.8628697,0.9687284,0.16759893,1.0,0.7795953,1.6491783,0.23958264,1.7458458,0.8063486,2.22705,0.39552757,2.4031112,0.7366892,2.2927437,0.41375798,2.4793098,0.87152743,2.4797316,0.4687383,2.6396086
1385.jpg,0.54344004,-0.19866414,0.6228058,-0.25287658,0.66658473,-0.25339264,0.70244014,-0.25400272,0.47921473,-0.25255206,0.41822243,-0.2516983,0.36732152,-0.2514881,0.7500962,-0.23651898,0.28449395,-0.23537709,0.622971,-0.13258536,0.43956786,-0.1363097,1.0,-0.005889978,0.0,0.0,0.9470186,-0.4520119,0.056664813,-0.40399736,0.7897439,-0.91383594,0.18788782,-0.75301164,0.7255991,-1.0025277,0.29613447,-0.88932973,0.6818472,-1.009406,0.33264068,-0.9022418,0.67823964,-0.97803354,0.32455438,-0.86679816,0.8494048,0.9778506,0.17212449,1.0,0.75802743,1.6735501,0.21418741,1.7494063,0.7540241,2.27522,0.40788108,2.4312882,0.7230339,2.341206,0.46015993,2.5167315,0.8102453,2.502679,0.409598,2.6638937
1386.jpg,0.5381604,-0.2241193,0.6133275,-0.28817475,0.66070706,-0.29005748,0.6974707,-0.2919951,0.46304572,-0.2831552,0.40804946,-0.28152385,0.35680416,-0.28058967,0.73788977,-0.2655886,0.28188488,-0.25593555,0.6163434,-0.15367854,0.43760392,-0.15306439,1.0,-0.010489125,0.0,0.0,0.9455825,-0.466109,0.08415407,-0.4836346,0.8250805,-0.88987964,0.27384415,-0.89110947,0.76140577,-0.99894047,0.345617,-0.9741678,0.7219987,-1.0071968,0.38601354,-0.9762325,0.716613,-0.9721232,0.3810602,-0.951449,0.85672456,0.97942567,0.18077543,1.0,0.7786663,1.688924,0.23794442,1.7758507,0.7831573,2.2743013,0.40393764,2.4428022,0.752862,2.3285525,0.45782214,2.525957,0.782542,2.515074,0.42237392,2.6824753
1388.jpg,0.5470141,-0.20533971,0.621129,-0.26381877,0.66032284,-0.26401424,0.6959272,-0.2642221,0.4862098,-0.26002106,0.42882457,-0.2581745,0.37620845,-0.2573249,0.74014664,-0.23547965,0.2894142,-0.23646583,0.622374,-0.13641493,0.44701514,-0.13881654,1.0,0.0035248115,0.0,0.0,1.0193752,-0.4481075,0.03841456,-0.44499335,0.9207677,-0.8739747,0.15281981,-0.81976336,0.90399253,-0.9699104,0.17378832,-0.9290717,0.8270683,-0.973389,0.22570042,-0.92517984,0.8032813,-0.9389383,0.25136364,-0.8968827,0.8574436,0.9802441,0.18019792,1.0,0.7624396,1.7083623,0.2471802,1.7722365,0.76215994,2.3200228,0.3643001,2.44671,0.7325458,2.3802655,0.40562826,2.5381613,0.75215757,2.5488157,0.40199658,2.6702108
1389.jpg,0.53384745,-0.18674709,0.6071336,-0.24954192,0.64970213,-0.25110748,0.68394995,-0.25267872,0.46779954,-0.24614461,0.41162375,-0.24518964,0.3644435,-0.24465668,0.7356197,-0.23078054,0.28441274,-0.22407037,0.61298853,-0.116506815,0.43682358,-0.11704659,1.0,0.0011612696,0.0,0.0,1.0058614,-0.4602442,0.044203598,-0.45746556,0.934358,-0.8832137,0.082248904,-0.83743644,0.9349648,-0.96084416,0.08188482,-0.90792716,0.856579,-0.9568442,0.14412336,-0.90495104,0.8273152,-0.92767847,0.17512968,-0.88948345,0.8376785,0.9808527,0.16109434,1.0,0.7501856,1.7148755,0.24404763,1.7671672,0.78744125,2.3224702,0.34719044,2.4113383,0.7890288,2.3928256,0.3902575,2.4864066,0.7522586,2.5315397,0.39291188,2.626921
1623.jpg,0.5232915,-0.17421864,0.59948003,-0.22880228,0.64337766,-0.22943902,0.68030155,-0.23008376,0.4644159,-0.22798897,0.41056266,-0.22823416,0.36591142,-0.22855,0.7432918,-0.20951228,0.29176027,-0.21443357,0.59555215,-0.1062207,0.43144745,-0.10923995,1.0,0.013004403,0.0,0.0,1.159149,-0.41545832,0.017137777,-0.42443946,1.1745379,-0.83854216,-0.06848234,-0.8020228,1.1850795,-0.9416457,-0.115515985,-0.8898189,1.1572218,-0.942168,-0.07743634,-0.8901126,1.1404374,-0.91060716,-0.051225774,-0.8603074,0.837094,0.97781307,0.14753418,1.0,0.8064546,1.7127205,0.26197192,1.749717,0.8465452,2.2539163,0.45356756,2.357131,0.82513946,2.3053377,0.49652165,2.4101381,0.87411124,2.4852111,0.4910716,2.6037798
1624.jpg,0.53021663,-0.1800962,0.60772425,-0.23645963,0.6503626,-0.2375894,0.68754363,-0.23896919,0.4703718,-0.2355991,0.41494665,-0.2361127,0.36876687,-0.23673998,0.7489713,-0.21885292,0.29468745,-0.22216345,0.6049218,-0.11157353,0.43903223,-0.112046875,1.0,0.0066488087,0.0,0.0,1.1309515,-0.40781537,0.032611635,-0.41105083,1.1400509,-0.8133416,-0.040664203,-0.77620155,1.150198,-0.91559273,-0.0673463,-0.8855119,1.1138659,-0.9171325,-0.02425626,-0.88445073,1.0898591,-0.88196576,0.0020856985,-0.8518995,0.83477056,0.9748695,0.14445801,1.0,0.8145049,1.7136475,0.27994204,1.7675837,0.8488785,2.254682,0.43365127,2.3916013,0.82022476,2.3155649,0.4809559,2.4513543,0.87476,2.5001929,0.4931354,2.6244013
1625.jpg,0.5156202,-0.18937504,0.58915645,-0.24588798,0.6364769,-0.24687865,0.67442393,-0.24799146,0.4511438,-0.24309112,0.40136665,-0.24214116,0.3569128,-0.24146913,0.7290667,-0.22470345,0.28034568,-0.21947677,0.5926198,-0.12084307,0.41891903,-0.12202823,1.0,0.0025562341,0.0,0.0,1.0934498,-0.44544238,0.051661383,-0.42656,1.0472744,-0.8633015,-0.045571566,-0.79088736,1.0825325,-0.9607494,-0.07557557,-0.8786683,1.018839,-0.962273,-0.031831242,-0.8734628,0.9796732,-0.92634076,-0.0033967348,-0.8524758,0.83669186,0.97463554,0.14690071,1.0,0.78585106,1.7292382,0.24991126,1.7623413,0.8328127,2.30261,0.41250274,2.3903604,0.81960636,2.3597412,0.47026023,2.4469976,0.8465221,2.5460846,0.4647165,2.6300724
1628.jpg,0.5452957,-0.18170702,0.6163757,-0.23965801,0.6532418,-0.2407347,0.6894097,-0.24222775,0.4911248,-0.23613001,0.43886948,-0.23538202,0.39051402,-0.23497263,0.74601126,-0.21893756,0.30759388,-0.21791919,0.62099993,-0.11787477,0.45380905,-0.11579964,1.0,0.00026666565,0.0,0.0,1.0493423,-0.43970925,0.031446397,-0.4545517,0.9198089,-0.85227984,0.08099309,-0.8219952,0.9195898,-0.9415301,0.07380497,-0.89832306,0.82643616,-0.9412239,0.13927884,-0.8941103,0.7980458,-0.9086087,0.16908927,-0.87306094,0.832124,0.98290956,0.15565611,1.0,0.75799364,1.748522,0.27005738,1.763154,0.8280288,2.3678002,0.43074197,2.4019725,0.80288017,2.4157546,0.47984308,2.4663775,0.80020666,2.5903049,0.50052613,2.6334212
1631.jpg,0.53562516,-0.20100336,0.60607696,-0.26354727,0.6407722,-0.26517573,0.67833626,-0.26722193,0.47890806,-0.2603577,0.42513788,-0.25937837,0.3723774,-0.25849393,0.7375555,-0.2418917,0.29358685,-0.2357769,0.6111803,-0.13271129,0.44476563,-0.13032557,1.0,-0.012192916,0.0,0.0,0.98515654,-0.468389,0.06265694,-0.46442786,0.7495826,-0.87796915,0.21403556,-0.8442959,0.68824154,-0.9615292,0.2807418,-0.9296653,0.63688004,-0.96769094,0.31375286,-0.93072444,0.634083,-0.9417749,0.31186238,-0.9094219,0.81815034,0.9906298,0.15206479,1.0,0.7402091,1.7653178,0.2267589,1.7826034,0.6897098,2.4678411,0.37517285,2.47304,0.6634234,2.542052,0.39565396,2.5511754,0.7179987,2.6608248,0.40687764,2.6610434
1636.jpg,0.5544126,-0.2089382,0.6054659,-0.27016705,0.64287806,-0.27065715,0.69147164,-0.2715531,0.47889256,-0.27009663,0.43060255,-0.26924884,0.36956102,-0.2687483,0.7440428,-0.25121456,0.269861,-0.24414392,0.6179948,-0.14581731,0.45544618,-0.14509502,1.0,-0.017251812,0.0,0.0,0.97239476,-0.47121012,0.014789221,-0.41736102,0.62378114,-0.8653235,0.26501995,-0.7793954,0.5394906,-0.97027767,0.33254686,-0.88191545,0.5056967,-0.96682596,0.34065127,-0.88423216,0.5133315,-0.9204274,0.33396184,-0.8523223,0.85271156,0.9930747,0.1527573,1.0,0.8039232,1.724296,0.19828822,1.7544793,0.7093931,2.3768435,0.308931,2.38346,0.6547906,2.4415796,0.32473758,2.4464316,0.7633303,2.6388543,0.4032781,2.63254
1640.jpg,0.5536837,-0.20898274,0.6060465,-0.2668848,0.6403814,-0.26673046,0.68363863,-0.2673606,0.4740143,-0.2675913,0.42273322,-0.26687258,0.36212617,-0.26570356,0.73903465,-0.25161174,0.27523595,-0.24049388,0.61961496,-0.14552763,0.46266165,-0.14434674,1.0,-0.0049465466,0.0,0.0,0.9501435,-0.4758147,0.034389768,-0.43287262,0.59769166,-0.9080103,0.31160423,-0.8423106,0.5270991,-1.0374248,0.35817924,-0.9501523,0.50012517,-1.0500025,0.3578322,-0.9638704,0.50798607,-0.98298085,0.3541614,-0.9165425,0.8180581,1.0005229,0.1412024,1.0,0.79410976,1.7136179,0.2206928,1.697241,0.6750566,2.4246671,0.2587297,2.2827566,0.60763747,2.4982858,0.29294044,2.3444464,0.68775946,2.6712215,0.2095099,2.52886
1645.jpg,0.5514631,-0.19840898,0.60683113,-0.25945312,0.64146864,-0.25937566,0.6852638,-0.2599207,0.48038957,-0.26212668,0.43108442,-0.26275432,0.37269863,-0.26327375,0.7383656,-0.24605197,0.2840994,-0.24194239,0.61348665,-0.13738318,0.45612642,-0.13819268,1.0,-0.012257277,0.0,0.0,0.9758602,-0.4499843,0.047489986,-0.42199475,0.64159447,-0.860513,0.33862647,-0.8060764,0.57361317,-0.9842977,0.3996973,-0.91075,0.54408175,-0.9877644,0.40153727,-0.9196393,0.54816145,-0.933083,0.39100152,-0.87176996,0.8268845,1.000103,0.13327052,1.0,0.80052817,1.7375339,0.25206998,1.754173,0.7002162,2.4117343,0.241737,2.3935306,0.6430777,2.4698586,0.25997946,2.4482265,0.70254034,2.6574574,0.19022521,2.6211078
1646.jpg,0.55085367,-0.20140496,0.6043244,-0.25833765,0.64087033,-0.25754464,0.68620723,-0.25720733,0.4827117,-0.26034406,0.4353209,-0.26011458,0.38150755,-0.25964075,0.7387732,-0.2373615,0.29234117,-0.23438816,0.61184824,-0.13578269,0.4567069,-0.13733828,1.0,-0.0065542585,0.0,0.0,0.9600249,-0.43507853,0.05257012,-0.42094323,0.63580406,-0.8550978,0.34564683,-0.8037311,0.5717394,-0.97201705,0.40732825,-0.9114433,0.54329103,-0.9698684,0.40669343,-0.92283505,0.54851824,-0.9254324,0.39437497,-0.87196934,0.8426232,0.9986932,0.13839519,1.0,0.818598,1.7292995,0.24557365,1.7463926,0.70449173,2.3925846,0.22230794,2.391479,0.63104165,2.4475951,0.22573715,2.4467363,0.7362339,2.6338859,0.26322252,2.626844
1657.jpg,0.5628536,-0.19472755,0.61725104,-0.24813749,0.65921164,-0.24717358,0.7070041,-0.24712656,0.48776808,-0.25201005,0.43719,-0.2526973,0.38397685,-0.25267226,0.7563023,-0.23134711,0.291082,-0.23047397,0.6275764,-0.13139062,0.4699342,-0.1359869,1.0,-0.006817936,0.0,0.0,0.96447605,-0.44183728,0.030756705,-0.42657328,0.6917579,-0.8618204,0.27869508,-0.80504954,0.63665074,-0.98611236,0.34825495,-0.89721227,0.5911617,-0.9852664,0.3631213,-0.9072913,0.5925144,-0.9303645,0.35679206,-0.8752202,0.83501595,0.9711411,0.12922029,1.0,0.79998183,1.6279659,0.20630555,1.7253913,0.7579628,2.1622698,0.3088042,2.3777428,0.6798024,2.2347727,0.33960873,2.4436164,0.89693713,2.4256935,0.43103585,2.6096613
1661.jpg,0.59625167,-0.18117149,0.64621073,-0.2340917,0.68686485,-0.23295073,0.73037654,-0.23251428,0.528031,-0.23620945,0.4777472,-0.23591527,0.4253888,-0.23540327,0.76904935,-0.21128479,0.319779,-0.21380886,0.65109545,-0.11782455,0.50710386,-0.11884821,1.0,0.017927114,0.0,0.0,1.0118032,-0.4143294,0.018870177,-0.4310457,0.8420728,-0.834324,0.15953241,-0.8249576,0.79171264,-0.9385517,0.18944287,-0.930948,0.71131265,-0.9424281,0.23894775,-0.9432374,0.7013125,-0.91070217,0.25199315,-0.91206956,0.8232404,0.9821426,0.14697132,1.0,0.7287834,1.6988034,0.17281653,1.7536682,0.72412777,2.2624831,0.27552056,2.3862958,0.66067845,2.316324,0.3117562,2.4519205,0.77688646,2.5116675,0.3811328,2.6313765
1662.jpg,0.5403652,-0.16760466,0.6092577,-0.22398838,0.6443901,-0.22399731,0.6862592,-0.22432707,0.47839782,-0.22422612,0.4256956,-0.22435567,0.36834985,-0.22466248,0.74521995,-0.20890446,0.2880356,-0.21043672,0.6144867,-0.106758036,0.45439243,-0.10887918,1.0,0.007361309,0.0,0.0,1.0038811,-0.4396022,0.01652201,-0.416537,0.8495842,-0.85719424,0.08654396,-0.768358,0.8230009,-0.95354515,0.10162882,-0.8763482,0.7434604,-0.9557609,0.16604748,-0.8871479,0.72961664,-0.9223368,0.19414997,-0.85260093,0.81615937,0.98457783,0.1442076,1.0,0.7521808,1.7261462,0.17616928,1.7672961,0.7347084,2.2734282,0.2642105,2.3995376,0.66455007,2.32293,0.28287566,2.4676447,0.7253507,2.5218427,0.35929173,2.6448565
1663.jpg,0.56247723,-0.17047998,0.6281522,-0.23255429,0.6643558,-0.23425652,0.70407015,-0.23560648,0.48987436,-0.22699036,0.43090436,-0.22539027,0.3754521,-0.22538418,0.7515256,-0.21693626,0.28571028,-0.21124257,0.6344884,-0.10785561,0.4776729,-0.10968551,1.0,0.005465066,0.0,0.0,0.99981135,-0.4024544,0.010558343,-0.40983316,0.9123843,-0.84386486,0.07304026,-0.78779787,0.89414525,-0.95023644,0.05165733,-0.8946067,0.8107747,-0.9525934,0.12326617,-0.89962614,0.78998,-0.9176678,0.16231547,-0.8719571,0.8149037,0.9900344,0.15712576,1.0,0.7425051,1.7196585,0.18882613,1.7507242,0.7517002,2.342163,0.26806223,2.387853,0.69060564,2.4009364,0.29851595,2.4607117,0.7356777,2.586195,0.3512753,2.6223073
1664.jpg,0.51413584,-0.20581436,0.58586156,-0.26505625,0.6237306,-0.26549786,0.66238385,-0.26637885,0.45865557,-0.26117948,0.40688646,-0.25942573,0.35873163,-0.25835037,0.7330974,-0.23828618,0.29062888,-0.23424828,0.5996647,-0.13541335,0.4312201,-0.13702568,1.0,-0.0042718295,0.0,0.0,1.0028476,-0.46059424,-0.01650091,-0.4420528,0.9355314,-0.89884454,-0.010172191,-0.8148999,0.9364586,-0.9807035,-0.020447273,-0.9114506,0.85592324,-0.9775657,0.05796711,-0.9194423,0.82585794,-0.94974285,0.09280943,-0.89773893,0.78798014,0.9965907,0.13023551,1.0,0.7257203,1.7621256,0.17219074,1.7606583,0.74434215,2.4064963,0.22391494,2.4126444,0.6798759,2.4737377,0.25274953,2.482011,0.73996913,2.6418307,0.3016536,2.6479802
1666.jpg,0.47462228,-0.1819137,0.54358286,-0.24463741,0.5906273,-0.24613002,0.6288537,-0.24765661,0.4128007,-0.24037156,0.36138016,-0.23868716,0.31937394,-0.2373095,0.70597017,-0.22452436,0.2527441,-0.21569622,0.55645895,-0.11511265,0.39396968,-0.113993615,1.0,0.0045674383,0.0,0.0,1.0622545,-0.4401359,-0.03782878,-0.41913664,0.99819285,-0.8590059,-0.096363425,-0.8056091,1.009168,-0.9550945,-0.14131938,-0.8993719,0.9327757,-0.955023,-0.08315864,-0.8987053,0.89938205,-0.91868824,-0.045156162,-0.87690854,0.7937642,0.9984492,0.11177335,1.0,0.7299104,1.734686,0.17001523,1.7543173,0.72553676,2.3746564,0.22406414,2.3983645,0.66177267,2.4338248,0.24300198,2.4633615,0.70887095,2.6140318,0.29302797,2.6198163
1668.jpg,0.51449645,-0.16958505,0.57875615,-0.22234696,0.6164528,-0.22200114,0.6547756,-0.22095932,0.4426311,-0.21973522,0.38850325,-0.21718623,0.33868292,-0.21539809,0.7200694,-0.19822532,0.25752237,-0.19693725,0.59353024,-0.10130612,0.43654072,-0.10315236,1.0,0.017542325,0.0,0.0,1.092315,-0.40752053,-0.0612955,-0.41662335,1.1232811,-0.8612842,-0.16003007,-0.81699324,1.1072047,-0.951409,-0.22656038,-0.9360184,1.0456833,-0.9542424,-0.17146784,-0.94993013,1.028295,-0.9229662,-0.12937115,-0.91140044,0.7912431,0.9916708,0.1166533,1.0,0.71088374,1.714526,0.1702352,1.7533088,0.68746144,2.3586886,0.17482726,2.3831427,0.6186737,2.4110606,0.19990824,2.4418564,0.6521985,2.607145,0.22610117,2.606613
2381.jpg,0.49246424,-0.19049135,0.5629017,-0.25143352,0.60200214,-0.25200054,0.6404364,-0.25236452,0.42413235,-0.24915342,0.36672512,-0.24756521,0.31804883,-0.24587892,0.71198386,-0.22975856,0.24981575,-0.2220816,0.5854657,-0.12325568,0.40805215,-0.12484085,1.0,-0.0033614398,0.0,0.0,1.0057995,-0.4481107,-0.045626644,-0.41798162,0.9499107,-0.85576993,-0.16481487,-0.8229059,0.94977814,-0.9383609,-0.21512116,-0.9225709,0.87114245,-0.94481313,-0.1647,-0.9337372,0.83997923,-0.9132134,-0.12852032,-0.9026144,0.7736178,0.99389064,0.089999184,1.0,0.73881084,1.7544355,0.22952938,1.749476,0.6055166,2.408502,0.19506823,2.2764268,0.5185584,2.4794588,0.19183044,2.329824,0.6160295,2.6668074,0.23712318,2.520659
2384.jpg,0.48005223,-0.17873263,0.54916507,-0.24258275,0.5954335,-0.24541463,0.6309615,-0.24873485,0.408903,-0.23694685,0.354825,-0.23600516,0.31088018,-0.2358516,0.70289755,-0.23303889,0.24621883,-0.21949579,0.5735841,-0.11672043,0.39796865,-0.11249017,1.0,-0.011950138,0.0,0.0,0.9625288,-0.4560291,-0.028353214,-0.41340828,0.7846948,-0.85942465,-0.018774642,-0.76341045,0.768926,-0.9321457,-0.0155256605,-0.8506184,0.67993045,-0.92814004,0.049430862,-0.8542668,0.661299,-0.9028965,0.07854237,-0.8352274,0.79231966,0.98924375,0.10834163,1.0,0.746519,1.749371,0.23430702,1.7423174,0.64153725,2.3910196,0.19561736,2.313649,0.57848907,2.4548147,0.18816377,2.37689,0.6497508,2.6357284,0.25428292,2.537916
2385.jpg,0.48401278,-0.19519375,0.5566137,-0.25986302,0.59889126,-0.26134148,0.633567,-0.2628358,0.41481146,-0.25540075,0.35488337,-0.25363427,0.30758762,-0.2522515,0.70089567,-0.24093997,0.24260014,-0.22966927,0.5755231,-0.1276961,0.39540547,-0.12643749,1.0,-0.008221009,0.0,0.0,0.9454134,-0.47851247,-0.029127972,-0.4398893,0.7144124,-0.90629566,0.038948525,-0.7884199,0.6767941,-0.9840094,0.08668725,-0.8894112,0.60291785,-0.9748293,0.1363052,-0.89521396,0.598723,-0.9444333,0.15233965,-0.8636823,0.7743768,0.99426156,0.08715994,1.0,0.73125285,1.7463737,0.24123651,1.751869,0.6341445,2.394662,0.1976918,2.325328,0.566763,2.4583864,0.19330062,2.379206,0.6440603,2.6564372,0.2563792,2.5675225
2386.jpg,0.503827,-0.21284385,0.5716323,-0.27467483,0.60717887,-0.2758081,0.64733523,-0.2770822,0.44313955,-0.27180907,0.38925973,-0.2706798,0.33599246,-0.2695935,0.715552,-0.2517037,0.2686229,-0.24737068,0.5899339,-0.14390308,0.42393464,-0.14274368,1.0,-0.020902662,0.0,0.0,0.92819333,-0.48571637,-0.015388945,-0.46811014,0.66039485,-0.92265373,0.102872916,-0.8275422,0.61573374,-0.99728894,0.158285,-0.9181189,0.5508683,-0.9911293,0.19365235,-0.924369,0.54798704,-0.96547735,0.19975367,-0.9036115,0.7822959,0.99519366,0.099819,1.0,0.71976584,1.7527671,0.21991329,1.7660965,0.6636345,2.4294791,0.19301288,2.4196906,0.610623,2.501948,0.20875822,2.4906948,0.703623,2.6697404,0.29365462,2.6351736
2392.jpg,0.54579294,-0.20982844,0.5923327,-0.27282324,0.62603176,-0.27247086,0.67000216,-0.27168715,0.4638166,-0.2747919,0.4140515,-0.27530944,0.35440183,-0.2756855,0.72698915,-0.2451599,0.25580937,-0.24384671,0.6109059,-0.14491168,0.45761573,-0.1501608,1.0,-0.004231538,0.0,0.0,0.9734993,-0.4037243,0.01989864,-0.3791151,0.67104673,-0.8003737,0.28313932,-0.7598966,0.5998826,-0.8942048,0.34482256,-0.83897597,0.55356735,-0.89637077,0.3502522,-0.84425867,0.5600113,-0.85409105,0.3504566,-0.8139317,0.8444828,0.9943687,0.13207743,1.0,0.75548977,1.6991801,0.16035141,1.7263979,0.6975491,2.3507242,0.26035258,2.3399203,0.6503028,2.395911,0.29143518,2.3874507,0.70481974,2.6074896,0.31202093,2.5853791
2395.jpg,0.57403445,-0.19300959,0.6115412,-0.25422513,0.6487939,-0.2550161,0.69115263,-0.25538749,0.49508053,-0.25444356,0.44144854,-0.25495252,0.38413933,-0.25562274,0.7289102,-0.2319856,0.28015563,-0.23049745,0.62661946,-0.12987618,0.4778019,-0.13414952,1.0,-0.008741589,0.0,0.0,0.92124414,-0.45033422,0.046192292,-0.43755767,0.59574926,-0.882735,0.31099284,-0.8413626,0.53986657,-0.9869892,0.3704958,-0.9491808,0.5086589,-0.99651796,0.36916336,-0.9525272,0.51445806,-0.9500908,0.36298388,-0.90250665,0.84989864,0.98684204,0.15629773,1.0,0.75284606,1.691799,0.1920835,1.7354655,0.76282483,2.3196523,0.34235644,2.353095,0.7352077,2.3801856,0.39457434,2.4200556,0.79908,2.5691338,0.37313673,2.582549
2396.jpg,0.5747611,-0.19336034,0.6151673,-0.25309974,0.65161985,-0.25441375,0.6945107,-0.2552144,0.49593002,-0.25181663,0.44302973,-0.25193983,0.38579074,-0.25256264,0.7332074,-0.23193072,0.2840356,-0.2302193,0.628243,-0.13011114,0.47692248,-0.13495979,1.0,-0.0021302083,0.0,0.0,0.93282425,-0.44140977,0.045048226,-0.4267201,0.6149013,-0.8691283,0.30728352,-0.8237964,0.55237085,-0.97339827,0.35632512,-0.924818,0.51685774,-0.98623544,0.35934347,-0.9314087,0.5255427,-0.9403246,0.35643253,-0.88177174,0.85564405,0.990435,0.15865412,1.0,0.7527892,1.7014285,0.18571983,1.7398744,0.7593109,2.3182404,0.33268636,2.360457,0.71012473,2.3698556,0.36954626,2.413092,0.7973681,2.5778272,0.37355366,2.6046667
2398.jpg,0.5739824,-0.19206232,0.62000495,-0.25232723,0.6576998,-0.25346622,0.7023369,-0.25423563,0.49442717,-0.25106725,0.43902376,-0.25138998,0.3761091,-0.25197613,0.74782836,-0.2296548,0.2795158,-0.23227715,0.632499,-0.13032368,0.478434,-0.13470522,1.0,0.00614868,0.0,0.0,0.942967,-0.42083624,0.05752409,-0.4158633,0.6364674,-0.84187794,0.30273327,-0.79641837,0.5763303,-0.948876,0.3584047,-0.8933233,0.53970504,-0.95888424,0.3611715,-0.8937705,0.5453995,-0.9030497,0.35927144,-0.85661167,0.851025,0.98117095,0.16001761,1.0,0.74218094,1.6927775,0.1971253,1.7457134,0.756467,2.274912,0.33216557,2.357409,0.71085596,2.3187606,0.3766831,2.407283,0.77857196,2.545983,0.36551514,2.61554
2400.jpg,0.5626384,-0.20996566,0.611523,-0.26849052,0.6531169,-0.26855934,0.6999901,-0.2689696,0.48329112,-0.26960927,0.42709252,-0.26957935,0.3632013,-0.26899692,0.74256593,-0.25054556,0.26460075,-0.24803697,0.6199596,-0.14791217,0.46413773,-0.14945419,1.0,-0.005137284,0.0,0.0,0.95380336,-0.4282699,0.009387792,-0.41775256,0.674389,-0.8499442,0.25650284,-0.7952583,0.5991252,-0.943762,0.32702237,-0.8949607,0.55616075,-0.9541554,0.3441702,-0.8979223,0.56443924,-0.91457134,0.33803874,-0.85810643,0.8425987,0.9869073,0.14237596,1.0,0.74503255,1.7034296,0.17989177,1.7685016,0.7409066,2.2825778,0.30384457,2.3614795,0.7064328,2.3272207,0.35935745,2.418122,0.76156205,2.5498137,0.3520734,2.6268415
2401.jpg,0.5746202,-0.1871836,0.6255924,-0.24659535,0.67288953,-0.2472415,0.71516514,-0.24822356,0.50816995,-0.24811192,0.45392373,-0.24879485,0.3999151,-0.24904604,0.7656047,-0.23071168,0.296459,-0.22766966,0.6361245,-0.12574893,0.48461345,-0.12429285,1.0,-0.004152132,0.0,0.0,0.9579948,-0.47653526,0.028353615,-0.42925832,0.663061,-0.91886395,0.24490727,-0.8085525,0.6008925,-1.0110724,0.32689965,-0.92199314,0.553768,-1.0101814,0.33381665,-0.9316275,0.56007427,-0.9715018,0.3255006,-0.88564473,0.83023834,0.9845149,0.14418553,1.0,0.7191904,1.7194867,0.19272427,1.777453,0.7228959,2.29367,0.3167925,2.3978555,0.6919292,2.3427165,0.3587886,2.4641602,0.7636911,2.5575929,0.34849325,2.6608346
2407.jpg,0.481212,-0.17621042,0.55820453,-0.23665813,0.6031913,-0.23731767,0.64432824,-0.23798099,0.42180446,-0.23526612,0.36813197,-0.23497367,0.32512724,-0.23489743,0.7269962,-0.21712369,0.25937456,-0.21825951,0.5698608,-0.102606125,0.39880314,-0.105893895,1.0,0.020550206,0.0,0.0,1.0733663,-0.4319306,-0.00052986975,-0.43846425,1.0589157,-0.8356572,0.00035724812,-0.82573104,1.0623516,-0.9258269,-0.0040001026,-0.90303713,1.0315157,-0.9282566,0.061549753,-0.8881942,1.0092396,-0.89790815,0.08908974,-0.8742577,0.82953596,0.995135,0.1315468,1.0,0.7714407,1.7955368,0.20029822,1.7776507,0.7539757,2.440763,0.27803838,2.465673,0.68874127,2.5083025,0.30146858,2.5357249,0.7323495,2.6768928,0.3367844,2.6801968
2660.jpg,0.52406645,-0.19531979,0.58948034,-0.25147346,0.6245599,-0.25258663,0.6641773,-0.2539934,0.46122158,-0.24928947,0.409445,-0.24868731,0.3580761,-0.24838364,0.7186281,-0.23146023,0.28088143,-0.22927861,0.60300356,-0.12488679,0.43179137,-0.12528348,1.0,0.0021303378,0.0,0.0,1.0612307,-0.43518993,0.020605506,-0.40593022,1.0401208,-0.8794538,0.0013711671,-0.7585119,1.0517299,-0.96872944,-0.0053694807,-0.8657152,1.0056043,-0.9671362,0.048510183,-0.8605204,0.97695297,-0.93595207,0.0753275,-0.8319221,0.7652011,1.0003084,0.105196305,1.0,0.73230493,1.7557032,0.1854456,1.7655189,0.71163136,2.4082656,0.26970547,2.420148,0.65290236,2.4687731,0.2862537,2.4851751,0.7121198,2.6427927,0.33402446,2.6295393
2663.jpg,0.5240827,-0.17456268,0.58983207,-0.23702018,0.6276011,-0.23748873,0.6752258,-0.23849812,0.46255013,-0.23873022,0.41634354,-0.23960786,0.3646274,-0.24029024,0.73952836,-0.21763782,0.2911294,-0.2222055,0.60150087,-0.105531976,0.4374085,-0.11023052,1.0,0.00026106145,0.0,0.0,0.99327874,-0.42905983,0.024727082,-0.41261306,0.90971774,-0.8429055,0.04055325,-0.7351122,0.9076032,-0.919062,0.036943566,-0.8378863,0.83038574,-0.9155631,0.09199946,-0.841152,0.7980248,-0.88780963,0.12056644,-0.8164847,0.80622804,0.9971544,0.11773629,1.0,0.7599379,1.7512293,0.2173201,1.7678969,0.67711586,2.3854685,0.23323679,2.4058208,0.60932076,2.4534314,0.22795008,2.4791954,0.71811765,2.6120853,0.33631274,2.6137338
2664.jpg,0.5233722,-0.17795163,0.58881897,-0.23978747,0.62775123,-0.24002579,0.67669046,-0.24097413,0.46293503,-0.24157614,0.4182799,-0.2425209,0.36643085,-0.2432098,0.744762,-0.22079842,0.29112244,-0.22335604,0.5989838,-0.110679574,0.43700308,-0.11487354,1.0,-0.008880789,0.0,0.0,1.0005231,-0.44552037,0.0019511575,-0.4140608,0.8424835,-0.90614974,0.05987516,-0.7393584,0.8355094,-0.97610193,0.07624431,-0.8400845,0.73801106,-0.9678638,0.1234481,-0.84881467,0.71087337,-0.9405365,0.14561452,-0.82391083,0.81052864,0.9992487,0.124053866,1.0,0.7696502,1.7432082,0.22375338,1.7602487,0.6656191,2.3791757,0.20543762,2.3831534,0.5860538,2.4408286,0.19644131,2.4491272,0.6788342,2.6250296,0.28832752,2.6098735
2668.jpg,0.5222817,-0.18276969,0.59320617,-0.24680874,0.6312164,-0.24761236,0.67719537,-0.24904485,0.46241862,-0.24483244,0.41070494,-0.24386632,0.35433495,-0.24289444,0.74531204,-0.22583945,0.27494878,-0.22010672,0.6026371,-0.11480084,0.43363282,-0.113738075,1.0,-0.0021248483,0.0,0.0,0.968065,-0.46285567,0.030639749,-0.44973502,0.66539794,-0.9078834,0.20733425,-0.8142904,0.6073143,-0.9854712,0.3124519,-0.91240823,0.57031244,-0.98350567,0.32775408,-0.9094402,0.5696571,-0.95960474,0.31357935,-0.87926584,0.79491484,1.0072584,0.08974803,1.0,0.7562068,1.771385,0.23671207,1.758157,0.6693299,2.3780878,0.23527487,2.3084478,0.5963054,2.418086,0.22679651,2.353381,0.63734406,2.653206,0.25960165,2.5692396
2670.jpg,0.5102379,-0.18011212,0.57811254,-0.24117592,0.613129,-0.24203898,0.6555715,-0.24380532,0.44989952,-0.23864612,0.39941144,-0.23780459,0.34577903,-0.237591,0.7226283,-0.22862254,0.2712344,-0.21809316,0.587967,-0.117994934,0.4245961,-0.1150366,1.0,0.0034304785,0.0,0.0,0.94902104,-0.4584605,-0.008130493,-0.40749305,0.6239151,-0.8952298,0.22265215,-0.7657407,0.5483201,-0.98747236,0.31859407,-0.8851021,0.51491755,-0.98470676,0.32299024,-0.883118,0.52356863,-0.9501742,0.31728363,-0.8518224,0.7706311,1.002643,0.07792185,1.0,0.74305385,1.746003,0.23385546,1.736636,0.6265668,2.3955183,0.2270659,2.2682354,0.5503363,2.456622,0.23323998,2.313531,0.6089963,2.6505573,0.21664533,2.5158794
2672.jpg,0.53902066,-0.18250683,0.59586936,-0.24675943,0.6313282,-0.24799009,0.6746349,-0.24972595,0.46402347,-0.24433966,0.41128597,-0.24296945,0.3523105,-0.24144343,0.73331594,-0.23752235,0.2686209,-0.22207484,0.607902,-0.12243583,0.45084682,-0.12112345,1.0,-0.004491748,0.0,0.0,0.9562284,-0.4640168,0.032221984,-0.41540986,0.6151334,-0.87872326,0.31091398,-0.8152264,0.5380221,-0.9936265,0.37161553,-0.93574333,0.5079113,-0.99775547,0.37197012,-0.9434813,0.5170754,-0.9465741,0.3630845,-0.8877077,0.7926284,1.0041496,0.091902,1.0,0.7610148,1.7543886,0.2507811,1.750343,0.6461666,2.420966,0.24162285,2.298334,0.5662228,2.4783995,0.25253147,2.3380947,0.650282,2.6800156,0.23779346,2.563345
2675.jpg,0.5428727,-0.20480917,0.5970531,-0.26747653,0.6330372,-0.26788637,0.6774143,-0.2687957,0.47278526,-0.2674468,0.42459297,-0.2670555,0.3682608,-0.26667184,0.7328236,-0.24981041,0.28687584,-0.24123198,0.6055234,-0.14220846,0.45829105,-0.1428953,1.0,-0.0068985377,0.0,0.0,0.9450953,-0.44755217,0.025221666,-0.40681204,0.6019442,-0.8616055,0.29238138,-0.770628,0.520731,-0.96297735,0.34003246,-0.8673212,0.4963553,-0.97088444,0.34198648,-0.861723,0.5050421,-0.920364,0.34133458,-0.8280658,0.798278,0.9944127,0.11443604,1.0,0.77030593,1.716836,0.2667353,1.7418972,0.66317564,2.3690012,0.24424687,2.3549254,0.5939655,2.4257598,0.24895158,2.4086468,0.6814777,2.624262,0.24983051,2.5911438
2676.jpg,0.55921584,-0.20356771,0.61142296,-0.26578254,0.646591,-0.26613313,0.6893812,-0.26717466,0.4852845,-0.26568538,0.43532267,-0.26510802,0.37663648,-0.2650089,0.7377731,-0.24593775,0.28731775,-0.23812601,0.62323964,-0.14051506,0.46919474,-0.13955851,1.0,0.0059494814,0.0,0.0,0.97933304,-0.42418286,0.03735568,-0.39240864,0.62424535,-0.8345538,0.32858303,-0.7710699,0.5478807,-0.94690675,0.38040423,-0.8810876,0.520011,-0.9570559,0.37883434,-0.8847874,0.5263879,-0.904156,0.3721778,-0.832979,0.8044093,0.99681336,0.124519885,1.0,0.7953506,1.6957487,0.2797561,1.7209157,0.69478095,2.3421905,0.2510704,2.3545585,0.6188832,2.3960943,0.2467295,2.407461,0.745697,2.5934155,0.31169197,2.588602
2679.jpg,0.5536214,-0.1855155,0.6077831,-0.2491081,0.6391416,-0.24926822,0.67979443,-0.24969117,0.48959416,-0.24793224,0.44426325,-0.24803555,0.39193568,-0.24812594,0.74172366,-0.22187208,0.29879594,-0.21933244,0.6161076,-0.12376958,0.47018236,-0.1271001,1.0,0.0085977875,0.0,0.0,0.9710147,-0.41223243,0.068245456,-0.39202613,0.6357777,-0.8210862,0.35722125,-0.77120984,0.57193875,-0.9234317,0.4056803,-0.8440363,0.5379663,-0.9187433,0.40739122,-0.8488679,0.5475881,-0.87008,0.40270346,-0.8150458,0.8255989,0.9957126,0.13573605,1.0,0.7817874,1.6960244,0.19378349,1.7244577,0.7226,2.3131988,0.24874185,2.3161755,0.6452369,2.3576522,0.270514,2.359623,0.73905987,2.562613,0.32727262,2.5669942
2680.jpg,0.53154725,-0.19272326,0.5799291,-0.25295207,0.61243993,-0.25332847,0.6533836,-0.2538416,0.45567662,-0.2531094,0.40807253,-0.2537517,0.35295162,-0.2540166,0.7258359,-0.22876184,0.26168287,-0.22199939,0.6048618,-0.12821402,0.44971368,-0.13064654,1.0,-0.0035237859,0.0,0.0,0.9635134,-0.43322948,0.029320177,-0.39343974,0.6327523,-0.8370706,0.33512825,-0.7762606,0.5701974,-0.9431751,0.3890937,-0.8755311,0.5317386,-0.94623697,0.3811859,-0.86814034,0.54016906,-0.89596134,0.38113952,-0.83519226,0.8103192,0.9853991,0.0927539,1.0,0.7695602,1.6890318,0.17748323,1.7163643,0.72269416,2.3349314,0.27123648,2.3561425,0.65668523,2.3950107,0.27591223,2.4163153,0.78056335,2.587798,0.34670955,2.5805929
2682.jpg,0.5508969,-0.19707754,0.5991065,-0.2580558,0.63664526,-0.25710902,0.68404,-0.25597206,0.47670925,-0.26227713,0.42843276,-0.26384223,0.37495464,-0.26556072,0.7465943,-0.22674154,0.2797198,-0.23497666,0.6181463,-0.12918854,0.4613474,-0.1380483,1.0,-0.0066407286,0.0,0.0,0.97272015,-0.42812255,0.033990532,-0.3816011,0.67275006,-0.85117483,0.32380283,-0.76550627,0.61891466,-0.9334681,0.38026556,-0.8505024,0.5734539,-0.9260517,0.3819679,-0.8499058,0.57783335,-0.88397396,0.3825299,-0.81628954,0.8069218,0.98570853,0.11442022,1.0,0.78113216,1.6696097,0.1715873,1.7070692,0.76459897,2.3296998,0.32822877,2.3559704,0.7112962,2.3991203,0.3650016,2.4193008,0.8260211,2.5903046,0.37104586,2.605087
2685.jpg,0.5771148,-0.19001976,0.62972313,-0.25038102,0.66423887,-0.25157803,0.7061133,-0.2527925,0.50478584,-0.24872813,0.45566943,-0.24877286,0.40016147,-0.24914487,0.7499847,-0.23111482,0.30131736,-0.22796623,0.6365052,-0.1305232,0.48452327,-0.13462694,1.0,0.0019356231,0.0,0.0,0.98562187,-0.40432385,0.054562774,-0.4036513,0.74751776,-0.8090254,0.30185178,-0.76892334,0.6702755,-0.9175499,0.3759429,-0.87143075,0.6236526,-0.91828084,0.3945236,-0.8795411,0.6298795,-0.8764654,0.39037147,-0.8448397,0.8282312,0.99082315,0.14881799,1.0,0.84917134,1.6680224,0.21084364,1.726451,0.7811789,2.243268,0.36757994,2.3270476,0.71492463,2.3082008,0.39210793,2.3998375,0.8984118,2.4964998,0.45010597,2.5779197
2690.jpg,0.59537405,-0.1816944,0.6423914,-0.23936771,0.68336797,-0.23930274,0.72487134,-0.23972176,0.52375424,-0.23898067,0.47205508,-0.23816107,0.41658023,-0.23703551,0.76286787,-0.21840586,0.30980638,-0.21663001,0.6477632,-0.12052822,0.50780517,-0.118831776,1.0,-0.004828344,0.0,0.0,1.0454532,-0.42616758,0.023284512,-0.42699322,0.9146939,-0.8660074,0.076065324,-0.79380476,0.9047398,-0.9526763,0.06420355,-0.90118504,0.82812667,-0.9490361,0.119827226,-0.9046733,0.8014169,-0.918214,0.16126302,-0.86927426,0.8270714,0.9803411,0.17450833,1.0,0.81892085,1.7025133,0.24275258,1.7655432,0.7670725,2.2069457,0.3032418,2.3897955,0.697571,2.254176,0.32583785,2.462047,0.8179612,2.4642997,0.40919584,2.6388905
2694.jpg,0.5711516,-0.16734003,0.61837983,-0.22661415,0.65793735,-0.2268415,0.70334125,-0.22708113,0.4933732,-0.2259113,0.44080505,-0.22539611,0.38342977,-0.22449452,0.74060935,-0.20804533,0.28808528,-0.20757404,0.62620157,-0.10620443,0.4783863,-0.10653452,1.0,0.009933333,0.0,0.0,1.0872563,-0.38353947,-0.07562023,-0.37045932,1.1291251,-0.825546,-0.12809528,-0.76468694,1.1261525,-0.9135541,-0.1635593,-0.8524678,1.0688933,-0.9210523,-0.107436255,-0.8736467,1.0480633,-0.89538705,-0.073094375,-0.84037477,0.80250114,0.98472863,0.13687755,1.0,0.7368406,1.7041392,0.18173727,1.7335691,0.7388434,2.3047223,0.25715926,2.3796897,0.6710874,2.363101,0.29639784,2.443765,0.7485799,2.5586953,0.35126865,2.6187925
473.jpg,0.5467443,-0.19736487,0.6127705,-0.25015146,0.6483764,-0.2507427,0.6874573,-0.25139108,0.4903224,-0.24400334,0.44328275,-0.24099305,0.39280903,-0.23859791,0.73540473,-0.213398,0.31343028,-0.20732184,0.624301,-0.123906925,0.45060927,-0.12645829,1.0,0.007871642,0.0,0.0,0.95496845,-0.42078874,0.033555534,-0.40714005,0.9663391,-0.81553626,-0.010322288,-0.80811036,1.0054971,-0.88670594,-0.05636813,-0.90761083,0.91582274,-0.892316,0.007622922,-0.90584904,0.86826813,-0.86417884,0.04548498,-0.8703623,0.80197704,0.9877304,0.12252229,1.0,0.7704333,1.702539,0.19305101,1.7329113,0.6413123,2.3518045,0.3143134,2.3403883,0.591711,2.427884,0.3263597,2.4259498,0.7010124,2.5661106,0.38038146,2.5590563
475.jpg,0.53681356,-0.18342684,0.60664546,-0.24271794,0.64319587,-0.24421091,0.6853119,-0.245786,0.47902,-0.23410855,0.43010253,-0.23023748,0.37682775,-0.22757952,0.7366444,-0.21126561,0.30113557,-0.20088963,0.6168639,-0.1166986,0.44590238,-0.11589044,1.0,0.0081865555,0.0,0.0,0.92138934,-0.41853353,0.03616383,-0.3922168,0.8972477,-0.80932367,0.05602641,-0.8007436,0.91922486,-0.8779719,0.033037312,-0.8966476,0.8116325,-0.88133144,0.086949974,-0.9019931,0.7577694,-0.85475624,0.118081585,-0.863535,0.79670894,0.9883112,0.11147903,1.0,0.7659581,1.6931028,0.18604776,1.7215263,0.6125174,2.3557847,0.29958105,2.339992,0.5646493,2.4349866,0.31622723,2.4293594,0.6933691,2.5701392,0.3568187,2.5512147
476.jpg,0.57391155,-0.16474825,0.62938285,-0.22266968,0.6626868,-0.22321802,0.7035676,-0.22422895,0.5096705,-0.2183679,0.46330914,-0.21601936,0.41022763,-0.21499552,0.7471227,-0.19657654,0.32301494,-0.19372633,0.6446506,-0.104460634,0.48423693,-0.10086048,1.0,0.013378865,0.0,0.0,0.9555964,-0.41437396,0.058416147,-0.411246,0.86507,-0.78820455,0.12142498,-0.79628557,0.8636041,-0.86136836,0.10995966,-0.89413697,0.76095074,-0.865281,0.16573964,-0.8885713,0.72919387,-0.8440786,0.19599055,-0.8579003,0.81115305,0.98812693,0.12853782,1.0,0.7755175,1.7000192,0.19338185,1.7228827,0.6461303,2.367054,0.3020306,2.3500125,0.6110695,2.4409366,0.32915056,2.4367528,0.6876965,2.5875869,0.34213585,2.5792196
477.jpg,0.5614436,-0.18300445,0.62485754,-0.24441755,0.65810704,-0.24508537,0.698981,-0.24622701,0.5006717,-0.23997128,0.45178577,-0.23748413,0.39533857,-0.23577109,0.740506,-0.21678315,0.306143,-0.20969374,0.6296699,-0.11928872,0.46665326,-0.11780922,1.0,3.244074e-05,0.0,0.0,0.9223157,-0.41577455,0.04476034,-0.40756193,0.83067185,-0.8021451,0.14723794,-0.79064864,0.82067734,-0.8810678,0.17583928,-0.8865005,0.7394583,-0.8853233,0.22504184,-0.89503574,0.7127174,-0.8611763,0.23880939,-0.86388755,0.8099847,0.9925224,0.1204284,1.0,0.77548623,1.7004483,0.18057333,1.724248,0.64375585,2.3870637,0.2243908,2.3406904,0.6166991,2.4647326,0.27300718,2.4230988,0.6179304,2.5938427,0.07208068,2.5528843
482.jpg,0.5510005,-0.18049558,0.60691285,-0.24018644,0.6455113,-0.24049178,0.6932654,-0.24131745,0.4865426,-0.23997648,0.44101536,-0.23936155,0.38852122,-0.23922469,0.7459002,-0.21975563,0.2918776,-0.21218957,0.61737764,-0.11710882,0.46068743,-0.118993536,1.0,-0.007891982,0.0,0.0,0.9176554,-0.44912344,0.061877277,-0.41697645,0.688999,-0.8384423,0.2843472,-0.7669804,0.6289761,-0.9186893,0.3679713,-0.8593582,0.58196265,-0.91162026,0.38191527,-0.8655368,0.5840776,-0.8843085,0.37228516,-0.83291435,0.81371105,0.993442,0.11586149,1.0,0.77676916,1.7143645,0.19481371,1.7388481,0.63683194,2.396156,0.23494165,2.3463008,0.61275786,2.481649,0.28003675,2.4334855,0.63481945,2.6026325,0.06315804,2.548468
485.jpg,0.5445507,-0.16867302,0.5982469,-0.22502847,0.6358545,-0.22467668,0.68083453,-0.22488976,0.47361115,-0.22717033,0.42484435,-0.2283418,0.37341172,-0.22947414,0.7402326,-0.20854677,0.29470792,-0.20828655,0.61093277,-0.11310842,0.46321487,-0.11700635,1.0,0.015107456,0.0,0.0,0.95350367,-0.39486814,0.025109895,-0.36761534,0.63974446,-0.8052394,0.33334112,-0.740995,0.56706846,-0.8922117,0.38502604,-0.8140095,0.5352034,-0.90312904,0.3864955,-0.82599825,0.5446885,-0.8523707,0.38364416,-0.7955482,0.8314454,0.996512,0.10391556,1.0,0.78815067,1.6637942,0.16683854,1.6780095,0.651553,2.3516586,0.2201975,2.3269746,0.65002716,2.4411237,0.26955122,2.398275,0.6111781,2.5375001,-0.04501905,2.487177
488.jpg,0.5313383,-0.20317839,0.5903105,-0.2576957,0.6243379,-0.25765696,0.6681661,-0.25850514,0.46305728,-0.25713032,0.41612926,-0.2561634,0.36015058,-0.2549712,0.7282562,-0.23761617,0.2730317,-0.22392157,0.5988642,-0.13864966,0.44344908,-0.13929996,1.0,0.0030324238,0.0,0.0,0.9335659,-0.42094842,0.023417603,-0.4021845,0.63489884,-0.8433745,0.3370553,-0.7843282,0.5669663,-0.94256884,0.39624432,-0.87808895,0.5350591,-0.9510576,0.39923534,-0.893285,0.5432188,-0.91167206,0.3931428,-0.85348755,0.8186977,0.9943601,0.12036167,1.0,0.746166,1.6542066,0.1851425,1.6649556,0.6440786,2.3646963,0.2362343,2.3375409,0.6308034,2.4691682,0.2683389,2.4248161,0.61521894,2.540705,0.008414897,2.4569423
489.jpg,0.53540564,-0.18097198,0.5973697,-0.23647027,0.6328588,-0.23601212,0.676932,-0.23616943,0.4720116,-0.2369959,0.4265267,-0.23700947,0.37365568,-0.23736112,0.7392541,-0.21786574,0.291187,-0.21167079,0.60443664,-0.12106312,0.4520798,-0.12265316,1.0,0.014091782,0.0,0.0,0.9369575,-0.42103568,0.033442825,-0.39187276,0.62933487,-0.8305525,0.33313218,-0.76848876,0.5501398,-0.9269863,0.3942946,-0.8616757,0.52552927,-0.9333462,0.39589286,-0.87233835,0.53582674,-0.8953903,0.3894451,-0.83437586,0.8050513,0.9974756,0.12071789,1.0,0.75120044,1.6669707,0.20237252,1.6845179,0.65137887,2.3502429,0.25335518,2.3403893,0.64089406,2.4343233,0.28597605,2.412184,0.6379338,2.5454516,0.064353555,2.5038042
490.jpg,0.5421644,-0.19111988,0.5977632,-0.24897347,0.6327738,-0.24906574,0.67704725,-0.24952433,0.47216174,-0.2468661,0.42641073,-0.24577907,0.37390155,-0.24499154,0.72995627,-0.22775407,0.28677562,-0.21670331,0.61087966,-0.13217269,0.4558762,-0.13173123,1.0,0.01133637,0.0,0.0,0.93218076,-0.43553197,0.025511999,-0.39312676,0.6146277,-0.8342533,0.3272511,-0.7654243,0.5409759,-0.93130565,0.3934102,-0.8645582,0.5160286,-0.9384648,0.38880587,-0.87434965,0.52566075,-0.90082777,0.3803968,-0.8341914,0.80190986,0.99323076,0.11118315,1.0,0.7552425,1.6663505,0.19698702,1.6869532,0.64399177,2.3520591,0.26430416,2.3374236,0.63917017,2.4381628,0.30753872,2.4094489,0.62760735,2.5621302,0.07271862,2.5103853
491.jpg,0.5443903,-0.1764855,0.6015632,-0.23348823,0.63759315,-0.23367614,0.6831365,-0.23460785,0.4723729,-0.23464668,0.42586207,-0.23500228,0.37088093,-0.23563607,0.7359974,-0.22035246,0.27718025,-0.2145058,0.60950994,-0.120611355,0.4513371,-0.12150081,1.0,0.012412815,0.0,0.0,0.9595982,-0.43030348,0.030986432,-0.38877624,0.6268562,-0.82006294,0.35455865,-0.7690898,0.5497538,-0.91892743,0.41206318,-0.86266196,0.52135307,-0.9225527,0.41244385,-0.8739177,0.5316495,-0.87836665,0.40446973,-0.8339822,0.80602664,0.99364126,0.12914462,1.0,0.77430797,1.6466882,0.20242499,1.6795416,0.6373812,2.3544877,0.24281764,2.3111155,0.614398,2.440812,0.2723886,2.3733482,0.6654569,2.5638194,0.12130846,2.4955044
492.jpg,0.54514223,-0.19069217,0.6047446,-0.24537548,0.6413128,-0.24467412,0.68568116,-0.24445094,0.48072106,-0.24565442,0.43506137,-0.24533452,0.38388076,-0.24557918,0.7401507,-0.22175151,0.2967577,-0.21838929,0.61446524,-0.12989263,0.4604298,-0.1319572,1.0,0.01155247,0.0,0.0,0.94543904,-0.41938272,0.03809462,-0.3854823,0.63560987,-0.82442445,0.3437777,-0.76096714,0.5551969,-0.917806,0.3987741,-0.84977704,0.5311089,-0.9212121,0.40070608,-0.854816,0.5411686,-0.8823655,0.39449796,-0.82131296,0.82532847,0.9958918,0.13769664,1.0,0.759498,1.6518577,0.19589305,1.6632419,0.6690852,2.3616614,0.2502205,2.326504,0.67026514,2.4673111,0.29183176,2.415341,0.60235226,2.5342612,-0.023423571,2.4517143
493.jpg,0.5442195,-0.1837535,0.60170174,-0.23577781,0.6361458,-0.23493718,0.6782285,-0.23465064,0.4774838,-0.23854865,0.4315377,-0.23913437,0.38003954,-0.23966031,0.7369207,-0.21431479,0.30049208,-0.21286193,0.6131723,-0.12251879,0.45826983,-0.12568977,1.0,0.017136024,0.0,0.0,0.9461875,-0.39925006,0.04420056,-0.38145387,0.65039355,-0.81737286,0.35468024,-0.76199955,0.57712525,-0.91280365,0.40321827,-0.84568924,0.5490078,-0.9239889,0.4085584,-0.8598361,0.5574243,-0.8826252,0.40467754,-0.8257289,0.8154053,0.9992335,0.12446103,1.0,0.7719531,1.6610702,0.20436084,1.6707971,0.65680736,2.3694413,0.24327655,2.3406553,0.65544945,2.46758,0.29233897,2.416513,0.6063895,2.5587652,0.006252989,2.5052152
495.jpg,0.5210422,-0.17021568,0.5876672,-0.22898343,0.624266,-0.22928725,0.666803,-0.22991864,0.45388845,-0.23010631,0.40418223,-0.23033258,0.34625083,-0.23066296,0.7290091,-0.2190804,0.26489347,-0.21030615,0.59624684,-0.11384537,0.4357202,-0.11509477,1.0,0.009290164,0.0,0.0,0.97035426,-0.43243843,0.01833794,-0.38505685,0.6407213,-0.82522553,0.33344424,-0.76561874,0.56050956,-0.93471456,0.39550033,-0.86656976,0.5311663,-0.9382733,0.39981613,-0.8771969,0.53962946,-0.890145,0.39148623,-0.8363185,0.8127414,1.0017673,0.1158569,1.0,0.76490563,1.6728565,0.20955072,1.6859757,0.6608589,2.3726103,0.27484745,2.3324122,0.6704643,2.4747086,0.32301843,2.4197922,0.58244383,2.5510879,0.009260524,2.476306
499.jpg,0.5545145,-0.19176967,0.60668117,-0.24649128,0.6465586,-0.24412291,0.69275314,-0.2425147,0.48611963,-0.25279358,0.43577772,-0.25445572,0.38509974,-0.25527918,0.75201786,-0.22032431,0.301191,-0.22843996,0.6128913,-0.12763819,0.46583036,-0.13241138,1.0,0.013995072,0.0,0.0,0.951779,-0.41264609,-0.0010347526,-0.37617427,0.6730995,-0.84128815,0.28901047,-0.7621681,0.5964913,-0.9295271,0.3517329,-0.84499824,0.5555435,-0.9401875,0.36502868,-0.86078423,0.5634647,-0.8993666,0.3626696,-0.8309345,0.81514686,1.0046318,0.1227385,1.0,0.7814,1.6555103,0.2047582,1.6626337,0.6834105,2.377009,0.2569738,2.3314273,0.6751059,2.4768555,0.29986417,2.4222524,0.61540896,2.5567667,0.0111296065,2.4826338
500.jpg,0.5356628,-0.18380922,0.5893624,-0.23889083,0.6272834,-0.2382812,0.67222905,-0.2381936,0.46514362,-0.24117076,0.4179598,-0.242179,0.36791423,-0.2427099,0.7331108,-0.21725272,0.29276365,-0.21406114,0.6031467,-0.12544142,0.4516133,-0.12783235,1.0,0.0145222675,0.0,0.0,0.952833,-0.3947698,-0.0027046353,-0.3764472,0.66032416,-0.8263831,0.28866208,-0.75767785,0.58887535,-0.90657043,0.35734296,-0.83516043,0.54854596,-0.9139227,0.3734576,-0.8523305,0.55519754,-0.8754014,0.36847585,-0.8218702,0.83059835,0.9992405,0.11751479,1.0,0.7650065,1.6652521,0.18345247,1.66865,0.6576048,2.3457665,0.22919531,2.318971,0.6367247,2.422697,0.261464,2.3845646,0.63501966,2.5548217,0.06670176,2.5057526
505.jpg,0.56449777,-0.21104312,0.61931807,-0.26033932,0.65930945,-0.2600448,0.70422244,-0.26037914,0.49905655,-0.2584615,0.4469757,-0.25711453,0.39242026,-0.25587624,0.74839586,-0.23147126,0.2891164,-0.22636525,0.6260866,-0.14837278,0.47139445,-0.1460034,1.0,0.009515447,0.0,0.0,0.94450575,-0.38777477,0.0019424199,-0.38003227,0.7123048,-0.82916915,0.23102283,-0.7789525,0.6449729,-0.9122748,0.2946221,-0.85234344,0.5925965,-0.9152558,0.32971203,-0.8696046,0.59556514,-0.8791161,0.32837224,-0.8402468,0.82158166,0.992579,0.13989677,1.0,0.7497648,1.6527466,0.18073538,1.6690605,0.64480203,2.343917,0.27046335,2.3256836,0.60216844,2.4261491,0.30447677,2.3968692,0.6762485,2.5476832,0.24370283,2.5218854
506.jpg,0.56615895,-0.21560007,0.6153209,-0.26638785,0.6527306,-0.26775596,0.6951854,-0.26891991,0.4951859,-0.2617739,0.4443124,-0.2601264,0.39347708,-0.2589607,0.7409138,-0.23217283,0.3016783,-0.22292086,0.6300975,-0.15192585,0.47656393,-0.15083009,1.0,0.00028922272,0.0,0.0,0.9309326,-0.4191612,-0.01578704,-0.39743802,0.72603333,-0.8581054,0.19955032,-0.8098292,0.6764148,-0.9382478,0.27205455,-0.8744867,0.6168489,-0.9374684,0.30713856,-0.88893497,0.6111595,-0.9020017,0.3069753,-0.86449164,0.82553595,0.9872982,0.13023274,1.0,0.75591946,1.6321083,0.16883077,1.6698575,0.6270603,2.33876,0.24952866,2.321763,0.58412784,2.4241638,0.28393522,2.397491,0.6680327,2.5358877,0.24685702,2.5049536
512.jpg,0.5796307,-0.18478519,0.62756586,-0.23721437,0.66720426,-0.23523775,0.71176636,-0.23269002,0.5093801,-0.23948674,0.45665893,-0.23914838,0.40386894,-0.23835701,0.7526719,-0.20414706,0.29849467,-0.2145883,0.6313446,-0.12229142,0.49088144,-0.12313964,1.0,0.008692067,0.0,0.0,1.0243032,-0.39087284,-0.04182536,-0.40993798,0.9217336,-0.85126054,-0.0030690718,-0.8025672,0.89508724,-0.94426066,-0.03356142,-0.8954313,0.79976666,-0.9503472,0.031736817,-0.914012,0.77640027,-0.9189209,0.07431194,-0.8872831,0.7934277,0.99361366,0.13063939,1.0,0.7449363,1.6271887,0.18300833,1.6692989,0.67175955,2.305278,0.25634947,2.3232667,0.61660284,2.3705742,0.28276187,2.3829005,0.79399043,2.4870336,0.27333564,2.5005016
853.jpg,0.53210086,-0.19228765,0.5859187,-0.24798019,0.62363034,-0.2500975,0.6569287,-0.25206405,0.45532486,-0.2381636,0.39956033,-0.2331346,0.34838668,-0.22901414,0.7054606,-0.2319453,0.25862396,-0.21177307,0.6135354,-0.12618135,0.45122924,-0.12256009,1.0,-0.006301358,0.0,0.0,1.0155631,-0.39898506,-0.03632906,-0.40814686,0.99693865,-0.8405393,-0.247199,-0.8089309,1.0004833,-0.93241256,-0.3468978,-0.9464512,0.93683887,-0.9403813,-0.32246187,-0.9681403,0.914223,-0.91323566,-0.2829556,-0.924613,0.8353156,0.9876538,0.1627417,1.0,0.7676313,1.7073675,0.21047343,1.7302356,0.6083331,2.4147077,0.28447792,2.4064748,0.55059725,2.497627,0.29829106,2.500081,0.7119838,2.644007,0.3622858,2.6267695
855.jpg,0.5058196,-0.1989837,0.5684572,-0.258284,0.60488313,-0.26013002,0.6413491,-0.26243055,0.4453283,-0.25060228,0.39272362,-0.24683923,0.3403644,-0.2441605,0.70302063,-0.24115705,0.2704967,-0.22180855,0.5899262,-0.1333289,0.42340827,-0.12993303,1.0,-0.013583601,0.0,0.0,0.9762561,-0.42837712,-0.037864067,-0.39370123,0.93635494,-0.8533675,-0.17023617,-0.7962392,0.9424369,-0.9335108,-0.25209862,-0.9271525,0.87029505,-0.9401151,-0.20625232,-0.9304723,0.8421804,-0.91254616,-0.16275252,-0.8901385,0.81596553,0.9887133,0.1469584,1.0,0.75094754,1.7161379,0.19484372,1.7433968,0.6081672,2.4015126,0.2926366,2.3842096,0.5578862,2.4863584,0.31094715,2.4814246,0.67691624,2.6224964,0.34698048,2.5968368
856.jpg,0.50264114,-0.18376724,0.56888056,-0.24006328,0.6066463,-0.24125925,0.6448166,-0.24279502,0.44307664,-0.23799826,0.39223003,-0.23689044,0.34383744,-0.23640917,0.70891285,-0.22405107,0.2713721,-0.21670078,0.58329064,-0.11647157,0.4129306,-0.12196766,1.0,-0.0102045955,0.0,0.0,0.98274344,-0.4171877,-0.010635742,-0.39169544,0.91321427,-0.8395178,-0.13804582,-0.7835846,0.92111737,-0.9229803,-0.20723991,-0.8941974,0.8434436,-0.929873,-0.17124668,-0.90876865,0.81473976,-0.8979028,-0.13188732,-0.8730171,0.82789654,0.9891364,0.15998875,1.0,0.7703476,1.7375618,0.21623681,1.7485074,0.6336414,2.4273605,0.3114126,2.4158225,0.5814826,2.5200274,0.31949258,2.5139935,0.6972419,2.6323366,0.3535801,2.6096637
857.jpg,0.5139785,-0.18177083,0.5781687,-0.2391933,0.6128842,-0.24049942,0.6528904,-0.24210036,0.45214885,-0.23602088,0.4007275,-0.23455924,0.34714305,-0.23371096,0.7174314,-0.2209806,0.2732561,-0.21111916,0.59359264,-0.11310528,0.4252371,-0.11581277,1.0,-0.012508658,0.0,0.0,0.96814436,-0.444199,-0.0014809545,-0.42050824,0.88485515,-0.8601075,-0.11385398,-0.8070552,0.898103,-0.94498134,-0.16615126,-0.9131497,0.8157056,-0.948358,-0.10639821,-0.9239895,0.783287,-0.9156455,-0.056820918,-0.8919147,0.83758295,0.98642015,0.16904177,1.0,0.7764558,1.7345495,0.22383301,1.7494885,0.6508742,2.4152427,0.32873762,2.4078333,0.59910357,2.504818,0.34144852,2.5069568,0.6910052,2.6203864,0.36690053,2.608353
858.jpg,0.55140406,-0.191211,0.6034634,-0.24318852,0.63876736,-0.24367148,0.683496,-0.24494942,0.48056927,-0.24202354,0.43236962,-0.24053489,0.3776199,-0.23989998,0.72783357,-0.22497344,0.29125938,-0.21927817,0.61654025,-0.13020992,0.45938355,-0.12985355,1.0,-0.007717592,0.0,0.0,0.94082886,-0.41232103,0.0076658954,-0.38944578,0.85915613,-0.8226052,-0.082743466,-0.7808991,0.8638158,-0.9061584,-0.13307054,-0.90041894,0.76258457,-0.9123278,-0.06022261,-0.9141507,0.7359988,-0.8873044,-0.018340848,-0.8795841,0.84667003,0.9843612,0.1745805,1.0,0.77728945,1.7083117,0.22336845,1.7265885,0.65562177,2.399962,0.32876354,2.39123,0.61483735,2.4801397,0.35033315,2.4830804,0.7114362,2.6220734,0.38187072,2.6120806
859.jpg,0.51145816,-0.19186349,0.57548904,-0.24825986,0.6098301,-0.2498257,0.65114456,-0.25204504,0.4487936,-0.24588598,0.39781618,-0.24456146,0.3459653,-0.24385212,0.71734077,-0.23118126,0.26523632,-0.22064373,0.5901669,-0.12454351,0.4201511,-0.12738562,1.0,-0.019481346,0.0,0.0,0.9233139,-0.44998804,-0.0005465328,-0.38637516,0.80550647,-0.8657921,-0.07619846,-0.7578601,0.80410486,-0.93653506,-0.11467813,-0.8873489,0.719014,-0.93928,-0.05315312,-0.88400525,0.6935818,-0.9123436,-0.013150846,-0.85501987,0.81944543,0.9879357,0.15693305,1.0,0.76758254,1.7330962,0.22447152,1.7534502,0.6201693,2.4229434,0.3251682,2.4086173,0.5772224,2.5136116,0.33263934,2.507784,0.6608788,2.6316152,0.3372392,2.6092463
860.jpg,0.525379,-0.2017842,0.580779,-0.25618812,0.61474174,-0.25675172,0.65882564,-0.25785568,0.46600193,-0.2522987,0.4225187,-0.24975896,0.37195405,-0.24734391,0.72038424,-0.23183651,0.29219577,-0.21960765,0.5970604,-0.1364948,0.44368547,-0.13553597,1.0,-0.018592386,0.0,0.0,0.9342754,-0.4436182,0.025456315,-0.39174032,0.78438103,-0.86326563,-0.0008340112,-0.760101,0.7761798,-0.9355984,-0.025998462,-0.8590914,0.6815183,-0.9350598,0.03002198,-0.8660727,0.65363586,-0.90767163,0.06429637,-0.8392658,0.8176834,0.99041396,0.1546251,1.0,0.77916706,1.7374262,0.22556289,1.7589167,0.64957,2.4232078,0.3134013,2.4078627,0.6208357,2.5123298,0.33551913,2.5020227,0.6519178,2.634935,0.31547463,2.6164033
868.jpg,0.54643327,-0.18943498,0.5965126,-0.2520886,0.63067687,-0.25363395,0.6745108,-0.2562636,0.47555035,-0.24910565,0.4293031,-0.24783714,0.3744376,-0.24731213,0.7330173,-0.2359361,0.2800615,-0.22094087,0.6225326,-0.12929572,0.46744484,-0.12719627,1.0,-0.019916236,0.0,0.0,0.91534,-0.46690556,0.017585443,-0.4178835,0.724455,-0.87619865,0.1715496,-0.7562682,0.6725534,-0.962285,0.23498178,-0.8525282,0.60785997,-0.96049464,0.2727871,-0.8705927,0.6080647,-0.9286221,0.27592227,-0.84609497,0.8319508,0.98903364,0.12524644,1.0,0.78642195,1.6808797,0.20125803,1.719605,0.7347458,2.3380024,0.25622508,2.3725266,0.7247028,2.3933828,0.31016138,2.4250562,0.6880297,2.575566,0.18659395,2.5882142
870.jpg,0.5779387,-0.1777094,0.6324319,-0.24232689,0.66644365,-0.24373262,0.7092821,-0.24609376,0.51335496,-0.23966374,0.46841237,-0.23882471,0.41506025,-0.23844339,0.7496498,-0.22221187,0.31380644,-0.216091,0.6460546,-0.107078716,0.48635462,-0.111142226,1.0,-0.010758583,0.0,0.0,0.89500403,-0.4346805,0.0796915,-0.4094632,0.670053,-0.8461453,0.19228439,-0.76827765,0.6071887,-0.9109483,0.2647602,-0.8760869,0.56326735,-0.91497153,0.28195536,-0.86691695,0.564232,-0.894096,0.27797678,-0.8445184,0.85493535,0.9832891,0.1555179,1.0,0.8085603,1.6914132,0.23164374,1.7213632,0.7102322,2.369506,0.26741,2.39698,0.6920638,2.437617,0.31985316,2.462485,0.70614225,2.5985322,0.26015103,2.5985212
871.jpg,0.54560536,-0.17415336,0.60814416,-0.24129303,0.6415808,-0.24333501,0.68163365,-0.24610773,0.48729497,-0.23640485,0.442397,-0.23536058,0.38947785,-0.23455232,0.73554724,-0.22457889,0.30072594,-0.21511124,0.6207354,-0.10465324,0.460037,-0.10560167,1.0,-0.011865223,0.0,0.0,0.9048414,-0.43956897,0.083884016,-0.42945775,0.65488887,-0.85441023,0.19495913,-0.7797826,0.59081715,-0.92765313,0.27490407,-0.8735171,0.55473286,-0.9277116,0.29322556,-0.869428,0.5578045,-0.9086472,0.28918806,-0.8474966,0.8337295,0.9853414,0.14034556,1.0,0.80019695,1.7093017,0.22049662,1.7381417,0.69239587,2.380529,0.25635713,2.4043827,0.6626021,2.4586053,0.28842834,2.4807146,0.7397076,2.5982177,0.27035084,2.6017232
877.jpg,0.5749819,-0.16797616,0.62754476,-0.22900788,0.6611085,-0.23041263,0.7039298,-0.23267686,0.50775313,-0.22828908,0.4600866,-0.22851501,0.4041383,-0.22924545,0.7514454,-0.21722509,0.30781344,-0.21314363,0.6413229,-0.11304545,0.48580053,-0.11328386,1.0,-0.017502835,0.0,0.0,0.9111134,-0.44247106,0.035069436,-0.38763428,0.6409164,-0.8383491,0.21471903,-0.7222248,0.56027675,-0.92978996,0.30707037,-0.8501547,0.52667296,-0.92238533,0.31498498,-0.8311866,0.53368515,-0.8817884,0.30794722,-0.80387175,0.8385383,0.98697776,0.1375897,1.0,0.79989415,1.701914,0.21987867,1.7367938,0.69868237,2.3566678,0.2706929,2.3828537,0.67492753,2.4242563,0.30266827,2.4485643,0.7649602,2.5921738,0.2788359,2.5994446
878.jpg,0.56449854,-0.1705365,0.6223087,-0.2336084,0.65699667,-0.23432365,0.7009486,-0.23565437,0.502752,-0.23405099,0.45714933,-0.23435804,0.40335006,-0.23520625,0.7463808,-0.21958633,0.30315226,-0.2172845,0.6287782,-0.10891051,0.47308752,-0.1119661,1.0,-0.00768885,0.0,0.0,0.8969033,-0.43943697,0.05046641,-0.40088436,0.605967,-0.8498921,0.24857686,-0.7448212,0.53315926,-0.95332813,0.330658,-0.8653192,0.51372075,-0.9518385,0.3328793,-0.85315126,0.5172639,-0.91765356,0.32299083,-0.8094569,0.8477034,0.9831918,0.14870888,1.0,0.80110013,1.6930033,0.21848147,1.7269672,0.6990425,2.3474276,0.25117084,2.3881326,0.67192745,2.4156685,0.2980551,2.4558089,0.74460924,2.5886045,0.2569953,2.6026773
881.jpg,0.54833686,-0.20307365,0.5972267,-0.2629324,0.6325197,-0.26261508,0.67559826,-0.26225802,0.4755987,-0.26297948,0.42998636,-0.26257256,0.38346374,-0.2623674,0.7344299,-0.23077221,0.30111006,-0.22895059,0.62162775,-0.14231543,0.47488192,-0.14860727,1.0,-0.014386641,0.0,0.0,0.91021144,-0.4589137,0.053331394,-0.41954416,0.5495222,-0.91009,0.2967696,-0.84233713,0.4886314,-1.0397767,0.35208857,-0.9466257,0.47260755,-1.0588181,0.3482184,-0.9549603,0.4774496,-0.9990035,0.3407193,-0.9121051,0.856956,0.9840242,0.120653935,1.0,0.7931053,1.6601707,0.1942477,1.6867746,0.6945065,2.3460882,0.1993622,2.3587,0.69945616,2.4131243,0.2538707,2.4199555,0.617079,2.566986,0.11077158,2.5627186
885.jpg,0.56337833,-0.18252689,0.60911167,-0.23923731,0.6472913,-0.23878591,0.6934874,-0.23919393,0.4863012,-0.24187158,0.4378885,-0.24213873,0.38649485,-0.24173643,0.7451681,-0.21810687,0.28983924,-0.20696521,0.6304982,-0.11880468,0.47951448,-0.12423101,1.0,0.0028005736,0.0,0.0,0.88517416,-0.43080512,0.06218991,-0.39947066,0.59611654,-0.8614833,0.30967194,-0.7884562,0.5407896,-0.95504,0.3568324,-0.8852649,0.5145959,-0.96973777,0.3601676,-0.897762,0.5198633,-0.930075,0.35745206,-0.8508293,0.85784376,0.9916647,0.1270497,1.0,0.79611707,1.6677577,0.19746423,1.6923965,0.7243814,2.3553374,0.24615097,2.3769956,0.7108416,2.4234812,0.29102767,2.4380102,0.6854718,2.572517,0.17911126,2.5735574
887.jpg,0.54465944,-0.18421544,0.59192944,-0.24340343,0.6280374,-0.24401422,0.6722457,-0.24555756,0.46726152,-0.24312694,0.42004627,-0.24248363,0.36932597,-0.24142994,0.73285794,-0.22474311,0.281285,-0.20804523,0.6157322,-0.12132502,0.46238378,-0.12590232,1.0,-0.0055626896,0.0,0.0,0.8892046,-0.44614676,0.035115637,-0.4032648,0.5753046,-0.8798975,0.30846855,-0.81626314,0.5222432,-0.98044825,0.35447195,-0.907185,0.48970032,-0.9967634,0.35414246,-0.92380345,0.4960846,-0.95128644,0.35194746,-0.87387323,0.8522604,0.9918685,0.12013269,1.0,0.7985774,1.671057,0.18592001,1.6977526,0.7207171,2.3513258,0.22851048,2.3778715,0.7032116,2.4132738,0.26919365,2.4350834,0.67745197,2.5777314,0.12532817,2.5790532
888.jpg,0.5483031,-0.1928819,0.5951393,-0.253117,0.6296539,-0.25435898,0.67119443,-0.2565822,0.46920022,-0.25313565,0.4214136,-0.25320813,0.369127,-0.25307405,0.7274593,-0.24149023,0.28534237,-0.22384499,0.6186174,-0.13382421,0.46781066,-0.1381508,1.0,-0.01574389,0.0,0.0,0.89765286,-0.43029004,0.043955345,-0.40065438,0.599268,-0.8720219,0.3130613,-0.80444175,0.5428945,-0.9973697,0.37539303,-0.9222135,0.51654077,-1.0054913,0.37281394,-0.9243457,0.5203616,-0.96421486,0.36467397,-0.88837224,0.85480535,0.9921214,0.12551609,1.0,0.8069631,1.6795008,0.1966595,1.6886933,0.6949169,2.372417,0.21273243,2.3820903,0.6530998,2.443892,0.2493687,2.4501278,0.7080403,2.5882277,0.14693898,2.573082
891.jpg,0.56147164,-0.20116735,0.6090651,-0.26079068,0.64476126,-0.26096258,0.6877764,-0.26194987,0.48504272,-0.26384532,0.43669015,-0.26501182,0.38363764,-0.2656823,0.7357643,-0.24485604,0.29170465,-0.2365493,0.6255943,-0.14040855,0.47564626,-0.14434983,1.0,-0.010187606,0.0,0.0,0.92769724,-0.40337077,0.04263939,-0.3846668,0.63048637,-0.8459795,0.3174986,-0.7756358,0.5564555,-0.9663269,0.37177858,-0.87187004,0.528488,-0.97429293,0.36966705,-0.87894493,0.5361512,-0.9261275,0.36471805,-0.8437343,0.8355645,0.9896007,0.12440236,1.0,0.7993056,1.6704239,0.20409589,1.6938976,0.6919799,2.3653648,0.27868444,2.3961453,0.652671,2.4374087,0.2983529,2.473337,0.6986596,2.5970008,0.30262184,2.602473
896.jpg,0.5594152,-0.19774045,0.6088505,-0.25409344,0.6470274,-0.25407213,0.69522005,-0.25438425,0.489126,-0.2563282,0.44245788,-0.25629795,0.38704792,-0.25667927,0.75019383,-0.23374346,0.29170603,-0.22817937,0.6255669,-0.13226546,0.46977708,-0.13557291,1.0,-0.014717601,0.0,0.0,0.91800433,-0.45833352,0.0733372,-0.4106842,0.6796768,-0.8812528,0.33826908,-0.8013956,0.6324649,-0.9970583,0.42202058,-0.9096763,0.59589475,-0.99170214,0.42098725,-0.9120173,0.59348506,-0.9445502,0.4109596,-0.8672076,0.83928484,0.98601055,0.12951922,1.0,0.79007494,1.7211819,0.22828595,1.7391568,0.6914907,2.4043899,0.33723575,2.4086506,0.6577919,2.4875379,0.3514298,2.5048764,0.74196357,2.6315384,0.4042734,2.6187541
904.jpg,0.5541272,-0.18797973,0.60412514,-0.24778397,0.6432542,-0.24761094,0.6935195,-0.24818113,0.4812087,-0.24985828,0.4346436,-0.24975197,0.37910593,-0.2496127,0.7538893,-0.23291002,0.28203967,-0.22572055,0.6218693,-0.1284357,0.4638943,-0.1294947,1.0,-0.008848023,0.0,0.0,0.9408338,-0.44463956,0.027166998,-0.39657146,0.71451306,-0.84836626,0.2635469,-0.73614556,0.6557688,-0.9440598,0.35646492,-0.8385591,0.608842,-0.93857086,0.37495333,-0.8438062,0.60766983,-0.89874774,0.37060857,-0.8181127,0.8219783,0.99250644,0.11396487,1.0,0.7688663,1.7085204,0.19768716,1.7222481,0.62737584,2.3839867,0.31856224,2.3934934,0.60443354,2.4718883,0.33798528,2.4920647,0.6883056,2.6055613,0.35939026,2.6043637
906.jpg,0.5574806,-0.18349414,0.6070891,-0.24356487,0.6477251,-0.24494413,0.6967071,-0.24682449,0.4885083,-0.2426932,0.4409186,-0.24210307,0.38654605,-0.24203847,0.7551266,-0.22923627,0.28647348,-0.21819334,0.6265076,-0.12173718,0.46979156,-0.120927304,1.0,-0.009422507,0.0,0.0,0.93631226,-0.46840036,0.05015893,-0.422137,0.7049036,-0.8777366,0.28113854,-0.7799943,0.6607702,-0.9698021,0.39140067,-0.88110244,0.6187726,-0.9668464,0.40182698,-0.8849223,0.6150915,-0.93426496,0.39490488,-0.86117077,0.8118632,0.9883128,0.105802804,1.0,0.76280427,1.703986,0.1923222,1.7324965,0.62433153,2.3911855,0.34268188,2.4033017,0.6039686,2.4810805,0.37243775,2.502067,0.6920226,2.61656,0.36998823,2.6155746
907.jpg,0.5560826,-0.1846412,0.6016078,-0.24376307,0.639719,-0.24505107,0.68797,-0.24680324,0.4855336,-0.24280989,0.43944678,-0.24179074,0.38714787,-0.24135019,0.7484419,-0.2279605,0.2893754,-0.21659034,0.6253678,-0.12338644,0.47231233,-0.12214987,1.0,-0.007285407,0.0,0.0,0.9461773,-0.47580075,0.059585057,-0.44025084,0.733419,-0.8804396,0.27901876,-0.79611284,0.69141996,-0.9622206,0.38747397,-0.8920085,0.6441422,-0.95777166,0.40076047,-0.8960075,0.63946575,-0.93042105,0.39514974,-0.8729441,0.8139104,0.98688674,0.11238161,1.0,0.75989455,1.7008364,0.20246689,1.7299684,0.60313755,2.4101362,0.32176745,2.4137764,0.5754321,2.5032825,0.341532,2.5176253,0.6987484,2.6325643,0.38834047,2.6235232
908.jpg,0.56694496,-0.18682362,0.61767745,-0.24627781,0.65954864,-0.2470856,0.70858467,-0.24836314,0.49877232,-0.24646384,0.45156696,-0.24580002,0.39975628,-0.24539703,0.76608723,-0.22672667,0.3001168,-0.21763843,0.6332489,-0.12375297,0.47760853,-0.12311301,1.0,-0.005296526,0.0,0.0,0.96717745,-0.46861288,0.051609892,-0.43052006,0.749684,-0.876101,0.27466154,-0.8005483,0.7116723,-0.96200025,0.37983683,-0.9009943,0.6584469,-0.95918554,0.39508432,-0.9061567,0.6525964,-0.9309441,0.39015424,-0.88076425,0.8231688,0.9819732,0.121300586,1.0,0.77382064,1.7109021,0.20991316,1.7348093,0.6206369,2.3871443,0.32870695,2.385487,0.58646536,2.476134,0.34389204,2.4837613,0.7110421,2.6107812,0.38766727,2.5929713
909.jpg,0.56391203,-0.19764261,0.6085037,-0.25696754,0.6484652,-0.25758588,0.6960532,-0.25896016,0.49181077,-0.25805217,0.44451565,-0.2574501,0.39287326,-0.25703898,0.75097233,-0.24019821,0.29318956,-0.22991475,0.62776476,-0.13416146,0.47827104,-0.13253653,1.0,-0.018615982,0.0,0.0,0.94848835,-0.47190166,0.016579067,-0.40178105,0.7522116,-0.8988583,0.18898076,-0.75568885,0.7162523,-0.993397,0.29523867,-0.8780267,0.6553182,-0.99058294,0.3300232,-0.89217794,0.6453307,-0.96018666,0.32172912,-0.8598267,0.8145454,0.9860608,0.116877414,1.0,0.7649687,1.7167623,0.20724578,1.7319996,0.6281693,2.4026659,0.31542873,2.3995745,0.6058234,2.4885669,0.33371937,2.4964554,0.6978359,2.6312857,0.3523782,2.6192584
910.jpg,0.55962515,-0.18574326,0.60718757,-0.24719854,0.6452314,-0.24853554,0.69304264,-0.25057697,0.49058118,-0.24662796,0.44510058,-0.24589513,0.39394256,-0.24550438,0.74925065,-0.23172,0.291247,-0.22206491,0.62117463,-0.122006096,0.46930903,-0.120330215,1.0,-0.01744141,0.0,0.0,0.9527283,-0.46511984,0.01761243,-0.4233556,0.770305,-0.87599605,0.1987737,-0.7868284,0.72523403,-0.96208215,0.28330347,-0.89375603,0.6532789,-0.96603197,0.32467324,-0.9095606,0.6449927,-0.93801296,0.31803071,-0.87883115,0.8210885,0.9868775,0.11842681,1.0,0.7770128,1.7153051,0.2145745,1.7326761,0.61974794,2.3949587,0.2504394,2.3551865,0.60131156,2.475277,0.26913965,2.4285502,0.6546586,2.6236134,0.19163524,2.57783
911.jpg,0.5298023,-0.18793918,0.59477663,-0.24731244,0.62967604,-0.24835967,0.6733853,-0.24999744,0.4721417,-0.24584608,0.42518142,-0.24531955,0.37123257,-0.24548669,0.73349017,-0.23173468,0.28849462,-0.2264431,0.60206956,-0.12472894,0.43791845,-0.1271639,1.0,-0.011331785,0.0,0.0,0.95877737,-0.46561962,0.012204773,-0.40803438,0.8061649,-0.88104004,0.12622562,-0.7289731,0.78361833,-0.9592739,0.17129387,-0.8276933,0.70310843,-0.96114796,0.22208153,-0.8440492,0.68634194,-0.9325698,0.23170397,-0.813938,0.82283413,0.9889218,0.13672547,1.0,0.7592612,1.7422278,0.21735431,1.7590346,0.6323515,2.4300966,0.26478702,2.4049625,0.60039705,2.5100892,0.27068523,2.4864404,0.64363813,2.6534812,0.23715806,2.6119783
912.jpg,0.53369284,-0.17307808,0.5946227,-0.22926144,0.6290772,-0.23010126,0.672443,-0.23154448,0.47300395,-0.22997396,0.42556965,-0.23037986,0.37111363,-0.2311793,0.73630047,-0.2166822,0.28595167,-0.21297766,0.6054777,-0.11032027,0.44535726,-0.11334375,1.0,-0.011595853,0.0,0.0,0.97057486,-0.45630297,0.019486945,-0.41503933,0.8218828,-0.88169223,0.10304773,-0.7429327,0.8104355,-0.9530082,0.12974598,-0.8381485,0.7238027,-0.94832605,0.17391951,-0.84948677,0.69851935,-0.92225486,0.1914096,-0.8267652,0.813999,0.9916351,0.13888094,1.0,0.76685584,1.7323679,0.2297797,1.7524185,0.6488591,2.4077935,0.28266537,2.3739939,0.6322977,2.4962769,0.30554184,2.4585693,0.6177155,2.624928,0.15107103,2.566262
915.jpg,0.4951827,-0.18174517,0.5681381,-0.2448672,0.61249053,-0.24751781,0.6476523,-0.25019306,0.43692154,-0.23981382,0.38230813,-0.23838508,0.33779782,-0.2379088,0.7154321,-0.22908017,0.2708964,-0.21946773,0.5778733,-0.11333687,0.40674248,-0.11264572,1.0,-0.0035311794,0.0,0.0,0.9925686,-0.44644922,0.014964575,-0.42082575,0.90962154,-0.8530237,0.035633564,-0.78547734,0.91905147,-0.9439012,0.03208311,-0.8715336,0.8481441,-0.9451856,0.09592616,-0.869949,0.81418383,-0.9100648,0.12903903,-0.84136426,0.80133414,0.99530697,0.13244988,1.0,0.7511597,1.7480646,0.20882799,1.7454711,0.6209338,2.4410808,0.2322399,2.394674,0.5882866,2.5231206,0.25729942,2.4811373,0.6013406,2.6397157,0.12017165,2.5854137
918.jpg,0.47857016,-0.18936442,0.5538183,-0.24872728,0.6038011,-0.25104517,0.6421664,-0.25324884,0.41135094,-0.24304017,0.36043745,-0.24196236,0.31648982,-0.24097444,0.71348953,-0.23056144,0.2512859,-0.22303882,0.5667302,-0.11773907,0.39270186,-0.116395004,1.0,-0.0027883423,0.0,0.0,1.0542524,-0.45750037,-0.029102392,-0.41570297,1.0209067,-0.86138576,-0.06842502,-0.7693004,1.02625,-0.94441456,-0.07894827,-0.8627139,0.96996236,-0.9454222,-0.01805596,-0.8662443,0.9458941,-0.9176917,0.014433199,-0.8460111,0.81099534,0.996029,0.13030626,1.0,0.7519922,1.763693,0.20247766,1.7618119,0.6238303,2.4443588,0.25714293,2.4204414,0.60998356,2.537736,0.28139096,2.5058491,0.59946156,2.6508894,0.18711422,2.605312
919.jpg,0.4948202,-0.20097604,0.5640578,-0.26353917,0.60423034,-0.26644963,0.64067996,-0.26950592,0.43173495,-0.25630376,0.37591657,-0.2537478,0.32836768,-0.25156167,0.70390695,-0.2470666,0.25825065,-0.23255417,0.58428985,-0.1322434,0.41209885,-0.12836196,1.0,-0.0068498747,0.0,0.0,1.0723187,-0.4146765,-0.079612546,-0.35871723,1.046742,-0.8465125,-0.11380658,-0.71940625,1.0580618,-0.9243658,-0.13611822,-0.83708876,1.0061226,-0.93192154,-0.06531268,-0.8513444,0.9774005,-0.9045757,-0.031925548,-0.8209301,0.8152522,0.98880756,0.14732659,1.0,0.7436599,1.7055491,0.20834711,1.7262061,0.5962862,2.3901958,0.2618696,2.3641872,0.58639485,2.4755082,0.29130602,2.4488425,0.61172754,2.6105673,0.17370372,2.5693514
921.jpg,0.47705823,-0.18752855,0.54558706,-0.25490505,0.59286,-0.2569228,0.6310787,-0.25896537,0.40663117,-0.2501107,0.35111034,-0.2483736,0.30629706,-0.24674617,0.70462775,-0.2387963,0.23328035,-0.22805248,0.56724614,-0.1160548,0.39253104,-0.11527661,1.0,-0.0037368324,0.0,0.0,1.1062969,-0.4232327,-0.0885296,-0.35095724,1.1068987,-0.86370444,-0.18224537,-0.7200922,1.1109358,-0.9467519,-0.20384102,-0.84919274,1.063545,-0.95613056,-0.15800999,-0.86544615,1.0419918,-0.92504084,-0.13321523,-0.83820087,0.81644,0.9925386,0.13951732,1.0,0.74719954,1.7078401,0.1829057,1.7253433,0.60675573,2.4017315,0.25085622,2.3692908,0.5803366,2.4787247,0.28768888,2.4476454,0.62370557,2.61929,0.18219328,2.589244
