1890.jpg,0.48539367,-0.4986164,0.5507153,-0.5582154,0.58795244,-0.55675656,0.6275439,-0.5542859,0.42222074,-0.55899227,0.37844265,-0.5568228,0.34011635,-0.5537062,0.6878497,-0.50729495,0.29364115,-0.50459284,0.5675227,-0.4043795,0.40754777,-0.40087473,1.0,-0.021251345,0.0,0.0,1.0987374,0.47117218,-0.1383804,0.46977875,1.0017308,0.8378174,-0.08107444,0.6651027,0.98852706,0.97495073,-0.07235951,0.7593919,0.9222424,0.94938725,-0.038400855,0.71495664,0.90917414,0.9131522,-0.028807906,0.68161744,0.804765,0.9908344,0.2885699,1.0,0.816001,1.6644422,0.21517882,1.602273,0.8611063,2.2648053,0.21841614,1.9393532,0.83642304,2.3292267,0.24589907,1.955671,0.8502613,2.6392307,0.1739399,2.2360983
1891.jpg,0.4901395,-0.50388193,0.55714715,-0.57249403,0.59483194,-0.5693751,0.63224715,-0.56621975,0.4293286,-0.5736199,0.38052315,-0.57121235,0.34156558,-0.5690126,0.68859744,-0.5126409,0.2914536,-0.50997835,0.56792593,-0.40892598,0.4046285,-0.4060754,1.0,-0.013941255,0.0,0.0,1.1297048,0.49257967,-0.122946754,0.5323164,0.9610585,0.7985707,-0.027919924,0.5902437,0.92763907,0.90589076,-0.031251274,0.622448,0.8831578,0.84126085,-0.011181341,0.56036156,0.8830108,0.8077956,0.013661891,0.54128665,0.80457026,0.9980253,0.2712602,1.0,0.8439184,1.7133642,0.184563,1.6325055,0.9022782,2.3197892,0.21844351,1.9807472,0.8709881,2.3786423,0.26986486,2.0115538,0.86648023,2.7326534,0.15521666,2.2707162
1892.jpg,0.49348512,-0.49274975,0.5578906,-0.5602114,0.5980739,-0.5584038,0.634759,-0.55603296,0.42887333,-0.56035,0.38064012,-0.5581512,0.34241307,-0.5554695,0.68858594,-0.5081854,0.2880939,-0.5030537,0.5712334,-0.3984294,0.40847558,-0.3958353,1.0,-0.03243937,0.0,0.0,1.1095818,0.49116218,-0.13767366,0.5537799,0.93577534,0.6747791,-0.0029746844,0.5086367,0.88194454,0.7251557,0.04129715,0.5019602,0.86895186,0.6618202,0.060622502,0.43449408,0.8777512,0.64518505,0.06450671,0.42609152,0.81152666,0.9881536,0.27068105,1.0,0.84946114,1.71413,0.19259982,1.6687216,0.9023832,2.3430488,0.19524294,1.9858782,0.8718223,2.3953452,0.23311105,2.0171113,0.9179411,2.7377245,0.14288467,2.2667217
1893.jpg,0.49213886,-0.49287203,0.5539313,-0.5622985,0.5938104,-0.5601876,0.62938076,-0.5577108,0.4266099,-0.56272554,0.3766094,-0.56056046,0.33786514,-0.5581227,0.68107253,-0.507567,0.28197458,-0.50035834,0.570217,-0.40016514,0.40695393,-0.39747337,1.0,-0.01806549,0.0,0.0,1.1053154,0.5162949,-0.16243988,0.5535558,0.9354505,0.60723114,0.024474626,0.46100733,0.86167824,0.6225388,0.0819095,0.4381949,0.85941756,0.54518604,0.096823715,0.36931157,0.8680491,0.53552204,0.09953651,0.36798382,0.81847996,0.9971922,0.26518732,1.0,0.8426045,1.7536889,0.15390098,1.6882781,0.9020095,2.4410305,0.19012657,2.041989,0.90973055,2.6081738,0.2441149,2.0757494,0.8408504,2.8268354,0.11054785,2.295762
1894.jpg,0.49185956,-0.47105154,0.55346525,-0.5368963,0.58833736,-0.53598726,0.62883043,-0.534229,0.42231578,-0.53607935,0.37692398,-0.5339571,0.33840847,-0.5312271,0.68216425,-0.4933178,0.2880583,-0.48348013,0.5728712,-0.3824249,0.41305482,-0.3777485,1.0,-0.018531943,0.0,0.0,1.1191939,0.5129075,-0.18107553,0.56098866,0.8871964,0.55251664,0.05917139,0.4234437,0.80451095,0.5551288,0.12908393,0.3938256,0.79551005,0.49104866,0.14540231,0.31674492,0.8076536,0.4846351,0.14150965,0.31999734,0.8177418,0.99238926,0.25571677,1.0,0.84442204,1.7590244,0.15300253,1.6727945,0.9251214,2.413201,0.15288727,2.034427,0.90430176,2.4838216,0.19197111,2.071964,0.86574763,2.792834,0.11953085,2.2859018
1927.jpg,0.5393312,-0.44931868,0.589729,-0.51669466,0.62570137,-0.5148797,0.6622756,-0.512638,0.47676715,-0.5165059,0.43095753,-0.51295215,0.39144337,-0.51034904,0.70276976,-0.46757197,0.31405592,-0.47180572,0.6019412,-0.3622168,0.44880605,-0.36754283,1.0,0.0117486315,0.0,0.0,1.1649488,0.44448948,-0.12644501,0.5121414,1.1331973,0.5570735,0.29792324,0.4963604,1.0872406,0.6154434,0.46219128,0.49213672,1.0553097,0.55997986,0.4900837,0.42762697,1.0475209,0.5387715,0.4489406,0.42512566,0.79776555,0.9981487,0.2349646,1.0,0.83410585,1.6675358,0.1194299,1.683213,0.88283384,2.2615664,0.11101948,2.0579689,0.85825264,2.3048656,0.12169162,2.1111164,0.80073273,2.6315641,0.07143549,2.2590654
1929.jpg,0.54536265,-0.44625872,0.5918823,-0.51516944,0.6286129,-0.51458424,0.66286725,-0.51368445,0.4760587,-0.51287735,0.4248411,-0.5088886,0.38297826,-0.50595653,0.70207757,-0.47051528,0.30178165,-0.46809977,0.6064163,-0.3628337,0.45191136,-0.36168844,1.0,0.008457527,0.0,0.0,1.1320773,0.47184303,-0.10904531,0.52199167,1.1039351,0.58131766,0.37018695,0.41197821,1.0930657,0.6220704,0.5234976,0.39798903,1.0694486,0.55741316,0.5381309,0.3031385,1.0526211,0.5399995,0.49780798,0.3013189,0.7904312,0.9908309,0.2098168,1.0,0.83854014,1.6394659,0.10314837,1.6774409,0.86810833,2.231911,0.08794726,2.0411112,0.8426509,2.2766478,0.13662043,2.068406,0.82644826,2.5960472,0.028318921,2.2386978
1930.jpg,0.54046166,-0.45460588,0.59101504,-0.5247953,0.6302682,-0.52400863,0.6660542,-0.5220751,0.47485533,-0.5234311,0.42482123,-0.5189187,0.38173324,-0.5153558,0.71305364,-0.47526675,0.3067421,-0.47705448,0.6038559,-0.36869293,0.4475843,-0.36885715,1.0,0.0032541878,0.0,0.0,1.1072391,0.47631,-0.07717461,0.52811515,1.1020871,0.5685746,0.38187373,0.41181925,1.102031,0.6068471,0.53032994,0.3914052,1.0821855,0.5449074,0.5354344,0.29518726,1.060767,0.52668965,0.49630538,0.29584664,0.7895428,0.9935407,0.21643686,1.0,0.8456847,1.6601795,0.102157414,1.693428,0.89130974,2.2764642,0.07301491,2.1020684,0.8706816,2.3183672,0.10827199,2.1398726,0.8217972,2.6443467,0.0004205948,2.2897348
1932.jpg,0.5419733,-0.4398687,0.5942439,-0.5113213,0.63464135,-0.5103843,0.6688934,-0.5082369,0.47911566,-0.50972563,0.42926106,-0.5056073,0.38794926,-0.5021003,0.720209,-0.4615779,0.3139992,-0.4632089,0.60682464,-0.3542626,0.45118275,-0.35553783,1.0,0.022408785,0.0,0.0,1.0732245,0.5161273,-0.108936355,0.5478118,1.0563538,0.56995296,0.30221027,0.46111143,1.0412612,0.6012599,0.45253626,0.44330025,1.0350903,0.52757394,0.4595048,0.35933322,1.0213047,0.5118129,0.4246742,0.35625458,0.7868059,0.99687326,0.21251646,1.0,0.83737797,1.6704208,0.120130725,1.6908032,0.90048885,2.246243,0.092827514,2.0379133,0.86997324,2.2873218,0.11667578,2.0534933,0.8425184,2.623256,0.008707217,2.2329886
2062.jpg,0.55663496,-0.43455437,0.6025281,-0.5031961,0.64256984,-0.5024019,0.6746007,-0.5012581,0.4740105,-0.5056926,0.41837057,-0.5044934,0.36764362,-0.5035829,0.7087796,-0.46612886,0.28893366,-0.4597175,0.6151866,-0.34881914,0.46734062,-0.3443087,1.0,-0.04417762,0.0,0.0,1.2175357,0.3208747,0.04140793,0.49347088,1.417058,0.575101,0.62665844,0.20951182,1.4932518,0.67610127,0.7891552,0.104372494,1.4418097,0.65915585,0.78881645,0.05869812,1.3981979,0.62957746,0.7420678,0.08339111,0.8629847,0.9945583,0.2705948,1.0,0.89976394,1.7188329,0.033726543,1.606932,0.9657969,2.245112,-0.00424022,1.959302,0.88602537,2.400687,0.011269932,1.9967859,0.9467435,2.6324959,0.075545326,2.2535572
2066.jpg,0.5664324,-0.43050966,0.6168384,-0.4999605,0.65734863,-0.49850294,0.6918888,-0.4967727,0.48198083,-0.50478375,0.4254558,-0.50445706,0.37554508,-0.5042726,0.7231489,-0.4613851,0.29824042,-0.46359554,0.62509924,-0.3431275,0.4697871,-0.34124908,1.0,-0.03804986,0.0,0.0,1.2137471,0.33123544,0.020057239,0.5180249,1.418704,0.5974476,0.58728915,0.2580443,1.4888514,0.69768935,0.7590009,0.16036893,1.437683,0.6806135,0.7611556,0.1076925,1.3980786,0.65283453,0.7107136,0.13316205,0.85693747,0.9887546,0.25464404,1.0,0.89410263,1.7098424,0.018209647,1.6376469,0.95907414,2.2940462,-0.01853214,1.9996371,0.8882001,2.4519646,0.008693194,2.031351,0.910781,2.7226455,0.028498607,2.2496932
2067.jpg,0.5773498,-0.43868622,0.61814606,-0.50594246,0.65542144,-0.5047702,0.68540806,-0.5036109,0.49845174,-0.50847393,0.44190317,-0.50845015,0.39250687,-0.50725794,0.7087633,-0.47015977,0.30158228,-0.46735284,0.6316378,-0.35454753,0.4851183,-0.3534094,1.0,-0.039577983,0.0,0.0,1.1791515,0.34590712,-0.0047821226,0.5207715,1.3571663,0.62280524,0.60397196,0.29268017,1.4103642,0.71497214,0.76534355,0.20709178,1.3688185,0.6895753,0.76659024,0.15496117,1.3336229,0.6592396,0.71494204,0.17703842,0.85055256,0.9876202,0.25809708,1.0,0.8785133,1.6986861,0.049815714,1.5844356,0.9533671,2.2906702,0.031686798,1.9462593,0.927999,2.3483222,0.057301965,1.9716187,0.9363054,2.6432006,0.079175554,2.2238245
2068.jpg,0.5681625,-0.4580569,0.6052908,-0.525496,0.64131886,-0.5256433,0.67381483,-0.5247173,0.49017817,-0.52558386,0.4359466,-0.5248124,0.38657704,-0.5224193,0.7006088,-0.49215114,0.29829228,-0.48166922,0.6243065,-0.37564227,0.47870544,-0.372547,1.0,-0.04887945,0.0,0.0,1.1539909,0.37590116,-0.0649311,0.5412233,1.2836027,0.64656734,0.5676697,0.37023315,1.3173759,0.72420937,0.74132967,0.32565913,1.2740382,0.68903005,0.75126946,0.2570034,1.2456367,0.6620421,0.70359224,0.2630656,0.82323223,0.9873266,0.24776071,1.0,0.86283666,1.6752928,0.08767285,1.5639327,0.94922715,2.2697308,0.02555674,1.9520445,0.91834295,2.3150795,0.043213148,1.9845593,0.9888813,2.6298313,0.10521561,2.2252057
2069.jpg,0.54244035,-0.44031918,0.58865774,-0.50622636,0.62674123,-0.5064696,0.6607832,-0.50556713,0.4727921,-0.5043702,0.42066512,-0.501947,0.37291685,-0.49936324,0.6974386,-0.4677929,0.29317635,-0.46120316,0.60255116,-0.35676944,0.45210257,-0.35565385,1.0,-0.014432902,0.0,0.0,1.1538212,0.4046085,-0.14077514,0.5366925,1.1954046,0.68957347,0.45199916,0.4760432,1.2242424,0.76775885,0.6231277,0.4549287,1.1885811,0.7240246,0.6425027,0.38599116,1.1633779,0.69701487,0.6049124,0.38550875,0.8149888,0.9921112,0.24845938,1.0,0.86081046,1.6941034,0.058181506,1.5843707,0.9186186,2.2612133,0.041014373,1.9603118,0.8788793,2.3029401,0.072173566,1.9907739,0.9171726,2.604927,0.089754656,2.2222877
2093.jpg,0.49209252,-0.44941548,0.54814404,-0.52065414,0.57702255,-0.5192373,0.6154337,-0.5173934,0.42402673,-0.5143152,0.3784097,-0.5096856,0.3345503,-0.503898,0.6626837,-0.47313747,0.26600137,-0.4627609,0.56422275,-0.36535746,0.40576985,-0.3616765,1.0,-0.012322586,0.0,0.0,1.2097679,0.41472885,-0.12724534,0.50410986,1.2276189,0.73384416,0.42746824,0.5476953,1.2159977,0.82104224,0.5794031,0.5650224,1.1688377,0.7657043,0.61669356,0.5013019,1.1544323,0.73991096,0.58523506,0.49511325,0.82051665,0.98742867,0.2568946,1.0,0.8477528,1.7026967,0.090181805,1.5979882,0.94768715,2.3184893,0.09592224,2.01321,0.9160058,2.358318,0.15602092,2.0792346,0.9759849,2.6756904,0.035136305,2.230772
2094.jpg,0.52660483,-0.45437908,0.5697399,-0.5202661,0.6025981,-0.5198553,0.6405079,-0.51886505,0.4510928,-0.5182556,0.39769614,-0.5155929,0.35092494,-0.5116624,0.67540884,-0.47942188,0.275701,-0.4669365,0.5883391,-0.37074763,0.43376836,-0.36680487,1.0,-0.038084738,0.0,0.0,1.2282214,0.36393043,-0.08053079,0.5086389,1.3329684,0.70895,0.61634964,0.43042403,1.341594,0.8073887,0.7852116,0.40552115,1.2865528,0.7691989,0.8079568,0.34470463,1.265373,0.742414,0.7607507,0.34767312,0.84976345,0.98347735,0.2659071,1.0,0.8853125,1.6991796,0.10029607,1.5795598,0.9763827,2.3330636,0.07878976,1.9952852,0.9503674,2.3898377,0.12715611,2.0549982,0.9547046,2.7294252,0.07507534,2.245067
2097.jpg,0.56048995,-0.43743223,0.602676,-0.50626004,0.64170915,-0.50694317,0.6709721,-0.50686145,0.481983,-0.5037649,0.4252525,-0.50165194,0.36992383,-0.49977535,0.70048374,-0.47361273,0.27630156,-0.46061966,0.6153123,-0.3585203,0.4606001,-0.3595899,1.0,-0.042419195,0.0,0.0,1.2242265,0.30828878,0.13411717,0.45546904,1.4784936,0.61531,0.75511724,0.18414544,1.553094,0.7116752,0.9292507,0.11044025,1.5243845,0.69198716,0.9126215,0.059585534,1.4905875,0.6675837,0.8579609,0.078948684,0.87113255,1.0012805,0.2546101,1.0,0.9303755,1.726883,0.08575089,1.6415516,1.0117989,2.3212144,0.043924075,2.0264153,0.9928157,2.3876998,0.024455804,2.068201,1.005932,2.657631,0.12951262,2.2572095
2098.jpg,0.5475458,-0.44252512,0.5841914,-0.5098352,0.6178347,-0.5107719,0.6542807,-0.51097417,0.45697615,-0.50471777,0.4014538,-0.50237495,0.3515609,-0.4999899,0.68449026,-0.47576785,0.26229998,-0.4580703,0.6109399,-0.36420518,0.44725528,-0.36132604,1.0,-0.040741764,0.0,0.0,1.187872,0.30470514,0.16763833,0.43031922,1.4805776,0.6074065,0.7930186,0.13772959,1.5623509,0.7004572,0.96511537,0.059316497,1.5326719,0.68338215,0.9477203,0.013193508,1.4955275,0.6605524,0.8930694,0.033049412,0.8419863,1.0053427,0.23605098,1.0,0.9140945,1.7311814,0.07758182,1.6593755,1.0082229,2.3853815,0.040236503,2.060597,0.99081755,2.44268,0.038353752,2.1131244,0.97858745,2.7208145,0.09447864,2.2860866
2099.jpg,0.5577987,-0.43198225,0.6000369,-0.50083,0.63634276,-0.5006734,0.6712073,-0.5003462,0.47760224,-0.49823067,0.41762197,-0.49653843,0.36799744,-0.49452427,0.7034768,-0.46536475,0.26869518,-0.4564406,0.6175017,-0.3546145,0.45675936,-0.3542792,1.0,-0.05225423,0.0,0.0,1.1814716,0.28680196,0.16905786,0.42412674,1.4981728,0.5984674,0.79543614,0.11731187,1.5759516,0.6862465,0.97276616,0.039781295,1.5449251,0.6722375,0.96002495,-0.0061584515,1.5085155,0.6505434,0.90089023,0.014123063,0.85773814,1.0051248,0.24927463,1.0,0.9438176,1.7324586,0.05927929,1.6639491,1.020295,2.3719368,0.03708175,2.035063,0.9896252,2.510827,0.0348796,2.0709484,1.0097481,2.7268975,0.13206546,2.2625413
2100.jpg,0.57345575,-0.42061752,0.6094026,-0.49046546,0.6474516,-0.4898792,0.6805236,-0.4887887,0.48878476,-0.48914585,0.42945677,-0.487212,0.3785298,-0.4872759,0.7016645,-0.45582163,0.2677623,-0.4473819,0.6293283,-0.34709442,0.46375602,-0.34663984,1.0,-0.05402326,0.0,0.0,1.1895066,0.29453087,0.17297462,0.42041865,1.514267,0.6017063,0.81194216,0.11030072,1.5745199,0.6866743,0.97152317,0.036760803,1.532256,0.6645059,0.9530022,-0.009139669,1.4994997,0.6432641,0.899153,0.011167183,0.85742843,1.0063106,0.24501249,1.0,0.95945126,1.7319057,0.06521979,1.6518018,1.036701,2.365367,0.038902115,2.0162997,0.98806953,2.4857507,0.032717336,2.0544205,1.0128927,2.7198074,0.12959509,2.2518072
2101.jpg,0.56253076,-0.4142887,0.60530037,-0.48298305,0.6433499,-0.483041,0.6784096,-0.48240113,0.47913957,-0.47909233,0.41921642,-0.47755107,0.3716282,-0.47749516,0.7083891,-0.44952056,0.2726833,-0.4389437,0.6254771,-0.34064218,0.4594999,-0.34013668,1.0,-0.03768662,0.0,0.0,1.1866496,0.32335484,0.16303049,0.43337944,1.4844326,0.6217592,0.8222196,0.124312446,1.5542864,0.70941347,0.97977406,0.05350569,1.5160478,0.68568087,0.9653503,0.008935548,1.4780316,0.6635583,0.9124291,0.027990954,0.87713987,1.0033795,0.2565027,1.0,0.96067613,1.7230736,0.071306795,1.6422279,1.0533345,2.2766287,0.046744082,2.012271,1.0342897,2.3301919,0.039121263,2.052186,1.0517274,2.6232805,0.13268861,2.2420275
2102.jpg,0.5808103,-0.4389901,0.62602293,-0.504558,0.663289,-0.503046,0.69397193,-0.50143063,0.5030772,-0.5068497,0.44136864,-0.50626236,0.39014935,-0.504207,0.7214321,-0.4660304,0.2856262,-0.46464193,0.63846797,-0.35732186,0.48008576,-0.3620924,1.0,-0.040022247,0.0,0.0,1.19348,0.32072374,0.1196229,0.4513946,1.481132,0.62734497,0.7808376,0.15809767,1.5370643,0.72400665,0.9491699,0.08108085,1.4908736,0.69934213,0.93596375,0.03361488,1.4580017,0.67572474,0.8822887,0.05485317,0.8791761,1.0069052,0.25362235,1.0,0.9467094,1.7329359,0.079999626,1.6514721,1.0407579,2.3658307,0.053452954,2.0539243,1.025764,2.4422398,0.05722399,2.1026459,1.018892,2.6859148,0.095030315,2.2749066
2103.jpg,0.6073363,-0.43621743,0.64995015,-0.50427085,0.6850856,-0.501715,0.7127262,-0.5002373,0.5246872,-0.5078657,0.4662372,-0.5081425,0.4070666,-0.5081837,0.7337703,-0.4675352,0.2937932,-0.47133422,0.66374904,-0.35678473,0.50849473,-0.36005652,1.0,-0.05058915,0.0,0.0,1.1729887,0.3202785,0.08050451,0.4581422,1.4392276,0.6203069,0.7591913,0.20359345,1.5210501,0.72264755,0.9360891,0.12868775,1.4797752,0.7026962,0.93171227,0.078490585,1.4365923,0.67734784,0.8724232,0.10317246,0.88836664,0.9992625,0.2624648,1.0,0.962031,1.7272865,0.10361122,1.653589,1.0561408,2.3636363,0.061090223,2.0649648,1.0426501,2.417967,0.050938983,2.1035824,1.0569997,2.7233613,0.14194974,2.288865
2104.jpg,0.61747134,-0.4514023,0.6601153,-0.517028,0.6970422,-0.5150966,0.724724,-0.51200986,0.5367837,-0.5216015,0.47903565,-0.521778,0.42227292,-0.5190883,0.74433035,-0.47694913,0.30949607,-0.48153847,0.6745479,-0.3698066,0.5152139,-0.3752339,1.0,-0.06431873,0.0,0.0,1.1549292,0.3282467,0.014910877,0.4747027,1.4064987,0.63695467,0.71509373,0.26398855,1.4882802,0.7427536,0.907448,0.18881536,1.4542909,0.72446597,0.90715116,0.1393709,1.4125414,0.69566923,0.8460947,0.16084164,0.8928768,0.99386066,0.26509395,1.0,0.9548466,1.7228773,0.10924487,1.6508864,1.0472914,2.350259,0.075565204,2.062187,1.0256131,2.4171467,0.09190273,2.1105556,1.1821337,2.720585,0.11062085,2.2897482
2105.jpg,0.62060183,-0.44909254,0.6553412,-0.51507837,0.68997633,-0.5133542,0.71652365,-0.5114193,0.53904766,-0.5189083,0.4832093,-0.51948184,0.42959154,-0.5169167,0.73140055,-0.47867465,0.3159355,-0.47917098,0.6758926,-0.36899552,0.5302835,-0.36986926,1.0,-0.06901416,0.0,0.0,1.1403146,0.3366258,-0.017005768,0.50726616,1.3426894,0.6438148,0.6481433,0.32412422,1.4119195,0.7495344,0.8193552,0.27888992,1.3845809,0.7256198,0.8404089,0.22582379,1.3466376,0.6953636,0.7857148,0.23656815,0.8664501,0.9832204,0.26887324,1.0,0.9351665,1.7077752,0.103670806,1.644142,1.0236486,2.328139,0.070697956,2.0144613,0.99537677,2.388509,0.0769175,2.0373206,1.025952,2.652967,0.1346316,2.2734818
2106.jpg,0.61034334,-0.45008767,0.64684767,-0.5148107,0.68216956,-0.51327014,0.71454746,-0.51115257,0.5297319,-0.5184635,0.46952,-0.5179881,0.42185128,-0.51594293,0.73115057,-0.47608948,0.3154103,-0.48000786,0.66265666,-0.36775288,0.51316607,-0.36897868,1.0,-0.06835398,0.0,0.0,1.120704,0.35810626,-0.08654442,0.5232814,1.303345,0.6701508,0.5863549,0.39707157,1.364707,0.7688215,0.76387954,0.36542842,1.3387221,0.7414947,0.7878593,0.30652133,1.3041433,0.7121055,0.7420671,0.31125578,0.86313957,0.9893325,0.26445836,1.0,0.9256319,1.7044015,0.13617879,1.6103212,0.9922412,2.306743,0.08995842,1.9738178,0.9569926,2.3311567,0.094271526,1.9945089,1.1006569,2.6706116,0.17600296,2.2557914
2107.jpg,0.60767156,-0.45265606,0.6441911,-0.51951694,0.6779196,-0.51769567,0.70833075,-0.51555777,0.533429,-0.5228323,0.47616237,-0.5225064,0.42960423,-0.52125233,0.7234905,-0.47866264,0.32557344,-0.48406214,0.6573643,-0.36905566,0.51489055,-0.3724629,1.0,-0.043594778,0.0,0.0,1.1133441,0.39748904,-0.1269761,0.5253875,1.2211597,0.71216905,0.45181087,0.5044396,1.2671546,0.7980719,0.638643,0.49425793,1.2528386,0.7594556,0.66161305,0.4303713,1.222078,0.73300797,0.6266084,0.4274411,0.829868,0.98962367,0.26048818,1.0,0.9044167,1.7028315,0.12757753,1.6081648,0.97174394,2.3311784,0.107824296,1.9790046,0.9299246,2.3612201,0.123814404,1.9989309,1.0300497,2.6997921,0.16249405,2.2571945
2108.jpg,0.6185793,-0.45250303,0.6579215,-0.5170755,0.69042164,-0.51460063,0.71773267,-0.51161504,0.54820836,-0.52079004,0.4952107,-0.5202613,0.44636795,-0.5170597,0.7304837,-0.4710556,0.34164548,-0.47625813,0.66696113,-0.3661835,0.5275793,-0.37323096,1.0,-0.02077052,0.0,0.0,1.0961891,0.4318047,-0.13937487,0.5255202,1.1706347,0.7204265,0.39311656,0.585772,1.1899054,0.7965036,0.5610252,0.6216706,1.1868942,0.7442449,0.5862305,0.5494326,1.1639127,0.72085285,0.550012,0.5326058,0.81184644,0.98557985,0.25780347,1.0,0.9001297,1.7041363,0.14391592,1.5925882,0.9693838,2.339729,0.10540225,1.9524275,0.9170985,2.355002,0.101886384,1.9705099,1.0105977,2.6774611,0.19261579,2.2261162
2109.jpg,0.62312263,-0.44753343,0.6638802,-0.5107022,0.6978908,-0.50753766,0.7260541,-0.5045356,0.55384237,-0.51480395,0.5031928,-0.5138146,0.45436502,-0.5119003,0.7455925,-0.4616563,0.35498995,-0.4714089,0.6777082,-0.3596602,0.53371173,-0.37005606,1.0,-0.0100181475,0.0,0.0,1.0802463,0.4178888,-0.17853256,0.49776864,1.1042454,0.6691335,0.21728173,0.6671263,1.125026,0.7432344,0.36353564,0.70362514,1.1086366,0.6969249,0.39232004,0.6426074,1.0833503,0.66917497,0.34626108,0.6222646,0.8224188,0.98886657,0.27261093,1.0,0.90740603,1.6872271,0.14449105,1.5726038,0.9687507,2.3386736,0.12786795,1.9335728,0.9247297,2.361641,0.14045018,1.9538823,0.9662939,2.6638,0.17883071,2.2030072
2201.jpg,0.52818084,-0.45313022,0.5822517,-0.5203403,0.6211137,-0.5199722,0.65483534,-0.5192647,0.46230474,-0.5177104,0.41403452,-0.5149399,0.37042966,-0.51119375,0.7031152,-0.48025066,0.29876888,-0.47031385,0.5944295,-0.36798498,0.43966836,-0.36600152,1.0,-0.0097697005,0.0,0.0,1.1576589,0.47247157,-0.1518722,0.53324836,0.9913665,0.75643194,0.22980645,0.70174074,0.9342942,0.8341884,0.36822686,0.75943786,0.90465355,0.7697547,0.419715,0.7021956,0.9093673,0.74504054,0.38247585,0.67528677,0.7542154,1.0122373,0.22009522,1.0,0.777553,1.7381055,0.071517535,1.6070817,0.87587243,2.3855586,0.012370602,1.9762456,0.86025804,2.4217865,0.028567767,1.989856,0.80465025,2.7229135,0.09503316,2.2805614
2202.jpg,0.5424781,-0.4664376,0.59131384,-0.5386284,0.6294853,-0.5361718,0.6644485,-0.5330298,0.46988562,-0.5430317,0.41987246,-0.5420847,0.3763983,-0.54068184,0.7031651,-0.49158567,0.3017074,-0.4927913,0.6006985,-0.37369794,0.45349827,-0.37304622,1.0,-0.016024556,0.0,0.0,1.171345,0.4456866,-0.13984181,0.5214769,1.1042631,0.81354547,0.38067716,0.601231,1.0735562,0.8965324,0.5437005,0.63084316,1.0506183,0.8344874,0.5746112,0.5553431,1.0459266,0.8111243,0.5402971,0.5462532,0.7657949,1.017237,0.22343056,1.0,0.78502154,1.7309014,0.09051753,1.5935016,0.8714294,2.4197252,0.0027056227,1.9826814,0.8380651,2.4451559,-0.005568022,1.9955716,0.82238805,2.75855,0.07366102,2.2710516
2203.jpg,0.53205377,-0.4543423,0.57929295,-0.5218756,0.6176837,-0.5194526,0.65392065,-0.516201,0.45674327,-0.5262426,0.40540794,-0.52567196,0.36214647,-0.5247515,0.68940735,-0.47636506,0.28885177,-0.47723103,0.59187865,-0.36434126,0.44178528,-0.36378035,1.0,-0.025799131,0.0,0.0,1.1939098,0.42629877,-0.13936952,0.5117712,1.1898876,0.79199725,0.4848981,0.4750454,1.1752092,0.89429563,0.66990787,0.46238413,1.1240112,0.85740757,0.6928663,0.3959494,1.1108458,0.8236368,0.6507951,0.39390454,0.7834641,1.0068957,0.22274558,1.0,0.79374915,1.6883162,0.06372797,1.5726769,0.8760658,2.2875798,0.018213829,1.9165419,0.85188216,2.3195572,0.031018937,1.927668,0.8683739,2.640865,0.07728634,2.206287
2205.jpg,0.5248043,-0.45415506,0.578704,-0.5160596,0.61801153,-0.5149971,0.65629303,-0.5134495,0.441577,-0.5164066,0.38780165,-0.51484543,0.34484777,-0.5130718,0.69580394,-0.47809315,0.27794603,-0.47015867,0.5967128,-0.3630202,0.43661246,-0.35899934,1.0,-0.03194265,0.0,0.0,1.1980726,0.37448376,-0.016575824,0.4994452,1.2940024,0.7288742,0.59909797,0.27363226,1.3045893,0.8383005,0.79085547,0.18540463,1.2414019,0.81454587,0.7912187,0.13912624,1.2168685,0.7803219,0.73297495,0.16200432,0.821987,0.99447703,0.22680087,1.0,0.8024732,1.6984817,0.027703246,1.6441337,0.8825289,2.2765334,0.0035557032,1.9689194,0.86054415,2.321474,0.020293234,1.9843988,0.8518745,2.6946108,0.01843116,2.2247272
2207.jpg,0.5520481,-0.42034966,0.59970874,-0.488791,0.640532,-0.48913243,0.6718398,-0.48848423,0.4784822,-0.4858567,0.42453012,-0.48365492,0.37222603,-0.48162892,0.71115,-0.45303804,0.28927514,-0.44668153,0.6110347,-0.3430797,0.45804745,-0.34127682,1.0,-0.040265284,0.0,0.0,1.1920075,0.33839932,0.041972082,0.47933573,1.3361478,0.6886974,0.6419963,0.1793152,1.3727105,0.8004679,0.8063307,0.08419398,1.3208537,0.7745329,0.8055286,0.039072424,1.2859352,0.7392896,0.756586,0.061807558,0.84735763,0.9976394,0.24314503,1.0,0.83903027,1.6883676,0.03676204,1.6450953,0.93803424,2.2624211,-0.024808927,1.9946309,0.9010829,2.3940766,-0.0038809823,2.0394855,0.9054958,2.5980465,0.0320527,2.2331827
2208.jpg,0.55340755,-0.41944233,0.60110885,-0.4892091,0.6411998,-0.48947087,0.67299354,-0.4884821,0.48056433,-0.4875573,0.42523637,-0.48536003,0.37259206,-0.48359835,0.70634437,-0.4531744,0.2840427,-0.44875574,0.60740507,-0.34159213,0.45591047,-0.34051552,1.0,-0.04485141,0.0,0.0,1.1786844,0.33427727,0.047288932,0.46951443,1.3532889,0.6632332,0.6419929,0.15944843,1.399056,0.77125436,0.79563254,0.0692037,1.3469074,0.74627775,0.79828024,0.022926701,1.3106872,0.71464014,0.7512022,0.045335837,0.8365893,0.9989589,0.23611726,1.0,0.82782596,1.6845951,0.042502828,1.6292531,0.93262136,2.244894,-0.0027269325,1.9544704,0.8881127,2.384896,-0.002399524,1.977942,0.87519634,2.6354046,0.047172744,2.2117171
2209.jpg,0.5597122,-0.42154923,0.6043014,-0.49081755,0.6444845,-0.4908902,0.67476296,-0.48993477,0.4837922,-0.4882475,0.42900664,-0.48596418,0.37475166,-0.48386422,0.71204376,-0.45444113,0.2883275,-0.44874692,0.6183375,-0.34479934,0.4642619,-0.3425496,1.0,-0.048989512,0.0,0.0,1.1654088,0.33327395,0.03844663,0.47143638,1.3378823,0.66641265,0.6166982,0.18381964,1.3893178,0.7721121,0.7827286,0.08568101,1.3430108,0.7463134,0.7860153,0.041760165,1.3054798,0.71500474,0.73888624,0.06584159,0.83805215,1.0001252,0.24244325,1.0,0.83089864,1.6910071,0.04604948,1.6289697,0.92457604,2.3084052,-0.006793553,1.9785689,0.8880208,2.456313,-0.0054737865,1.9944122,0.8648144,2.6811316,0.014638468,2.2162085
2210.jpg,0.5753921,-0.41704887,0.6214796,-0.4859693,0.6585975,-0.48547944,0.68629456,-0.48375592,0.5028842,-0.4865851,0.4486385,-0.48513404,0.3919215,-0.48364314,0.7167627,-0.45002934,0.29412183,-0.44924918,0.62965864,-0.33962286,0.48393163,-0.3399577,1.0,-0.047995564,0.0,0.0,1.1554416,0.3370731,0.020213403,0.49413237,1.3234817,0.6568261,0.5999161,0.22175597,1.3816822,0.76307046,0.7896951,0.11899354,1.3341521,0.7404389,0.79253674,0.069697805,1.2931814,0.7101328,0.7388909,0.097410604,0.8551753,0.98967665,0.25560915,1.0,0.8560601,1.6721618,0.06012709,1.6310892,0.94662833,2.2546475,2.0122223e-05,1.9785222,0.9277254,2.3961918,0.008175911,2.0279121,0.9290346,2.589123,0.02730177,2.2049623
2211.jpg,0.5816359,-0.44468564,0.6253738,-0.5167842,0.6640425,-0.5156433,0.69656533,-0.5133323,0.50499547,-0.5173205,0.4494531,-0.5145229,0.39971602,-0.5119847,0.725447,-0.47639057,0.30997515,-0.47810376,0.63854456,-0.36250815,0.48095742,-0.36440563,1.0,-0.06990623,0.0,0.0,1.1606023,0.32504058,0.02269367,0.50405586,1.2938806,0.65533596,0.61874807,0.24198298,1.3485628,0.76472986,0.7921702,0.14713101,1.3020475,0.7410822,0.7866657,0.100981705,1.264244,0.7085956,0.7333792,0.12331918,0.85998166,0.9906643,0.27299926,1.0,0.84269404,1.6788266,0.09217924,1.6113696,0.9230435,2.2359264,0.04571288,1.8954127,0.8940414,2.2837,0.035695717,1.9147421,0.90649325,2.5911794,0.12369673,2.2017703
2214.jpg,0.54952556,-0.453001,0.59241676,-0.52415794,0.62713677,-0.5236745,0.6629829,-0.5227689,0.47914726,-0.52168286,0.42900482,-0.5170123,0.3854228,-0.5129773,0.6996499,-0.47986484,0.30131015,-0.47319114,0.6085518,-0.3689352,0.4558257,-0.36719236,1.0,-0.041236646,0.0,0.0,1.1859522,0.37748453,-0.115180954,0.52749676,1.1468031,0.7319196,0.39589727,0.5243993,1.1196026,0.8325347,0.55577666,0.5069562,1.0820265,0.7819706,0.56846505,0.44362637,1.0772716,0.7533213,0.5325135,0.44338804,0.80538803,0.9862557,0.2519805,1.0,0.8167194,1.6625463,0.106905796,1.5758597,0.8931438,2.2805169,0.07361926,1.9262481,0.8679422,2.319844,0.09541943,1.9562278,0.8826945,2.624616,0.12997705,2.1876338
2238.jpg,0.54511315,-0.45923585,0.5843152,-0.5263326,0.6223825,-0.5262805,0.6541763,-0.52526015,0.47483778,-0.52551824,0.42639762,-0.52282655,0.37722525,-0.52029026,0.68723756,-0.48665956,0.29629612,-0.48110798,0.60159093,-0.3773544,0.4556581,-0.37612915,1.0,-0.026119322,0.0,0.0,1.2198968,0.389988,-0.1188933,0.5226062,1.3291062,0.7286402,0.47359496,0.57527584,1.3302621,0.82380414,0.64844805,0.6138517,1.2820258,0.7854311,0.6891697,0.54102844,1.2663467,0.75700647,0.658285,0.52574307,0.8071072,1.0028508,0.2377728,1.0,0.84231806,1.705414,0.102822185,1.6086822,0.9248726,2.3489466,0.075939246,2.0088813,0.895786,2.3870902,0.10535105,2.0473459,0.91481996,2.7107065,0.11222516,2.2619102
2239.jpg,0.53345376,-0.46965685,0.5830772,-0.539031,0.6153985,-0.5369158,0.65486944,-0.5349914,0.4571747,-0.53724366,0.4103727,-0.5331504,0.36443707,-0.5295409,0.69276273,-0.49114752,0.28648847,-0.49198675,0.60066783,-0.38384694,0.4366586,-0.3832585,1.0,-0.046437394,0.0,0.0,1.2168894,0.3546311,-0.10183806,0.51138633,1.4137455,0.6835063,0.51504666,0.4896667,1.4328109,0.78650093,0.6967355,0.46748406,1.3778584,0.75815576,0.7301048,0.4148425,1.3563322,0.7284776,0.6852838,0.41532382,0.8090111,0.9970439,0.23928127,1.0,0.8607706,1.7077004,0.084032185,1.6242373,0.9413363,2.3405704,0.07259998,2.0065784,0.91217303,2.3945174,0.10193065,2.027295,0.96499366,2.7265265,0.122478925,2.273309
2242.jpg,0.5925913,-0.42117465,0.6251783,-0.48878792,0.66099626,-0.48888958,0.6970307,-0.48890558,0.50500435,-0.48734528,0.44635966,-0.48361245,0.39193514,-0.4797389,0.7176975,-0.4548393,0.29399797,-0.44003564,0.64469355,-0.34189388,0.48414487,-0.33974174,1.0,-0.03443494,0.0,0.0,1.2275758,0.31004333,0.053390734,0.47496787,1.5012814,0.60718554,0.771668,0.26343256,1.5779176,0.7154549,0.95891386,0.19345354,1.5428413,0.6961359,0.95218396,0.15000346,1.5089253,0.66770536,0.8930997,0.17094621,0.8663102,1.001096,0.23532026,1.0,0.9128149,1.6929183,0.08227061,1.653433,1.0155063,2.3094714,0.01832342,2.0418396,0.9965565,2.3557904,0.0054605324,2.0887806,1.0121967,2.6732461,0.11001311,2.2510214
2243.jpg,0.58933353,-0.4090732,0.6246066,-0.47488937,0.66313267,-0.47547755,0.6961689,-0.47563237,0.5057093,-0.4732671,0.44747552,-0.47022495,0.3910138,-0.46668288,0.7201058,-0.4417505,0.28795826,-0.42763272,0.6409004,-0.33202943,0.48159814,-0.3304748,1.0,-0.02261737,0.0,0.0,1.2094803,0.3233747,0.081227556,0.4631826,1.4878374,0.59468496,0.8079566,0.2192922,1.570018,0.70266,0.9873385,0.1520027,1.5364577,0.68479127,0.977729,0.102234885,1.5004596,0.65661013,0.92262673,0.12032776,0.8611907,1.0051085,0.22620706,1.0,0.9246031,1.7009194,0.077997915,1.630016,1.0136404,2.285358,0.021926137,2.0011241,0.9923402,2.3447025,0.03085991,2.0386922,1.0149524,2.6391363,0.05625873,2.2209785
2245.jpg,0.5890889,-0.4013332,0.63415766,-0.46904668,0.67342806,-0.4689943,0.703063,-0.46797463,0.51267195,-0.46951059,0.4541413,-0.46820372,0.39497936,-0.4669204,0.72598374,-0.4355466,0.29229456,-0.4329792,0.633577,-0.32576624,0.47789526,-0.32680178,1.0,-0.01744076,0.0,0.0,1.2048442,0.35362756,0.11101497,0.46272853,1.4463937,0.6059874,0.82005167,0.21590827,1.5195136,0.7139848,0.99427366,0.15139674,1.4559399,0.69594055,0.9779126,0.09335826,1.4111971,0.67031884,0.9240737,0.11009543,0.87273866,0.99889714,0.24912106,1.0,0.9242023,1.6924089,0.088691585,1.6230956,1.0299476,2.2898688,0.03509932,1.9853872,1.0153137,2.3420548,0.0060853176,2.0170147,0.99848473,2.6327949,0.15250592,2.2252223
2248.jpg,0.59594876,-0.40894744,0.63125163,-0.47606218,0.6675076,-0.47494373,0.7026786,-0.47353715,0.51320577,-0.47805628,0.45619658,-0.4764266,0.4012941,-0.47412434,0.7253762,-0.4383844,0.30449334,-0.43567634,0.6481813,-0.3305376,0.48927745,-0.329659,1.0,-0.029242018,0.0,0.0,1.1488818,0.35421515,-0.020116212,0.5014995,1.34191,0.66446775,0.72094864,0.31776738,1.3775901,0.769166,0.8849343,0.27505597,1.3420858,0.7390377,0.89750904,0.23142919,1.3120124,0.7078305,0.8397309,0.24395615,0.85481316,0.9966535,0.23462203,1.0,0.89651906,1.6689416,0.094769865,1.5988195,0.98302764,2.2584896,0.05582333,1.9840436,0.98028195,2.4874535,0.08266172,2.020316,1.0741975,2.657182,0.0923806,2.2165875
2346.jpg,0.5427543,-0.48521653,0.58687735,-0.55263287,0.6263672,-0.55255055,0.65766543,-0.551714,0.46633443,-0.5506336,0.41520694,-0.5470379,0.36928216,-0.54255974,0.6968869,-0.5070217,0.29569888,-0.48871627,0.6051529,-0.39552546,0.45888403,-0.38757232,1.0,-0.038738105,0.0,0.0,1.1971273,0.3956447,-0.16347258,0.51019585,1.1856385,0.77223986,0.29787886,0.5145848,1.2000848,0.8766815,0.44570613,0.51021785,1.152217,0.84071666,0.46741363,0.44234797,1.1284357,0.8076945,0.43071538,0.43751317,0.8146953,1.0029366,0.25514147,1.0,0.84785426,1.6979436,0.080603555,1.5855223,0.9349644,2.3189049,0.01639328,1.9508303,0.91182756,2.3641222,0.034216236,1.9713395,0.9339004,2.6902244,0.06284626,2.2136073
2347.jpg,0.5333656,-0.46214318,0.57931226,-0.5231277,0.6171274,-0.52241683,0.6488025,-0.5215423,0.45483303,-0.52169377,0.40144783,-0.51961166,0.35376534,-0.5161982,0.69152963,-0.48942065,0.28144935,-0.47777003,0.60019845,-0.36819336,0.46241453,-0.36824802,1.0,-0.0370935,0.0,0.0,1.2042416,0.38368016,-0.13307036,0.48500064,1.279826,0.76890284,0.43213382,0.3453467,1.2917217,0.8773907,0.59866524,0.29796624,1.2355554,0.8557106,0.6080139,0.23458491,1.2102072,0.82189256,0.56805646,0.24593404,0.8252538,0.99305785,0.25755593,1.0,0.8553952,1.7109488,0.05547026,1.6253618,0.90142083,2.2616358,-0.01738644,1.9572542,0.8623524,2.3022847,-0.004254556,1.9941818,0.874993,2.6295748,0.041053083,2.2278569
2348.jpg,0.5260269,-0.4610946,0.56914675,-0.5290299,0.6067825,-0.5289405,0.63641554,-0.52783906,0.4506502,-0.52718276,0.39880353,-0.5244898,0.34837016,-0.52133983,0.6716944,-0.48537675,0.26973027,-0.47676447,0.5857223,-0.37374297,0.4485928,-0.36710703,1.0,-0.047471564,0.0,0.0,1.175253,0.3613764,-0.07648901,0.47181034,1.2866982,0.7146581,0.4628831,0.2232098,1.3193743,0.83316886,0.6149663,0.14158992,1.2672384,0.8180642,0.6129504,0.08581777,1.2308674,0.77976316,0.57052755,0.10722713,0.8228316,0.99621415,0.2532978,1.0,0.8585104,1.6866214,0.058883544,1.6062617,0.9200485,2.2442675,-0.015849398,1.9407394,0.86091053,2.3973737,-0.0039162682,1.9757893,0.89702415,2.5959854,0.06676509,2.2077413
2349.jpg,0.5383258,-0.42695057,0.5770076,-0.49862784,0.6154396,-0.49911675,0.64652437,-0.49852815,0.4538635,-0.49675047,0.39993617,-0.493931,0.35045418,-0.4914804,0.67749244,-0.46081048,0.27096766,-0.4505943,0.59516186,-0.3470159,0.449941,-0.3355925,1.0,-0.029732171,0.0,0.0,1.2054257,0.34466246,-0.05172254,0.4562015,1.3352234,0.702398,0.51830786,0.10717911,1.3697222,0.8234628,0.6424343,0.020742035,1.3107251,0.8044862,0.63485867,-0.022703096,1.2710702,0.7644744,0.6006818,2.1222186e-05,0.82858855,0.9951074,0.24453723,1.0,0.8688785,1.6891867,0.022687478,1.6409423,0.9560223,2.2866619,-0.06276028,1.9640125,0.94424295,2.345101,-0.05007076,2.0215347,0.8921554,2.6467824,0.004146566,2.2002003
2350.jpg,0.55461967,-0.39173716,0.5944801,-0.4557024,0.6301231,-0.45715976,0.6594448,-0.45750716,0.48397824,-0.453863,0.428836,-0.45170784,0.37372234,-0.44955292,0.6868764,-0.42392948,0.2798592,-0.41158733,0.6018703,-0.3188415,0.45933226,-0.31588182,1.0,-0.01881903,0.0,0.0,1.2126272,0.34776002,0.0061680158,0.43458015,1.3330252,0.6973502,0.58106875,0.050742075,1.3745648,0.8192587,0.7272981,-0.041409824,1.3124816,0.7999517,0.72752684,-0.08506317,1.2700168,0.761291,0.6818378,-0.05364536,0.8462845,0.9984235,0.25767276,1.0,0.87833536,1.6903336,0.04608725,1.6299304,0.96668696,2.2538745,-0.0476882,1.9625103,0.9518399,2.2975373,-0.046426315,1.9993103,0.9120392,2.6266832,0.047528677,2.2214253
2351.jpg,0.5368289,-0.38809824,0.57761955,-0.45460233,0.6162726,-0.4573961,0.64800215,-0.46023178,0.457978,-0.4469711,0.4007344,-0.44415167,0.34879783,-0.440501,0.6827294,-0.42667097,0.2722207,-0.4029157,0.5975988,-0.3107827,0.4510608,-0.30503356,1.0,-0.02409362,0.0,0.0,1.2174487,0.34048682,0.03648277,0.42107818,1.310251,0.68624586,0.5387743,0.046351496,1.3493863,0.8004561,0.6899774,-0.06502618,1.2919118,0.7828205,0.69224286,-0.11049542,1.2521384,0.7474999,0.64353555,-0.07131559,0.8491487,0.9965179,0.26354256,1.0,0.88468134,1.6764365,0.039690077,1.6305622,0.96353155,2.2023547,-0.059819806,1.9632251,0.9400895,2.2573767,-0.06256461,2.0039642,0.94481957,2.532425,0.022372587,2.229023
2352.jpg,0.5185299,-0.37516895,0.56137586,-0.44247693,0.5974015,-0.4441536,0.6340997,-0.44623497,0.44231254,-0.43663436,0.38502645,-0.43331304,0.3341484,-0.42948583,0.67340666,-0.41172603,0.25883892,-0.38913423,0.58258885,-0.30045813,0.4275371,-0.2954481,1.0,-0.018144527,0.0,0.0,1.2103709,0.34552276,0.022621254,0.40219587,1.2924001,0.68917495,0.52631193,0.040971033,1.3298837,0.7956152,0.6723437,-0.068175234,1.2774739,0.7748603,0.67118835,-0.10869879,1.2380029,0.74160415,0.62716526,-0.072552495,0.8285097,1.0020382,0.23614104,1.0,0.8644629,1.7017184,0.028303575,1.6383076,0.9249258,2.2789738,-0.06570957,1.9603552,0.88234526,2.3439293,-0.09685206,2.0024645,0.90811926,2.6222966,0.043635838,2.2258768
2353.jpg,0.51886725,-0.37479892,0.56180197,-0.4423746,0.5986183,-0.44477203,0.6350012,-0.4473876,0.44456905,-0.43501472,0.38888213,-0.4316412,0.33770102,-0.42756104,0.67560065,-0.41384903,0.26200894,-0.3889065,0.5805581,-0.3022753,0.42815003,-0.29558623,1.0,-0.01842179,0.0,0.0,1.2037609,0.35962686,0.028523885,0.40406206,1.2770433,0.7071101,0.5363039,0.0439154,1.3120666,0.81688905,0.6902362,-0.06381113,1.2578841,0.79337347,0.6905902,-0.10509372,1.2181307,0.7587633,0.6433289,-0.06859074,0.8313216,0.99972826,0.2410739,1.0,0.864787,1.6750259,0.032451946,1.6293604,0.96146494,2.1810439,-0.0566931,1.9322859,0.9449461,2.2351215,-0.06775618,1.9695096,0.92553467,2.523755,0.029464904,2.204278
2354.jpg,0.539708,-0.3879344,0.58534896,-0.45876577,0.6254984,-0.45974275,0.6568164,-0.45988846,0.46166614,-0.45670488,0.40563563,-0.45438784,0.35324502,-0.45098257,0.6931617,-0.42236033,0.27013057,-0.40966842,0.59661716,-0.30835664,0.4431712,-0.29974073,1.0,-0.029529924,0.0,0.0,1.2175838,0.3705015,0.02895982,0.4269544,1.2875668,0.72901684,0.5747771,0.044455525,1.3255117,0.84509164,0.73356915,-0.073011994,1.27431,0.8246026,0.73518676,-0.113517106,1.2333673,0.7871639,0.6872836,-0.07121722,0.8480921,1.006188,0.25118434,1.0,0.8813975,1.7375122,0.010324898,1.6726428,0.9241828,2.2692206,-0.07546001,2.0025518,0.8406481,2.366123,-0.0721411,2.0591457,0.91411453,2.5799594,0.008231471,2.254759
2355.jpg,0.5183403,-0.39114073,0.5656428,-0.46332097,0.6038508,-0.46377444,0.6409844,-0.46292612,0.44001332,-0.46345508,0.38725045,-0.46195763,0.3403596,-0.46024862,0.67770576,-0.42497066,0.2672565,-0.42090717,0.58034307,-0.3110538,0.42562667,-0.3041026,1.0,-0.016078116,0.0,0.0,1.1909401,0.38023552,0.0055628046,0.43570524,1.260834,0.74689054,0.5258488,0.09587031,1.2951303,0.8642372,0.6699531,0.009491174,1.2478784,0.8431108,0.6737864,-0.031392273,1.2078809,0.80615234,0.6286934,-0.004787063,0.8347429,0.9985478,0.24206421,1.0,0.85999906,1.7087892,0.009488449,1.6512245,0.9304697,2.254275,-0.052228205,1.9881401,0.9156606,2.2895494,-0.04578137,2.0386379,0.88668495,2.594663,0.02630523,2.24619
2356.jpg,0.5303597,-0.42175648,0.5787639,-0.48914376,0.61757135,-0.48869354,0.65143067,-0.4879801,0.45529613,-0.4894403,0.40108943,-0.48787156,0.35350826,-0.48600212,0.68818325,-0.4521624,0.27782667,-0.44859236,0.59177315,-0.3393351,0.43233967,-0.33269,1.0,-0.035757944,0.0,0.0,1.1829559,0.36950338,0.008460688,0.469342,1.2124612,0.75862896,0.5335721,0.14340752,1.268805,0.8738628,0.67082,0.048246857,1.2230412,0.85713,0.6660443,0.0051746326,1.1757393,0.8212331,0.63011354,0.027621351,0.83375007,0.99550956,0.2570423,1.0,0.8549383,1.6845118,0.06750199,1.6059189,0.9137605,2.1803775,-0.0147652365,1.9573531,0.8774879,2.2076063,-0.005340944,1.9901283,0.8820684,2.5289066,0.0709501,2.2253554
2357.jpg,0.5298886,-0.45184276,0.5760939,-0.5165213,0.61507124,-0.5146862,0.6502826,-0.51315135,0.45656767,-0.52068764,0.40365642,-0.52016556,0.35669038,-0.5188667,0.6882564,-0.47533268,0.2809348,-0.4770106,0.59310544,-0.36212173,0.43688765,-0.36085618,1.0,-0.040964037,0.0,0.0,1.1706278,0.3736565,-0.027031552,0.49147543,1.1575568,0.78278744,0.54308814,0.2523274,1.2101045,0.90429145,0.70319086,0.16749242,1.1688145,0.89150953,0.7054736,0.11469031,1.1256909,0.853042,0.6666482,0.1374425,0.821033,0.9981297,0.25959638,1.0,0.8506574,1.6937059,0.09389083,1.6027288,0.9278226,2.3151467,-0.0022716923,1.9585018,0.9135579,2.352243,0.0025841733,1.9774747,0.89687407,2.61731,0.09118645,2.231764
2358.jpg,0.5062957,-0.45597672,0.5577331,-0.5261833,0.5975933,-0.52508247,0.63444334,-0.5232917,0.4342765,-0.5269165,0.38374975,-0.5240008,0.33986294,-0.5203104,0.6842199,-0.4805196,0.27076682,-0.46905863,0.57656354,-0.36582285,0.4209237,-0.36014023,1.0,-0.032510564,0.0,0.0,1.1486936,0.41945794,-0.1135332,0.5082338,1.1108987,0.80635405,0.4241902,0.40937302,1.16405,0.9396233,0.5994435,0.3719201,1.1168032,0.9250666,0.6161785,0.2994239,1.0758371,0.88167346,0.56847435,0.30346483,0.7999537,0.9966356,0.24587856,1.0,0.82677794,1.6920537,0.0969657,1.5865394,0.90518904,2.2818248,-0.015339043,1.9544399,0.87398535,2.325088,-0.023873536,1.9801593,0.8924365,2.59668,0.07131254,2.22939
2359.jpg,0.5170967,-0.4524727,0.570852,-0.5229266,0.60842174,-0.52180445,0.6454702,-0.5199473,0.44532728,-0.5238123,0.39687183,-0.5211126,0.35524386,-0.5169746,0.6870278,-0.47829455,0.28801268,-0.46796927,0.58440226,-0.36274645,0.42956796,-0.35862133,1.0,-0.009929495,0.0,0.0,1.1385034,0.4655132,-0.14812955,0.52850413,1.0854353,0.8335528,0.3575416,0.54470325,1.1239868,0.9599218,0.5121934,0.5482821,1.0744877,0.931279,0.53586787,0.49230096,1.0452726,0.89097124,0.4920079,0.48871508,0.7800744,1.0034359,0.24019863,1.0,0.81747305,1.681112,0.10263384,1.565636,0.8836886,2.2858055,0.027896928,1.9305478,0.84900826,2.3164508,0.029522408,1.9405177,0.9292581,2.6541405,0.09768931,2.20499
2381.jpg,0.4948324,-0.46252772,0.5542405,-0.52892125,0.5906088,-0.52829784,0.6304798,-0.52679694,0.42211875,-0.52826595,0.37562594,-0.5268081,0.33310223,-0.52614623,0.6784803,-0.49465224,0.27251872,-0.4856948,0.570118,-0.37273654,0.4155239,-0.36751664,1.0,-0.039947543,0.0,0.0,1.2015299,0.39676693,-0.06116009,0.47988173,1.2877731,0.7808371,0.5048815,0.5761822,1.3022962,0.89029604,0.6618393,0.5902856,1.2545414,0.8630481,0.6923241,0.52571386,1.2308556,0.8286489,0.6547904,0.51939106,0.8320266,0.9972218,0.27526796,1.0,0.8524407,1.6888595,0.1019251,1.6176305,0.92074996,2.3493097,0.031707905,1.9345133,0.8952885,2.4036667,0.03466073,1.9313376,0.916111,2.737911,0.103928946,2.2288733
2382.jpg,0.5236028,-0.4581218,0.5723681,-0.52403957,0.6114756,-0.52275395,0.6445783,-0.52138484,0.44758624,-0.5280376,0.3950933,-0.52614796,0.3499072,-0.524046,0.67973775,-0.48454595,0.27149302,-0.4749322,0.5836097,-0.36930555,0.43061125,-0.36442828,1.0,-0.05646847,0.0,0.0,1.2197417,0.358216,-0.04489298,0.48388144,1.3959378,0.71889174,0.6271436,0.41358915,1.4313002,0.8441896,0.80355424,0.39920038,1.3691542,0.82722723,0.82321453,0.34743077,1.3388561,0.7841863,0.7688151,0.34567744,0.8445561,0.99512756,0.2655155,1.0,0.88300586,1.6746145,0.09178058,1.6001018,0.96171373,2.3032138,0.0012203294,1.9497796,0.94212186,2.3851087,0.0036573545,1.9966187,0.92860436,2.6752214,0.11694662,2.2212167
2383.jpg,0.5083268,-0.4412462,0.573371,-0.5061712,0.6037074,-0.50461215,0.64275366,-0.5042006,0.43896765,-0.5053084,0.3891208,-0.5031731,0.3439199,-0.5022211,0.68498546,-0.46964818,0.27769867,-0.46441886,0.5819503,-0.36319172,0.41218114,-0.35931057,1.0,-0.06312518,0.0,0.0,1.2404205,0.31958356,0.036889683,0.46622616,1.4614098,0.6879978,0.71818453,0.30164117,1.5097696,0.8105593,0.90224296,0.26461282,1.4622633,0.7947946,0.9189291,0.21814601,1.4323308,0.7542614,0.85509175,0.22962774,0.8631367,0.99873537,0.26688942,1.0,0.908465,1.7155523,0.061517753,1.6481609,0.9887745,2.3259876,-0.009015746,1.9952329,0.9733434,2.37586,0.023990031,2.054274,0.9366921,2.7250066,0.045484193,2.2539833
2384.jpg,0.5238115,-0.43072343,0.5888405,-0.5001266,0.62074256,-0.49885193,0.6609628,-0.4989083,0.45501912,-0.49911475,0.40070793,-0.4971933,0.35367098,-0.49603164,0.69809496,-0.46364295,0.28010738,-0.46055266,0.59416133,-0.351817,0.4185851,-0.35010087,1.0,-0.048535414,0.0,0.0,1.2850585,0.31129688,0.10377912,0.43671557,1.5205822,0.6634557,0.78711206,0.21659283,1.5841013,0.76635754,0.991242,0.14712822,1.5477289,0.7481518,0.9871746,0.11023302,1.516094,0.7160322,0.929218,0.12769842,0.8700658,1.001991,0.26075086,1.0,0.9409785,1.7020828,0.04421312,1.661786,0.9931186,2.3336372,-0.0075268256,1.9754611,0.9744513,2.3821192,0.021460338,2.0188763,0.9456717,2.713075,0.029181363,2.225547
2386.jpg,0.51262194,-0.4251975,0.56998426,-0.4951485,0.6035659,-0.49560028,0.6406906,-0.49630195,0.44434202,-0.49096048,0.38907382,-0.48785907,0.3418429,-0.48507246,0.6746027,-0.45786753,0.26671976,-0.44739327,0.574345,-0.3493024,0.40709203,-0.3441914,1.0,-0.034438174,0.0,0.0,1.2346705,0.3071438,0.15942685,0.40562338,1.4927012,0.6389484,0.8016838,0.12809445,1.5812924,0.74053675,0.9730677,0.06373751,1.5456544,0.7220643,0.9599874,0.01628516,1.5058702,0.692655,0.9021845,0.032191318,0.84050864,1.0000358,0.24707635,1.0,0.9134036,1.6859694,0.06456748,1.6358685,0.9773246,2.3316512,-0.012373755,1.995192,0.9640385,2.399693,-0.0054424126,2.0318904,0.93913865,2.671547,0.059750725,2.2307324
2387.jpg,0.5277924,-0.41557765,0.5822295,-0.4839684,0.6185674,-0.4848608,0.6523756,-0.4847146,0.45939246,-0.4813705,0.402396,-0.47886384,0.35262424,-0.47707134,0.6829493,-0.44695786,0.26997346,-0.44123253,0.5817214,-0.33854142,0.41865206,-0.3359115,1.0,-0.034121726,0.0,0.0,1.2388906,0.3142651,0.16914462,0.40566713,1.4935124,0.6507232,0.8123171,0.12640911,1.56884,0.75164807,0.9784822,0.06294619,1.53137,0.73479044,0.96847564,0.012978978,1.4958744,0.7042054,0.9117767,0.028554734,0.8399028,1.0032518,0.2482445,1.0,0.9129694,1.7024544,0.053347234,1.650936,0.98675835,2.302477,-0.017507674,1.9932255,0.96948236,2.3743446,0.0016228962,2.035719,0.9595407,2.6722739,0.059777357,2.2383769
2389.jpg,0.52521,-0.43373892,0.58014506,-0.5041763,0.612699,-0.5021607,0.6528444,-0.5003216,0.45314196,-0.5043402,0.4009413,-0.50154346,0.35257375,-0.49835905,0.6879278,-0.46026337,0.27412102,-0.46229818,0.58869165,-0.3524577,0.42088026,-0.3514366,1.0,-0.041214395,0.0,0.0,1.2522478,0.32033432,0.15656774,0.41505525,1.4502159,0.65408915,0.8091939,0.14885473,1.5152055,0.7747739,0.99430734,0.08392318,1.4507201,0.7587269,0.983335,0.034942254,1.4058453,0.716968,0.9291805,0.05081112,0.86543196,0.9924975,0.26880845,1.0,0.9135705,1.6810464,0.061623286,1.6429025,1.0070437,2.2546008,-0.008778117,1.9705832,0.9409846,2.3854825,-0.020148933,2.0205235,0.9864596,2.577768,0.09094503,2.226045
2391.jpg,0.5403856,-0.4495664,0.5939417,-0.5185839,0.6241659,-0.5168626,0.66218334,-0.51589155,0.46847516,-0.5176266,0.41632667,-0.5153765,0.3697891,-0.5125577,0.6943108,-0.47761258,0.29319844,-0.47598967,0.6043942,-0.36950293,0.4394547,-0.36725968,1.0,-0.06685216,0.0,0.0,1.1681617,0.36128262,0.07385134,0.46615607,1.3464133,0.7296687,0.7320255,0.29708576,1.4015856,0.8540476,0.9116281,0.26551586,1.3546427,0.83865887,0.9325107,0.21353133,1.318156,0.79599553,0.8721564,0.22505951,0.85639024,0.9912765,0.27572924,1.0,0.8936638,1.6834093,0.12087125,1.6062357,0.96076244,2.3197007,0.02920399,1.9715279,0.9322261,2.366964,-0.0054213144,1.9856865,1.0233095,2.6786153,0.14663152,2.240914
2392.jpg,0.56380355,-0.4553095,0.6143223,-0.5181317,0.6530916,-0.51524717,0.68285745,-0.5123032,0.49748987,-0.5264507,0.44599903,-0.5270728,0.39804947,-0.5266289,0.71483827,-0.47328064,0.31041688,-0.48117426,0.6162713,-0.36479703,0.4667946,-0.36610973,1.0,-0.052605856,0.0,0.0,1.1641239,0.40209684,0.009638934,0.5102917,1.2871594,0.78272957,0.6341933,0.41164425,1.335485,0.895501,0.8128187,0.38319582,1.2949448,0.8829678,0.8274971,0.33298045,1.2581942,0.84905046,0.7700852,0.33406293,0.8481574,0.9926825,0.27130473,1.0,0.8834792,1.6865199,0.11985641,1.579719,0.9501267,2.3103302,0.029357439,1.9420012,0.9210604,2.370798,0.011914598,1.9664241,0.9792044,2.7090259,0.13230398,2.2161274
2394.jpg,0.5646859,-0.45994666,0.61906725,-0.5209823,0.65767366,-0.5176693,0.68958646,-0.5142515,0.49911186,-0.52851146,0.44742844,-0.52817845,0.40131614,-0.5268407,0.726581,-0.4685082,0.31545335,-0.47930914,0.6185034,-0.36873797,0.46421394,-0.3695397,1.0,-0.01718927,0.0,0.0,1.1468117,0.45924082,-0.08940005,0.52564895,1.1075975,0.82851785,0.3657553,0.67902994,1.119017,0.936091,0.5306994,0.72754246,1.079998,0.89184415,0.56921726,0.6728179,1.0581924,0.857903,0.53721535,0.6547208,0.822936,1.002301,0.2677726,1.0,0.8849587,1.6896952,0.13272269,1.5733551,0.9340356,2.2886934,0.04416167,1.9022231,0.90439403,2.3126953,0.026403515,1.9097223,0.95831,2.640702,0.13835536,2.19986
2491.jpg,0.5145118,-0.47597206,0.57248473,-0.54455966,0.61041135,-0.541624,0.65200025,-0.5383082,0.44083977,-0.54725915,0.3910158,-0.5452039,0.35094494,-0.541948,0.70157266,-0.49096927,0.28555313,-0.4845042,0.5910259,-0.3840481,0.4302769,-0.38009006,1.0,-0.006975161,0.0,0.0,1.190539,0.4370755,-0.07108925,0.5306676,1.1699363,0.82301074,0.3948897,0.5189204,1.1823678,0.937051,0.5431163,0.5085408,1.1358179,0.9037428,0.5632552,0.44457895,1.112735,0.8682938,0.5267686,0.44312257,0.7895953,0.9992828,0.2325336,1.0,0.8211848,1.7041712,0.058898132,1.6122049,0.8816555,2.3208833,-0.019449383,1.9430623,0.85228,2.354518,-0.007131616,1.9577842,0.85776055,2.6737733,0.025805568,2.1978822
2494.jpg,0.47681403,-0.45951235,0.5402057,-0.52777314,0.57580763,-0.52669966,0.615607,-0.5254506,0.39644882,-0.5267864,0.34808776,-0.52587295,0.30580187,-0.5237793,0.6632041,-0.4843785,0.25939098,-0.47777948,0.56124324,-0.3714054,0.39644942,-0.3666193,1.0,-0.028387439,0.0,0.0,1.1770136,0.38267165,0.012916778,0.48555714,1.3118839,0.7501294,0.5107768,0.20322168,1.347466,0.86718225,0.6537933,0.08625786,1.2976023,0.85194266,0.6491984,0.043653082,1.2628447,0.81418365,0.616484,0.073011026,0.8003175,1.0074395,0.2150311,1.0,0.81993574,1.7182847,0.006638971,1.6407104,0.88593835,2.2992299,-0.06580992,2.0017958,0.8659897,2.3437319,-0.03925705,2.0714524,0.87626964,2.6748805,-0.06539983,2.2113664
2496.jpg,0.4826872,-0.42765716,0.53603595,-0.49777812,0.57043487,-0.49741817,0.6096208,-0.49688914,0.40146998,-0.49642164,0.35094753,-0.49533668,0.30956307,-0.49390364,0.6532683,-0.4572799,0.25503737,-0.45086318,0.556245,-0.3489069,0.40031266,-0.33819312,1.0,-0.019829683,0.0,0.0,1.1735363,0.36981112,0.04683371,0.46923518,1.3479781,0.7207898,0.5245686,0.11344273,1.406367,0.833964,0.6360286,0.017526101,1.3579859,0.8230934,0.63623315,-0.02232857,1.314941,0.78616303,0.6078511,0.0046052733,0.7905549,1.0050378,0.21343547,1.0,0.83671594,1.7010539,-0.0040265857,1.6567167,0.90462303,2.3025758,-0.08705227,1.9998335,0.8894897,2.3730035,-0.07214561,2.0614808,0.8613417,2.648558,-0.014545773,2.21644
2500.jpg,0.494124,-0.43907174,0.55531335,-0.5064294,0.59237134,-0.5055375,0.6334353,-0.50422996,0.41572037,-0.5055059,0.36613613,-0.50398064,0.32418066,-0.50218296,0.6794322,-0.46856865,0.27052963,-0.45960298,0.57577956,-0.35355017,0.41152868,-0.34630057,1.0,-0.0211565,0.0,0.0,1.1612059,0.3903541,-0.022927599,0.48262194,1.3256034,0.72402984,0.47566226,0.23599432,1.3789799,0.84060943,0.60784304,0.14267786,1.3363959,0.82620806,0.60959536,0.09051023,1.2963278,0.78613055,0.5742884,0.11735477,0.785888,1.0045666,0.20232259,1.0,0.8323718,1.7181221,0.013141167,1.6465961,0.89953464,2.3199968,-0.04519529,2.0025172,0.89086956,2.3879135,-0.012818452,2.0548894,0.8565881,2.71054,-0.057148743,2.218452
2501.jpg,0.49832234,-0.44444236,0.55862576,-0.5096218,0.5953746,-0.5083897,0.636526,-0.50658363,0.42122024,-0.5093096,0.37135714,-0.50780517,0.3299971,-0.5062293,0.6814053,-0.4685331,0.2745857,-0.46127748,0.5792435,-0.35695457,0.41592827,-0.3503108,1.0,-0.014189208,0.0,0.0,1.1512595,0.40776837,-0.056942727,0.50609076,1.3045923,0.75107086,0.45904437,0.30836272,1.353107,0.8570607,0.6116791,0.22850391,1.3176595,0.8408211,0.61496824,0.17778775,1.2840985,0.8054119,0.57386744,0.19653654,0.78115237,1.002176,0.20586208,1.0,0.820847,1.6926539,0.035588536,1.6314863,0.8824588,2.274024,-0.049310546,1.9880557,0.85211843,2.4655821,-0.032704413,2.0455184,0.8758167,2.633779,-0.025426598,2.1991181
2502.jpg,0.48609495,-0.46684015,0.5482835,-0.52404004,0.58719224,-0.52330023,0.6256819,-0.521855,0.41464263,-0.5231589,0.36735237,-0.52088076,0.32565096,-0.519197,0.6785013,-0.4869337,0.27334964,-0.47508982,0.5680366,-0.37317893,0.40916842,-0.36887267,1.0,-0.020289088,0.0,0.0,1.1209534,0.44122845,-0.0900748,0.51506776,1.2326999,0.78352624,0.41885304,0.39509454,1.2693977,0.8885097,0.5589917,0.36555627,1.2319583,0.86561143,0.56479585,0.2993508,1.1997342,0.8316185,0.5298446,0.3023823,0.76928,1.003261,0.20875686,1.0,0.79213494,1.7083834,0.049773484,1.6222275,0.8645888,2.3018832,-0.03265503,1.9643825,0.82225233,2.493124,-0.05104912,1.9962152,0.8355216,2.6984365,0.049996946,2.207838
2503.jpg,0.4882887,-0.47475132,0.5545039,-0.54344535,0.59215707,-0.54117185,0.6346761,-0.5381461,0.41805586,-0.54350257,0.3695852,-0.54012704,0.3291163,-0.53543353,0.6926861,-0.48681748,0.27818164,-0.47554475,0.57063633,-0.38085216,0.401393,-0.37521663,1.0,-0.006404881,0.0,0.0,1.1260707,0.4577768,-0.14138928,0.5104733,1.1740546,0.78679746,0.31942472,0.5187317,1.2118301,0.89372563,0.4666024,0.5055954,1.173416,0.8708103,0.48709893,0.44815454,1.1397713,0.8361235,0.44477358,0.44773626,0.7596933,1.0144047,0.1999746,1.0,0.79549515,1.6975013,0.06909997,1.5944177,0.8637617,2.3111644,-0.01233809,1.9447869,0.8514262,2.5137577,-0.015370812,1.9685026,0.89147264,2.714113,0.05433007,2.2081037
2526.jpg,0.5474497,-0.45845628,0.6082697,-0.5203632,0.64894426,-0.5178279,0.68220127,-0.5141807,0.4874463,-0.5231152,0.43790787,-0.5208868,0.393233,-0.51891667,0.7324626,-0.4622229,0.3187931,-0.46800634,0.6106402,-0.3674733,0.450036,-0.36817688,1.0,0.017602192,0.0,0.0,1.1658123,0.47633815,-0.14862162,0.48258406,1.1622691,0.8565115,0.16947906,0.6866092,1.1375637,0.95107275,0.26219195,0.7517458,1.09513,0.90185606,0.31394565,0.6925269,1.0836592,0.86989605,0.28679267,0.6658659,0.797203,1.0007076,0.25037727,1.0,0.8549365,1.652748,0.10124122,1.5536427,0.8853893,2.243247,0.029551394,1.8889189,0.8454325,2.2747157,0.03108229,1.9073917,0.91849625,2.5817003,0.056809608,2.1529653
2527.jpg,0.5505925,-0.4695472,0.6088467,-0.5275533,0.6480101,-0.5260068,0.6823401,-0.52398247,0.48364106,-0.5285722,0.43367898,-0.52737606,0.39133275,-0.5253736,0.7268824,-0.4854271,0.3210372,-0.48039806,0.61473656,-0.37677896,0.46278048,-0.37585595,1.0,0.0057999277,0.0,0.0,1.1563977,0.46586818,-0.11298313,0.48317534,1.23488,0.85098904,0.31345764,0.587091,1.2472036,0.95501596,0.45381948,0.6065794,1.2086636,0.92615867,0.4610188,0.5421682,1.1854341,0.893401,0.41987312,0.5329412,0.7972736,1.0118219,0.2463801,1.0,0.84653914,1.6935797,0.098977655,1.5649729,0.8885812,2.312559,0.0067283786,1.9248472,0.8540225,2.3443265,0.016215915,1.9451995,0.88050914,2.6598568,0.047600422,2.2111337
2529.jpg,0.539024,-0.4534263,0.5919275,-0.51165664,0.6300422,-0.5087556,0.66561735,-0.505241,0.46536088,-0.51653636,0.4149816,-0.5149339,0.3688155,-0.5124502,0.7075563,-0.4680972,0.29318804,-0.4728904,0.6014683,-0.35874495,0.45247015,-0.36062154,1.0,-0.009162386,0.0,0.0,1.1851776,0.4069781,-0.055085063,0.48644283,1.3871582,0.7772546,0.5262194,0.3059984,1.4264522,0.8988324,0.6826606,0.2380704,1.3871685,0.88083094,0.6920273,0.18568788,1.3634375,0.8400546,0.6483078,0.20692,0.8125159,1.0023038,0.222378,1.0,0.852712,1.7189399,0.036361407,1.642376,0.9012974,2.3408833,-0.035616744,1.9791307,0.8806676,2.4157498,-0.022738468,2.0255768,0.88786006,2.7301931,-0.0054862425,2.2070622
2531.jpg,0.54547805,-0.42723486,0.60563546,-0.4920055,0.6454738,-0.4910951,0.67766815,-0.4891524,0.4764773,-0.4956325,0.42169085,-0.4948791,0.37205926,-0.4945743,0.7234234,-0.44749925,0.30040035,-0.45370942,0.6054665,-0.3412855,0.45156947,-0.3394731,1.0,-0.013226085,0.0,0.0,1.1938792,0.38285834,0.02805352,0.4758008,1.4580107,0.72160053,0.591085,0.19949237,1.5630783,0.82639474,0.75092787,0.10129587,1.5354866,0.81476897,0.7590443,0.060321536,1.4922845,0.780884,0.71313447,0.08333484,0.8276568,1.0121425,0.23855168,1.0,0.8947935,1.7023814,0.056842417,1.6495892,0.95635504,2.322334,-0.051025078,1.9586706,0.92925775,2.5082278,-0.072744206,1.9891415,0.9477423,2.659069,0.024450159,2.2078657
2532.jpg,0.5670117,-0.42259642,0.62357295,-0.48628503,0.66381145,-0.4854903,0.6935672,-0.48446807,0.4979241,-0.48625678,0.4410938,-0.4858276,0.38846952,-0.48613167,0.73230153,-0.44922003,0.30195123,-0.45447248,0.6227205,-0.3450752,0.46753854,-0.3445409,1.0,-0.018835813,0.0,0.0,1.2065918,0.36246833,0.053669974,0.44871423,1.4895611,0.6822015,0.6134664,0.15643208,1.6074283,0.7810429,0.77342606,0.058846872,1.5840094,0.76809055,0.7807301,0.01742385,1.5352969,0.7370333,0.73101676,0.040758554,0.8309178,1.0006082,0.23762006,1.0,0.90211165,1.6856455,0.054608874,1.630624,0.9848446,2.2619572,-0.053587377,1.9483536,0.9361573,2.4529731,-0.09529395,1.9808493,0.98377603,2.61143,0.051374346,2.1957989
2536.jpg,0.57684964,-0.4264789,0.62911826,-0.49522144,0.6697757,-0.49385157,0.6996376,-0.491046,0.5054648,-0.49685526,0.4516852,-0.49573144,0.39686283,-0.49407572,0.7352043,-0.45173535,0.30368152,-0.46111074,0.6312152,-0.34522006,0.474763,-0.3518459,1.0,-0.027706841,0.0,0.0,1.1743369,0.3614681,0.05696981,0.45856217,1.4621702,0.6743868,0.6072463,0.18796189,1.5582634,0.7694302,0.79010725,0.09395857,1.5345299,0.75501156,0.7930076,0.05022486,1.4933773,0.7259006,0.74014664,0.07399937,0.86271065,0.98879874,0.261721,1.0,0.94237643,1.669803,0.062060546,1.6320633,0.98772925,2.2746675,-0.011481345,1.9745046,0.95820963,2.4571462,0.00747618,2.0289469,1.0138086,2.6639972,0.01621033,2.1851883
2537.jpg,0.59097606,-0.4381603,0.64275134,-0.5007085,0.6814831,-0.49899325,0.708893,-0.49716222,0.5211349,-0.501352,0.4636707,-0.5001619,0.40808457,-0.4997494,0.7404571,-0.460085,0.31671515,-0.46571884,0.6442103,-0.35597336,0.4930178,-0.35592994,1.0,-0.02582706,0.0,0.0,1.1760668,0.38554338,0.016932584,0.479492,1.416327,0.7010605,0.59754395,0.23393738,1.4984874,0.8050444,0.77658516,0.14998086,1.4659183,0.78612846,0.7817507,0.1036421,1.4225273,0.75164986,0.7322147,0.12712945,0.8581438,0.98576367,0.26034993,1.0,0.93756235,1.6765118,0.056794498,1.6407876,1.0027983,2.266246,-0.01246921,1.931132,0.9814539,2.3131459,-0.0071889074,1.9693701,1.0042427,2.6080039,0.12715974,2.1964254
2540.jpg,0.58965987,-0.42971367,0.6360894,-0.4958245,0.6730581,-0.49345225,0.70259356,-0.48989686,0.5249534,-0.5022499,0.47529748,-0.5024966,0.42535046,-0.5002912,0.7308956,-0.44878146,0.32626954,-0.4615924,0.64077425,-0.34424216,0.4962722,-0.34952345,1.0,-0.011661814,0.0,0.0,1.0911887,0.4355636,-0.12318175,0.52689725,1.1772639,0.776408,0.43284145,0.53565377,1.2405767,0.87024474,0.6012321,0.53743404,1.2213837,0.83500385,0.62538743,0.47060505,1.1830626,0.8028994,0.5885497,0.4640439,0.818534,0.98178416,0.25579187,1.0,0.8944305,1.6486464,0.11986336,1.5566752,0.93263686,2.217378,0.02041456,1.8958275,0.8937281,2.2514892,0.006421889,1.9089509,1.004214,2.5724685,0.1188368,2.149414
2541.jpg,0.58638376,-0.439627,0.6353464,-0.50197345,0.67252433,-0.49835122,0.702878,-0.49353975,0.52353966,-0.5088391,0.47385785,-0.5082258,0.42691454,-0.5072138,0.73125637,-0.44884723,0.33681712,-0.46911788,0.63471204,-0.35280252,0.4842937,-0.3619338,1.0,0.011138818,0.0,0.0,1.0755358,0.46145728,-0.11371137,0.5204789,1.1009346,0.7738347,0.32601538,0.6394571,1.1336633,0.86981386,0.4696628,0.68120915,1.1215693,0.8251149,0.5018166,0.6075904,1.094419,0.79224133,0.4632857,0.58911306,0.8082253,0.9929133,0.25607738,1.0,0.87818736,1.6664917,0.13526812,1.5609105,0.9205823,2.3008678,0.05588679,1.8783376,0.8793324,2.343252,0.03439731,1.8866673,0.9487305,2.6445897,0.14872704,2.166268
