1950.jpg,0.72134036,-0.41920006,0.74162894,-0.4764417,0.7658472,-0.47118384,0.7879297,-0.46717736,0.65378237,-0.49140406,0.6111656,-0.49556717,0.565205,-0.49915716,0.7572059,-0.43395913,0.43460387,-0.46679214,0.7446085,-0.33920473,0.6343534,-0.35088465,1.0,0.022484668,0.0,0.0,1.1552438,0.5751239,-0.23834667,0.4896058,1.0174018,0.40832162,0.17608668,0.62624425,0.9627835,0.36953905,0.31370717,0.6434993,0.97408956,0.29541627,0.33646095,0.57264215,0.97162163,0.302,0.3081472,0.5583664,0.825845,0.997227,0.26226133,1.0,0.84965396,1.6669239,0.17710592,1.6776549,0.89722073,2.2699177,0.13996704,2.0456927,0.8653737,2.306215,0.15927154,2.0579178,0.84641296,2.6069484,0.06456493,2.2373686
1969.jpg,0.97465223,-0.3169324,0.9647956,-0.38010257,0.9726397,-0.3785404,0.97801524,-0.37756446,0.8956364,-0.39024535,0.85903203,-0.39470798,0.81311613,-0.4004361,0.85428226,-0.35758913,0.62551385,-0.38400778,0.96006745,-0.25277847,0.88728756,-0.262809,1.0,0.10997547,0.0,0.0,1.088159,0.59431833,-0.38877574,0.47922152,1.3478491,0.29146644,0.31686294,0.6623623,1.3920991,0.21649992,0.50820625,0.71550363,1.3859223,0.17313814,0.5932806,0.6737481,1.3511606,0.19267547,0.561552,0.6555239,0.7916744,0.9902029,0.15194432,1.0,0.91780764,1.6840498,0.01153292,1.6878152,0.96602917,2.297226,-0.06343872,2.0681622,0.90862906,2.3463972,-0.042100694,2.0978525,0.9773755,2.585136,-0.09074091,2.2358718
1970.jpg,0.965872,-0.3165404,0.95415545,-0.38302845,0.9597984,-0.38200977,0.96380544,-0.38143057,0.89523345,-0.390681,0.85803676,-0.39532128,0.8199594,-0.40055335,0.83396584,-0.35950395,0.6318478,-0.3816737,0.94440955,-0.25445858,0.875515,-0.25966555,1.0,0.10225091,0.0,0.0,1.1784415,0.5965459,-0.49460456,0.447041,1.3215457,0.22132315,0.14937426,0.6753266,1.3440907,0.1496912,0.32013246,0.73378,1.3343107,0.10854906,0.3991224,0.6966254,1.3026892,0.12505886,0.3508692,0.67673594,0.79412043,0.9967664,0.17498454,1.0,0.88933563,1.6778344,0.023828113,1.6556293,0.95227736,2.303177,-0.016371474,2.0147192,0.919136,2.3510463,-0.010491747,2.0307274,0.9512619,2.5942028,-0.033349298,2.21082
1971.jpg,0.96371436,-0.30963147,0.9663901,-0.37355343,0.97590226,-0.3713345,0.98332936,-0.3694733,0.9025405,-0.38313487,0.8594818,-0.38875827,0.8160039,-0.39596078,0.8624572,-0.34881964,0.617585,-0.38233063,0.93575215,-0.2483464,0.85905045,-0.2538501,1.0,0.10185794,0.0,0.0,1.2715417,0.56718516,-0.6038365,0.364185,1.3350147,0.17810859,-0.069848016,0.6769407,1.3408015,0.08811449,0.105324015,0.76006573,1.3218298,0.047555976,0.16834569,0.7126399,1.2917136,0.0663748,0.13679586,0.69012517,0.7781455,1.0015743,0.17280006,1.0,0.90978396,1.6600312,0.011297589,1.6712217,0.96468365,2.2738266,-0.067133814,2.0395217,0.9155803,2.3166604,-0.054195285,2.0706604,0.9770025,2.574519,-0.08148514,2.2270403
1972.jpg,0.9834584,-0.30926004,0.98099977,-0.3754586,0.98758465,-0.37384433,0.99179757,-0.37228832,0.9223834,-0.3838688,0.8865421,-0.38850206,0.84103554,-0.39436996,0.85416794,-0.351433,0.6366926,-0.38215163,0.95042527,-0.24764207,0.8782623,-0.2540265,1.0,0.09447128,0.0,0.0,1.3093623,0.5523965,-0.6546626,0.33855802,1.3387408,0.1545725,-0.2401276,0.6700357,1.3438295,0.04631764,-0.095925435,0.76745677,1.3141376,0.011984459,-0.038691547,0.7185041,1.2875845,0.03728508,-0.07251747,0.6913079,0.775865,1.0040219,0.1766023,1.0,0.91066843,1.6720957,0.02265656,1.6815611,0.9524697,2.2842152,-0.05910323,2.0883157,0.91091794,2.3267744,-0.05443104,2.1106873,0.9810611,2.5637696,-0.097817786,2.2849565
1973.jpg,0.9565307,-0.3269757,0.94699985,-0.3898645,0.9550568,-0.3882138,0.9613667,-0.38614932,0.8858847,-0.3966679,0.8469837,-0.4003396,0.8006001,-0.40420854,0.83873355,-0.35827568,0.6084012,-0.38655576,0.94132036,-0.25749043,0.8627104,-0.26695168,1.0,0.085018255,0.0,0.0,1.30156,0.5420687,-0.7044753,0.29830065,1.3203112,0.1446093,-0.34351644,0.6637545,1.3164492,0.03538409,-0.21185951,0.76194227,1.2908684,-0.0026880272,-0.1623045,0.7132098,1.2667544,0.024089206,-0.18194593,0.68740886,0.7676371,1.0027243,0.16556829,1.0,0.8891195,1.6722516,0.011040766,1.6853975,0.968931,2.2492385,-0.10285788,2.0746503,0.92472047,2.2942595,-0.07534845,2.0995166,1.0059704,2.5172815,-0.1836085,2.2227504
1974.jpg,0.9322864,-0.32595053,0.92215395,-0.3875045,0.9290499,-0.38561684,0.93411356,-0.38336772,0.8643409,-0.39497605,0.8301857,-0.39849934,0.7873778,-0.40291217,0.807987,-0.35835814,0.59492075,-0.38382155,0.919196,-0.2563243,0.8441399,-0.26622668,1.0,0.086817116,0.0,0.0,1.3059902,0.54427046,-0.6834429,0.2766437,1.3012702,0.15052891,-0.41930494,0.6319409,1.2909838,0.041655988,-0.32018873,0.7351715,1.2667298,0.0055645,-0.26087433,0.69914913,1.2455252,0.032184348,-0.2714853,0.66995794,0.7588753,0.99847454,0.16321668,1.0,0.872252,1.6674787,0.014998061,1.6819263,0.9292831,2.236584,-0.06426563,2.0509002,0.8888153,2.2787485,-0.0531653,2.0851738,0.9435484,2.5283391,-0.15266928,2.222896
1975.jpg,0.9158743,-0.32601297,0.90554017,-0.38616833,0.9127596,-0.38376033,0.9182352,-0.38130063,0.845932,-0.39541668,0.8111225,-0.39883026,0.76905704,-0.40318897,0.79606456,-0.35459882,0.5844229,-0.38140148,0.9028477,-0.25564852,0.82624745,-0.265907,1.0,0.092121795,0.0,0.0,1.3000146,0.5494866,-0.68746215,0.26238975,1.2859577,0.156991,-0.4437411,0.6392654,1.2734466,0.054605257,-0.34681493,0.7352905,1.2460264,0.025381124,-0.28810298,0.7015476,1.2279918,0.05042998,-0.29861152,0.67346555,0.7445376,1.0044786,0.15132606,1.0,0.8494319,1.6878326,0.0029642468,1.6892884,0.9088426,2.277127,-0.0935662,2.0965075,0.8560662,2.3128114,-0.08535727,2.130786,0.92538184,2.5617187,-0.16247879,2.2966053
1976.jpg,0.92160887,-0.32196707,0.90542495,-0.38087043,0.91363007,-0.37904203,0.9194665,-0.3774848,0.8456742,-0.38755852,0.8063215,-0.39027247,0.7638884,-0.39366707,0.79633635,-0.349573,0.57893765,-0.37213925,0.9109459,-0.24803123,0.83726966,-0.25793144,1.0,0.10496161,0.0,0.0,1.2846531,0.5667815,-0.67456883,0.26665822,1.3156487,0.18193686,-0.41658434,0.6351702,1.3009158,0.0921824,-0.3223453,0.7367339,1.2756547,0.06255954,-0.2605077,0.70433044,1.2568886,0.08270738,-0.26922196,0.6756236,0.744533,1.0007122,0.155715,1.0,0.86302966,1.6700189,0.0029996554,1.692734,0.93307906,2.2674115,-0.078587055,2.045395,0.91668487,2.382857,-0.0873119,2.0784628,0.95379454,2.543447,-0.11937128,2.252718
1977.jpg,0.9250212,-0.32840937,0.8995971,-0.3871756,0.90438086,-0.38531497,0.9076548,-0.3838714,0.84030586,-0.39328998,0.8046843,-0.39616612,0.7646103,-0.39983895,0.77838373,-0.35249418,0.5769434,-0.36938334,0.91709846,-0.25208917,0.8486753,-0.25995007,1.0,0.10870871,0.0,0.0,1.2675802,0.5823855,-0.6571671,0.2847255,1.3317575,0.24413945,-0.38365597,0.63983727,1.310499,0.17280401,-0.26331848,0.734069,1.3005265,0.13400397,-0.21084091,0.69730735,1.284458,0.14977759,-0.22959997,0.6688034,0.7531397,0.9992939,0.15898618,1.0,0.8684,1.6535556,0.032861535,1.6600481,0.9234585,2.2502558,-0.07222598,2.0582404,0.880421,2.289868,-0.058233075,2.0863087,0.94403684,2.5207553,-0.077012025,2.2128706
1978.jpg,0.91717845,-0.34539366,0.8896499,-0.40690237,0.89486396,-0.40541628,0.8985912,-0.40444106,0.82701445,-0.41295713,0.79393303,-0.4154024,0.75082743,-0.41879028,0.7782655,-0.3711429,0.5719376,-0.3856226,0.9130264,-0.26696062,0.8482867,-0.2714869,1.0,0.096926,0.0,0.0,1.1786473,0.5850756,-0.63410735,0.3219566,1.3394873,0.3168916,-0.26903677,0.66457736,1.3450514,0.2486624,-0.1299894,0.7539329,1.3397378,0.20131819,-0.07213166,0.7093708,1.3155622,0.21957223,-0.10619308,0.68176126,0.77111244,0.9923257,0.15883224,1.0,0.8806838,1.6608009,0.017927786,1.672087,0.9302154,2.248871,-0.05543494,2.0043776,0.8898158,2.2921875,-0.052754525,1.9918824,0.94420224,2.5429404,-0.093466505,2.1793487
1981.jpg,0.9555905,-0.3964758,0.91906404,-0.46075132,0.92444235,-0.46046925,0.92802024,-0.46067235,0.8603059,-0.4639869,0.82393897,-0.46482724,0.77855456,-0.46713787,0.7966795,-0.42786053,0.59410447,-0.43417153,0.9561341,-0.31794277,0.88694036,-0.32572615,1.0,0.059944265,0.0,0.0,0.91066897,0.52726424,-0.35491216,0.48043457,1.2054034,0.5393465,0.29880148,0.6721278,1.3145952,0.5422247,0.4909254,0.7244356,1.31754,0.49784306,0.5604959,0.67127806,1.2596115,0.49324608,0.5308501,0.65130156,0.8053746,1.0044004,0.17144437,1.0,0.91308767,1.6932436,0.04829488,1.664602,0.9733077,2.2949193,-0.029856063,2.0466032,0.91982836,2.3393629,-0.0223558,2.0602605,0.9660625,2.6102788,-0.09285679,2.22334
2113.jpg,0.7593039,-0.4006022,0.7748199,-0.4620298,0.795015,-0.45848608,0.8142879,-0.45520136,0.6871655,-0.4736703,0.6434483,-0.47763404,0.5924178,-0.48227417,0.7624563,-0.4204713,0.43709648,-0.45117638,0.7817739,-0.3238009,0.67629224,-0.3353955,1.0,0.032469157,0.0,0.0,1.1420132,0.52126735,-0.36511716,0.39890447,0.8776691,0.40042242,-0.3006532,0.79318327,0.7817739,0.35920697,-0.28740653,0.90064096,0.769565,0.2913875,-0.23094492,0.8680346,0.78573495,0.29500583,-0.21714865,0.83509,0.8002552,0.9912338,0.25457907,1.0,0.8680556,1.7106131,0.12349833,1.6074824,0.9514437,2.393885,0.078299046,1.974811,0.92735225,2.4167848,0.08169194,1.9898529,0.954459,2.709553,0.16259669,2.243826
2114.jpg,0.78548104,-0.3745401,0.79605454,-0.43576786,0.81624377,-0.43378335,0.8346707,-0.4321172,0.7121526,-0.44401345,0.6716257,-0.44644576,0.6220427,-0.45041597,0.7745957,-0.39734155,0.47247252,-0.42513016,0.8100543,-0.2983871,0.7128697,-0.3087943,1.0,0.03104172,0.0,0.0,1.1131071,0.55203456,-0.44530222,0.36940035,0.8379139,0.2886066,-0.38646775,0.75298005,0.7829969,0.20446934,-0.37839845,0.86492133,0.7840953,0.14584939,-0.31486326,0.8385302,0.78323156,0.1712347,-0.29254663,0.8066471,0.8182239,0.99421734,0.25769734,1.0,0.866748,1.6988623,0.12255255,1.5857726,0.96321964,2.3534565,0.061231233,1.9446183,0.9337906,2.364124,0.047825817,1.9627131,0.9803082,2.6801937,0.15413325,2.1995535
2115.jpg,0.84212434,-0.35903838,0.8420295,-0.42077914,0.859457,-0.41921088,0.8747597,-0.4178785,0.762254,-0.4274825,0.7200242,-0.43016505,0.6698507,-0.4342355,0.7926058,-0.3838795,0.50239325,-0.4113665,0.85970736,-0.28475463,0.7663526,-0.29561523,1.0,0.0337836,0.0,0.0,1.1384687,0.5440594,-0.46652824,0.32741296,0.8920481,0.19551511,-0.4514064,0.7218136,0.8408245,0.11427109,-0.46826681,0.82997876,0.8255996,0.06423752,-0.40796497,0.82526046,0.8179347,0.08472192,-0.3767249,0.7947904,0.8527802,0.98976624,0.2611846,1.0,0.9049762,1.6902649,0.12599866,1.6306978,0.99199814,2.3334174,0.06584317,1.9858327,0.97278714,2.357808,0.06659297,2.012701,0.97450674,2.64358,0.13310534,2.2047322
2116.jpg,0.8628673,-0.3510003,0.8665418,-0.41062236,0.88382006,-0.40885106,0.8990949,-0.4070416,0.7858797,-0.41830787,0.74116385,-0.42150626,0.69054,-0.42595,0.8198401,-0.37760606,0.5129336,-0.4030933,0.8786043,-0.27988446,0.7795035,-0.2924531,1.0,0.030195659,0.0,0.0,1.1784054,0.5190994,-0.5186151,0.30017495,0.9167591,0.14167295,-0.5021951,0.6784075,0.8588132,0.053639792,-0.53226346,0.7826732,0.8290497,0.016170284,-0.4826054,0.77478987,0.82318234,0.03601789,-0.45190382,0.746728,0.85428405,0.99716073,0.2482715,1.0,0.930472,1.6917666,0.13690841,1.6025426,1.0223646,2.351354,0.056141835,1.9661425,0.9643898,2.385369,0.04162241,2.019471,0.9951062,2.689586,0.14329328,2.1826537
2117.jpg,0.895226,-0.34829488,0.88872105,-0.40537542,0.90265274,-0.40372747,0.9141434,-0.40167513,0.8146862,-0.4114266,0.7709702,-0.41338405,0.72151715,-0.41679204,0.82180434,-0.37151793,0.53057,-0.39204034,0.907125,-0.27500483,0.8121487,-0.28605795,1.0,0.03353723,0.0,0.0,1.2136226,0.5133429,-0.53949875,0.26094756,0.96595025,0.1231191,-0.55604386,0.6533999,0.9121511,0.030662145,-0.5895442,0.7642885,0.88605076,-0.003319345,-0.53349864,0.7549739,0.8770612,0.01980024,-0.5036727,0.7265762,0.8645463,1.0009915,0.2386286,1.0,0.943146,1.6873264,0.11533132,1.6170316,1.0387805,2.3535976,0.057342693,1.9652991,0.9683919,2.394091,0.058145896,2.0117972,1.0055838,2.6718128,0.1359655,2.1774077
2118.jpg,0.93281895,-0.33024478,0.9243089,-0.38903698,0.93369675,-0.38672766,0.94070935,-0.38423854,0.8552702,-0.3989225,0.81623536,-0.40378132,0.7695186,-0.4089611,0.829164,-0.3634594,0.5756237,-0.39708963,0.92867255,-0.26534894,0.8466958,-0.27816853,1.0,0.033141345,0.0,0.0,1.2352448,0.5023377,-0.56244725,0.249358,1.0076236,0.08662512,-0.5980885,0.64577556,0.9577368,-0.007356305,-0.6326994,0.7542287,0.9404243,-0.040686663,-0.57592887,0.74943805,0.9277203,-0.010038364,-0.5486605,0.7198514,0.87785774,1.0010194,0.24242562,1.0,0.94086623,1.6771547,0.10269424,1.6116629,1.0270779,2.3057163,0.05691671,1.9741571,0.993931,2.3405602,0.044165723,2.0223083,1.0149962,2.6338842,0.16151515,2.1818993
2119.jpg,0.925425,-0.3407507,0.9101452,-0.40316245,0.9176988,-0.40117934,0.92347634,-0.39845175,0.8473423,-0.41031823,0.8074942,-0.41335642,0.7631197,-0.41659147,0.81332684,-0.3726105,0.58386207,-0.39765555,0.92120117,-0.27068806,0.8383836,-0.28186563,1.0,0.038282372,0.0,0.0,1.2408115,0.501596,-0.5930122,0.22685532,1.0408602,0.08406066,-0.6119825,0.6392392,0.98862344,-0.014576341,-0.6287599,0.7543935,0.96405584,-0.051794,-0.5713506,0.7453458,0.9549525,-0.017602019,-0.54604423,0.7158354,0.84270763,1.0068536,0.219562,1.0,0.9063196,1.7035568,0.06755072,1.6261529,0.99821,2.3113568,0.034777716,1.9823725,0.96483034,2.3548682,0.032057863,2.0217345,0.96159744,2.6622167,0.11719174,2.1892083
2120.jpg,0.9433046,-0.34645545,0.92535824,-0.4095407,0.9333055,-0.40734705,0.9389847,-0.40491197,0.86308765,-0.41744405,0.8229826,-0.4214909,0.7804284,-0.42492688,0.818554,-0.37970856,0.5924911,-0.40322968,0.9362613,-0.2756237,0.8576949,-0.2849234,1.0,0.035138518,0.0,0.0,1.2425215,0.5049146,-0.6749406,0.24992156,1.0592337,0.08357172,-0.61755735,0.65374917,1.0200772,-0.020429982,-0.60886425,0.772454,0.9920507,-0.05122927,-0.5434747,0.7580071,0.9721708,-0.01836328,-0.52767074,0.7236094,0.828503,1.0052948,0.20239815,1.0,0.91698134,1.6867856,0.07301757,1.6057208,1.0022309,2.3193638,0.004546201,1.9580282,0.9566432,2.3706727,-0.008810671,2.0007865,0.9655667,2.6473665,0.13429028,2.1860213
2121.jpg,0.9600176,-0.33052376,0.9354945,-0.3964816,0.9402939,-0.39511877,0.9429346,-0.39370853,0.8791638,-0.40345475,0.84216326,-0.40733448,0.80109406,-0.4112112,0.8138827,-0.37226972,0.60344285,-0.393655,0.94400847,-0.26392084,0.8763226,-0.27517074,1.0,0.05323439,0.0,0.0,1.24982,0.51896477,-0.6879382,0.27734455,1.0944895,0.12421443,-0.57073027,0.6839334,1.0705203,0.018656861,-0.530928,0.8056274,1.045927,-0.009786968,-0.45870376,0.7862183,1.0258968,0.020471714,-0.4489445,0.75094706,0.82817626,0.99989873,0.20429873,1.0,0.9246552,1.6775066,0.079447165,1.6105016,1.0453534,2.3559525,0.0111611225,1.94946,0.99151045,2.4890754,0.013649868,1.9965258,1.0350627,2.6522274,0.10293375,2.1748822
2122.jpg,0.9460076,-0.35118964,0.9178001,-0.41884828,0.92286927,-0.41802153,0.9253185,-0.41721717,0.8591925,-0.42392826,0.8202972,-0.426755,0.7796099,-0.42928344,0.7907914,-0.38887617,0.5909715,-0.40291053,0.9359883,-0.27904055,0.8629599,-0.28691822,1.0,0.056006964,0.0,0.0,1.2136246,0.5425069,-0.65382606,0.31550637,1.1440514,0.17958932,-0.45226133,0.7313659,1.1195695,0.09743196,-0.3885822,0.8483402,1.0898943,0.054802887,-0.30959564,0.8139732,1.0741866,0.07839537,-0.30435175,0.7838114,0.7956718,1.0016899,0.19495638,1.0,0.8812484,1.6935716,0.091828816,1.6198808,1.0189848,2.3998306,0.0018917063,1.964484,0.9370926,2.4321394,-0.013601747,2.0147715,0.98485774,2.710287,0.12498783,2.1958199
2123.jpg,0.94306046,-0.35049504,0.9179864,-0.4178662,0.92312205,-0.41738638,0.9263078,-0.4171825,0.8604552,-0.42420027,0.82289237,-0.42806467,0.7795796,-0.43210095,0.7859651,-0.38906124,0.6006298,-0.4082135,0.93196785,-0.27584994,0.8603068,-0.2813663,1.0,0.0586246,0.0,0.0,1.1829987,0.55515826,-0.62526566,0.36109936,1.2036391,0.24461159,-0.33607808,0.76981187,1.1529027,0.16641907,-0.2403089,0.88290584,1.1474795,0.118800096,-0.19213597,0.84509814,1.1357814,0.13739298,-0.20132688,0.8127971,0.800286,0.9842816,0.20359024,1.0,0.86380136,1.6659486,0.06241729,1.6372716,1.0054178,2.3852773,-0.0026443661,1.9527129,0.92785376,2.4253304,-0.010522561,1.99094,0.97861284,2.6988208,0.09759199,2.1737812
2124.jpg,0.9624346,-0.36777726,0.92654866,-0.43590635,0.9326387,-0.4347367,0.9363232,-0.4340393,0.8691223,-0.44144127,0.8284469,-0.44414794,0.784537,-0.44680363,0.7830517,-0.40462032,0.5988361,-0.4196774,0.9581871,-0.28906596,0.88296294,-0.29386055,1.0,0.043460086,0.0,0.0,1.121405,0.5336242,-0.57117856,0.39967164,1.297489,0.34924313,-0.19577351,0.7850733,1.2923145,0.28925377,-0.07191121,0.906524,1.2856832,0.24226402,-0.0064371736,0.84176004,1.2637807,0.25782394,-0.040376298,0.80607414,0.8024242,0.98921114,0.18559502,1.0,0.8945151,1.6794282,0.06642814,1.6079799,1.043487,2.3957736,0.0037629688,1.9175956,0.9626586,2.4268193,0.0022472253,1.9312744,1.080804,2.703177,0.113578595,2.182536
2125.jpg,1.0033587,-0.33634064,0.9740266,-0.41129008,0.9758787,-0.41158348,0.9748479,-0.41212475,0.9187444,-0.4179608,0.88129544,-0.422804,0.8389231,-0.4276417,0.8152865,-0.3989887,0.6404362,-0.4160748,0.9727357,-0.27298874,0.9021768,-0.28234723,1.0,0.026508551,0.0,0.0,1.1749507,0.4913048,-0.3755061,0.4787932,1.3557293,0.46284965,0.11853183,0.7841782,1.3856655,0.4551942,0.26629335,0.888417,1.3748733,0.39763948,0.34256887,0.82950294,1.3437396,0.3950722,0.3038413,0.797834,0.8678203,0.9936778,0.22145385,1.0,0.9612615,1.6441517,0.09434842,1.612975,1.0366079,2.3952153,0.03293996,1.953485,0.95761126,2.3760457,0.038121045,2.0165725,1.0410159,2.6705358,0.02291741,2.1561487
2145.jpg,0.99231714,-0.36986443,0.9421962,-0.4387095,0.9411979,-0.4394675,0.9374966,-0.4408314,0.8959003,-0.43961483,0.85795206,-0.4413048,0.81961864,-0.4440176,0.7637583,-0.41929936,0.6133299,-0.42141107,0.96833944,-0.29919013,0.9085296,-0.3000463,1.0,0.016251586,0.0,0.0,0.8893745,0.4980645,-0.48737183,0.47045156,1.4171212,0.556861,0.17571276,0.72404605,1.5371145,0.54209846,0.36654365,0.79888445,1.5407407,0.49570128,0.43660027,0.75325835,1.488136,0.49764264,0.38636136,0.7310317,0.8809693,0.9823032,0.22356293,1.0,0.9777881,1.6258746,0.06213346,1.5991993,1.1166897,2.2449675,-0.046469573,1.9890813,1.0529244,2.2884407,-0.056589954,2.0488782,1.2641078,2.5537279,0.0064387857,2.1668956
2147.jpg,1.021177,-0.37169957,0.98853123,-0.43701187,0.9928048,-0.43667066,0.9937248,-0.43660697,0.927622,-0.4426378,0.8858453,-0.44586873,0.8418295,-0.44944024,0.82936347,-0.41530287,0.63355815,-0.43007433,1.0043373,-0.30043918,0.9271792,-0.3077565,1.0,0.02106865,0.0,0.0,1.0242345,0.5415573,-0.6918223,0.34884727,1.4258803,0.34060812,-0.32345185,0.7267162,1.5206922,0.2735442,-0.19980921,0.8419346,1.5104059,0.23222707,-0.13313949,0.7884399,1.4698946,0.24351744,-0.14873199,0.7556745,0.9005861,0.97272813,0.27506548,1.0,1.0023521,1.6376668,0.0965692,1.6261928,1.0957576,2.2724297,0.016783588,1.9852605,1.0345014,2.3177173,0.035579145,2.0590534,1.2178437,2.5884397,-0.04324073,2.1631632
2154.jpg,0.988735,-0.31330237,0.9744819,-0.38347125,0.9810579,-0.38272637,0.98497385,-0.381962,0.9152786,-0.3881614,0.8774483,-0.39094588,0.83479226,-0.39446914,0.83643335,-0.36428428,0.64141405,-0.37877566,0.9788582,-0.24677733,0.9015179,-0.2527719,1.0,0.06654379,0.0,0.0,1.2107993,0.53035927,-0.69778967,0.21514988,1.3103927,0.14721128,-0.64903885,0.57372373,1.3197618,0.028781073,-0.6643681,0.70016605,1.3063337,-0.010659546,-0.57753336,0.67658454,1.2808566,0.016925331,-0.5538512,0.6447042,0.8303749,0.99768084,0.23472157,1.0,0.9249487,1.6498852,0.0837034,1.6305895,1.0449566,2.3208857,0.047291733,1.9637208,1.0077901,2.401489,0.05866073,2.0062733,1.0691013,2.5885785,0.007247277,2.1639292
2156.jpg,0.9752994,-0.32636005,0.961748,-0.39233938,0.96976197,-0.39087605,0.9746331,-0.38933992,0.8962354,-0.398745,0.8561363,-0.40183538,0.81341904,-0.40559852,0.8302343,-0.36580607,0.62207174,-0.38604563,0.9633708,-0.2554815,0.88551736,-0.26522803,1.0,0.06949737,0.0,0.0,1.2108918,0.53393275,-0.7134883,0.23888414,1.3281484,0.1433799,-0.55917794,0.613048,1.3430331,0.025378384,-0.5182328,0.73611736,1.3305577,-0.018354544,-0.4359597,0.7031449,1.305302,0.010767876,-0.42881817,0.6707922,0.81131667,1.0038787,0.21105662,1.0,0.9016119,1.6648195,0.069603585,1.6285799,0.9899263,2.3434367,0.0021851093,1.9753082,0.94268304,2.4034822,0.0067569707,2.0212924,0.97109205,2.6437614,0.051832527,2.1764061
2157.jpg,0.9609514,-0.3248713,0.9445334,-0.39418548,0.95193624,-0.39287436,0.9568282,-0.39159775,0.8823988,-0.40050548,0.8452714,-0.40342137,0.8040886,-0.40715492,0.82032174,-0.3675225,0.6187318,-0.38798663,0.95594114,-0.25452748,0.8729443,-0.26384547,1.0,0.07210081,0.0,0.0,1.2086967,0.5460879,-0.6992475,0.27573702,1.3249089,0.18338843,-0.49005446,0.6492767,1.3406386,0.06909149,-0.42513525,0.77201444,1.334577,0.026826415,-0.35218355,0.73122793,1.309681,0.051893,-0.35330468,0.6994251,0.80281144,1.0047168,0.2253926,1.0,0.8941071,1.6913631,0.07256284,1.6519011,0.96761876,2.34725,0.00871904,2.0147352,0.9327349,2.4680798,0.029735425,2.0767612,1.0212249,2.655593,-0.04511734,2.203025
2158.jpg,0.9687578,-0.34085342,0.9431556,-0.40891826,0.9481596,-0.4081364,0.95126563,-0.40769917,0.8906494,-0.41356575,0.8540145,-0.41598308,0.81426775,-0.4190085,0.8065303,-0.38420904,0.6082517,-0.39293486,0.95691144,-0.27544543,0.88878447,-0.2790603,1.0,0.06686841,0.0,0.0,1.2240022,0.5315672,-0.66495824,0.30168632,1.3513829,0.15441304,-0.40518612,0.66059977,1.3682655,0.05057174,-0.33691543,0.77783,1.3576384,0.016325472,-0.28093958,0.73467547,1.3311166,0.038135044,-0.28026122,0.7055994,0.8126889,1.0000595,0.22202975,1.0,0.9107472,1.6414726,0.059989855,1.619882,0.9891849,2.3952186,0.040727995,1.9645708,0.9390428,2.4969943,0.09216033,2.0339768,1.0011559,2.6655483,-0.0478329,2.1313422
2159.jpg,0.97323847,-0.3455809,0.93891275,-0.4106741,0.9416016,-0.41019395,0.94184244,-0.40995258,0.8863415,-0.41513795,0.8523971,-0.41691655,0.81419104,-0.41904956,0.8049852,-0.3844855,0.61399627,-0.39016527,0.9687167,-0.27811137,0.9050198,-0.28435782,1.0,0.07032668,0.0,0.0,1.1828264,0.55545574,-0.6085207,0.3405527,1.3796,0.22524336,-0.27989817,0.68695474,1.4071113,0.12914608,-0.16775927,0.801737,1.3882366,0.08786292,-0.11113129,0.748565,1.360366,0.110492386,-0.13090378,0.7168752,0.8213791,0.9965272,0.23141946,1.0,0.9187661,1.6617945,0.076297425,1.6197566,0.971497,2.339222,0.066268526,1.9285169,0.88847136,2.4648051,0.093286715,1.9914412,0.9815388,2.6245894,0.054942865,2.1157515
2160.jpg,0.99199015,-0.35127681,0.95391434,-0.41979155,0.9542146,-0.4197607,0.951745,-0.42023894,0.90363616,-0.42574954,0.8689717,-0.42915067,0.8305657,-0.43310773,0.8078642,-0.3994886,0.6249385,-0.4083125,0.9769735,-0.2835213,0.9168913,-0.29133484,1.0,0.06020401,0.0,0.0,1.1225348,0.5441105,-0.5449197,0.37698123,1.402898,0.29825428,-0.12496525,0.7040486,1.4501048,0.21232197,0.007191134,0.8187047,1.4388226,0.16467252,0.07629252,0.76596117,1.4008127,0.18766063,0.0498899,0.7366305,0.81987935,0.9961859,0.22928874,1.0,0.90619123,1.6487154,0.08276575,1.6172621,0.99612594,2.3134215,0.041688148,1.9566389,0.9594109,2.4827905,0.058719818,2.0061226,1.0305926,2.6081545,0.10709167,2.1688879
2161.jpg,0.9919124,-0.33168602,0.95869344,-0.40274104,0.96061176,-0.40320924,0.95992047,-0.40380234,0.90834415,-0.40888652,0.8738507,-0.41311923,0.83545923,-0.41744566,0.81713426,-0.3859308,0.6415737,-0.40262598,0.96984255,-0.26726234,0.90774715,-0.2761964,1.0,0.060994443,0.0,0.0,1.1057919,0.5629738,-0.40055114,0.46253487,1.4424134,0.41821456,0.13925728,0.73791176,1.5161171,0.36224365,0.29657632,0.8261673,1.5060934,0.3141849,0.3672461,0.77793264,1.4613856,0.32379717,0.32768568,0.753196,0.8451115,0.9972622,0.22797066,1.0,0.9282952,1.6628257,0.07778793,1.6237148,1.0077676,2.3460703,0.047391996,1.9414108,0.9681901,2.4347436,0.07472904,1.9907737,1.0229492,2.6391246,0.073358245,2.1428995
2233.jpg,0.51667225,-0.39590314,0.5773669,-0.4590059,0.609001,-0.45666903,0.648124,-0.45390353,0.46485174,-0.4582225,0.4169707,-0.4555812,0.37463665,-0.4525886,0.6941547,-0.4068231,0.30347696,-0.414033,0.57880664,-0.31758755,0.42282534,-0.3164734,1.0,0.042343784,0.0,0.0,1.1505703,0.5516797,-0.24169713,0.41073552,0.6979037,0.45908746,-0.2051924,0.78241456,0.575628,0.44192728,-0.21961972,0.8905197,0.55958915,0.36547118,-0.17430177,0.8725181,0.5883915,0.36231753,-0.15285271,0.8372304,0.7800766,1.004583,0.22452417,1.0,0.7980499,1.6733129,0.0729469,1.5570709,0.8793773,2.2564034,0.06899917,1.9037312,0.8529445,2.2931883,0.091461256,1.9195096,0.857257,2.5913906,0.11088571,2.171795
2260.jpg,0.7517515,-0.35149026,0.7886609,-0.40425524,0.8130218,-0.40013242,0.83930534,-0.39614636,0.6887286,-0.42036283,0.64308643,-0.42668867,0.5891704,-0.43287456,0.81208706,-0.35683614,0.4404746,-0.40630755,0.76644427,-0.26834118,0.6605725,-0.2830231,1.0,0.039934844,0.0,0.0,1.0740265,0.4912101,-0.47051495,0.23052604,0.6554237,0.10858122,-0.613748,0.5677302,0.5864789,0.0072288075,-0.68615144,0.67809963,0.5951311,-0.019264078,-0.60624665,0.67895055,0.60153735,0.012367697,-0.5697229,0.64938587,0.81107116,0.99510443,0.22892782,1.0,0.8361985,1.6747494,0.10415307,1.601421,0.9244074,2.3058574,0.021488309,1.949216,0.89605033,2.3219872,0.0033308542,1.9810419,0.87045085,2.6291516,0.122741856,2.1677814
2261.jpg,0.8036391,-0.33329085,0.82942915,-0.38740674,0.85076195,-0.38422123,0.870273,-0.38035408,0.7456561,-0.39933354,0.703038,-0.4049212,0.6534218,-0.4122707,0.81276643,-0.34388086,0.48610234,-0.3951806,0.8076837,-0.2581598,0.7160658,-0.26854205,1.0,0.04427737,0.0,0.0,1.0606132,0.5023013,-0.48570818,0.22688487,0.67172086,0.102509215,-0.633695,0.58325046,0.5992749,0.00079643086,-0.7111563,0.6780835,0.61491764,-0.024593346,-0.6334239,0.67815953,0.6222269,0.00636911,-0.59354657,0.65265465,0.8139408,0.9994016,0.22658752,1.0,0.83681077,1.6865886,0.11149425,1.5776542,0.9216877,2.2899935,0.03387097,1.9479282,0.88562274,2.3180273,0.014821265,1.9733958,0.8672417,2.630854,0.1237635,2.1782556
2262.jpg,0.8518616,-0.33266276,0.8616403,-0.38808805,0.87878495,-0.38516337,0.8940894,-0.3821089,0.7813416,-0.3990234,0.73784286,-0.40390328,0.68529946,-0.4100358,0.8128335,-0.34829414,0.51133835,-0.3902432,0.8531181,-0.26090962,0.7670474,-0.26873317,1.0,0.03495902,0.0,0.0,1.070031,0.4864492,-0.5205196,0.21308768,0.71111095,0.091849044,-0.66179687,0.56964916,0.62936115,-0.0074326703,-0.74168366,0.6650535,0.6391074,-0.03458694,-0.6620806,0.66816825,0.64990634,-0.0059416094,-0.6218829,0.64153075,0.820679,1.0042077,0.22745182,1.0,0.85889894,1.6773354,0.09917448,1.612562,0.9480278,2.287683,0.023964074,1.9526937,0.90333986,2.3182204,-0.0061459052,1.988997,0.9073097,2.596421,0.1163441,2.1653643
2263.jpg,0.8962283,-0.3322894,0.89390707,-0.3915282,0.9045248,-0.388876,0.91276765,-0.3863882,0.8254616,-0.40004748,0.78453153,-0.40320754,0.74064535,-0.40799925,0.80516887,-0.35615826,0.5655395,-0.39154655,0.88646716,-0.25622088,0.8098956,-0.26645797,1.0,0.041522115,0.0,0.0,1.136891,0.49698657,-0.5487423,0.23270696,0.7667011,0.112302095,-0.671647,0.60487664,0.68488467,0.019676268,-0.7341419,0.69731456,0.6795799,-0.01088984,-0.6518004,0.6975858,0.6883165,0.010838968,-0.6174456,0.671919,0.8427888,0.9906254,0.24344118,1.0,0.85364443,1.6733009,0.08453501,1.6116824,0.94783974,2.2380502,0.025914675,2.0042882,0.9303277,2.2634664,0.08992784,2.084397,0.97836936,2.590607,-0.10096697,2.155225
2264.jpg,0.87962854,-0.3435524,0.88119435,-0.40123135,0.8945854,-0.39848736,0.9063349,-0.39570072,0.8069572,-0.4119455,0.7666583,-0.4171629,0.71804476,-0.4234287,0.8074031,-0.36697984,0.5454593,-0.40372753,0.875785,-0.2700765,0.7970029,-0.281595,1.0,0.038248837,0.0,0.0,1.1374813,0.5152439,-0.5566879,0.24493359,0.76743966,0.10332021,-0.6319886,0.6204685,0.6616858,0.00031314127,-0.67920905,0.73229456,0.67227817,-0.030726735,-0.603882,0.72964627,0.69159013,-0.0005600104,-0.57613754,0.6996712,0.8256745,1.0058296,0.22085609,1.0,0.8564681,1.7080075,0.07004573,1.6273156,0.93528986,2.343924,-0.02319334,2.0066772,0.96677613,2.487167,-0.015518348,2.0837638,0.8945792,2.642283,-0.031247849,2.1782298
2265.jpg,0.9083174,-0.34484747,0.8944162,-0.40750536,0.904725,-0.40587655,0.9130218,-0.40470797,0.82780486,-0.41366538,0.78981787,-0.41724414,0.7493056,-0.42170247,0.79858243,-0.37691852,0.57394284,-0.40084842,0.9017507,-0.27068102,0.82729346,-0.27811676,1.0,0.039345127,0.0,0.0,1.185404,0.52705085,-0.5813587,0.28820434,0.861728,0.16039501,-0.5825571,0.66292244,0.7834813,0.06008134,-0.60309607,0.7820167,0.7560214,0.028432302,-0.5234589,0.7669561,0.75952834,0.049716774,-0.5023901,0.7356446,0.8054722,1.0025088,0.20661125,1.0,0.848226,1.690341,0.04727482,1.6260592,0.9320477,2.2691276,0.0015089898,1.9931525,0.9623785,2.4771636,0.06476807,2.0277617,0.9929986,2.6364403,-0.037058033,2.1715186
2266.jpg,0.9212227,-0.3566337,0.904597,-0.42206094,0.91208404,-0.42147675,0.9174678,-0.42112955,0.8474159,-0.4264768,0.8101077,-0.42937592,0.77142674,-0.43309507,0.794601,-0.39052758,0.59289515,-0.41181552,0.91068596,-0.28142366,0.84490377,-0.28707698,1.0,0.039804023,0.0,0.0,1.2094299,0.54873085,-0.5833949,0.33161327,0.94689184,0.23581064,-0.43759543,0.71174896,0.8746137,0.15026256,-0.3921104,0.82307136,0.8582039,0.09446718,-0.3251411,0.7914747,0.8543221,0.11840635,-0.32295462,0.76035285,0.8015901,0.99534386,0.21137843,1.0,0.854353,1.6974277,0.061135195,1.6420573,0.89889836,2.3657784,-0.007107499,1.9953101,0.93096703,2.5179882,0.010963594,2.0730114,0.89959,2.6489058,-0.05068474,2.1527324
2267.jpg,0.9066343,-0.35467514,0.8917843,-0.42343694,0.89934224,-0.4221383,0.90518653,-0.4211102,0.831207,-0.4316878,0.7945027,-0.43440136,0.75417197,-0.4388393,0.78946346,-0.39527556,0.5922672,-0.42075762,0.8992592,-0.28072253,0.82228136,-0.28828105,1.0,0.027664317,0.0,0.0,1.2165216,0.5406894,-0.49745044,0.40633097,0.98528004,0.28322414,-0.2300611,0.772261,0.91396177,0.2132506,-0.12635514,0.8862311,0.89251655,0.15934755,-0.077897556,0.8210202,0.8917073,0.17906468,-0.10034035,0.7876778,0.78294045,0.9927123,0.2070494,1.0,0.8328069,1.6694875,0.089145124,1.586859,0.8742502,2.2766654,0.027669765,1.9279768,0.8364309,2.3144042,0.071505696,1.9672571,0.9260529,2.6313808,0.066641554,2.170182
2268.jpg,0.9526106,-0.3451595,0.94042283,-0.41326216,0.94502497,-0.41066337,0.9474245,-0.40863204,0.88482505,-0.42510024,0.85103256,-0.43055454,0.81057054,-0.43644994,0.81496495,-0.39287686,0.6364049,-0.42218214,0.93042856,-0.28167057,0.86018974,-0.28881562,1.0,0.023169545,0.0,0.0,1.2414868,0.5102945,-0.3318005,0.4845128,1.0760338,0.39577085,0.082689665,0.78305614,1.0010943,0.36198863,0.20400953,0.8877422,0.9825783,0.2991105,0.2720995,0.8191639,0.99009395,0.30180737,0.24421124,0.7904004,0.8173276,0.9976741,0.2302333,1.0,0.8608873,1.6557053,0.10325496,1.5925515,0.88836664,2.2750366,0.067765325,1.900019,0.84095013,2.3222418,0.15213187,1.9378868,0.9689845,2.646222,0.12238313,2.175164
2269.jpg,0.95453066,-0.35052016,0.9381232,-0.4212265,0.94200236,-0.41994587,0.94323957,-0.419328,0.88252693,-0.43018982,0.84733015,-0.43474755,0.8061748,-0.44037163,0.8069265,-0.40397435,0.63003236,-0.42779428,0.9265022,-0.28560376,0.85637426,-0.2943334,1.0,0.037221946,0.0,0.0,1.2108624,0.51707673,-0.26082042,0.5005167,1.070639,0.47675717,0.32928532,0.7562623,1.0216849,0.484912,0.488578,0.8345274,1.0115504,0.42333034,0.5539833,0.7705471,1.0069865,0.4173178,0.5200831,0.74775153,0.80515003,1.0032197,0.21893056,1.0,0.86727923,1.6876702,0.075640395,1.6039661,0.8993661,2.343788,0.011115832,1.918652,0.8609701,2.385415,0.015277357,1.9526902,0.9193814,2.7264538,0.051848162,2.1724083
2286.jpg,1.0564345,-0.31862432,1.0296149,-0.389715,1.0296677,-0.39006108,1.027163,-0.39073822,0.9758342,-0.39653227,0.93703586,-0.40139663,0.8923364,-0.40757063,0.84727216,-0.38192278,0.6814799,-0.40462103,1.0208293,-0.2574753,0.9509648,-0.26525185,1.0,0.060392354,0.0,0.0,0.9322959,0.54122216,-0.42064083,0.47048393,1.3455613,0.593291,0.06105002,0.7852074,1.4630924,0.60189635,0.19764927,0.89186704,1.4664418,0.5560568,0.28777078,0.8539077,1.404613,0.55141604,0.25217777,0.82187825,0.81136125,0.9998451,0.17902097,1.0,0.8873321,1.6472783,-0.033060875,1.6161568,0.953848,2.3312237,-0.13329662,1.9870983,0.8215446,2.4783225,-0.113391034,2.050494,0.9856747,2.6328552,-0.21545291,2.1566658
2287.jpg,1.0351086,-0.3237571,1.0027863,-0.39108205,1.0031363,-0.39130652,1.0011622,-0.39215222,0.95213133,-0.39785138,0.91645646,-0.4016703,0.87378395,-0.406648,0.8340088,-0.38034064,0.67689633,-0.39812443,1.0062734,-0.25755537,0.9379095,-0.26441243,1.0,0.07091397,0.0,0.0,1.0761232,0.56685907,-0.57700694,0.41134816,1.4357849,0.47492787,-0.27143785,0.79626286,1.5210305,0.45385066,-0.16831166,0.9069407,1.5116506,0.39995188,-0.094604544,0.8601172,1.4684194,0.4018768,-0.121108636,0.82203174,0.80817384,0.9910198,0.17646043,1.0,0.8549777,1.6508079,-0.018472005,1.6106195,0.9264662,2.4065459,-0.13503186,1.9306287,0.84728813,2.501763,-0.097783685,1.9163784,0.9194009,2.643236,-0.0979318,2.1270475
2290.jpg,1.0568897,-0.29278234,1.0409172,-0.35660458,1.0441417,-0.35570297,1.0449026,-0.3550216,0.9861297,-0.36535943,0.9525406,-0.37062958,0.9122896,-0.37667304,0.86083674,-0.34419355,0.70791596,-0.36788574,1.0299113,-0.2269516,0.96159333,-0.23865275,1.0,0.100255065,0.0,0.0,1.2178813,0.56916654,-0.72338843,0.28839487,1.4646631,0.19757026,-0.87582463,0.6667254,1.4962623,0.080200896,-0.9350855,0.8054705,1.4793556,0.044051282,-0.8370889,0.8026719,1.4568132,0.06808953,-0.78759944,0.76115054,0.8106411,1.0018017,0.20640767,1.0,0.86559784,1.6822295,0.02053549,1.6271006,1.0339088,2.3626347,-0.08346203,1.9635596,0.99774736,2.4429324,-0.034997173,1.9295007,0.98098373,2.6015656,-0.10160487,2.1625173
2291.jpg,1.0348758,-0.28903177,1.0271461,-0.34877607,1.032057,-0.34806234,1.0345272,-0.3475665,0.968737,-0.3567472,0.9337317,-0.36148226,0.89164585,-0.36731592,0.8694674,-0.33683085,0.70359564,-0.35975695,1.008579,-0.22456072,0.937104,-0.23509467,1.0,0.110212006,0.0,0.0,1.2369628,0.5535265,-0.74332815,0.22035418,1.4294546,0.14988858,-0.9827124,0.5899907,1.4557432,0.037936497,-1.063694,0.71655,1.4348949,-0.0021968046,-0.9754519,0.7280133,1.4088153,0.030146852,-0.9238161,0.69377875,0.79377466,1.0074794,0.19218585,1.0,0.84185314,1.6779802,-0.014206124,1.6094824,0.94345,2.346131,-0.090168,1.9615332,0.99331015,2.4371405,-0.054311622,2.036712,0.9449344,2.5755563,-0.20842671,2.1562812
2294.jpg,1.0089405,-0.26839435,1.0062855,-0.3343727,1.0123234,-0.33345097,1.0160341,-0.3323514,0.94875115,-0.34082064,0.91322565,-0.34493348,0.8729778,-0.35025403,0.86938876,-0.32361317,0.686326,-0.34695157,0.9916678,-0.20669091,0.91392344,-0.21842968,1.0,0.10714318,0.0,0.0,1.2193521,0.5356457,-0.6903412,0.17121601,1.3663354,0.1269072,-0.9723825,0.51824546,1.3718065,0.019643752,-1.0803926,0.6449263,1.3603114,-0.02166355,-0.99644625,0.65751606,1.3387778,0.013625688,-0.94571584,0.6253114,0.7832271,1.0175672,0.19744632,1.0,0.82273877,1.684402,0.03393141,1.5951469,0.9873186,2.3411696,-0.055324174,1.968191,0.9661877,2.42114,0.019133063,2.0024362,0.92918664,2.5623736,-0.04416057,2.167353
2295.jpg,1.0195938,-0.2633925,1.0126487,-0.3285666,1.01702,-0.32799137,1.018791,-0.32734898,0.95635015,-0.33548355,0.91962796,-0.3404696,0.8776052,-0.34650463,0.8656775,-0.32227355,0.6876444,-0.3455753,0.99477553,-0.20230758,0.9210609,-0.21372834,1.0,0.108895466,0.0,0.0,1.2307807,0.54260045,-0.72560966,0.17417671,1.3818098,0.1404263,-1.0004312,0.5298387,1.3885382,0.0328544,-1.103275,0.65501577,1.3775393,-0.009328806,-1.0042739,0.6650772,1.3544332,0.026137728,-0.9522804,0.63302326,0.7801867,1.0111749,0.1869848,1.0,0.829081,1.6676276,0.008752806,1.6000837,0.9904488,2.3202617,-0.07188626,1.9573413,0.96211696,2.3997986,-0.05188127,2.0230317,0.9285794,2.5576158,-0.08555171,2.1534092
2296.jpg,1.016354,-0.25661096,1.0071559,-0.32356358,1.0112913,-0.3235198,1.013084,-0.32361576,0.9527557,-0.33045533,0.9172338,-0.33564124,0.8765612,-0.34198982,0.8482336,-0.32171977,0.6819665,-0.34285507,0.9950719,-0.19727464,0.9231352,-0.2097814,1.0,0.10620351,0.0,0.0,1.2201481,0.5417649,-0.6916519,0.18540011,1.3717347,0.14357677,-0.92651546,0.5370442,1.3848653,0.039590016,-1.0165045,0.65446603,1.3723131,-0.0027887058,-0.92281634,0.66646355,1.3488823,0.032238897,-0.87496555,0.6364733,0.7813737,1.0100436,0.19979489,1.0,0.82887304,1.650972,0.012684514,1.5911018,0.9281469,2.326235,-0.06314833,1.9383622,0.9055554,2.4012542,0.023305805,1.9759694,0.93523777,2.5531054,-0.10631273,2.1304078
2297.jpg,1.0247571,-0.2780084,1.0206399,-0.34337878,1.0252786,-0.3423277,1.0279275,-0.34130415,0.96486,-0.35211697,0.9304597,-0.3573927,0.8883611,-0.3640712,0.8650107,-0.3318203,0.69955945,-0.36092642,0.9987662,-0.21176498,0.9289098,-0.22304599,1.0,0.112045884,0.0,0.0,1.2278367,0.5485414,-0.70765984,0.2208301,1.4036953,0.15093467,-0.89309657,0.5980603,1.4235814,0.040810242,-0.9607758,0.7179687,1.4068935,0.0008626167,-0.8691402,0.7252362,1.3825088,0.03660557,-0.8210789,0.6945831,0.7834431,1.0120481,0.1866747,1.0,0.84791607,1.666824,0.00391387,1.6106716,0.9419578,2.3522413,-0.076651104,1.9655598,0.92121226,2.4348602,-0.051088538,2.0131102,0.97053814,2.590956,-0.14601754,2.153431
2298.jpg,1.0378864,-0.29038438,1.0178981,-0.35463747,1.0216795,-0.35394287,1.0229406,-0.35347724,0.9676059,-0.36078158,0.93226874,-0.36461058,0.8938937,-0.36976865,0.8573099,-0.33550313,0.6912136,-0.3568814,1.0127298,-0.22206277,0.95062387,-0.23025389,1.0,0.11057455,0.0,0.0,1.2312849,0.56797665,-0.69042796,0.26907894,1.4348652,0.1757006,-0.8252553,0.634667,1.4528351,0.074935146,-0.87626296,0.75644165,1.441969,0.037764885,-0.774483,0.7510624,1.4208125,0.064299405,-0.7337665,0.72242546,0.78134084,1.0095954,0.17626795,1.0,0.85359895,1.6675411,-0.0030164905,1.6130605,0.9753327,2.379401,-0.06444311,1.9338313,0.9446014,2.470453,-0.05164254,1.9814072,0.94790536,2.6064239,-0.1395847,2.1286519
2299.jpg,1.022309,-0.3197762,1.0087056,-0.38693097,1.0156167,-0.3859649,1.0203245,-0.38493997,0.94640183,-0.39515227,0.9087556,-0.40023735,0.8640556,-0.40615422,0.85616904,-0.36215878,0.67374,-0.3887547,1.0064898,-0.24659076,0.932297,-0.2574185,1.0,0.10582393,0.0,0.0,1.2063056,0.58884907,-0.6897452,0.32971603,1.4186225,0.21799637,-0.6821268,0.73569185,1.4336864,0.11245356,-0.6992577,0.85636705,1.4197603,0.07398824,-0.60975844,0.82985306,1.3985885,0.095110744,-0.58709985,0.7910804,0.7642909,1.0072498,0.17346871,1.0,0.84645313,1.6750382,-0.0031025677,1.6341326,0.9250013,2.3429077,-0.09487514,1.9836525,0.88752997,2.4535239,-0.09273128,2.0258305,0.9530855,2.6180096,-0.10014293,2.1715386
2300.jpg,0.9673765,-0.32125586,0.956636,-0.3895332,0.96748936,-0.38853765,0.97637385,-0.38728103,0.8858848,-0.39746657,0.84366125,-0.40161255,0.7993476,-0.4056772,0.84550875,-0.3619685,0.6224887,-0.3834807,0.96546865,-0.24503167,0.8821237,-0.25821453,1.0,0.11040948,0.0,0.0,1.1449548,0.6094733,-0.6192715,0.3681491,1.385932,0.274358,-0.5020701,0.77644604,1.4160107,0.1810804,-0.48102614,0.89063907,1.4003006,0.14042214,-0.3872148,0.86297804,1.3759998,0.16151048,-0.3705706,0.8304832,0.74054796,0.99347246,0.15579805,1.0,0.82734203,1.6678382,-0.0043313364,1.6408054,0.89493024,2.3680298,-0.116287984,1.9838684,0.84378517,2.4140928,-0.13745393,2.048052,0.90014446,2.6650689,-0.0366477,2.1878366
2302.jpg,0.97719437,-0.3382227,0.94319934,-0.4042047,0.9466865,-0.40409404,0.9479415,-0.40389913,0.88863426,-0.40807235,0.8531401,-0.4106445,0.81078255,-0.41352603,0.81703454,-0.3780782,0.6188104,-0.388971,0.96748066,-0.26620102,0.8953076,-0.2737463,1.0,0.08991391,0.0,0.0,1.073816,0.58881414,-0.39472532,0.4855013,1.4156147,0.45903343,0.015157596,0.8328104,1.4753146,0.43759945,0.116223626,0.94693434,1.4612234,0.38455266,0.22679803,0.9073257,1.413731,0.38689747,0.1989907,0.8697057,0.7783936,1.0090065,0.14697096,1.0,0.83950436,1.6510798,-0.005401052,1.5728973,0.86864823,2.3901768,-0.08124021,1.8670479,0.78945935,2.5589576,-0.019501718,1.909411,0.88784957,2.709273,-0.07447016,2.1368203
2323.jpg,0.8870068,-0.41387868,0.8478857,-0.47737932,0.8553318,-0.4768235,0.8605651,-0.47653472,0.78263056,-0.47899744,0.7408214,-0.47804707,0.6922867,-0.47806728,0.73870635,-0.43926787,0.5091833,-0.44000924,0.8922346,-0.33522555,0.8126345,-0.33833066,1.0,0.032438736,0.0,0.0,0.99949634,0.5061981,-0.43061823,0.46781358,1.2837982,0.53667426,0.06829652,0.77903366,1.3653893,0.53914464,0.20562877,0.8944424,1.3623952,0.49175802,0.2967243,0.84656894,1.3091017,0.48860908,0.25404364,0.8078214,0.8283345,0.9979786,0.17922173,1.0,0.9345231,1.6376402,-0.01366457,1.5842142,0.9418009,2.3374655,-0.11001835,1.8927319,0.8737129,2.385943,-0.09481821,1.9552145,0.97561866,2.7043743,-0.09614456,2.1212385
2327.jpg,0.81381184,-0.37436056,0.8144936,-0.43673208,0.8321076,-0.43500423,0.8491926,-0.43341586,0.7306441,-0.44154876,0.68886095,-0.44241107,0.637373,-0.44385865,0.78072536,-0.39206725,0.48505566,-0.40510374,0.83859354,-0.29006797,0.7402574,-0.29371917,1.0,0.066804744,0.0,0.0,1.1870868,0.59231645,-0.54370195,0.34342414,1.171385,0.2937548,-0.549622,0.7401484,1.1354258,0.20724238,-0.54204154,0.8653193,1.1155287,0.16404493,-0.4823458,0.8484687,1.0987755,0.19119,-0.4643566,0.80940276,0.77381796,0.9994169,0.19893125,1.0,0.8481314,1.6565269,0.03378985,1.6153003,0.86061305,2.3078225,-0.06239574,1.9636734,0.8323882,2.332554,-0.06569092,2.013885,0.95719886,2.6495128,-0.08567645,2.1462452
2410.jpg,0.7728669,-0.3722553,0.793033,-0.42882806,0.81285733,-0.42640433,0.83243823,-0.42341706,0.7104225,-0.43866903,0.66846216,-0.44344574,0.62215805,-0.44900456,0.783306,-0.38633612,0.47629958,-0.4216055,0.7888633,-0.29291552,0.6961812,-0.29888973,1.0,0.04133833,0.0,0.0,1.1772046,0.56094116,-0.4137278,0.41303816,0.9141513,0.36048752,-0.32671556,0.8142932,0.83452255,0.31438637,-0.33281544,0.92362475,0.8205206,0.24666914,-0.2772054,0.8980256,0.82741946,0.25594732,-0.25176716,0.8629562,0.76277024,1.0007284,0.21789141,1.0,0.82307345,1.6896169,0.1095009,1.5617121,0.8963379,2.332951,0.005058586,1.9119579,0.8497876,2.3465803,-0.023800377,1.9371842,0.87062305,2.605102,0.12664492,2.1724083
2413.jpg,0.869989,-0.36559343,0.8522628,-0.43539092,0.8592413,-0.43438226,0.8638049,-0.4334133,0.79256284,-0.44256335,0.75729454,-0.445711,0.71706086,-0.44949526,0.75186765,-0.4078623,0.5460541,-0.4287709,0.8617618,-0.29734957,0.79038686,-0.3073122,1.0,0.03457676,0.0,0.0,1.1736852,0.4927867,-0.19212319,0.49899602,1.1569095,0.5664879,0.27818596,0.8049258,1.192149,0.63601655,0.4211828,0.9167081,1.1498613,0.581134,0.5056857,0.8523111,1.1164447,0.5546544,0.4649393,0.8193754,0.7980946,1.0040848,0.234549,1.0,0.8809842,1.6219211,0.09368852,1.5628848,0.8968923,2.308803,0.02046283,1.8791306,0.8422827,2.3645415,0.11412635,1.9427738,0.9446496,2.624858,0.060549553,2.1420178
2431.jpg,0.9896363,-0.35460547,0.95451736,-0.4240874,0.9564747,-0.42376453,0.9556617,-0.4235494,0.8917456,-0.42995483,0.8520751,-0.4328081,0.8025091,-0.43636206,0.7916712,-0.40364382,0.5791312,-0.41470638,0.9681566,-0.2859916,0.8924957,-0.29413536,1.0,0.040248144,0.0,0.0,0.9058043,0.47946295,-0.3354512,0.494923,1.3082212,0.6494359,0.25590596,0.8000492,1.4641182,0.69014865,0.42854172,0.89821243,1.4827344,0.65862423,0.51790476,0.8549337,1.4132702,0.64212376,0.48891228,0.8254938,0.8209426,0.9952609,0.1637571,1.0,0.954831,1.6104908,-0.040683974,1.5722743,0.9869777,2.3222735,-0.139793,1.8787163,0.9095488,2.3906796,-0.14163975,1.9217875,1.0258049,2.622174,-0.06677519,2.0903249
2433.jpg,0.95956457,-0.37180766,0.9193077,-0.43801218,0.91882145,-0.43834937,0.91601205,-0.43889597,0.86991227,-0.4397918,0.8374362,-0.4415957,0.8000209,-0.44368595,0.7598035,-0.41604364,0.60895157,-0.42113683,0.9363943,-0.3010849,0.878388,-0.30354404,1.0,0.042889483,0.0,0.0,1.0268439,0.55520517,-0.5144848,0.42632008,1.3631757,0.4837298,-0.28847688,0.84885895,1.4467818,0.44878948,-0.2022106,0.9742757,1.4374545,0.39170972,-0.12340767,0.9359241,1.3894671,0.39964008,-0.13986747,0.89048713,0.8134345,0.99080515,0.18884918,1.0,0.9016914,1.642799,0.00054549373,1.6018136,0.9505778,2.3752573,-0.102795295,1.9051105,0.88035995,2.394265,-0.11037569,1.9504972,0.93274677,2.6136847,-0.021112045,2.1175542
2434.jpg,0.9746662,-0.35117134,0.94235224,-0.41981176,0.94523114,-0.41984388,0.9456408,-0.42020506,0.88891876,-0.42418382,0.8524316,-0.4274795,0.813496,-0.43111214,0.79274094,-0.40017688,0.612106,-0.41181463,0.9550545,-0.2814015,0.89101547,-0.28630707,1.0,0.04731626,0.0,0.0,1.0181893,0.54759085,-0.58725625,0.38383952,1.3817453,0.3621027,-0.533052,0.8150903,1.4751701,0.3015348,-0.51862967,0.9427319,1.4692836,0.25687426,-0.42451286,0.92720664,1.4263242,0.26750344,-0.40415403,0.88598585,0.8150678,0.9983508,0.21062444,1.0,0.9003106,1.6320597,0.025116222,1.5940806,0.952439,2.3030996,-0.13755205,1.945865,0.89625394,2.3413255,-0.18579221,2.0106888,1.1117947,2.5943024,-0.009907898,2.135354
2435.jpg,0.9671479,-0.34431973,0.9417434,-0.41081762,0.9483033,-0.40963963,0.95253,-0.40898672,0.8800552,-0.41661802,0.84214854,-0.41986278,0.8019623,-0.42367074,0.8124493,-0.38549832,0.6100456,-0.4002192,0.96057165,-0.27215463,0.88514304,-0.27904075,1.0,0.061514895,0.0,0.0,1.0921296,0.559028,-0.6652448,0.35145536,1.3934988,0.26328027,-0.7434889,0.7771841,1.4291116,0.1763196,-0.78388137,0.90294254,1.4183705,0.13315353,-0.7011574,0.89604014,1.3900591,0.15773588,-0.6705733,0.8596218,0.8195278,0.99351174,0.22727166,1.0,0.9082585,1.6389809,-0.005313142,1.6032307,0.9653903,2.3138494,-0.13308649,1.9295622,0.85557634,2.4387724,-0.1624323,1.9767344,0.95285493,2.604132,-0.05946098,2.1165068
2436.jpg,0.9509405,-0.34554502,0.9305724,-0.40918195,0.9374497,-0.40800577,0.9426014,-0.40696752,0.8718819,-0.41356623,0.834421,-0.4166287,0.7951829,-0.42036933,0.8045607,-0.38297132,0.6009469,-0.40055862,0.94269395,-0.27193943,0.8689887,-0.27810428,1.0,0.06458065,0.0,0.0,1.1718673,0.55628157,-0.69231886,0.3149717,1.3347269,0.18146053,-0.8508688,0.7247281,1.3639783,0.08299311,-0.9159738,0.84989524,1.3451414,0.053519536,-0.8275612,0.8517639,1.314499,0.07478295,-0.78184813,0.8185417,0.8063802,0.9949956,0.22577794,1.0,0.8901925,1.6621506,-0.004245921,1.6167786,0.9558291,2.2968967,-0.11794332,1.9367546,0.9161751,2.4153984,-0.12253535,1.9834623,0.9670508,2.5869064,-0.11172584,2.1259646
2437.jpg,0.96005046,-0.33045188,0.9489427,-0.39638042,0.9577471,-0.39524868,0.96410316,-0.39410836,0.8849103,-0.40205967,0.8447522,-0.40497893,0.802578,-0.4089131,0.8217761,-0.3722779,0.613483,-0.3935062,0.9471534,-0.25767362,0.86764574,-0.2655188,1.0,0.07023471,0.0,0.0,1.1912463,0.5515997,-0.7054635,0.27588013,1.3162668,0.15098566,-0.90607935,0.6484898,1.3328134,0.053804222,-0.98028326,0.7883825,1.3142506,0.0196123,-0.91032153,0.79585195,1.2878788,0.042085607,-0.85658026,0.75789595,0.8118446,0.999224,0.22635624,1.0,0.8911752,1.6556636,0.010386527,1.6038359,0.95901644,2.32814,-0.10540315,1.9409177,0.92008257,2.402529,-0.107066914,1.982566,0.9810071,2.5795598,-0.07507431,2.1535969
2438.jpg,0.9658968,-0.29877293,0.95436114,-0.36675516,0.9597661,-0.36610347,0.96298516,-0.3655215,0.89646345,-0.37380925,0.8598624,-0.3783108,0.81694996,-0.38391432,0.8019851,-0.35326537,0.6181049,-0.3763083,0.94730824,-0.23204277,0.86976,-0.2410367,1.0,0.078695685,0.0,0.0,1.1997844,0.5498292,-0.6866203,0.2524294,1.3135422,0.15606451,-0.9503723,0.62199557,1.3279305,0.05000234,-1.0396316,0.74704194,1.3159928,0.011601033,-0.9669582,0.75767773,1.2902666,0.03791933,-0.91807073,0.72188246,0.8228981,1.0064118,0.23432665,1.0,0.90055346,1.6540408,0.019752426,1.6055478,0.9945478,2.3195689,-0.11428992,1.9527085,0.9475099,2.4051716,-0.11906628,1.9934328,1.0280211,2.5794604,-0.11862556,2.1478605
2439.jpg,0.9664098,-0.3037326,0.9543517,-0.3710225,0.95882344,-0.37057897,0.9610928,-0.3700287,0.90068394,-0.37640244,0.8667791,-0.38022918,0.8264269,-0.38459364,0.7932686,-0.3568449,0.6293772,-0.37649757,0.945794,-0.23731269,0.873781,-0.24588044,1.0,0.07387972,0.0,0.0,1.2032766,0.53226006,-0.661152,0.22003445,1.304227,0.123902164,-0.90881526,0.5897904,1.3095946,0.016105374,-1.0128566,0.712629,1.2936296,-0.023948573,-0.92690235,0.724091,1.2713777,0.0074204956,-0.87725925,0.68838745,0.8254993,1.0023351,0.242155,1.0,0.8869124,1.6325613,0.053243537,1.5793558,0.97839445,2.2755084,-0.079686105,1.9103009,0.93147856,2.3553684,-0.1269807,1.9612715,0.92624575,2.549467,0.012719155,2.11352
2440.jpg,0.9613762,-0.30318347,0.95131266,-0.36948735,0.9562642,-0.3688092,0.9591384,-0.36798874,0.8964926,-0.37529486,0.8621397,-0.3792871,0.82110304,-0.383884,0.7963347,-0.35425204,0.6254069,-0.37594372,0.94113976,-0.23617761,0.86790395,-0.24496308,1.0,0.07739708,0.0,0.0,1.2016246,0.53415555,-0.664445,0.21965574,1.3015937,0.12650594,-0.909146,0.59147006,1.3046088,0.018105222,-1.0136746,0.71327585,1.2899982,-0.021653725,-0.9268982,0.72446924,1.2686121,0.009939843,-0.8768812,0.6893822,0.82312155,1.0014925,0.23811239,1.0,0.88931715,1.6366018,0.04902894,1.587585,0.9689365,2.296148,-0.080677934,1.9176428,0.9260172,2.3689997,-0.11529437,1.9605405,0.91656667,2.5614398,-0.0037732068,2.1209002
2441.jpg,0.9639311,-0.3164188,0.95388126,-0.38478234,0.96050996,-0.3838671,0.9652375,-0.382617,0.89330107,-0.39178285,0.8557722,-0.39638007,0.81003267,-0.4019419,0.8108883,-0.3639749,0.62308747,-0.39061478,0.9482962,-0.24696314,0.872773,-0.25464165,1.0,0.070289396,0.0,0.0,1.2186108,0.5268979,-0.6598764,0.20706561,1.3045604,0.1172744,-0.93305105,0.5875193,1.3069406,0.0070671295,-1.0328944,0.7218862,1.2958529,-0.036715873,-0.9551669,0.7313516,1.2732556,-0.00088738045,-0.90986794,0.6954507,0.83005553,1.0033824,0.22975028,1.0,0.89677715,1.6548561,0.038241193,1.5986305,0.965845,2.3126686,-0.07651117,1.9419566,0.9022113,2.4150102,-0.11519775,1.9971691,0.9280597,2.5795057,-0.013774683,2.1406803
2442.jpg,0.94419366,-0.3186377,0.9337483,-0.38367513,0.94149077,-0.3824538,0.947339,-0.381044,0.8728232,-0.39099783,0.8368336,-0.39498785,0.7930747,-0.39997056,0.7989409,-0.35953978,0.6091812,-0.3833465,0.9352992,-0.24697931,0.8577378,-0.25555032,1.0,0.07805166,0.0,0.0,1.1955171,0.54315764,-0.68720263,0.23108155,1.2892565,0.13877131,-0.9173658,0.6226276,1.2934322,0.029529514,-0.9976957,0.74124265,1.2890666,-0.011362341,-0.9243673,0.7496511,1.2672769,0.021497918,-0.88068134,0.7164341,0.8081863,1.0037384,0.21283455,1.0,0.873722,1.6343633,0.017754406,1.5984503,0.9605257,2.2903132,-0.101197936,1.9354204,0.9094961,2.3464303,-0.12690066,1.9904264,0.99260086,2.5744934,-0.033653907,2.1309955
2443.jpg,0.9555769,-0.3273933,0.94676834,-0.39479735,0.9546059,-0.39344493,0.96036685,-0.39186484,0.88285685,-0.40259477,0.8446202,-0.40702662,0.7985875,-0.4122623,0.8069744,-0.3694618,0.60939294,-0.39562413,0.9425321,-0.25540856,0.86413413,-0.26352707,1.0,0.07922827,0.0,0.0,1.197251,0.5518522,-0.6785081,0.2414222,1.295517,0.15832885,-0.87408274,0.62680185,1.3111448,0.054030586,-0.9376331,0.7700247,1.3053449,0.017561631,-0.8563281,0.7754085,1.2819822,0.04314916,-0.81016713,0.738983,0.80343807,1.0054606,0.21600817,1.0,0.86004657,1.6531451,0.020103352,1.6035485,0.931823,2.3127384,-0.07960286,1.941939,0.8754174,2.39623,-0.113297716,1.9973792,0.9994386,2.5742514,0.0015072251,2.1345181
2444.jpg,0.95384985,-0.34466216,0.9414338,-0.4132383,0.9488148,-0.41218403,0.9542977,-0.4107028,0.8808806,-0.4208505,0.84189636,-0.42499346,0.79748476,-0.42924836,0.8135027,-0.38522547,0.61058056,-0.40641704,0.94318616,-0.27139688,0.8680463,-0.28167415,1.0,0.07382273,0.0,0.0,1.1737336,0.55876386,-0.6494623,0.28342173,1.2937866,0.1729482,-0.78687525,0.6741942,1.3109086,0.07237265,-0.84341943,0.8059867,1.3067673,0.039137077,-0.76146656,0.8070293,1.2856499,0.062498294,-0.7184695,0.7738812,0.80523413,1.0000724,0.22814791,1.0,0.86863416,1.6344169,0.0441817,1.5986812,0.94647014,2.2760205,-0.08393959,1.9355342,0.8752967,2.4019182,-0.12873569,2.005847,0.9864844,2.579421,0.0042888243,2.1347368
2445.jpg,0.9498873,-0.357351,0.9330806,-0.42401123,0.94372904,-0.42291185,0.9525938,-0.42175576,0.8649229,-0.43070295,0.8251768,-0.4336425,0.782401,-0.43631706,0.816133,-0.39166856,0.6017585,-0.40752488,0.95033354,-0.27983937,0.871443,-0.2896691,1.0,0.07433366,0.0,0.0,1.1512693,0.580269,-0.6096984,0.3235276,1.329614,0.22262678,-0.6777305,0.7198465,1.3398765,0.12952217,-0.7232528,0.8538752,1.3253988,0.09212939,-0.63587195,0.83938694,1.3062544,0.111359626,-0.60347736,0.7994474,0.79234993,0.99804294,0.21054989,1.0,0.869924,1.6544333,0.039046977,1.5918459,0.92258394,2.2149334,-0.079520844,1.9101002,0.8458928,2.4456782,-0.12680358,1.9655641,1.0011356,2.6253803,0.028236404,2.1144922
2446.jpg,0.96834403,-0.3510851,0.9389681,-0.42190745,0.9445739,-0.42163268,0.948225,-0.4214104,0.88438606,-0.42640078,0.84688187,-0.4295692,0.80625033,-0.43274122,0.797197,-0.3918073,0.61419404,-0.40982807,0.96040833,-0.27303484,0.89147705,-0.27867204,1.0,0.07354872,0.0,0.0,1.0839748,0.5863996,-0.57781756,0.37064746,1.3551426,0.30353492,-0.5668122,0.7981174,1.377832,0.22431186,-0.54522806,0.9277631,1.3755033,0.1795213,-0.4664661,0.9058516,1.3484735,0.20190823,-0.45476514,0.86373526,0.7864821,0.99762505,0.19678202,1.0,0.88557565,1.6676875,0.02773219,1.604631,0.92716664,2.3254504,-0.08680268,1.926861,0.87921464,2.3782797,-0.06169055,1.8963952,1.0512687,2.6625302,-0.038999457,2.1292481
2472.jpg,0.7490328,-0.42005536,0.76110846,-0.475091,0.78337044,-0.47311285,0.80482525,-0.4707595,0.67788446,-0.48001528,0.63234043,-0.4806197,0.58148617,-0.48194587,0.76235443,-0.42923808,0.43622404,-0.44471133,0.7817696,-0.33319694,0.67496526,-0.34165204,1.0,0.035333488,0.0,0.0,1.0916067,0.50369316,-0.48605204,0.41320112,0.99857265,0.4496973,-0.2204938,0.79304475,0.9512908,0.46258214,-0.15054002,0.9072753,0.96558875,0.3950601,-0.08669103,0.86005163,0.9660002,0.38720715,-0.102146395,0.8200313,0.7862325,0.9989979,0.21064135,1.0,0.8325441,1.6305387,0.032542918,1.5998782,0.8311593,2.2528977,-0.048466668,1.9388565,0.8015895,2.3081481,-0.037455596,2.0100696,0.9073177,2.6139941,-0.07122105,2.1347556
2473.jpg,0.67728156,-0.42249468,0.70496905,-0.47902468,0.73268557,-0.47555336,0.7586932,-0.47222915,0.60969824,-0.48632005,0.5662465,-0.48682368,0.51232487,-0.48700315,0.7498992,-0.42718855,0.39090648,-0.43738034,0.7148286,-0.33506903,0.5969006,-0.34091854,1.0,0.030961057,0.0,0.0,1.1178532,0.548683,-0.48417345,0.3914185,0.967363,0.37275165,-0.34019825,0.80891067,0.88979936,0.31192106,-0.32388005,0.91296244,0.8805402,0.25376192,-0.25482765,0.88929176,0.8887135,0.26142487,-0.24364826,0.85531706,0.77210355,0.9987402,0.20570578,1.0,0.7985612,1.6671094,0.05476849,1.5997114,0.82500494,2.2977853,-0.037215795,1.9439406,0.7915474,2.3145401,-0.039876368,2.0200229,0.8911302,2.6204343,-0.035611436,2.125408
2554.jpg,0.7882408,-0.37117925,0.8124422,-0.42688575,0.8365872,-0.42358306,0.85944283,-0.42056432,0.7207407,-0.43959358,0.6740485,-0.4457551,0.62432,-0.45134452,0.80803823,-0.3803193,0.47338915,-0.41905275,0.80224854,-0.28913337,0.70316607,-0.29949898,1.0,0.043876253,0.0,0.0,1.1466354,0.5277556,-0.47448727,0.33680993,0.8035688,0.16278204,-0.601601,0.7157739,0.73621964,0.06479315,-0.6711522,0.8381259,0.71814376,0.03275495,-0.6023639,0.84153074,0.71998835,0.051461767,-0.5653962,0.8058871,0.79593205,0.99780196,0.21725765,1.0,0.8517782,1.6592997,0.09686562,1.602392,0.95131105,2.3421206,-0.025740813,1.9221282,0.9058725,2.4630463,-0.06601768,1.9478424,0.90082544,2.6452744,0.11522429,2.1506014
2555.jpg,0.8134972,-0.38078424,0.82835746,-0.44140372,0.84944105,-0.438461,0.8681605,-0.43543798,0.7429919,-0.45124307,0.6989912,-0.45553276,0.6516826,-0.46007898,0.79838,-0.39542225,0.49556798,-0.43107694,0.8245752,-0.2998391,0.7360229,-0.30846256,1.0,0.034750972,0.0,0.0,1.1718726,0.55054575,-0.47363585,0.36426237,0.86578083,0.19374292,-0.54768616,0.7543554,0.80796957,0.10154011,-0.58994484,0.87249875,0.78620344,0.056652773,-0.5327299,0.8562823,0.78139526,0.0774362,-0.50558966,0.8207243,0.7990053,0.9971586,0.23894317,1.0,0.8565764,1.6696657,0.10002134,1.6015747,0.9552154,2.3459983,-0.023712387,1.9160042,0.9203499,2.4815311,-0.06457347,1.9362699,0.9480627,2.660076,0.107492894,2.152223
2558.jpg,0.9112766,-0.40718612,0.87685007,-0.47782886,0.87936556,-0.47727448,0.8799917,-0.47699678,0.8292637,-0.48022822,0.7942434,-0.4816126,0.7594346,-0.48352313,0.7397133,-0.4453881,0.5810505,-0.4544196,0.8996968,-0.3280453,0.8373489,-0.331236,1.0,0.016348427,0.0,0.0,1.2585831,0.51105195,-0.3619123,0.45113677,1.0683113,0.4173958,-0.116083436,0.8479058,0.9975324,0.39011455,-0.035861008,0.96709466,0.9879283,0.3261494,0.02379199,0.9218903,0.9928748,0.3268716,0.004078233,0.8777956,0.8313747,0.98735243,0.27085736,1.0,0.9232434,1.6672149,0.14357676,1.5970373,1.0100554,2.4030888,0.017892154,1.9058408,0.93447083,2.4358785,-0.010847825,1.9392866,1.0270628,2.7134552,0.15497136,2.1676455
2573.jpg,1.049698,-0.39187592,0.98728013,-0.46218973,0.98121625,-0.46361074,0.97247195,-0.46515992,0.9423825,-0.462856,0.90603155,-0.46501702,0.8670541,-0.4673296,0.7658728,-0.44318953,0.642039,-0.4411127,0.9974369,-0.32133985,0.94185036,-0.3230314,1.0,-0.023408128,0.0,0.0,0.94110954,0.46978027,0.33325234,0.52461463,1.1303365,0.6995237,1.3491184,0.47994977,1.0853748,0.76836306,1.6088274,0.46695623,1.0612448,0.7663096,1.6022911,0.4053932,1.1320895,0.7039643,1.5240959,0.406759,0.95147586,0.99641234,0.16969684,1.0,1.0448412,1.6653708,-0.097124904,1.6451101,1.1610172,2.3615124,-0.23081253,2.0018911,1.0640527,2.4453423,-0.2689015,2.0648465,1.3517593,2.6271474,-0.08896282,2.2079926
2578.jpg,0.95953435,-0.36985004,0.91955155,-0.43456277,0.9232406,-0.4341022,0.9241306,-0.4338744,0.85768294,-0.4391873,0.81930256,-0.44132215,0.7697822,-0.4444058,0.7815004,-0.40895566,0.5664757,-0.4222704,0.95270836,-0.29576352,0.87754107,-0.30292457,1.0,0.048960958,0.0,0.0,0.9459414,0.5079778,-0.43502396,0.481602,1.4554415,0.64405423,-0.022211362,0.8402769,1.6168227,0.6837388,0.0611508,0.9567893,1.6423954,0.64866287,0.15862158,0.93106246,1.5843258,0.6344704,0.14088804,0.8901834,0.8345561,0.99387217,0.17987081,1.0,0.95042723,1.6075743,-0.0042119725,1.5517594,0.95278776,2.27159,-0.13976385,1.9019536,0.8647311,2.3034532,-0.16657393,1.9631755,1.0736829,2.618983,-0.02858358,2.1302493
2579.jpg,0.92844516,-0.40580508,0.88720304,-0.47360864,0.88944656,-0.47401696,0.8894768,-0.47412282,0.83577025,-0.4756769,0.80130535,-0.47736996,0.7603804,-0.47926897,0.74648595,-0.44472244,0.58189243,-0.44713724,0.91678834,-0.3325229,0.85861385,-0.3348458,1.0,0.03137465,0.0,0.0,0.9870103,0.52630055,-0.48215413,0.43768305,1.427643,0.5543322,-0.25967404,0.8619674,1.5453695,0.5410174,-0.18568332,0.98624325,1.5574058,0.49058217,-0.11031148,0.94692886,1.5138322,0.49043778,-0.12084293,0.90358454,0.81763434,0.98908794,0.21119618,1.0,0.92615175,1.6206636,0.02957082,1.5698858,0.96946925,2.427136,-0.11443247,1.9171689,0.87145185,2.5363688,-0.15717648,1.9675943,0.9671936,2.6777391,-0.012781544,2.128005
2580.jpg,0.95835006,-0.3669918,0.9222499,-0.43254438,0.9237105,-0.43222848,0.92269486,-0.43209937,0.8714759,-0.43645212,0.8362191,-0.43922436,0.7979087,-0.44245481,0.77826834,-0.4086254,0.60726285,-0.42295897,0.93413764,-0.29793438,0.8732551,-0.30231252,1.0,0.047755525,0.0,0.0,1.0742775,0.54847157,-0.5636056,0.3935403,1.4912397,0.46097243,-0.5627592,0.82631505,1.6016805,0.41403615,-0.5486214,0.9645989,1.5997776,0.35545155,-0.46444857,0.9542199,1.5550661,0.36431086,-0.43888095,0.9143086,0.8428796,0.9981614,0.23866566,1.0,0.9309284,1.6383067,0.018786365,1.6010977,0.9399621,2.2905548,-0.10615643,1.9534757,0.8914974,2.459697,-0.118893184,2.0181699,0.93989825,2.6190426,-0.052210398,2.1353447
2583.jpg,0.9674953,-0.34796932,0.94124454,-0.41531295,0.94546807,-0.41474363,0.94777083,-0.41435555,0.88512975,-0.41938505,0.8514216,-0.42216316,0.81446165,-0.42591453,0.79342014,-0.3860512,0.6113553,-0.39762333,0.955339,-0.27451384,0.8945492,-0.28034154,1.0,0.06413247,0.0,0.0,1.2401618,0.53055364,-0.7173905,0.27782685,1.4993302,0.17737111,-1.0437096,0.64363897,1.5542794,0.060568307,-1.153383,0.78297794,1.5348362,0.026104867,-1.0761372,0.7956842,1.5116147,0.04656587,-1.018867,0.7546367,0.83382356,0.9965911,0.24213931,1.0,0.92932993,1.6681006,0.004895066,1.6175194,0.980733,2.3463414,-0.09580191,1.9471322,0.9456123,2.4424021,-0.096946284,2.0041552,0.9966213,2.6301582,-0.11645375,2.137213
2587.jpg,0.9701177,-0.3430562,0.96073014,-0.41011396,0.96997225,-0.40913808,0.97690356,-0.40779048,0.8928911,-0.4177233,0.8506573,-0.42238194,0.8060665,-0.42706788,0.83032626,-0.38214698,0.6328269,-0.40579048,0.96133393,-0.27227488,0.87874216,-0.28210402,1.0,0.060975485,0.0,0.0,1.2622037,0.48578304,-0.6450371,0.22580557,1.4142549,0.07268833,-0.9970986,0.5905987,1.4354155,-0.04229059,-1.1075597,0.7128472,1.4220346,-0.08180225,-1.0391182,0.725402,1.4014014,-0.045171123,-0.9894232,0.6932064,0.8350365,1.001345,0.23492433,1.0,0.9312012,1.627731,0.051733263,1.6087269,0.9723217,2.18091,-0.054623876,1.9345816,0.96060556,2.3511822,0.020607004,1.9670575,1.0601054,2.5318673,-0.014365187,2.1201253
2588.jpg,0.9669451,-0.33510035,0.9545285,-0.4031094,0.9618452,-0.40244225,0.9667714,-0.40152594,0.8907589,-0.4099724,0.8508837,-0.4146791,0.8068531,-0.41987664,0.81233126,-0.3802306,0.6248879,-0.40326184,0.9557383,-0.2653396,0.8784753,-0.27483815,1.0,0.057815216,0.0,0.0,1.2592902,0.49272007,-0.6597645,0.23763034,1.4205126,0.08896491,-0.97257984,0.6131408,1.4467653,-0.028321799,-1.0904946,0.7454097,1.4327536,-0.06886673,-1.0133026,0.75937504,1.409041,-0.030069923,-0.96285135,0.7219423,0.82914406,1.007825,0.23696928,1.0,0.9235013,1.6451463,0.034129094,1.6130474,0.9568138,2.2721999,-0.08993941,1.9281697,0.8745303,2.424245,-0.14063437,1.974753,0.9812899,2.6042578,0.00078466965,2.1442688
2591.jpg,0.9655929,-0.33975196,0.9376992,-0.40611017,0.94406724,-0.4057688,0.9481553,-0.4054706,0.87944084,-0.4111506,0.84210753,-0.41455838,0.80435115,-0.41870448,0.80840725,-0.37888768,0.6146811,-0.39634562,0.9571639,-0.2709866,0.88879174,-0.27558154,1.0,0.06546083,0.0,0.0,1.2190561,0.54093564,-0.58571297,0.3663196,1.4506834,0.19488676,-0.6867263,0.7991664,1.4942132,0.08906021,-0.7410574,0.93338656,1.4751294,0.052616663,-0.66625005,0.9318744,1.4487965,0.07383637,-0.630389,0.8966625,0.80181164,1.008117,0.2070907,1.0,0.9126789,1.6300843,0.0045551662,1.612319,0.98687273,2.323541,-0.12085225,1.8999107,0.93015826,2.4101598,-0.16362478,1.9492146,1.0419853,2.5865471,-0.058767285,2.1146853
2595.jpg,0.97594863,-0.40362903,0.94792944,-0.47329995,0.952177,-0.47253805,0.95369655,-0.47203127,0.88845074,-0.48078102,0.84777766,-0.48489332,0.802571,-0.48898652,0.79698783,-0.4520369,0.5989583,-0.4719048,0.95139676,-0.3332845,0.8805706,-0.34297836,1.0,0.010211154,0.0,0.0,0.97172534,0.46246868,-0.21727133,0.53039336,1.4220991,0.5967713,0.28133774,0.89695793,1.5652536,0.6305668,0.4322245,1.0096327,1.5896152,0.5957361,0.51446617,0.97972214,1.5381292,0.5849133,0.47739717,0.94600886,0.8122184,0.9914834,0.18001977,1.0,0.9637286,1.624902,0.014004394,1.5543772,0.9340385,2.2615283,-0.121516734,1.8690456,0.8793072,2.292391,-0.14032856,1.8998129,1.1087732,2.607174,-0.06282211,2.1214476
2615.jpg,1.0006963,-0.42049226,0.94958407,-0.48926008,0.95075226,-0.4892035,0.9495728,-0.48931482,0.889146,-0.48986495,0.8486123,-0.49063683,0.80079097,-0.4913433,0.7900928,-0.4612815,0.5869373,-0.46307907,0.9861458,-0.3433411,0.9094207,-0.34782282,1.0,-0.0014241217,0.0,0.0,0.87754387,0.4690538,-0.43053964,0.50118077,1.377012,0.61561614,-0.04313277,0.8731804,1.5252174,0.6543915,0.034428537,1.0045918,1.5488461,0.6199239,0.14166132,0.9850702,1.4887197,0.6058966,0.116671644,0.93491846,0.80067956,1.000607,0.13125071,1.0,0.9466749,1.6299167,-0.08219419,1.5709763,0.943223,2.3532834,-0.272702,1.9340274,0.80599433,2.5391784,-0.31384727,1.9827719,1.1329308,2.6683872,-0.14825347,2.1620193
2619.jpg,0.8917169,-0.376552,0.8786411,-0.4469201,0.89268774,-0.44579944,0.9058262,-0.44452167,0.8013982,-0.45229998,0.75963163,-0.45405334,0.7110617,-0.45547795,0.7972311,-0.4138484,0.5408757,-0.42057928,0.9128683,-0.29538906,0.81664723,-0.29955488,1.0,0.032932885,0.0,0.0,1.0437301,0.54101807,-0.5253609,0.4083004,1.3127695,0.26733276,-0.8870825,0.8425043,1.3528397,0.17994621,-1.0140342,0.9916314,1.3568722,0.14097828,-0.9429983,1.0049988,1.3324203,0.16218403,-0.88476545,0.96657693,0.7886575,1.00619,0.19937052,1.0,0.8595495,1.6759112,-0.035727654,1.6269783,0.8901498,2.3283553,-0.18969445,1.951692,0.82533556,2.398779,-0.2462645,1.9965897,0.9878885,2.6554463,-0.11205875,2.160564
2622.jpg,0.805803,-0.38787583,0.81259465,-0.45335066,0.8338494,-0.4515874,0.8535522,-0.44939104,0.7262338,-0.45962775,0.6808205,-0.46144155,0.62947357,-0.46360385,0.78399473,-0.41572398,0.47493628,-0.42368394,0.83428675,-0.30474317,0.7332317,-0.31050378,1.0,0.04977813,0.0,0.0,1.1325358,0.57155836,-0.5449774,0.36579925,1.2455223,0.24499504,-0.91827315,0.7858829,1.2386143,0.1617501,-1.0415217,0.9352782,1.237465,0.11212809,-0.99677813,0.9439443,1.221957,0.12932594,-0.9483057,0.90767014,0.74809116,1.0141021,0.18517126,1.0,0.81081414,1.6562994,-0.022525841,1.6161364,0.85200834,2.35854,-0.1732849,1.9520689,0.791389,2.400753,-0.22362791,2.0148232,0.8782997,2.6636631,-0.081385456,2.169009
