1955.jpg,0.95401543,-0.3134981,0.9404694,-0.3756508,0.95141566,-0.37374926,0.95950264,-0.37209404,0.86527854,-0.38530856,0.8212455,-0.3898971,0.76949847,-0.39495382,0.8364984,-0.35138366,0.5687419,-0.38328505,0.94964474,-0.2473434,0.8596873,-0.2581695,1.0,0.07094877,0.0,0.0,0.9468636,0.48252484,-0.07706228,0.495933,1.3955841,0.54751116,0.9351941,0.43739626,1.5088962,0.5700454,1.1943811,0.44747657,1.539638,0.5149998,1.2231245,0.38281697,1.4780104,0.5015217,1.1432189,0.37157902,0.8798246,1.0109202,0.14596723,1.0,1.0097109,1.7176532,0.017028129,1.6809139,1.1235226,2.348447,-0.07739302,2.1457386,1.0613126,2.3736646,-0.06340678,2.1837063,1.1613828,2.5952764,-0.17252254,2.329145
1957.jpg,1.1122377,-0.32487375,1.0741574,-0.38661268,1.0789478,-0.3856727,1.0800537,-0.38519025,0.99873084,-0.39466178,0.9517671,-0.3981688,0.8923049,-0.4029195,0.91307,-0.3655703,0.6238885,-0.38405165,1.0856214,-0.258764,0.99786437,-0.268962,1.0,0.07252172,0.0,0.0,0.91930425,0.4608901,0.120365396,0.4729922,1.5954275,0.55537474,1.2305135,0.3324005,1.7876157,0.5687133,1.5382315,0.30223018,1.815367,0.5145471,1.5477813,0.24279411,1.730091,0.50659007,1.4680046,0.24769577,0.94560796,1.0031987,0.107853755,1.0,1.1367598,1.7126111,-0.08809263,1.6683999,1.2299727,2.4066443,-0.20701002,2.0614057,1.1705011,2.489582,-0.20249276,2.0565028,1.2664553,2.6597111,-0.30954528,2.229569
1962.jpg,1.177403,-0.33399138,1.1318309,-0.3949948,1.13506,-0.39517736,1.1352391,-0.39543208,1.0598421,-0.39991978,1.0107431,-0.4026874,0.95067143,-0.4060343,0.9449925,-0.37580603,0.67269385,-0.38595825,1.1410141,-0.26847667,1.053493,-0.27869764,1.0,0.04782658,0.0,0.0,0.8912094,0.4787174,0.42201716,0.47608522,1.3249463,0.5949456,1.4843117,0.30658567,1.4748861,0.6292303,1.7897999,0.25336197,1.488395,0.59899855,1.7656419,0.20609982,1.4245359,0.5737872,1.6651347,0.21956086,0.95306396,0.988723,0.10739434,1.0,1.1343819,1.6274234,-0.14961858,1.6312289,1.2017986,2.1843479,-0.18048397,1.9959177,1.2573633,2.297611,-0.17385723,2.0050714,1.2694665,2.4845915,-0.201849,2.1982
1965.jpg,1.0715839,-0.32918128,1.0431681,-0.3986518,1.0467077,-0.3981281,1.047594,-0.3980889,0.98306376,-0.4068553,0.94217145,-0.4109728,0.8937583,-0.4159243,0.87729573,-0.38056675,0.64640886,-0.40078786,1.0331674,-0.2636205,0.9649355,-0.27557,1.0,0.07177331,0.0,0.0,1.0442468,0.55694,0.14290532,0.5278148,1.3543161,0.550555,1.1649688,0.45911646,1.4662526,0.55819994,1.4114296,0.4588955,1.4849784,0.46351844,1.4318981,0.37356788,1.424908,0.45868978,1.3622205,0.37513655,0.8593386,0.998099,0.10843352,1.0,1.0428317,1.6763053,-0.045661226,1.686862,1.1786406,2.3316824,-0.1343748,2.075482,1.1263654,2.4125633,-0.11483421,2.0955508,1.2216393,2.5803018,-0.24010685,2.2461565
1966.jpg,1.0354484,-0.31222856,1.0210881,-0.37984875,1.0276664,-0.3785758,1.0318044,-0.37770882,0.95710063,-0.3902245,0.9172773,-0.39548528,0.8714771,-0.4016526,0.8842472,-0.36161512,0.64709914,-0.39133325,1.0010145,-0.24960408,0.93100804,-0.2617471,1.0,0.068471126,0.0,0.0,0.8991147,0.5117708,-0.0014830912,0.51815826,1.1879587,0.53650916,0.9438412,0.5263101,1.3163344,0.5451602,1.211569,0.52776307,1.3635681,0.46445268,1.2288136,0.46101382,1.2948986,0.46191552,1.1481057,0.45827198,0.8367766,0.996324,0.123845704,1.0,0.9915705,1.6623584,-0.018293016,1.6764598,1.0674337,2.2511325,-0.087783255,2.0751154,1.0082729,2.2881634,-0.054220285,2.0954628,1.0800744,2.5574367,-0.11997027,2.2826967
1967.jpg,1.0026956,-0.3106754,0.98457545,-0.37969127,0.9894513,-0.37894022,0.99188954,-0.378333,0.92696774,-0.38914537,0.8895226,-0.3943396,0.8460993,-0.40029913,0.8453318,-0.36094585,0.6372033,-0.39081457,0.9704463,-0.24623449,0.90597576,-0.25697216,1.0,0.0803876,0.0,0.0,0.92559636,0.55265594,-0.14987235,0.5273658,1.3395433,0.46712357,0.7765052,0.56941986,1.3800822,0.45156622,1.0022967,0.5597278,1.3942114,0.3930395,1.0299113,0.49028322,1.3540728,0.39384642,0.96771234,0.49217013,0.8321258,0.9931383,0.15061703,1.0,0.9459668,1.6597748,0.008814199,1.6622125,1.0238012,2.2652755,-0.060290758,2.0323062,0.9758442,2.3166108,-0.03357388,2.0529764,1.0169752,2.5516253,-0.07424181,2.2155695
1979.jpg,0.9401425,-0.35907513,0.91343564,-0.42168105,0.92075765,-0.4206943,0.92647123,-0.41994482,0.85148543,-0.42753857,0.81551385,-0.42959446,0.7724032,-0.4322648,0.8000104,-0.38939312,0.58521265,-0.40174848,0.93604475,-0.2850447,0.8637754,-0.2937406,1.0,0.07660172,0.0,0.0,1.0500087,0.5604345,-0.59212667,0.35317072,1.3392724,0.41621813,-0.12286918,0.67580676,1.378738,0.3852541,0.04692508,0.75593966,1.3766855,0.32352796,0.10695037,0.7085326,1.3418186,0.3271422,0.06601385,0.6843166,0.78431064,1.0024126,0.15971296,1.0,0.8905352,1.6823698,0.029687576,1.6737603,0.93247485,2.295025,-0.07904975,2.1212642,0.8553688,2.318175,-0.056169014,2.1502528,0.9428456,2.620781,-0.10351278,2.3159134
1984.jpg,0.9213493,-0.38200286,0.8986596,-0.45256257,0.9109194,-0.45174262,0.9210234,-0.45105967,0.8255838,-0.45759967,0.77835274,-0.46011022,0.7227451,-0.46242297,0.812031,-0.4218853,0.5113023,-0.43188077,0.93336964,-0.30504626,0.8431263,-0.31370616,1.0,0.050657675,0.0,0.0,0.734941,0.5392923,-0.16341764,0.53626937,1.0000967,0.62402093,0.7710162,0.56659526,1.1597282,0.64299124,1.042589,0.600598,1.2369572,0.5680839,1.0785302,0.5320743,1.1579323,0.5619017,0.98511183,0.5209733,0.77273464,1.0060471,0.099579945,1.0,0.89016837,1.7148435,-0.048473783,1.7020404,0.9712354,2.3317356,-0.11265554,2.1087072,0.91177493,2.376087,-0.07015696,2.1471462,1.0059975,2.6239169,-0.18883681,2.2843864
1985.jpg,0.8998738,-0.36432716,0.88270056,-0.43119034,0.89783216,-0.43005437,0.91137576,-0.42885014,0.80062205,-0.43666002,0.7504894,-0.43912357,0.6919637,-0.4421411,0.81621253,-0.39645004,0.48858118,-0.408933,0.91867286,-0.28648314,0.82170314,-0.2950175,1.0,0.056378372,0.0,0.0,0.80052304,0.51291543,-0.08326329,0.5399582,0.954302,0.60808766,0.8224378,0.5365434,1.1285406,0.62769806,1.0890399,0.5663691,1.1842984,0.54362375,1.1267031,0.5046588,1.0848895,0.5389455,1.0455627,0.49242327,0.7793627,1.0095465,0.08653732,1.0,0.8822508,1.7058733,-0.05541047,1.7011025,0.9943469,2.3052437,-0.107362114,2.116605,0.93509096,2.3427515,-0.08400517,2.1460426,1.0452981,2.5914762,-0.23598818,2.2940402
2129.jpg,1.0223931,-0.36309206,0.96626407,-0.43412784,0.96039486,-0.436045,0.9515599,-0.4380614,0.9231847,-0.43641073,0.8874839,-0.4393568,0.84639966,-0.4428484,0.7514161,-0.42243153,0.6242456,-0.42011476,0.97135323,-0.29660776,0.9242025,-0.3000058,1.0,0.0056834924,0.0,0.0,0.9233887,0.465854,0.26405293,0.4984971,1.2112793,0.80654013,1.3295853,0.4877733,1.3726891,0.88409966,1.5910671,0.48943606,1.3987353,0.8750076,1.6171528,0.4386488,1.3309733,0.8475742,1.5416193,0.4333201,0.88867205,1.0058954,0.12865716,1.0,0.9909981,1.6868261,-0.07552344,1.6529467,1.1471738,2.4250426,-0.13404778,2.0212715,1.1098783,2.5317948,-0.09180534,2.0669112,1.1443243,2.6648576,-0.24458346,2.2193518
2131.jpg,1.1468817,-0.382974,1.0843546,-0.4582825,1.077526,-0.46077517,1.0679374,-0.46359867,1.0384094,-0.46110132,0.99808085,-0.46458754,0.95237505,-0.46838817,0.8212204,-0.44930148,0.7096449,-0.45047846,1.091666,-0.31662342,1.0349771,-0.32227582,1.0,-0.024029808,0.0,0.0,0.87297684,0.42416945,0.630147,0.45408154,1.2271667,0.716667,1.8054639,0.29130933,1.3285061,0.7936792,2.0695078,0.24771182,1.27936,0.7573534,2.0416117,0.20051545,1.2060224,0.720283,1.9629905,0.2116407,1.0032029,0.9996552,0.10778756,1.0,1.1259499,1.6955688,-0.09601797,1.6665769,1.352171,2.4410655,-0.16835113,2.0759945,1.3091134,2.4952497,-0.13636094,2.1429634,1.5477519,2.7120914,-0.12135807,2.290328
2132.jpg,1.1819277,-0.38151497,1.1227999,-0.45112765,1.1153425,-0.45291498,1.1045548,-0.45521846,1.0742362,-0.45427912,1.0319769,-0.4577493,0.9859724,-0.46163455,0.8211697,-0.44351736,0.7118241,-0.4427181,1.1271726,-0.31409675,1.063707,-0.32052764,1.0,-0.020842737,0.0,0.0,0.91795975,0.40651488,0.80123025,0.41319323,1.3256594,0.66395754,1.9794724,0.20951472,1.4361504,0.7320385,2.2514381,0.16443478,1.4063658,0.6946501,2.2189176,0.10645222,1.3309958,0.6625208,2.1225636,0.12041557,1.0466235,0.9925725,0.11260249,1.0,1.184556,1.7155519,-0.13687313,1.665094,1.3812091,2.4293158,-0.18764652,2.0380974,1.2724539,2.5085213,-0.14687209,2.0356505,1.4396372,2.6342213,-0.037505265,2.2791338
2133.jpg,1.2267706,-0.3615238,1.168354,-0.4330221,1.162129,-0.43456453,1.1526275,-0.43641543,1.1234348,-0.4362211,1.0857211,-0.4395065,1.0403358,-0.4434411,0.8689075,-0.42405748,0.7678806,-0.42920488,1.1571237,-0.29437825,1.1015952,-0.30156893,1.0,-0.013731246,0.0,0.0,0.9124812,0.40928066,0.8893488,0.3874578,1.2010612,0.69876814,2.0111296,0.17263472,1.2843615,0.77799994,2.2671123,0.1141325,1.2378277,0.7447554,2.220079,0.055345763,1.1668977,0.70595145,2.1230295,0.07464065,1.0703562,0.9929335,0.12961188,1.0,1.2503744,1.6684234,-0.10145904,1.6530917,1.5099212,2.3857157,-0.16534922,2.0261009,1.3819879,2.4693685,-0.1473955,2.0661273,1.7583246,2.645767,-0.10949348,2.2352808
2134.jpg,1.2294426,-0.35960692,1.1822708,-0.42715946,1.1802943,-0.42711538,1.1750951,-0.42749068,1.1230819,-0.4341351,1.0784831,-0.43774098,1.0260137,-0.44198793,0.90344447,-0.41911197,0.7452275,-0.42604524,1.17754,-0.2934845,1.0958319,-0.30290753,1.0,-0.014896122,0.0,0.0,1.0647416,0.37831628,0.9352938,0.3942574,1.594235,0.3699445,2.025268,0.14297733,1.7561253,0.20447779,2.2540412,0.080245115,1.8300489,0.12978595,2.1950312,0.023950025,1.6651458,0.15077724,2.0998368,0.043667417,1.075878,0.9898254,0.12395914,1.0,1.2656592,1.6822493,-0.106685504,1.6472727,1.4961636,2.3453865,-0.19228305,2.0508382,1.330582,2.4717405,-0.177456,2.116157,1.6868099,2.6422017,-0.12003266,2.2561972
2135.jpg,1.2745688,-0.36141518,1.2274675,-0.4305921,1.2247845,-0.43120602,1.2191763,-0.43218043,1.1685566,-0.4365267,1.1226407,-0.44033048,1.0694952,-0.4444132,0.95100063,-0.42509124,0.78315216,-0.43086082,1.2136438,-0.29784018,1.1325157,-0.30712697,1.0,-0.024435949,0.0,0.0,1.1849796,0.36462167,0.9502708,0.40449852,1.8716581,0.15912528,2.0395777,0.14044352,2.0364344,0.08928347,2.2719524,0.06883305,2.038538,0.04350059,2.209344,0.021674719,1.8779824,0.07544706,2.1137424,0.042183753,1.106889,0.99484146,0.12713578,1.0,1.2946389,1.6833928,-0.121710606,1.6342462,1.4991226,2.3844655,-0.2309212,2.0073125,1.4031287,2.3747613,-0.26463997,2.0498734,1.4992191,2.627221,-0.06482679,2.2193904
2137.jpg,1.1970457,-0.3656276,1.1514285,-0.4348197,1.1510714,-0.4350088,1.1474612,-0.4358558,1.0905027,-0.44244766,1.046073,-0.44661433,0.99323326,-0.45179206,0.8977865,-0.43007877,0.73054814,-0.43824384,1.1487089,-0.29877606,1.0670376,-0.30922288,1.0,-0.015114174,0.0,0.0,1.0701889,0.41917312,0.78834224,0.45384833,1.5053636,0.55277747,1.8398414,0.1643726,1.6234773,0.58621687,2.0474353,0.09927936,1.6170852,0.5337226,1.986004,0.05274298,1.5319241,0.51352656,1.9033227,0.071996234,1.0972279,0.99736667,0.17769885,1.0,1.2316176,1.6846993,-0.059939142,1.6590838,1.3877399,2.3036022,-0.1438422,2.033584,1.3252572,2.3616936,-0.16972956,2.0677414,1.6487507,2.6358354,-0.00026572956,2.2351553
2138.jpg,1.1690718,-0.37304732,1.1142946,-0.44640213,1.1088172,-0.44820297,1.0997686,-0.4507719,1.0655798,-0.45100388,1.025499,-0.4555474,0.9797385,-0.46048656,0.84457767,-0.4449125,0.7227346,-0.4476789,1.1186117,-0.30932814,1.048432,-0.31757468,1.0,-0.038364932,0.0,0.0,0.95765114,0.4196236,0.65532,0.47174424,1.3029238,0.74933994,1.7190894,0.21511637,1.4183809,0.83083546,1.952448,0.14318897,1.3720447,0.8087882,1.8863683,0.09414569,1.2773939,0.7679043,1.8125019,0.112536125,1.0626115,0.99674684,0.18794827,1.0,1.1862633,1.683596,-0.04470116,1.64133,1.3486784,2.3728087,-0.11972488,2.0630538,1.306719,2.4316401,-0.14064382,2.1311255,1.5862952,2.6806207,-0.019276388,2.2681963
2141.jpg,1.0210373,-0.36433265,0.96902704,-0.4333587,0.96652377,-0.43432534,0.9609043,-0.4355353,0.91742766,-0.4368984,0.87717336,-0.4403332,0.83277476,-0.44422603,0.76611704,-0.4179253,0.60473776,-0.4234067,0.9771305,-0.29417184,0.91593814,-0.29738706,1.0,0.0026153396,0.0,0.0,0.867764,0.5032007,0.21509166,0.53775924,0.98513114,0.8278114,1.2099037,0.46986872,1.0873684,0.9237098,1.4691089,0.45681906,1.0982562,0.9146041,1.4697818,0.39707267,1.0386385,0.86891,1.3886812,0.39641452,0.9604016,1.0019295,0.18720548,1.0,1.0336404,1.669598,-0.01299247,1.6475023,1.1997087,2.3628695,-0.084133826,2.0623791,1.1527016,2.3786683,-0.07388796,2.1159894,1.1722419,2.5983896,0.024673946,2.258549
2142.jpg,0.99842817,-0.37594944,0.9566807,-0.44546875,0.9584399,-0.44646585,0.95778996,-0.4475862,0.8974251,-0.44769537,0.8571102,-0.45022288,0.81117344,-0.4527807,0.7769202,-0.42604953,0.5967671,-0.42952836,0.9642531,-0.30595356,0.89574826,-0.31023,1.0,0.005512612,0.0,0.0,0.82982504,0.5259967,0.08457154,0.5413306,1.13033,0.8195823,1.0294377,0.5863121,1.2639737,0.90066427,1.2589928,0.584015,1.320427,0.87587893,1.2895958,0.52291054,1.2645569,0.832339,1.2226514,0.52430606,0.9264279,0.9982731,0.2017158,1.0,1.0169812,1.6883919,0.0055041867,1.6480373,1.2007259,2.3980215,-0.077679195,2.060312,1.1571655,2.4864287,-0.054203432,2.1177833,1.3140998,2.7043252,-0.04038738,2.2432053
2164.jpg,1.026207,-0.34799102,0.9894309,-0.4214965,0.99117845,-0.42190427,0.9900015,-0.42255077,0.9335262,-0.42734784,0.8955192,-0.43142653,0.85022926,-0.43584245,0.8241552,-0.4056351,0.62631506,-0.41994095,0.9971104,-0.28385687,0.9282827,-0.29083532,1.0,0.02691992,0.0,0.0,0.9369424,0.5074217,-0.10516922,0.5275696,1.3364712,0.706267,0.8267036,0.64082927,1.490332,0.769719,1.0566895,0.68167275,1.5277472,0.7488269,1.0850933,0.62004566,1.4462783,0.71984017,1.0257033,0.6078703,0.86500704,0.9808296,0.17836742,1.0,0.9841395,1.6533775,0.053498294,1.5992018,1.0431715,2.3501506,-0.024295304,1.9451025,0.9958977,2.381586,-0.027189465,1.9887621,1.0644716,2.6983933,0.019478032,2.1924167
2165.jpg,1.0214169,-0.34548315,0.9729881,-0.4172063,0.97238356,-0.417741,0.9696413,-0.41842735,0.92073107,-0.42188847,0.8835651,-0.42569768,0.84034544,-0.429532,0.7964381,-0.39858985,0.6044606,-0.40787694,0.98449093,-0.2791951,0.92029977,-0.28519937,1.0,0.02881772,0.0,0.0,0.87630224,0.5136255,-0.007418917,0.53102106,1.1901128,0.7369842,0.9333129,0.6123445,1.3475944,0.85844225,1.1805916,0.64502805,1.4010011,0.82810277,1.1986295,0.56465477,1.3339548,0.77244496,1.1236154,0.5571654,0.89038336,0.9937006,0.16957295,1.0,0.9838064,1.6670096,-0.004586147,1.6465578,1.0568625,2.360958,-0.09411619,2.0441875,1.0078996,2.433013,-0.079923324,2.1061673,1.1014998,2.6563861,-0.11909985,2.21345
2166.jpg,1.0459672,-0.35558388,0.9993595,-0.42336872,0.9991855,-0.4236076,0.99590397,-0.42387298,0.9416137,-0.42890283,0.8995643,-0.4321229,0.84917665,-0.43543053,0.8142442,-0.40483817,0.6078025,-0.41422862,1.002594,-0.28700998,0.93532723,-0.29484385,1.0,0.026295677,0.0,0.0,0.8556615,0.4943759,0.13834159,0.5213344,1.1150714,0.82458913,1.1921397,0.5440497,1.2452155,0.9186126,1.4399064,0.5344709,1.2889123,0.8998009,1.4781405,0.48445213,1.2271781,0.8608585,1.4052899,0.48631552,0.9299754,1.0068043,0.16639917,1.0,0.98445237,1.6688573,-0.049618956,1.6214427,1.0960943,2.3658514,-0.16175848,1.9872766,0.98573923,2.5032516,-0.18409064,2.0415707,1.111705,2.67241,-0.07055329,2.1853917
2168.jpg,1.099068,-0.3550066,1.0553591,-0.4227504,1.0577164,-0.42336512,1.0573364,-0.42468646,0.9912753,-0.42448086,0.9461213,-0.42682272,0.8949229,-0.43013665,0.8674513,-0.40919277,0.6487136,-0.4119786,1.0620667,-0.28421456,0.9776134,-0.29078752,1.0,0.0072491993,0.0,0.0,0.79583067,0.47101715,0.34010237,0.51526517,1.1136875,0.71403974,1.3678089,0.41497996,1.0271966,0.8354846,1.6500844,0.37954044,1.031598,0.7876853,1.6272622,0.32102484,1.1294048,0.725926,1.5289966,0.32562026,0.9486985,0.99959743,0.13125305,1.0,1.0499344,1.6779408,-0.12472997,1.637618,1.2101533,2.4000423,-0.24797161,2.0298004,1.1663218,2.4741702,-0.22376601,2.0903594,1.364641,2.6731565,-0.28822973,2.2204597
2169.jpg,1.1659235,-0.35785234,1.1183655,-0.42482594,1.1176425,-0.4255355,1.1135895,-0.42661682,1.0539291,-0.42951253,1.0062422,-0.4323682,0.9498185,-0.4352006,0.8927978,-0.41210654,0.6684577,-0.41611287,1.1127092,-0.2931347,1.0301262,-0.30111796,1.0,-0.00062631833,0.0,0.0,0.8939796,0.4489761,0.4458222,0.50064176,1.0979395,0.5692272,1.5237887,0.36013523,1.4141548,0.6900889,1.8042681,0.31549388,1.3976408,0.6573457,1.7603409,0.2656497,1.3065028,0.625927,1.6627831,0.2734323,0.98724777,1.0006889,0.11140961,1.0,1.1454812,1.6681029,-0.17722179,1.6330817,1.3042874,2.4186723,-0.28037187,2.0291517,1.2460078,2.515443,-0.25810266,2.0913308,1.3898747,2.621083,-0.35763824,2.225192
2172.jpg,1.2014439,-0.34994623,1.1371338,-0.42469934,1.1309762,-0.42665318,1.121442,-0.42876515,1.0816289,-0.4273915,1.0369064,-0.43049634,0.98658633,-0.4335818,0.87147695,-0.41259584,0.6840149,-0.4118755,1.1371236,-0.285893,1.0694172,-0.29222777,1.0,-0.00602163,0.0,0.0,0.9103696,0.437029,0.5651715,0.47122917,1.125986,0.5021021,1.5942017,0.28720376,1.4438652,0.6091719,1.8807362,0.22667739,1.4223803,0.57191336,1.8266546,0.17924145,1.3358349,0.5464334,1.7332113,0.19513315,0.9648066,1.0005593,0.09318273,1.0,1.1476632,1.6778337,-0.15562536,1.6210859,1.3141831,2.398264,-0.27762434,2.0219574,1.2579328,2.5112507,-0.26870286,2.0506668,1.5722009,2.665432,-0.31494996,2.2088308
2272.jpg,1.0124003,-0.33554077,0.9801315,-0.4018876,0.98044246,-0.40189642,0.97763103,-0.40218085,0.92581654,-0.40892598,0.8872071,-0.41300794,0.84336644,-0.41743195,0.8061837,-0.38951293,0.625358,-0.40351444,0.9695899,-0.26986754,0.9016806,-0.2790176,1.0,0.029777335,0.0,0.0,1.037572,0.47247958,0.14332208,0.5153345,1.2265472,0.6630495,1.1425264,0.53711337,1.3236512,0.77129287,1.3702819,0.56975454,1.3600585,0.71748054,1.407816,0.5017756,1.3004704,0.6827617,1.338878,0.4911649,0.8418978,1.017121,0.09702685,1.0,0.90934104,1.6913062,-0.10811638,1.6535816,1.0110345,2.4137099,-0.15550597,2.0487857,0.9367545,2.5095398,-0.123076126,2.1241353,1.0109562,2.6487894,-0.2182023,2.2091668
2273.jpg,1.0631716,-0.36135322,1.0248549,-0.43080533,1.0233475,-0.4306275,1.0185632,-0.43110693,0.97224677,-0.43591532,0.9328131,-0.4399437,0.8879438,-0.44473836,0.828168,-0.4192241,0.6560316,-0.4289118,1.015679,-0.29151478,0.95053357,-0.3002333,1.0,0.0035044735,0.0,0.0,0.93331885,0.45740205,0.40492174,0.49078524,1.2341869,0.6805697,1.3950148,0.39277023,1.373815,0.75511545,1.6214111,0.3670517,1.4037952,0.7426807,1.607053,0.3207509,1.3276833,0.7136233,1.5370915,0.32441023,0.8953682,1.002341,0.13009813,1.0,0.96729016,1.6757685,-0.11411023,1.6480284,1.0797518,2.3742723,-0.18585746,2.005693,0.9812153,2.5093217,-0.18383436,2.0565796,1.1965941,2.6844163,-0.19991381,2.193021
2275.jpg,1.2015492,-0.3587142,1.1537997,-0.4276299,1.1517812,-0.42846733,1.1471577,-0.42957148,1.095631,-0.4312236,1.0510832,-0.43368727,0.9962736,-0.43646562,0.9173547,-0.41760138,0.7107395,-0.41741797,1.1496845,-0.29291353,1.076395,-0.30349696,1.0,-0.001834549,0.0,0.0,0.86542207,0.43573058,0.64632654,0.4487533,1.1872138,0.68998516,1.7308351,0.29267892,1.298945,0.74821734,1.989252,0.23957112,1.3388793,0.7201269,1.951195,0.18872052,1.268413,0.70264816,1.8728354,0.20271176,0.9532288,1.0004741,0.05804086,1.0,1.0529921,1.673493,-0.21305835,1.610904,1.2277225,2.425279,-0.31536078,1.9858576,1.1958631,2.493301,-0.30148205,1.9974663,1.2629846,2.6381938,-0.30744058,2.181788
2276.jpg,1.2681805,-0.36101684,1.2160902,-0.4307542,1.2103068,-0.43145937,1.2012882,-0.432346,1.1656793,-0.4349798,1.1225324,-0.43853927,1.0715154,-0.44227162,0.93956596,-0.42490143,0.7864797,-0.42684412,1.19577,-0.29658276,1.1329261,-0.30601776,1.0,-0.0073183514,0.0,0.0,0.86069727,0.44979754,0.73953694,0.44783932,1.2237766,0.7217592,1.8361075,0.2686046,1.3261058,0.7730255,2.0947237,0.21182199,1.3415945,0.757546,2.039697,0.16083051,1.3068235,0.7352714,1.9512479,0.17474094,1.0004147,1.0020552,0.046004836,1.0,1.1046168,1.6798861,-0.25567928,1.6373211,1.2745925,2.4438632,-0.34164867,1.9769005,1.2452313,2.5382805,-0.31015363,2.0257266,1.3065592,2.6693618,-0.41141176,2.1914065
2277.jpg,1.2868419,-0.3542342,1.2368417,-0.4255447,1.2306074,-0.42638004,1.2207074,-0.427296,1.1835227,-0.43081203,1.1395626,-0.43423223,1.0871989,-0.43770903,0.95772946,-0.41924885,0.78829736,-0.4213757,1.2152395,-0.29015142,1.1468112,-0.30148974,1.0,-0.0012575975,0.0,0.0,0.8840641,0.4548587,0.6921088,0.460209,1.1558074,0.70376664,1.83035,0.2696016,1.1970636,0.81376815,2.0898588,0.2107573,1.204485,0.77633375,2.027976,0.1620124,1.1636733,0.76293916,1.9355283,0.17797479,1.0294337,1.0015227,0.087814964,1.0,1.1359881,1.6840969,-0.23495413,1.6254193,1.3376663,2.4338276,-0.36434302,1.9960163,1.2136831,2.5181599,-0.36476,2.0405734,1.3664818,2.6587849,-0.39672485,2.193794
2278.jpg,1.2967008,-0.35762575,1.2429467,-0.43092403,1.2372801,-0.43277803,1.2277135,-0.43485427,1.1849316,-0.43430045,1.1377242,-0.43767956,1.0845435,-0.44107753,0.9491451,-0.42845416,0.78925025,-0.42707092,1.2221413,-0.29668066,1.1476625,-0.30466443,1.0,-0.011390455,0.0,0.0,0.936641,0.43769822,0.6544156,0.4869993,1.2148209,0.5781903,1.8302135,0.26955327,1.5856012,0.69168866,2.0873778,0.20657517,1.2651683,0.74252576,2.024814,0.1554574,1.4887152,0.6236674,1.9396993,0.17289649,1.0274211,0.99564856,0.08608162,1.0,1.1424184,1.6824117,-0.22422408,1.6493131,1.2947507,2.4360113,-0.34387848,1.9835286,1.1911608,2.5280108,-0.32825875,2.0338485,1.32433,2.6909537,-0.41542685,2.1869185
2279.jpg,1.2449769,-0.3448836,1.1942616,-0.41857454,1.1870546,-0.4204142,1.1763598,-0.42237124,1.1438917,-0.42219052,1.1020023,-0.42565808,1.0508757,-0.429362,0.92661136,-0.4157809,0.7608759,-0.41647258,1.1730181,-0.28084952,1.1076648,-0.2911417,1.0,-0.007802598,0.0,0.0,0.9147067,0.44054627,0.5682264,0.4882388,1.2844666,0.6499528,1.672459,0.29692498,1.3955916,0.7133659,1.950823,0.23999596,1.0975325,0.7148051,1.8982656,0.19131665,1.2868165,0.6434535,1.8148482,0.20469898,0.975645,0.99376386,0.10086517,1.0,1.0713375,1.6702365,-0.20517151,1.619156,1.3186752,2.3936844,-0.277892,1.9342704,1.2160845,2.4746842,-0.2845458,1.9744773,1.2650892,2.6246548,-0.21460533,2.1610785
2280.jpg,1.1566699,-0.33871004,1.1056887,-0.41257894,1.0998222,-0.41417703,1.0908462,-0.41609833,1.0574062,-0.4152682,1.0166484,-0.4186331,0.9682958,-0.42247552,0.8625721,-0.40853685,0.7020938,-0.41085187,1.0921822,-0.27527043,1.0303766,-0.28315657,1.0,0.0022195978,0.0,0.0,0.93649465,0.45423415,0.4257949,0.51617646,1.154958,0.55168056,1.4948481,0.34349135,1.415278,0.71126014,1.7862961,0.2963103,1.4040167,0.6738442,1.7485878,0.24800546,1.3185016,0.6439868,1.662551,0.25796545,0.9283302,1.0045983,0.11666817,1.0,0.99561906,1.6776953,-0.15814057,1.6230274,1.2222636,2.398166,-0.27240592,1.9695231,1.1273061,2.48286,-0.28875244,2.0062482,1.1839118,2.6332498,-0.19176562,2.1834853
2281.jpg,1.1412929,-0.3426209,1.1015034,-0.41285706,1.1000547,-0.41330555,1.0947344,-0.4140576,1.0423731,-0.42085278,0.9990016,-0.42593923,0.9496793,-0.43132868,0.8824308,-0.40660113,0.6948053,-0.42047328,1.0862808,-0.27770162,1.0111258,-0.2893986,1.0,0.009863052,0.0,0.0,0.8527866,0.4814518,0.3275182,0.53326654,1.1663694,0.5803152,1.3707039,0.42165843,1.2577436,0.68364453,1.6498488,0.3896053,1.2470896,0.60691524,1.628261,0.33073,1.2127477,0.5824768,1.5366957,0.33436134,0.91409594,1.002671,0.10345267,1.0,0.9821984,1.6846802,-0.13070668,1.6403366,1.1195086,2.4199083,-0.27108872,1.9763633,1.0514321,2.4660208,-0.28766763,2.0245643,1.0892357,2.6823592,-0.19496498,2.1964242
2282.jpg,1.0900723,-0.3329097,1.0582037,-0.39884493,1.0601417,-0.39837027,1.0585911,-0.3980703,0.9945063,-0.4061865,0.9500225,-0.41041404,0.90023494,-0.41515747,0.8700144,-0.38337937,0.65919846,-0.40055457,1.0433553,-0.26641086,0.9682094,-0.2752035,1.0,0.02969808,0.0,0.0,0.80504966,0.48083308,0.15053017,0.5317131,0.94271284,0.82173437,1.2125243,0.5096911,1.013781,0.9001473,1.4745963,0.50157905,1.0316135,0.89731,1.4878676,0.4446228,1.0126966,0.8566708,1.404092,0.44729197,0.85507375,1.0072634,0.092278205,1.0,0.9231415,1.6644052,-0.11465235,1.6251935,1.0316898,2.397322,-0.26565093,1.9729494,0.930352,2.4871945,-0.30497673,2.030189,1.2032418,2.6583629,-0.15097187,2.1687305
2308.jpg,0.9456393,-0.40678623,0.90028125,-0.47199002,0.90677667,-0.47207475,0.9107951,-0.4724412,0.8324708,-0.47428194,0.7870498,-0.4756591,0.73073566,-0.47715926,0.768275,-0.4421438,0.5088415,-0.4402168,0.9472353,-0.33028919,0.859868,-0.33282346,1.0,0.00010132689,0.0,0.0,0.8618021,0.45295262,0.4504037,0.49469697,0.7783593,0.8488515,1.4405317,0.34364736,0.7695421,0.9593139,1.687983,0.31489676,0.75996214,0.9514334,1.6690832,0.26756305,0.6920954,0.90024436,1.5846688,0.27653047,0.82515466,1.0120323,0.07033703,1.0,0.92859566,1.6791689,-0.14979124,1.6495353,1.0348107,2.4309592,-0.28504348,2.024189,0.96918344,2.5169148,-0.2773595,2.0905528,1.0367867,2.7021227,-0.2971021,2.2130682
2309.jpg,1.0457671,-0.4033438,1.0070103,-0.46736225,1.0177464,-0.46766436,1.0255585,-0.46856385,0.9204073,-0.46984267,0.86533046,-0.47058395,0.7983275,-0.47257444,0.87095743,-0.4454843,0.54167914,-0.44222718,1.054973,-0.3276246,0.94254196,-0.33320567,1.0,-0.010040249,0.0,0.0,0.8871481,0.4390886,0.53374714,0.47423768,1.1782162,0.6803468,1.6087916,0.27585062,1.2647089,0.75710315,1.8533558,0.21209979,1.2419716,0.71914655,1.8188684,0.16315953,1.1750324,0.68032867,1.7450769,0.18028542,0.8975271,1.0055147,0.05925181,1.0,1.0485024,1.6782889,-0.21201575,1.6389952,1.1609373,2.418749,-0.32752165,1.9873846,1.1064966,2.4808097,-0.3260711,2.041626,1.2155857,2.6662536,-0.34177428,2.1966333
2310.jpg,1.0775487,-0.386071,1.0379438,-0.4499493,1.0507777,-0.4500522,1.0603321,-0.45050234,0.9398222,-0.4513257,0.8802788,-0.45112342,0.808771,-0.45168975,0.89550436,-0.4263764,0.5355164,-0.4187778,1.0926926,-0.3117708,0.96774775,-0.31670868,1.0,0.0018749656,0.0,0.0,0.8235756,0.4501146,0.5983576,0.47782525,1.1505574,0.716381,1.6985041,0.23240116,1.2359729,0.7982298,1.9251739,0.17112434,1.2198585,0.76353866,1.8655773,0.120763585,1.1460111,0.7224259,1.7807698,0.13594882,0.8932414,1.0037667,0.032820266,1.0,1.086104,1.6827154,-0.25483185,1.6338705,1.2221102,2.3818824,-0.38294122,1.9785023,1.0949842,2.4661098,-0.40507308,2.0235598,1.2540896,2.6318212,-0.32456866,2.1957364
2311.jpg,1.1569238,-0.3951474,1.0956489,-0.46330968,1.1048493,-0.46412295,1.1114236,-0.46517012,1.0058591,-0.46369222,0.94601315,-0.46342903,0.8744198,-0.46302244,0.9123421,-0.43901998,0.5718049,-0.4246668,1.166206,-0.32506353,1.0453435,-0.3308648,1.0,-0.015260034,0.0,0.0,0.83324677,0.4340588,0.70195514,0.4465049,1.2181371,0.671188,1.8267106,0.19470412,1.3210081,0.7451875,2.050708,0.124072865,1.3166965,0.7103882,1.9787868,0.0808648,1.2339008,0.6729247,1.8919637,0.098181516,0.9527306,1.0014602,0.031512547,1.0,1.1482873,1.6647772,-0.30096045,1.617264,1.303847,2.3018217,-0.48453972,1.9843227,1.1969777,2.4414423,-0.50225705,2.03544,1.5863924,2.6124496,-0.382367,2.198278
2312.jpg,1.1423954,-0.37653065,1.100364,-0.4404849,1.1161942,-0.44093597,1.1284921,-0.44155926,0.9932114,-0.44261837,0.9231493,-0.44357067,0.8403739,-0.4449092,0.9426207,-0.42170817,0.5430939,-0.41423506,1.1545075,-0.30750173,1.0182667,-0.31513286,1.0,-0.006167304,0.0,0.0,0.8505975,0.43795502,0.6993937,0.45517644,1.047759,0.6907429,1.8325096,0.18909505,1.122204,0.7705616,2.056494,0.12641211,1.0942864,0.7320492,1.9875097,0.08064391,1.0297381,0.69102514,1.8999802,0.09667908,0.9581158,1.000106,0.011251691,1.0,1.1790341,1.6680104,-0.3228504,1.6101654,1.3578656,2.3989992,-0.4623768,1.9701029,1.2568517,2.5021212,-0.44178966,1.9692787,1.384806,2.6279135,-0.488022,2.1757944
2313.jpg,1.1800467,-0.38581523,1.1268417,-0.4520999,1.1395183,-0.45274785,1.1495279,-0.4535651,1.027422,-0.45429653,0.96242505,-0.4550112,0.88503474,-0.4556599,0.9443396,-0.43167388,0.5687511,-0.42218804,1.189261,-0.31791943,1.0557016,-0.32503465,1.0,-0.016650349,0.0,0.0,0.7609974,0.43674818,0.7469498,0.4529696,0.9032789,0.7099266,1.8880823,0.19101855,0.9540637,0.7969665,2.1160579,0.12594524,0.9300147,0.7595577,2.0336416,0.07900434,0.86878437,0.7169524,1.9422413,0.09424857,0.9838565,0.99678516,0.007396799,1.0,1.224169,1.6539637,-0.33351916,1.6109258,1.3707705,2.3234618,-0.5109953,1.980634,1.3026801,2.4283073,-0.5298351,2.0560415,1.454795,2.600849,-0.46499914,2.1802602
2314.jpg,1.1232139,-0.3763293,1.0814587,-0.44072512,1.0931426,-0.44075736,1.1019819,-0.4412515,0.9846044,-0.44200715,0.92693985,-0.44174796,0.85696536,-0.44216862,0.91603696,-0.41762125,0.56360024,-0.41048983,1.1340591,-0.3024813,1.005999,-0.30757785,1.0,-0.0010750344,0.0,0.0,0.8278135,0.44462243,0.65822953,0.4682571,1.0670121,0.70029,1.7512183,0.2148729,1.1387546,0.78024095,1.9694728,0.14960322,1.1104841,0.7430132,1.9025196,0.10253587,1.0420148,0.7032457,1.8239665,0.11755659,0.94273794,0.9975202,0.05417094,1.0,1.1500906,1.6469164,-0.25835988,1.6106106,1.3802611,2.3404343,-0.45088077,1.9780256,1.2329584,2.423486,-0.49126327,2.0443785,1.4196767,2.564709,-0.334726,2.18327
2315.jpg,1.0682997,-0.38690996,1.0199654,-0.45245117,1.0303985,-0.45288906,1.0384967,-0.45351702,0.93353605,-0.45414245,0.87736773,-0.45459238,0.80909926,-0.45537746,0.86456376,-0.42756414,0.5270479,-0.4195647,1.076585,-0.3167801,0.9632687,-0.32254326,1.0,-0.009872792,0.0,0.0,0.90043616,0.4368603,0.53841394,0.48243654,1.1350892,0.7226845,1.5797018,0.2382316,1.2231827,0.8056897,1.8089316,0.16548477,1.1871309,0.77210385,1.746256,0.11842231,1.1133701,0.7301061,1.6696192,0.13664064,0.9355628,1.0011357,0.10294568,1.0,1.1072361,1.6542678,-0.16745062,1.6202219,1.2682686,2.3754866,-0.34581742,1.9786786,1.1411968,2.4631817,-0.3696682,2.0263839,1.3173838,2.621058,-0.28008848,2.1848865
2316.jpg,0.9922733,-0.37759146,0.95968807,-0.44190726,0.97251743,-0.4419741,0.9825089,-0.44228408,0.8724889,-0.4458347,0.8157052,-0.44731903,0.75021887,-0.44936067,0.83695406,-0.42126474,0.5015511,-0.42054802,0.99870217,-0.306671,0.888071,-0.3133954,1.0,-0.01552705,0.0,0.0,0.8911554,0.4313057,0.41972518,0.5105891,1.116675,0.756804,1.3749679,0.28770825,0.9820547,0.9122792,1.6500413,0.21355887,0.92845035,0.87060004,1.595204,0.16872646,1.0931765,0.78228056,1.5166931,0.1858426,0.90861636,1.0033191,0.12742236,1.0,1.046252,1.6535121,-0.13202468,1.6421365,1.1644973,2.359913,-0.27572855,1.9579934,1.0582502,2.443968,-0.327034,1.9982985,1.3749751,2.6243598,-0.12349779,2.1935887
2317.jpg,0.9708202,-0.3895373,0.9355705,-0.4537488,0.94618106,-0.45359534,0.9542587,-0.4539635,0.852755,-0.45746073,0.8001987,-0.45889318,0.7390855,-0.46117303,0.81237495,-0.42943475,0.49974817,-0.43091673,0.97792864,-0.3139244,0.8733388,-0.3200478,1.0,-0.01134228,0.0,0.0,0.87261635,0.45069867,0.36100882,0.5289508,0.90249515,0.81940526,1.3506136,0.32210568,0.99484885,0.9298292,1.6189709,0.26628977,0.96963745,0.8977338,1.5798483,0.22246641,0.9389432,0.8793512,1.5017194,0.23486339,0.88478565,1.000171,0.11172437,1.0,0.98478615,1.6900995,-0.0983224,1.6474531,1.0705655,2.3169236,-0.24837095,2.014022,1.0053135,2.350742,-0.27374467,2.0720053,1.2883941,2.6551414,-0.15804058,2.2166514
2319.jpg,0.88348293,-0.38586926,0.85169566,-0.44901827,0.8625866,-0.44924802,0.87069803,-0.4501072,0.77922505,-0.4496269,0.72940123,-0.4490476,0.6739042,-0.45035455,0.75783235,-0.42261788,0.4666256,-0.41931975,0.8929941,-0.30935708,0.8042352,-0.31213957,1.0,0.0027509576,0.0,0.0,0.9056125,0.47806463,0.08723807,0.5410605,1.0947051,0.7940513,1.042427,0.5015649,1.2014974,0.8964756,1.275616,0.48781976,1.216994,0.87074906,1.3093103,0.42359033,1.1638149,0.8400948,1.2379428,0.42894235,0.8346751,1.0093231,0.13391767,1.0,0.92113537,1.6881964,-0.06542644,1.6391188,0.98816556,2.326164,-0.19931173,2.029319,0.90709406,2.52268,-0.21924487,2.0966785,0.9899099,2.6830978,-0.16368884,2.2105818
2321.jpg,0.8999485,-0.39394248,0.8728065,-0.45459574,0.8870218,-0.45401222,0.8984116,-0.45399523,0.79403704,-0.45619553,0.7393991,-0.4564604,0.6829181,-0.45762342,0.7805027,-0.42383766,0.47484216,-0.42708358,0.9105348,-0.31593287,0.8117279,-0.31933457,1.0,0.019941352,0.0,0.0,0.8837899,0.46382943,-0.28554866,0.52351123,1.2239437,0.67767924,0.6824145,0.6649676,1.3617845,0.7287222,0.9230667,0.7063248,1.4035798,0.70122343,0.9866615,0.6534742,1.3267953,0.68264276,0.92038465,0.6330525,0.81324625,0.9972813,0.1324057,1.0,0.9650625,1.6627716,-0.07979969,1.6295135,1.0166436,2.422328,-0.20780599,1.9863486,0.95364875,2.5013378,-0.18516478,2.0464568,1.0476352,2.7430348,-0.2654503,2.1818063
2414.jpg,0.87765527,-0.37542006,0.84072596,-0.44154042,0.84234756,-0.44159397,0.84177697,-0.4420132,0.79200757,-0.44210607,0.7570408,-0.44339716,0.7218686,-0.4452391,0.70600647,-0.41684437,0.5385603,-0.42129993,0.8640437,-0.30060107,0.8034858,-0.3026612,1.0,0.030704316,0.0,0.0,1.150931,0.461379,-0.101463996,0.5027581,1.2245162,0.6823582,0.5693912,0.74368036,1.2558372,0.7404497,0.76334924,0.8025097,1.238466,0.6948754,0.83145636,0.74902457,1.2013286,0.67122126,0.79102725,0.72431505,0.7884162,0.9879573,0.19387203,1.0,0.9080445,1.6379256,0.04846809,1.562363,0.9070308,2.2546113,-0.04973567,1.9233375,0.85262567,2.2807395,-0.051363498,1.9596266,0.9765311,2.6131787,-0.023010802,2.1533678
2415.jpg,0.9058357,-0.37584332,0.8754067,-0.44293782,0.8781492,-0.4425828,0.87813526,-0.4424203,0.8201325,-0.44888732,0.78399533,-0.45150128,0.7427347,-0.45469725,0.7416666,-0.42110366,0.5433964,-0.43017408,0.88670284,-0.3104725,0.81932104,-0.31893435,1.0,0.023910087,0.0,0.0,1.1348443,0.4556343,0.06587567,0.5382956,1.2512963,0.71493876,0.8909556,0.67737585,1.2853571,0.81395996,1.1191118,0.74161863,1.2880893,0.7695847,1.1586827,0.68744904,1.2530953,0.73197705,1.1044592,0.6590691,0.8048429,0.99676704,0.17339857,1.0,0.9253489,1.6653334,0.024421409,1.5770983,0.95709,2.309062,-0.07547199,1.914175,0.90340954,2.332407,-0.070012026,1.9533564,1.043919,2.6945117,-0.05568273,2.1657276
2421.jpg,1.138114,-0.35687986,1.0854148,-0.428751,1.0819739,-0.43000314,1.0754292,-0.43152773,1.0302933,-0.43117863,0.985658,-0.43322498,0.932819,-0.43531036,0.8631426,-0.41851857,0.64803356,-0.41188523,1.0981493,-0.2894608,1.0240054,-0.29892913,1.0,0.0039439434,0.0,0.0,0.9055185,0.4306622,0.6439199,0.4483143,1.2557902,0.45640177,1.7632928,0.27190468,1.5264131,0.6281388,2.0112004,0.21781251,1.5184335,0.58753914,1.9842111,0.1715202,1.4319632,0.5629289,1.9004663,0.1865358,0.94871885,1.0044907,0.08526309,1.0,1.1301581,1.6697882,-0.2000783,1.6355298,1.2587286,2.3515148,-0.32013053,1.9681773,1.1924207,2.425643,-0.3097392,2.0237703,1.2892737,2.6383803,-0.32280824,2.1719983
2424.jpg,1.1312845,-0.34841695,1.0753987,-0.41824406,1.0726008,-0.41951883,1.067268,-0.42099577,1.0205624,-0.42027032,0.976837,-0.42251077,0.925243,-0.42472392,0.8551329,-0.4064238,0.66097176,-0.40480766,1.0909581,-0.2838689,1.0201772,-0.2914362,1.0,0.006545546,0.0,0.0,0.92682236,0.43562543,0.61319315,0.45505533,1.2539055,0.64248514,1.696258,0.28682178,1.3550848,0.7039599,1.9420084,0.23159193,1.3145678,0.66721624,1.9079778,0.18357511,1.242059,0.6370815,1.8398567,0.19701728,0.9499393,0.99954593,0.12481532,1.0,1.0916591,1.6785924,-0.13982752,1.6310993,1.287828,2.4021366,-0.2635976,1.9703549,1.181782,2.467249,-0.2270257,1.9847827,1.2743402,2.6286924,-0.26607797,2.1796117
2425.jpg,1.1184639,-0.36366397,1.0588895,-0.43689778,1.0536416,-0.43876684,1.0455825,-0.44107005,1.0104537,-0.43740535,0.9680742,-0.43924224,0.91913813,-0.44114235,0.8255267,-0.42435837,0.646323,-0.420833,1.0715839,-0.29588932,1.0087714,-0.3024382,1.0,-0.0052548703,0.0,0.0,0.926852,0.4304778,0.5483171,0.46851203,1.1243745,0.6774029,1.5820456,0.31188917,1.2063372,0.7490752,1.8711559,0.267468,1.1451389,0.7184158,1.8470869,0.2176796,1.0762044,0.68184346,1.7639947,0.22914521,0.94138265,0.9996456,0.13218845,1.0,1.0813389,1.673793,-0.1358202,1.6208364,1.2000667,2.3636966,-0.28574058,1.9805398,1.1447724,2.463649,-0.2912009,2.041608,1.2562543,2.643532,-0.27660146,2.1747906
2426.jpg,1.0444655,-0.36240375,0.9938139,-0.43464422,0.9878947,-0.43627265,0.98016053,-0.43829113,0.950006,-0.43723455,0.91395724,-0.44072136,0.87322485,-0.4447032,0.7845926,-0.42701626,0.634754,-0.4297946,0.99467933,-0.29351512,0.9397553,-0.2980477,1.0,-0.010098378,0.0,0.0,0.9011548,0.443708,0.4267983,0.50576067,0.83486307,0.79021996,1.4441711,0.36393514,0.85398555,0.88718325,1.7152194,0.3418952,0.78336394,0.8584655,1.7011935,0.29223233,0.7422066,0.8102157,1.6200927,0.2973573,0.90709025,0.99958,0.13919292,1.0,1.0118872,1.6770556,-0.1260595,1.6417012,1.130273,2.342169,-0.25221473,1.9936306,1.0733236,2.4555094,-0.25022537,2.043424,1.178676,2.6565223,-0.2468537,2.2011032
2428.jpg,1.0116651,-0.34893054,0.9692842,-0.4180191,0.97033536,-0.41860425,0.96900415,-0.41909522,0.9095569,-0.42222866,0.86633027,-0.42508152,0.8147863,-0.42827284,0.79994357,-0.39878953,0.5738825,-0.4078005,0.9779088,-0.2811865,0.90909314,-0.28786695,1.0,0.035648607,0.0,0.0,0.7855237,0.519888,0.14440356,0.5190204,0.9968986,0.8448101,1.1613948,0.57399005,1.0946398,0.9372149,1.4133996,0.57383096,1.1355001,0.91404015,1.4441764,0.5239144,1.1155266,0.8636744,1.367602,0.5242868,0.87122357,1.0107055,0.14583431,1.0,0.9600128,1.6596828,-0.06667557,1.6218635,1.0064684,2.433037,-0.20226392,2.0046375,0.90439326,2.5354965,-0.20199832,2.0696251,1.0503627,2.6692934,-0.13242152,2.168798
2429.jpg,0.9849742,-0.35156992,0.9489284,-0.41850156,0.9510877,-0.4179859,0.9506383,-0.41753715,0.88968736,-0.4260439,0.8499975,-0.42976838,0.802644,-0.4337913,0.7903261,-0.395331,0.57229203,-0.412627,0.9571078,-0.2823061,0.8829905,-0.2915467,1.0,0.05492112,0.0,0.0,0.842414,0.54258806,0.046598095,0.5351552,1.1475098,0.8706358,0.9519491,0.7114141,1.1275306,0.9498796,1.1596361,0.77477926,1.1719785,0.91461426,1.2071117,0.7051362,1.1314157,0.8655406,1.1536741,0.6841817,0.8501852,1.0119413,0.15155636,1.0,0.96588236,1.6670295,-0.05989952,1.6095569,0.9851443,2.456327,-0.18074693,1.9887143,0.8818117,2.555591,-0.17826068,2.0586479,1.0561081,2.704149,-0.14350706,2.167428
2453.jpg,0.9648152,-0.38496834,0.9245616,-0.45037532,0.9269433,-0.45024675,0.9270412,-0.45046443,0.8648113,-0.45426473,0.8225762,-0.45572028,0.7729518,-0.4581262,0.7761848,-0.42590505,0.55230534,-0.43367982,0.9412882,-0.31174594,0.87339973,-0.31695905,1.0,0.020674028,0.0,0.0,0.84467155,0.5174271,0.2393874,0.5154295,0.85325456,0.8262081,1.2208633,0.5766874,0.9048299,0.9538511,1.4646077,0.5865635,0.8857334,0.9354418,1.4753695,0.5407377,0.88868916,0.87462896,1.3943924,0.5392748,0.84412336,1.0001507,0.1257638,1.0,0.937308,1.6665186,-0.12537338,1.6474713,1.0070158,2.46062,-0.23996069,1.9991981,0.87649024,2.5407736,-0.22433957,2.0680804,1.0209872,2.6893036,-0.27146527,2.1873353
2454.jpg,0.9889768,-0.3833481,0.94304854,-0.4483398,0.94493157,-0.44864437,0.9446508,-0.44926888,0.8820388,-0.45189485,0.8402599,-0.45377353,0.789152,-0.45634785,0.77637136,-0.42701325,0.56196505,-0.4341511,0.9644071,-0.31013095,0.8933706,-0.3153697,1.0,0.010670855,0.0,0.0,0.79763556,0.46365288,0.3704875,0.50728416,0.6506104,0.74090207,1.3850359,0.4596998,0.60370535,0.8381343,1.6351813,0.45674005,0.564568,0.7873381,1.6397411,0.40243104,0.5613231,0.739874,1.5619532,0.4010503,0.8735101,1.0037434,0.13037622,1.0,0.98952264,1.6469065,-0.1127628,1.6178341,1.0599846,2.3736212,-0.2602513,1.95869,0.89887357,2.4692776,-0.29172397,2.0187469,1.0821853,2.67598,-0.16494063,2.1621888
2455.jpg,1.001791,-0.3750127,0.9468803,-0.4452733,0.94746923,-0.4466537,0.94634455,-0.4484765,0.88882005,-0.44567114,0.8466861,-0.4473338,0.79652625,-0.44896877,0.7726047,-0.4242529,0.55959505,-0.42044815,0.97668487,-0.3035256,0.89991146,-0.30896255,1.0,-0.0012651877,0.0,0.0,0.8513904,0.44280183,0.45356694,0.47583082,0.8094054,0.76725966,1.4158703,0.3676177,0.81481016,0.87988496,1.6846125,0.3488314,0.760807,0.82955706,1.6728431,0.30036023,0.7306097,0.7812117,1.5869149,0.30205527,0.8923048,1.0001426,0.124666415,1.0,0.978515,1.6460687,-0.13518013,1.6145808,1.0729684,2.3670895,-0.2707812,1.9747931,1.0272807,2.4633913,-0.25795445,2.039739,1.0878774,2.6438806,-0.3217788,2.1555173
2456.jpg,1.034491,-0.38368517,0.9880169,-0.44854683,0.9905077,-0.44906136,0.99012595,-0.44988528,0.92345506,-0.4518555,0.87918794,-0.4539426,0.82396317,-0.45645142,0.818345,-0.4307812,0.56960475,-0.43092346,1.0141282,-0.3137917,0.9293844,-0.319665,1.0,-0.00226776,0.0,0.0,0.8685115,0.4344536,0.5519365,0.4586295,0.9189408,0.78839517,1.5792072,0.28713802,0.8367071,0.91368043,1.8093174,0.24455106,0.8308968,0.88169837,1.7865635,0.20018336,0.8409401,0.8051492,1.71995,0.21113177,0.9013299,1.0032171,0.09578172,1.0,1.0368335,1.6695158,-0.16572899,1.6306522,1.1158103,2.3684406,-0.30499795,1.9910549,0.9870532,2.4879491,-0.2714086,2.0545588,1.1597185,2.6488516,-0.4021432,2.2473407
2457.jpg,1.0936449,-0.37944445,1.0400234,-0.44577652,1.0413016,-0.44608366,1.039864,-0.44686586,0.9754292,-0.44764826,0.9316705,-0.44940785,0.8794545,-0.4514116,0.84313726,-0.42636505,0.6157862,-0.42267227,1.0747962,-0.3084106,0.98570114,-0.3145451,1.0,-0.006841279,0.0,0.0,0.90144175,0.43067697,0.64231557,0.44454068,1.3547461,0.60503596,1.7344917,0.24874936,1.4793303,0.65425754,1.9605219,0.19582897,1.4680202,0.61358297,1.9203556,0.14954072,1.3871822,0.58728796,1.8525548,0.16322394,0.93302834,0.9990317,0.1074869,1.0,1.0859789,1.6623722,-0.19508506,1.6248761,1.2581698,2.3868043,-0.35344127,1.9792082,1.1342038,2.478088,-0.3516363,2.0414302,1.2828028,2.6130974,-0.3957119,2.1757784
2458.jpg,1.1251851,-0.38982856,1.0777502,-0.453888,1.0836581,-0.45412445,1.0869803,-0.45460984,1.0004327,-0.45728263,0.9506548,-0.45870003,0.88986224,-0.46038163,0.8851128,-0.4320229,0.6104558,-0.4295428,1.1128985,-0.31940675,1.0122474,-0.3253248,1.0,-0.008643771,0.0,0.0,0.918226,0.41226208,0.7418498,0.42272538,1.2914275,0.6286367,1.796828,0.21300231,1.3938739,0.6896065,2.0068147,0.15995777,1.3677233,0.6509766,1.955366,0.113410376,1.2948081,0.6197801,1.8732588,0.12693031,0.94436854,0.99097073,0.09865417,1.0,1.1156622,1.6569579,-0.20381002,1.6143885,1.2257938,2.3612857,-0.3870155,1.983985,1.1530749,2.4131975,-0.37126306,2.0162568,1.3250932,2.597497,-0.38822776,2.1895916
2459.jpg,1.1553297,-0.37844655,1.0986394,-0.44631445,1.0995598,-0.44734487,1.0976629,-0.44845524,1.0331897,-0.44728047,0.98659766,-0.4483836,0.929661,-0.44922814,0.88180745,-0.42747724,0.64881897,-0.41973528,1.1299628,-0.3111336,1.0384028,-0.3173259,1.0,-0.012147038,0.0,0.0,0.96186095,0.40652213,0.8084037,0.41271725,1.329677,0.589076,1.8175786,0.19408931,1.4307245,0.64521146,2.0324097,0.14759253,1.4031368,0.6032697,1.9710693,0.09905673,1.3325117,0.5744766,1.8846644,0.113102704,0.96599984,0.9852836,0.122792706,1.0,1.1314187,1.6401569,-0.19515641,1.6045593,1.2526058,2.3048408,-0.36283362,1.9555236,1.1666498,2.3775976,-0.35916868,1.9634278,1.3352913,2.5580382,-0.191857,2.1915028
2460.jpg,1.1613405,-0.3710652,1.1022102,-0.44001508,1.1028559,-0.44115508,1.1008296,-0.4424403,1.0369529,-0.4411776,0.98920345,-0.44241014,0.93229586,-0.44350883,0.8707647,-0.4238418,0.6453253,-0.4165741,1.1317662,-0.30421025,1.0417975,-0.31051907,1.0,-0.0066212723,0.0,0.0,0.94906175,0.40945613,0.79047817,0.41518375,1.4095263,0.5565692,1.799757,0.19424675,1.5312604,0.6012744,2.016904,0.14457442,1.5171267,0.56010854,1.9603382,0.09773371,1.4369435,0.5363091,1.8659886,0.11085548,0.9793248,0.98860615,0.12106373,1.0,1.150678,1.64465,-0.21508132,1.6005694,1.3675252,2.3431356,-0.3635995,1.9653809,1.2526487,2.4252672,-0.3731752,2.0291588,1.3445393,2.566265,-0.31136617,2.179014
2461.jpg,1.1240077,-0.38221607,1.0657684,-0.45087475,1.0691245,-0.4518463,1.0700269,-0.45315677,0.9955501,-0.45113572,0.9476494,-0.45178062,0.8896852,-0.45246944,0.859672,-0.4286805,0.61762035,-0.41984752,1.1129776,-0.31284812,1.0190383,-0.31768718,1.0,-0.01228012,0.0,0.0,0.9264167,0.41424543,0.7665572,0.4177921,1.2252599,0.64023024,1.762627,0.19965175,1.314919,0.7052571,1.970612,0.149082,1.2785336,0.6688134,1.9154586,0.10190545,1.209774,0.6360173,1.8293146,0.1148582,0.95166343,0.9839911,0.12601964,1.0,1.117042,1.6419941,-0.18433645,1.6005605,1.3159525,2.3352554,-0.33498445,1.9543589,1.199242,2.4201624,-0.35896683,2.0208054,1.3195306,2.5510356,-0.20966308,2.1736915
2462.jpg,1.0952486,-0.37643385,1.0480119,-0.4415328,1.05066,-0.44162402,1.0513436,-0.44229984,0.97829956,-0.44437444,0.93242496,-0.446051,0.8809449,-0.4480522,0.8523841,-0.42175743,0.62359047,-0.42086348,1.0779338,-0.30454415,0.9864928,-0.30883026,1.0,-0.011509155,0.0,0.0,0.9401512,0.42980817,0.6994767,0.43760985,1.2832534,0.65199524,1.6898589,0.23302154,1.3947129,0.71345,1.91758,0.18178672,1.3532884,0.67582345,1.8806154,0.13227451,1.2770395,0.6420186,1.8012171,0.14516431,0.9535804,0.99099433,0.11890784,1.0,1.1141262,1.64935,-0.18359186,1.6162311,1.2743182,2.3437867,-0.34147295,1.9842687,1.1548702,2.428912,-0.33773953,2.0566459,1.4915898,2.5929983,-0.28494513,2.1992633
2463.jpg,1.0839932,-0.37603027,1.0288445,-0.44188112,1.0289694,-0.44269034,1.026566,-0.44422093,0.9684043,-0.44146746,0.9250311,-0.44249356,0.87291497,-0.44353187,0.82902193,-0.4235536,0.61423224,-0.41247326,1.0605781,-0.3043182,0.97923714,-0.30964026,1.0,-0.015106454,0.0,0.0,0.87913436,0.42473158,0.6338091,0.44865933,1.0965643,0.7583273,1.6176227,0.25877932,0.9622616,0.8786821,1.8421084,0.20130377,1.1200367,0.8217969,1.8040878,0.15558887,1.0499913,0.77831763,1.7350839,0.1681502,0.9466849,0.98808473,0.14349811,1.0,1.0871071,1.6522748,-0.14726648,1.6085907,1.2177851,2.3256297,-0.29809365,1.9744215,1.1479691,2.4323027,-0.31818673,2.0359726,1.4487177,2.6125872,-0.18448679,2.1784515
2464.jpg,1.0334924,-0.35786146,0.99043566,-0.42517346,0.99703354,-0.426227,1.0013297,-0.4272758,0.9190614,-0.4264082,0.8698019,-0.4282093,0.80950093,-0.4298013,0.84271646,-0.40885612,0.562137,-0.40738377,1.0254264,-0.29038405,0.9290909,-0.29716802,1.0,-0.0011152278,0.0,0.0,0.825869,0.4270362,0.5425317,0.45293364,0.8938578,0.8032028,1.4956466,0.30049434,0.88178945,0.9118768,1.7621568,0.26167417,0.8222102,0.9071383,1.7386948,0.21652393,0.836732,0.83454275,1.657647,0.2258945,0.9283089,0.9949387,0.12962648,1.0,1.0665321,1.6399292,-0.13774839,1.6041106,1.207003,2.340447,-0.29652232,1.9607191,1.1043891,2.426762,-0.3270771,2.0186548,1.393821,2.5991244,-0.21458118,2.1531184
2465.jpg,1.0139129,-0.3635315,0.9692556,-0.4267193,0.9723786,-0.42689827,0.97367936,-0.42764485,0.903064,-0.42846426,0.8596361,-0.4301304,0.8067268,-0.4317631,0.80653864,-0.40550366,0.5692981,-0.40719223,0.9994527,-0.2899249,0.91612124,-0.29485652,1.0,0.010300291,0.0,0.0,0.8702508,0.45016837,0.41573697,0.48660064,0.94144183,0.845049,1.3910259,0.36603108,1.0095811,0.9371361,1.6642319,0.35393456,1.0082383,0.9278943,1.647299,0.30257598,0.9724714,0.89193994,1.5549122,0.30412817,0.90534246,0.99378186,0.12122692,1.0,1.0152128,1.6296828,-0.12153836,1.6162585,1.0905869,2.259753,-0.24507079,1.9808327,1.0097675,2.2968283,-0.2578432,2.0464883,1.2809408,2.5753453,-0.14226384,2.1649218
2466.jpg,0.94475234,-0.3693174,0.91255265,-0.4317624,0.9212015,-0.43117476,0.9270862,-0.43113583,0.84147567,-0.43641677,0.7923319,-0.43789276,0.7366026,-0.44093528,0.792578,-0.40625128,0.5134034,-0.41479087,0.9375589,-0.2954742,0.8540167,-0.30072275,1.0,0.021760685,0.0,0.0,0.903229,0.4965074,0.21856502,0.5125052,1.0014889,0.8964344,1.245094,0.4760042,1.1035194,0.97536874,1.4994644,0.46168658,1.127274,0.9715311,1.5077946,0.41598412,1.0686803,0.94928247,1.4371268,0.41606504,0.8673629,1.0045619,0.1289312,1.0,0.9672494,1.6440245,-0.09911804,1.6236713,1.0012028,2.3094654,-0.24508992,1.9794761,0.9401455,2.490751,-0.2530225,2.04613,1.2009938,2.6507766,-0.18774949,2.1638496
2561.jpg,0.9423799,-0.37943727,0.89910024,-0.44657472,0.89697766,-0.4465066,0.8922786,-0.4466284,0.85288423,-0.448967,0.81797254,-0.45042342,0.7781583,-0.4515991,0.7333207,-0.4231012,0.57566017,-0.4262334,0.91243434,-0.30651137,0.8551784,-0.31437784,1.0,0.04341247,0.0,0.0,1.114842,0.44471952,-0.0838685,0.5076674,1.3211278,0.64709586,0.67582804,0.77497256,1.3991896,0.73556983,0.8554694,0.8554815,1.3868588,0.71038324,0.9195818,0.7904245,1.3287421,0.67924225,0.8826604,0.76417685,0.847024,0.9911917,0.20347908,1.0,0.9720735,1.6073519,0.0039327727,1.5662076,0.9488678,2.2360096,-0.088213556,1.8863341,0.8984393,2.2849088,-0.09132249,1.9612639,1.1339698,2.5982587,-0.0576505,2.1126945
2563.jpg,0.9921548,-0.37400702,0.9353579,-0.44615993,0.9311435,-0.44651976,0.9241181,-0.44697186,0.8880135,-0.44926047,0.8507033,-0.45062387,0.8078796,-0.45189834,0.74123555,-0.42394602,0.5819906,-0.42179638,0.9521388,-0.30329826,0.8878557,-0.30861586,1.0,0.038088154,0.0,0.0,0.9304272,0.51913947,0.22488387,0.50796956,1.3203175,0.81813574,1.2788446,0.61275434,1.2847213,0.90972555,1.4772223,0.6721803,1.3166549,0.8655306,1.521916,0.60714424,1.2891235,0.82546204,1.4506452,0.5860916,0.90737486,1.0031513,0.157809,1.0,1.0126566,1.6402563,-0.081726775,1.6028625,1.1142206,2.2610502,-0.20318736,1.9422148,1.0746788,2.3082619,-0.2175621,2.0027075,1.2805569,2.6371853,-0.09749907,2.1538463
2564.jpg,1.0135446,-0.3745808,0.96198165,-0.44570088,0.9580356,-0.44621143,0.9500569,-0.44668093,0.91011804,-0.44981948,0.8727643,-0.45201713,0.8267126,-0.45382345,0.76698875,-0.42604667,0.59907824,-0.42518944,0.96717453,-0.303002,0.9041615,-0.3109489,1.0,0.011462113,0.0,0.0,0.8977589,0.46954173,0.41497588,0.4707042,1.1654094,0.8084576,1.4100826,0.52604264,1.2589594,0.8907537,1.6830797,0.5172068,1.2787764,0.8754535,1.7012962,0.46882504,1.2315578,0.85450536,1.6120149,0.4726164,0.9549658,0.99519545,0.17604509,1.0,1.0508933,1.6616945,-0.069094665,1.6097845,1.1435015,2.2972538,-0.18585989,1.990027,1.0956284,2.470352,-0.17520832,2.066496,1.3285271,2.6373653,-0.13863082,2.1664689
2565.jpg,1.0184919,-0.37873054,0.9681464,-0.44554645,0.96659553,-0.4460432,0.9621052,-0.4469246,0.91453797,-0.4468784,0.874769,-0.44946256,0.826696,-0.45257956,0.782345,-0.42923585,0.5939486,-0.43241355,0.981183,-0.30651453,0.91214216,-0.3116943,1.0,-0.0030596815,0.0,0.0,0.88256276,0.46512607,0.5346806,0.4586273,1.1133285,0.8182928,1.6158694,0.4276083,1.1948861,0.9005003,1.8517793,0.41964936,1.2241764,0.8703393,1.8590559,0.37078357,1.172474,0.84937996,1.7942101,0.37036666,0.9718305,0.99355197,0.18447481,1.0,1.0890175,1.6464393,-0.10949454,1.6286465,1.221066,2.3201473,-0.23047842,1.9402001,1.1369785,2.367505,-0.2820324,1.9968824,1.3376114,2.6421523,-0.051186536,2.1649497
2566.jpg,1.046489,-0.38470155,0.9884674,-0.45336652,0.985522,-0.4540008,0.97924346,-0.45508543,0.934931,-0.45354262,0.8945034,-0.45467117,0.8467584,-0.45573995,0.789161,-0.4342961,0.600299,-0.42798778,1.0090551,-0.311934,0.9397901,-0.31795144,1.0,-0.009426015,0.0,0.0,0.87903386,0.43422046,0.5824815,0.45755354,0.92886865,0.7954676,1.6938179,0.36784115,1.0392518,0.8663435,1.9231174,0.35021952,0.9886881,0.8592896,1.9035522,0.3053746,0.9722991,0.80925715,1.8294672,0.30916676,0.97975796,0.9901096,0.14553007,1.0,1.1214404,1.6292181,-0.12432431,1.61285,1.2069222,2.2722425,-0.27347434,1.9558147,1.1073893,2.2936523,-0.33218414,2.0067089,1.3765929,2.605559,-0.07905311,2.16603
2568.jpg,1.0885793,-0.37465048,1.0309994,-0.44349578,1.0263156,-0.44365776,1.017813,-0.44433406,0.97848696,-0.44627672,0.9362156,-0.44891915,0.8886922,-0.45222095,0.79705346,-0.4272959,0.62705016,-0.42798045,1.0430167,-0.30465984,0.9783663,-0.3102073,1.0,-0.010603093,0.0,0.0,0.9627008,0.42592046,0.67066896,0.45033002,1.4216199,0.5243332,1.7114855,0.3229798,1.4952611,0.42618316,1.9496357,0.29116845,1.4298239,0.41954806,1.927448,0.23891534,1.4805905,0.35163948,1.8409578,0.2460514,1.0135795,0.9888227,0.1795104,1.0,1.1642057,1.6267502,-0.11931209,1.6091256,1.2820696,2.2762327,-0.2892937,1.9434229,1.1781932,2.422425,-0.37323767,2.000334,1.4535927,2.59118,-0.056678593,2.1626232
2569.jpg,1.0768312,-0.3703969,1.020583,-0.43720874,1.0182084,-0.4373339,1.0129046,-0.4379287,0.96307606,-0.43953753,0.92009866,-0.44207355,0.8722704,-0.44504797,0.80941266,-0.41926455,0.6125016,-0.42220852,1.0399303,-0.30032703,0.9700785,-0.30614161,1.0,-0.0035492731,0.0,0.0,0.9409935,0.4274704,0.6130255,0.46161005,1.2954504,0.43908924,1.605424,0.32319513,1.4957653,0.41936868,1.8595405,0.28167057,1.4271502,0.42035514,1.8335117,0.23432492,1.3886669,0.36004785,1.7430574,0.24332629,0.98909473,0.98960924,0.16820732,1.0,1.1438334,1.6210393,-0.11902475,1.6124282,1.2596719,2.2560406,-0.2645574,1.9517727,1.1824404,2.4034016,-0.32951364,2.0068626,1.4427025,2.5694118,-0.065240294,2.1608877
2570.jpg,1.0541512,-0.37595105,1.0033325,-0.4411058,0.9998015,-0.44149062,0.9930756,-0.44231147,0.9482138,-0.444811,0.9077531,-0.44794104,0.8642513,-0.4516876,0.79725456,-0.42669547,0.62658894,-0.43203562,1.0138953,-0.30720934,0.950933,-0.31202632,1.0,-0.012007961,0.0,0.0,0.9339484,0.44222835,0.5627271,0.47683382,1.1354957,0.5445562,1.5595019,0.32993433,1.3014437,0.5459031,1.8090513,0.2918936,1.3707062,0.5959925,1.7875994,0.24218088,1.2212018,0.46158388,1.7106811,0.24958071,0.97917145,0.9957981,0.19544908,1.0,1.1188303,1.6506561,-0.09632786,1.6235975,1.2801484,2.3531363,-0.25384668,1.9839921,1.192155,2.3969173,-0.29726663,2.036634,1.2890211,2.6037347,-0.10791573,2.1793244
2597.jpg,0.9855573,-0.37884772,0.9460011,-0.4464302,0.9487662,-0.44641736,0.94889545,-0.44642746,0.88492286,-0.45127314,0.84476477,-0.45404238,0.79637253,-0.4567902,0.78905684,-0.42325148,0.5764201,-0.43457487,0.9633939,-0.30886966,0.8910533,-0.313724,1.0,0.018522684,0.0,0.0,0.9802338,0.4836951,0.057775993,0.52854127,1.2173419,0.80185664,0.95308053,0.7620813,1.3244405,0.9073712,1.1745719,0.8460176,1.3599647,0.8800991,1.2427787,0.7987171,1.3109237,0.83304656,1.1785765,0.7657223,0.84192914,1.0019691,0.16755565,1.0,0.9804835,1.6528964,-0.024556523,1.5493777,0.9692925,2.290328,-0.15645017,1.9003832,0.91470885,2.3197274,-0.16822629,1.9543542,1.1465641,2.6636405,-0.14586039,2.145149
2598.jpg,0.9805143,-0.37784538,0.9308049,-0.44637474,0.93076116,-0.44658312,0.92852956,-0.4469161,0.8759007,-0.449042,0.8367352,-0.45109075,0.79003656,-0.45302796,0.769682,-0.42045885,0.5682601,-0.42550278,0.9508466,-0.30418462,0.8841669,-0.30844003,1.0,0.022565389,0.0,0.0,0.89413404,0.5345391,0.19936088,0.5160268,1.0825741,0.89870864,1.1862966,0.6101862,1.1831225,0.9871202,1.3994818,0.6167016,1.2001688,0.974844,1.430575,0.57100725,1.1406693,0.95512617,1.3575908,0.56800586,0.86623794,1.0070888,0.141623,1.0,0.9612939,1.6544179,-0.07565993,1.6007197,0.9697288,2.3025749,-0.17220478,1.949837,0.9087892,2.3549926,-0.18359567,2.022763,1.1119726,2.6577272,-0.1917442,2.1313398
2599.jpg,1.0607368,-0.37516943,1.0019729,-0.44668207,0.9966711,-0.4482366,0.98846436,-0.44972205,0.95330673,-0.44741064,0.9141029,-0.44819063,0.8682133,-0.44863763,0.7830937,-0.42592072,0.6134636,-0.42079878,1.0081352,-0.30512848,0.9449534,-0.3077998,1.0,0.009230982,0.0,0.0,0.7261536,0.46022725,0.2514714,0.51091266,0.77701086,0.7994132,1.3369958,0.4654872,0.80958647,0.9372658,1.638082,0.4460685,0.8280933,0.85358745,1.6278012,0.39775488,0.7909549,0.80508626,1.5441859,0.40169576,0.90736914,1.0098566,0.09884198,1.0,1.0260556,1.655013,-0.15207882,1.619971,1.0597394,2.281671,-0.3142627,1.9988855,1.0171988,2.3278487,-0.3041319,2.076227,1.0770769,2.631174,-0.3180371,2.1734447
2600.jpg,1.081085,-0.39411074,1.0223542,-0.46966887,1.0212244,-0.47246167,1.01778,-0.47522727,0.9645727,-0.466102,0.9195756,-0.46511683,0.86769664,-0.46391425,0.79454553,-0.45022625,0.6135425,-0.43556404,1.0532677,-0.32512835,0.97130644,-0.3270154,1.0,-0.0101664215,0.0,0.0,0.8333902,0.45246682,0.42981327,0.49538848,1.0321858,0.74345964,1.459901,0.3438865,1.0997999,0.82639086,1.7025632,0.30426863,1.0569468,0.7958984,1.6770524,0.2509936,0.9973118,0.7548536,1.5858587,0.26075,0.9110849,1.0163736,0.13128904,1.0,1.0525024,1.6895643,-0.16988102,1.6346939,1.1438694,2.4593697,-0.35816103,2.0236022,1.0665203,2.52527,-0.4037574,2.0731053,1.2020037,2.7075698,-0.27950212,2.2353225
2605.jpg,1.2825711,-0.38773793,1.2216272,-0.45535704,1.2235911,-0.45630002,1.2220205,-0.45754245,1.1442646,-0.4573892,1.0915347,-0.45856708,1.0324847,-0.45913088,0.95683515,-0.43570688,0.7240918,-0.42903215,1.2454575,-0.320741,1.1494306,-0.32714826,1.0,-0.010099077,0.0,0.0,1.1062473,0.37848538,0.96879625,0.39182436,1.6367893,0.17515637,1.9179739,0.120098524,1.8709803,0.096774966,2.1201205,0.053127784,1.8463244,0.06517361,2.0357695,0.008865864,1.7043191,0.08495692,1.9474231,0.026709124,1.010271,0.9941479,0.0617142,1.0,1.2478548,1.6500374,-0.2881924,1.5839349,1.3451833,2.3205292,-0.52516973,1.9622235,1.249315,2.3973644,-0.56074435,2.029049,1.6063974,2.5748637,-0.40839565,2.1812828
2606.jpg,1.2642113,-0.36367488,1.208113,-0.43173403,1.20749,-0.43288884,1.2026074,-0.43429503,1.1406534,-0.43475726,1.0911189,-0.43718803,1.0344539,-0.4393003,0.94720125,-0.4218968,0.7352817,-0.41760328,1.2161326,-0.30141065,1.1273358,-0.30819145,1.0,0.0018722621,0.0,0.0,1.0820221,0.39967707,0.8684997,0.41846114,1.6728019,0.19108465,1.8246398,0.15642178,1.8498046,0.118539065,2.0229955,0.09509181,1.8404903,0.07235949,1.9426435,0.045240548,1.7369431,0.09865582,1.8565773,0.06021733,1.0010052,1.0001198,0.06995276,1.0,1.2327664,1.6483006,-0.28099194,1.5996639,1.313495,2.3390682,-0.4850503,1.9623985,1.2075684,2.3977787,-0.40400192,1.9866816,1.3729835,2.56766,-0.39140344,2.1678243
2610.jpg,1.0411577,-0.38990307,0.9904636,-0.45646095,0.99138784,-0.45674258,0.9895816,-0.45746487,0.93136394,-0.45751014,0.89058316,-0.45922452,0.8431955,-0.46087414,0.81446826,-0.43099743,0.6188782,-0.4308884,1.0138134,-0.31511247,0.93637455,-0.31920514,1.0,-0.0025195056,0.0,0.0,0.80078894,0.48393264,0.28948593,0.54467726,0.7865885,0.8020531,1.3112277,0.43380725,0.8269122,0.8877952,1.5886676,0.41293365,0.819957,0.8960273,1.5812284,0.3552782,0.7786248,0.83034414,1.4929681,0.354518,0.8843532,1.0092916,0.11421242,1.0,1.014821,1.6456882,-0.15036158,1.6072125,1.0655,2.3670087,-0.32396546,1.9480001,0.979933,2.44928,-0.3607715,2.0092888,1.1125588,2.6446903,-0.21193327,2.1641746
2611.jpg,1.0096933,-0.3760513,0.9630426,-0.4426488,0.96064407,-0.44309792,0.9559761,-0.4438943,0.9123902,-0.44492182,0.87467587,-0.44790193,0.831807,-0.45108303,0.7840549,-0.4233277,0.611864,-0.4297727,0.96731097,-0.30440035,0.9057106,-0.30707863,1.0,0.0013080377,0.0,0.0,0.801688,0.51904136,0.15246147,0.5450435,0.9665763,0.78991646,1.1766076,0.56459296,1.0367491,0.89249927,1.4289652,0.5619805,1.0370849,0.9057954,1.4419496,0.5066941,1.0409385,0.83674675,1.3674239,0.5076324,0.84248215,1.013256,0.109982684,1.0,0.9811656,1.673473,-0.13315283,1.6375065,0.99739724,2.3815174,-0.2797084,1.9873799,0.83763236,2.500404,-0.30962238,2.0532773,0.98877525,2.689601,-0.15552808,2.184186
2612.jpg,1.0040145,-0.3717062,0.95200837,-0.43989488,0.94932514,-0.44063205,0.9439127,-0.44189918,0.9027745,-0.44018856,0.86655617,-0.44211364,0.8253735,-0.44454297,0.76407784,-0.41754925,0.6079522,-0.42110035,0.97005886,-0.30005917,0.90521526,-0.30154362,1.0,0.018413575,0.0,0.0,0.8200132,0.5418181,0.05694051,0.54806954,1.0060217,0.8671734,0.97347635,0.7250387,1.1096157,0.9662732,1.1631625,0.793871,1.127307,0.9457207,1.2235205,0.7107387,1.092377,0.9026812,1.1703029,0.69696194,0.80008596,1.0119164,0.108151674,1.0,0.9639758,1.6444119,-0.09985076,1.5987198,0.91550386,2.3836257,-0.2552475,1.9736143,0.9305803,2.3615332,-0.2756731,2.040692,1.0169226,2.6438088,-0.12914509,2.1550605
