1911.jpg,0.4911911,-0.43045694,0.5697714,-0.49528763,0.60118645,-0.4928447,0.6414924,-0.48990965,0.44207266,-0.49632922,0.39427167,-0.49504012,0.35236293,-0.49343243,0.7071118,-0.4391581,0.2939485,-0.44832772,0.5674238,-0.3495289,0.39563033,-0.35038632,1.0,0.02028764,0.0,0.0,1.0739506,0.5710538,-0.19836004,0.41785958,0.6773432,0.25652188,-0.05149636,0.71671367,0.56192845,0.16646035,-0.01539675,0.8091511,0.56582755,0.11178717,0.026215665,0.7655841,0.58813995,0.13562918,0.031549495,0.73957133,0.81814384,1.0009605,0.24521105,1.0,0.8447198,1.6818386,0.12707368,1.6644115,0.89319724,2.2728143,0.098020084,2.0867767,0.86938107,2.3195076,0.12070935,2.1248522,0.84088206,2.6459324,0.06117657,2.2705188
1913.jpg,0.5031436,-0.41795778,0.5818112,-0.4754078,0.6138966,-0.47355872,0.6517287,-0.47212198,0.45035636,-0.4806788,0.4028411,-0.48097032,0.35720837,-0.48057178,0.7111436,-0.4252816,0.30512714,-0.4388662,0.5787916,-0.33228803,0.41179907,-0.3350213,1.0,0.032425266,0.0,0.0,1.0279427,0.5542979,-0.20165879,0.38703403,0.61990935,0.18075395,-0.18799882,0.7250206,0.5162276,0.076845154,-0.19794576,0.8350646,0.5407216,0.030479353,-0.15545158,0.8102254,0.5580334,0.057782594,-0.13726646,0.7770879,0.8208549,1.0057317,0.23359618,1.0,0.84854823,1.6770675,0.11506474,1.6568136,0.8960911,2.2609553,0.11980806,2.0808768,0.8977783,2.3140416,0.15120034,2.120559,0.8769602,2.602091,0.00841109,2.2571354
1918.jpg,0.51715237,-0.40114528,0.5904718,-0.46315008,0.62155026,-0.4619062,0.6629065,-0.46170446,0.45771155,-0.4604266,0.40676394,-0.4575834,0.35951957,-0.45514628,0.7170341,-0.41410127,0.2997725,-0.4144439,0.5905452,-0.3230056,0.41718486,-0.31891328,1.0,0.04403751,0.0,0.0,1.0289797,0.5439237,-0.295998,0.34097713,0.49903142,0.22091909,-0.29051676,0.6781753,0.38186893,0.13861018,-0.3120651,0.7898289,0.39623082,0.08456472,-0.25700638,0.77206665,0.4183443,0.10853762,-0.22908303,0.7431498,0.8216933,1.0093957,0.2194777,1.0,0.8612401,1.681162,0.10011761,1.6574626,0.90377575,2.2874322,0.07957107,2.0520184,0.9109567,2.4555573,0.07699237,2.084963,0.86973023,2.6350749,-0.07754965,2.2752106
1921.jpg,0.51835424,-0.45589453,0.5855325,-0.5194803,0.61518174,-0.5171259,0.65346634,-0.51461554,0.46122217,-0.5179331,0.41356835,-0.515193,0.37254822,-0.5115138,0.69924015,-0.4667391,0.3112372,-0.46823046,0.5869291,-0.37536192,0.42564005,-0.37348035,1.0,0.026912114,0.0,0.0,1.1341242,0.5754401,-0.29510698,0.39646223,0.6877906,0.44244426,-0.15215178,0.7298878,0.55286795,0.40814593,-0.08144012,0.83601356,0.54883796,0.33364972,-0.045725297,0.7822604,0.57611525,0.3353454,-0.05836573,0.74778455,0.79883575,1.0120549,0.22780833,1.0,0.82981545,1.6847816,0.12829348,1.6533313,0.88006496,2.2524774,0.09137383,2.0461385,0.86439764,2.289785,0.10193049,2.0777462,0.82613987,2.6317866,-0.019991547,2.2365584
1936.jpg,0.5540038,-0.4550701,0.6095428,-0.5202883,0.64325047,-0.517255,0.67997915,-0.51400065,0.49331266,-0.5200074,0.4462489,-0.5161698,0.40412232,-0.51258194,0.7203474,-0.4667148,0.3312938,-0.47298244,0.6165553,-0.3716382,0.46329024,-0.37401283,1.0,0.023372984,0.0,0.0,1.0973357,0.56111085,-0.19845118,0.4824484,0.852826,0.48085427,0.08135004,0.63707256,0.7573033,0.45973694,0.17365834,0.66449606,0.75216645,0.37893933,0.18926676,0.60080445,0.7622202,0.3773042,0.17552043,0.5856154,0.7891534,0.9981888,0.22724,1.0,0.82369965,1.6787515,0.13790417,1.6833555,0.8847483,2.2774684,0.07015353,2.1434538,0.86303705,2.3091795,0.0903884,2.184422,0.81221753,2.6457505,-0.011261366,2.3137622
1938.jpg,0.5431474,-0.46384016,0.610697,-0.52780896,0.64212185,-0.5235046,0.68086463,-0.5190702,0.49014112,-0.5281798,0.4457658,-0.5254121,0.40437046,-0.52155775,0.726329,-0.46769166,0.33658195,-0.48297435,0.6089134,-0.37985158,0.44914845,-0.38404876,1.0,0.016289622,0.0,0.0,1.088977,0.58216417,-0.24923253,0.41241643,0.71804905,0.36068442,-0.07680917,0.6408522,0.6265906,0.31605726,0.004166991,0.71646965,0.60808283,0.23538108,0.04173482,0.67139876,0.62366176,0.24469885,0.026883395,0.6455096,0.7979005,1.0006626,0.22635844,1.0,0.8119716,1.6601897,0.14367689,1.6577923,0.86228967,2.2687333,0.10906379,2.0848885,0.84357804,2.3153837,0.13242611,2.127189,0.79080665,2.605968,0.00031850528,2.2825172
1939.jpg,0.53278875,-0.46582812,0.603682,-0.52667475,0.6343448,-0.52230716,0.67356867,-0.5176863,0.47723228,-0.5285632,0.43122154,-0.5263097,0.38980594,-0.52271175,0.7215889,-0.4655407,0.32356918,-0.4814889,0.60345614,-0.3820093,0.43681613,-0.38958,1.0,0.017570565,0.0,0.0,1.0856527,0.5727815,-0.2651349,0.3858936,0.68157077,0.33013046,-0.13112651,0.6463761,0.58165455,0.2701642,-0.066456415,0.73791015,0.5698463,0.19719401,-0.02831601,0.69338596,0.5888199,0.20722103,-0.034879662,0.6640434,0.8027237,1.005092,0.2267209,1.0,0.82047325,1.66858,0.13213834,1.6549631,0.8950441,2.261961,0.10076913,2.1103218,0.8835218,2.3102286,0.14282686,2.1531835,0.8057922,2.5961494,0.013172706,2.3007276
1940.jpg,0.5344342,-0.461533,0.61212647,-0.51949096,0.64291626,-0.51438224,0.68095326,-0.5089523,0.48325887,-0.5238184,0.43389642,-0.5227882,0.39004484,-0.52000135,0.7322539,-0.45514032,0.32326648,-0.4768928,0.6032092,-0.3773806,0.42854398,-0.38439164,1.0,0.01363318,0.0,0.0,1.0992166,0.5642377,-0.25690383,0.38457787,0.6708509,0.29528,-0.17909314,0.6348604,0.559495,0.21654081,-0.1312414,0.72887975,0.5522086,0.15944652,-0.08641924,0.6903161,0.57392377,0.17312242,-0.08771638,0.6596169,0.8183978,1.0035756,0.2306212,1.0,0.828643,1.6654867,0.13198937,1.6504312,0.89810306,2.2643971,0.08530435,2.104333,0.8894333,2.3060791,0.109015584,2.154469,0.8061813,2.6106176,-0.03518307,2.2835443
1947.jpg,0.6217059,-0.47890553,0.6691779,-0.53078353,0.70354044,-0.52518857,0.7320446,-0.5199403,0.5686496,-0.5437549,0.51786107,-0.54647046,0.47284442,-0.5481743,0.7539981,-0.46711394,0.3739396,-0.50032103,0.6587331,-0.38516667,0.50706667,-0.39480302,1.0,0.0095853545,0.0,0.0,1.1385815,0.5684383,-0.18425003,0.42601594,0.8020132,0.32489887,-0.112064525,0.61029166,0.71355784,0.27156293,-0.08182583,0.6649472,0.70204383,0.19431055,-0.055398244,0.61373353,0.71405303,0.20260704,-0.056461953,0.58841985,0.81532496,1.0003738,0.2456175,1.0,0.8443062,1.7083056,0.14733005,1.6751958,0.9145624,2.2894864,0.09697499,2.159436,0.89988035,2.3316112,0.104110524,2.257176,0.86182886,2.6148188,-0.063178614,2.406048
1948.jpg,0.62603265,-0.4774816,0.67440367,-0.5282044,0.7071164,-0.52253073,0.7337878,-0.5170609,0.57704043,-0.54144293,0.52951455,-0.544527,0.4852863,-0.54826957,0.7512597,-0.46572593,0.38380328,-0.50261885,0.66130304,-0.3854741,0.52067155,-0.39827302,1.0,0.008504495,0.0,0.0,1.1491932,0.58039623,-0.20626284,0.44105724,0.8598496,0.3465466,-0.081432246,0.6269808,0.77464086,0.3022132,-0.021942172,0.6744142,0.76713496,0.22485626,0.0040598144,0.6234704,0.7769103,0.23014544,-0.006825586,0.6023562,0.8025339,0.99918467,0.24131969,1.0,0.83945435,1.7132119,0.14464885,1.689003,0.88693374,2.3219094,0.09252949,2.1465414,0.85124195,2.357944,0.12231084,2.1848993,0.81527054,2.675438,-0.020401262,2.3264272
1992.jpg,0.5741417,-0.44104552,0.61444384,-0.5002403,0.64667404,-0.4984101,0.67276347,-0.4968915,0.508233,-0.50200367,0.45813954,-0.49970195,0.40944093,-0.49790755,0.69449335,-0.45686695,0.31242403,-0.45681372,0.62803763,-0.3564221,0.49127215,-0.35906842,1.0,0.03325579,0.0,0.0,1.2049044,0.5437541,-0.19626465,0.5205037,1.1341763,0.46274197,0.3876025,0.52032715,1.0798787,0.45102805,0.5909139,0.51989716,1.070502,0.37504798,0.6150508,0.44712445,1.056538,0.3723309,0.57873505,0.44411075,0.747818,1.0155379,0.17705517,1.0,0.7448479,1.7320552,0.04721772,1.6967323,0.84240824,2.3280375,-0.012906496,2.120185,0.8229163,2.3591826,-0.008313117,2.1491275,0.81255305,2.7037902,-0.16556223,2.298615
1993.jpg,0.5468327,-0.44363222,0.58801484,-0.5019751,0.62409145,-0.5004573,0.6533365,-0.4986281,0.48258588,-0.5033702,0.43483472,-0.5011045,0.38630414,-0.49908993,0.6872223,-0.45766622,0.3058907,-0.455828,0.6026793,-0.35949895,0.46029893,-0.3595941,1.0,0.025983898,0.0,0.0,1.2319665,0.53137577,-0.18578717,0.5307178,1.0388538,0.4334317,0.28068554,0.51690525,0.9724161,0.4024607,0.47591394,0.5228969,0.9755095,0.3309657,0.4998008,0.45264766,0.970275,0.33263534,0.45764497,0.44523928,0.7531476,1.0128586,0.18443793,1.0,0.7452886,1.7090256,0.07009795,1.6862568,0.84929985,2.2840486,0.032191336,2.0657206,0.83830756,2.3215814,0.055454306,2.0837064,0.78437364,2.6698725,0.00079445523,2.2696078
2040.jpg,0.51480895,-0.42982104,0.58025515,-0.49151236,0.6118787,-0.48893514,0.6533692,-0.48621416,0.4600605,-0.49227533,0.4106638,-0.49027386,0.36898777,-0.48746467,0.7032343,-0.43876165,0.29986072,-0.44349647,0.58527005,-0.34954858,0.42322198,-0.347357,1.0,0.032618523,0.0,0.0,1.1097926,0.54515064,-0.14455728,0.436368,0.64672804,0.45130983,0.008858439,0.72437507,0.54253477,0.4284671,0.06932158,0.802512,0.52778745,0.34461242,0.10172464,0.75223994,0.5476628,0.3489683,0.09227745,0.72308487,0.79132766,0.9946672,0.24228594,1.0,0.8306435,1.708545,0.10538814,1.5854348,0.9302335,2.3555021,0.08807652,1.9598647,0.90993434,2.3797166,0.11478866,1.9811127,0.89874727,2.6481752,0.1276741,2.2428656
2044.jpg,0.5089015,-0.38974613,0.5859083,-0.45631823,0.62272525,-0.45411098,0.6660446,-0.4518163,0.43977162,-0.45793363,0.39148882,-0.45728022,0.3451867,-0.4551005,0.7241982,-0.4083156,0.29489604,-0.41283664,0.59127444,-0.3056906,0.4172191,-0.30636585,1.0,0.036509007,0.0,0.0,0.97305506,0.5586375,-0.21424331,0.3735892,0.5046733,0.1731426,-0.20866072,0.70340097,0.40246505,0.08116179,-0.24526492,0.8117475,0.4214763,0.042199854,-0.18701194,0.80604,0.4504176,0.06445527,-0.15816511,0.7739355,0.80094606,1.0044117,0.2356467,1.0,0.8301065,1.7050692,0.094258316,1.6019412,0.9587103,2.3712397,0.051901594,2.0080342,0.93837696,2.416398,0.046037693,2.040678,0.9145151,2.7043083,0.14955716,2.2362828
2045.jpg,0.5017737,-0.37201226,0.5819217,-0.43539134,0.615586,-0.4334482,0.6588557,-0.43141901,0.44102073,-0.43805856,0.3920338,-0.43617237,0.34610978,-0.43402725,0.718061,-0.39007875,0.2940605,-0.39879444,0.5811919,-0.29217973,0.40535793,-0.2936171,1.0,0.03938779,0.0,0.0,0.96376646,0.5231475,-0.2430579,0.3407961,0.5015798,0.14476754,-0.27609637,0.6643121,0.39747268,0.05915334,-0.31770733,0.77134913,0.42046526,0.022062246,-0.25796613,0.77071846,0.45321193,0.04766633,-0.22319555,0.7427177,0.806345,0.9934393,0.2390737,1.0,0.8392984,1.6886505,0.08263774,1.6045171,0.96953815,2.337696,0.045266382,1.9692813,0.9545238,2.3818276,0.02944147,1.9972018,0.90494776,2.654201,0.14461757,2.2110589
2046.jpg,0.49677873,-0.36175916,0.57235026,-0.42310834,0.60934126,-0.42147434,0.6545075,-0.42036965,0.43253708,-0.42496592,0.3806804,-0.42336202,0.33584347,-0.4215138,0.7140891,-0.38165435,0.2787718,-0.38419428,0.5775048,-0.2839475,0.4047246,-0.28568313,1.0,0.035287507,0.0,0.0,0.9143607,0.5014882,-0.27859563,0.32661036,0.43532947,0.085623726,-0.32273138,0.6487206,0.3392127,-0.020282464,-0.36997285,0.7476578,0.37646624,-0.047253303,-0.3013284,0.7471863,0.4079672,-0.016796913,-0.2633231,0.7226505,0.80702746,0.9980135,0.22985722,1.0,0.8297459,1.698695,0.063003525,1.6307485,0.95070815,2.3695974,0.02966141,2.0047004,0.9324708,2.413432,0.0377917,2.0503097,0.884231,2.6793933,0.07770764,2.2218149
2048.jpg,0.5117466,-0.35546133,0.58428717,-0.41935086,0.61995137,-0.41724965,0.66404074,-0.41597104,0.45171618,-0.4212699,0.3992459,-0.4199414,0.35645473,-0.41814166,0.72420937,-0.37411907,0.2957123,-0.38179666,0.5872744,-0.27772215,0.4210998,-0.28058982,1.0,0.03633329,0.0,0.0,0.89424354,0.46856382,-0.29635003,0.30374894,0.44092622,0.06609124,-0.33533594,0.6452676,0.3429885,-0.042202856,-0.36476776,0.7468841,0.3793476,-0.06974439,-0.2998235,0.7517293,0.40764648,-0.034259334,-0.26462805,0.72624606,0.81325257,1.005561,0.23508656,1.0,0.8307615,1.6837401,0.0789134,1.6081654,0.95752037,2.3453903,0.031960044,2.0023992,0.93610144,2.3939095,0.0152310785,2.0464864,0.9119349,2.6913252,0.12570609,2.2222047
2051.jpg,0.51332873,-0.38315737,0.5886978,-0.44936097,0.6242797,-0.44617048,0.6703238,-0.44282925,0.44837293,-0.45424286,0.4012243,-0.4536897,0.35717073,-0.4511665,0.72678167,-0.39991412,0.30141944,-0.40704826,0.5918523,-0.29539484,0.42550886,-0.3014162,1.0,0.021964181,0.0,0.0,1.0254124,0.493192,-0.31866544,0.35548806,0.4824186,0.11578548,-0.24926227,0.7047462,0.3855148,0.02351298,-0.26111096,0.8160361,0.40693203,-0.008424045,-0.20074576,0.801962,0.4332794,0.017040456,-0.18143205,0.7695995,0.80229455,1.0122907,0.21979468,1.0,0.8249437,1.6952583,0.07655043,1.63268,0.934596,2.3559964,0.023012856,1.9997272,0.90766996,2.395399,0.024129057,2.0436351,0.9066695,2.6693609,0.06943043,2.2165687
2052.jpg,0.5128345,-0.396973,0.5848846,-0.4614055,0.62586725,-0.46013644,0.66976595,-0.45805162,0.4386217,-0.46021414,0.38908562,-0.45827758,0.3431737,-0.4541157,0.72916657,-0.41493455,0.289538,-0.4078306,0.59420526,-0.3112356,0.42422462,-0.3063734,1.0,0.029141193,0.0,0.0,1.0441399,0.5270646,-0.3213141,0.37042433,0.51126385,0.19047134,-0.22364508,0.7073696,0.39639375,0.107271,-0.2175328,0.8189176,0.4176771,0.05431539,-0.16447943,0.8072024,0.44778186,0.0773675,-0.15125531,0.77350646,0.7924484,1.0038899,0.21466224,1.0,0.8440129,1.685702,0.060667,1.6027168,0.93891025,2.3469658,0.012886553,2.008486,0.9162162,2.4014115,0.00754343,2.0634458,0.9420564,2.6830156,0.081622265,2.20849
2072.jpg,0.5282703,-0.44705576,0.58849096,-0.514654,0.62393236,-0.5142559,0.6621781,-0.51368576,0.4695301,-0.511859,0.419483,-0.5088947,0.37885278,-0.50618476,0.70438534,-0.46972725,0.31112957,-0.46407482,0.59443265,-0.3658511,0.43837085,-0.36591387,1.0,0.029831188,0.0,0.0,1.1098228,0.5434888,-0.19745265,0.47080854,0.9307293,0.6433309,0.07558007,0.71992993,0.8457996,0.66609013,0.16992557,0.7947062,0.8363493,0.58546567,0.20053723,0.7463574,0.84645873,0.57394695,0.18266319,0.72310907,0.7874253,0.99911386,0.24013305,1.0,0.8350394,1.6789969,0.10730506,1.5492356,0.877579,2.2397022,0.09134595,1.9222034,0.8450362,2.2832744,0.115691416,1.945492,0.8882578,2.5986183,0.13396306,2.1984544
2073.jpg,0.5289712,-0.44186428,0.58859855,-0.5128044,0.62087566,-0.51217604,0.6593486,-0.51206756,0.46910423,-0.5088097,0.4200061,-0.50525755,0.38052592,-0.50153583,0.7007467,-0.4690483,0.315604,-0.45852515,0.59420925,-0.36165026,0.44159698,-0.35902375,1.0,0.03191548,0.0,0.0,1.1010765,0.54814607,-0.22933576,0.43777996,0.7888275,0.56187564,-0.025367988,0.7622623,0.7024395,0.56447166,0.03847711,0.8722998,0.69099396,0.48235965,0.07496668,0.80949414,0.70100796,0.4728545,0.06536702,0.77775514,0.7967832,0.99199647,0.2510764,1.0,0.83347857,1.6809044,0.124074794,1.5412465,0.8612703,2.2633164,0.08200003,1.9311333,0.8224618,2.288221,0.0994564,1.9525098,0.87248564,2.6166613,0.14616627,2.2158535
2074.jpg,0.49830836,-0.42861804,0.56952506,-0.49498707,0.60670304,-0.49240378,0.6498686,-0.48892048,0.4339429,-0.49785632,0.3870916,-0.4969426,0.34623936,-0.49405614,0.7061512,-0.44303492,0.2934153,-0.44265643,0.5784332,-0.34039855,0.41463682,-0.3363339,1.0,0.0459294,0.0,0.0,1.0757312,0.5738793,-0.29103532,0.39444202,0.67202884,0.4374781,-0.21449345,0.73719454,0.55649734,0.40027815,-0.19624873,0.8502273,0.54160726,0.3289976,-0.15316643,0.81934035,0.5755127,0.33214748,-0.14193693,0.78553885,0.78183824,0.9965439,0.22478549,1.0,0.8183403,1.657474,0.069635674,1.5477672,0.85802615,2.242947,0.03541548,1.9276274,0.8223889,2.2688584,0.06131127,1.9541464,0.8710132,2.575537,0.06097389,2.1994612
2075.jpg,0.5004555,-0.4120017,0.56917036,-0.48180404,0.60655284,-0.48163337,0.64993185,-0.48058474,0.43552852,-0.47984055,0.38630688,-0.47738793,0.34477118,-0.4742278,0.7083467,-0.43720388,0.285173,-0.43162394,0.57901776,-0.3267035,0.41479307,-0.32319066,1.0,0.04404154,0.0,0.0,1.0604922,0.5931991,-0.3208445,0.38692927,0.6118186,0.33434,-0.3173186,0.76690304,0.50404304,0.24449557,-0.33362797,0.8782786,0.51834416,0.19950458,-0.27472955,0.85995054,0.5406353,0.21609133,-0.24602386,0.82707393,0.7806303,0.9980357,0.22591835,1.0,0.80609995,1.6603264,0.08200599,1.5366645,0.8903723,2.2421749,0.01364262,1.9354156,0.8663817,2.2895136,0.027766384,1.9565322,0.88935286,2.575966,0.075932615,2.2048905
2076.jpg,0.4986014,-0.38477063,0.574054,-0.45275638,0.60899264,-0.45191222,0.6540143,-0.4509623,0.43322763,-0.45396382,0.38588056,-0.45242828,0.3423919,-0.45010146,0.7133915,-0.41147703,0.29361147,-0.40958664,0.57977486,-0.30309963,0.40942997,-0.3025883,1.0,0.05841348,0.0,0.0,0.99889964,0.5741349,-0.32077143,0.35271385,0.5648488,0.21827905,-0.38960087,0.7361939,0.46977568,0.11294387,-0.41456038,0.84123445,0.4944434,0.06941336,-0.3603094,0.8367334,0.51048535,0.09417213,-0.33168358,0.80840623,0.81048214,1.0047253,0.2367674,1.0,0.81905895,1.6979482,0.061519478,1.5729256,0.89688116,2.2487576,0.027145036,1.9522855,0.9137239,2.3993263,0.05014099,1.9797686,0.8570099,2.592491,0.0795739,2.196567
2078.jpg,0.5060041,-0.358444,0.57965726,-0.42505407,0.6136169,-0.42260373,0.65674716,-0.4206469,0.44487384,-0.429993,0.39502016,-0.4295096,0.3516135,-0.42780596,0.7154745,-0.38012472,0.29725406,-0.3933414,0.58538026,-0.2785819,0.42001322,-0.2853452,1.0,0.05661641,0.0,0.0,0.90253884,0.5026197,-0.32200596,0.28402,0.4848122,0.064436235,-0.47814953,0.6291098,0.40028214,-0.03917072,-0.545933,0.72657657,0.4418866,-0.06534264,-0.50136894,0.7269379,0.46599588,-0.032319203,-0.4706863,0.70468104,0.834427,1.0076921,0.26020637,1.0,0.8404191,1.702165,0.042040285,1.6119678,0.9232436,2.2765427,0.016776025,1.9784459,0.91209334,2.3429224,0.023958331,2.016272,0.84727556,2.6523309,0.09004016,2.2308893
2079.jpg,0.5040976,-0.34672245,0.57585967,-0.4168678,0.6072224,-0.41319498,0.64946043,-0.40934402,0.44089282,-0.42027047,0.3890839,-0.41847712,0.34580168,-0.41656998,0.7109587,-0.37056714,0.2887481,-0.3767724,0.58373475,-0.26790413,0.41802984,-0.26788273,1.0,0.05769838,0.0,0.0,0.8174846,0.49286228,-0.31403443,0.2590386,0.45461094,0.042992182,-0.4828942,0.58665305,0.3749798,-0.063145384,-0.566264,0.68108696,0.42410624,-0.090617,-0.5165143,0.6856219,0.44711283,-0.054289296,-0.47956163,0.66336346,0.8347295,1.0032672,0.25225314,1.0,0.83281595,1.6799223,0.061302595,1.5902815,0.94530517,2.1830375,0.002948149,1.9847775,0.92164993,2.2275922,0.022887798,2.0280447,0.82705426,2.532867,0.042162064,2.215705
2080.jpg,0.50658697,-0.34571382,0.57857007,-0.4157407,0.6139467,-0.41272426,0.6577064,-0.4094668,0.44638193,-0.41999978,0.39192814,-0.41952574,0.34933838,-0.41735527,0.72787094,-0.36392727,0.2921419,-0.3805067,0.5820783,-0.26662982,0.41579673,-0.27089575,1.0,0.053031564,0.0,0.0,0.80646646,0.46545514,-0.31923497,0.26166487,0.4655978,0.030021193,-0.48599944,0.5701871,0.39300972,-0.1049401,-0.5714653,0.6521714,0.43799818,-0.12452976,-0.521337,0.6580115,0.4559072,-0.07180369,-0.48286673,0.6409671,0.83723754,1.0098889,0.25254133,1.0,0.8466817,1.6840386,0.06293686,1.5910592,0.94798553,2.2496607,0.012497199,1.9657348,0.941794,2.3066194,0.014612818,2.0088048,0.86442965,2.598255,0.10261129,2.1931148
2082.jpg,0.5072253,-0.3410507,0.5784515,-0.40870363,0.61574686,-0.40628353,0.6593988,-0.4034646,0.4469652,-0.41275173,0.39366856,-0.41226274,0.35176423,-0.4106561,0.7260301,-0.3607763,0.29145345,-0.3740662,0.5830855,-0.26451182,0.4206164,-0.2683852,1.0,0.053334694,0.0,0.0,0.8317697,0.4629609,-0.3191383,0.26682335,0.47168913,0.035976883,-0.48901725,0.5695244,0.39763576,-0.104320645,-0.57471025,0.6582476,0.4342521,-0.11963981,-0.51818407,0.66161,0.45286497,-0.06579374,-0.4800827,0.6408603,0.8414407,1.0179379,0.2569712,1.0,0.86633986,1.7038268,0.038233884,1.5989794,0.9170756,2.3253338,0.027590191,1.971207,0.9158262,2.393322,0.048833612,2.0215538,0.87367094,2.625693,0.06883198,2.1889274
2083.jpg,0.4952632,-0.33843362,0.5711104,-0.40544185,0.61208624,-0.40249044,0.65675306,-0.39962298,0.43683556,-0.41327357,0.38565326,-0.41447428,0.34377337,-0.41382998,0.7257654,-0.35793418,0.28149933,-0.37723997,0.57089186,-0.2576018,0.40358776,-0.26090336,1.0,0.056072444,0.0,0.0,0.8340517,0.47633725,-0.32737258,0.28164035,0.4597567,0.037007134,-0.48607737,0.6028691,0.3823776,-0.09613179,-0.5652986,0.69786733,0.42129454,-0.11995163,-0.51498455,0.6976747,0.44162792,-0.07118526,-0.47832233,0.6741285,0.82171226,1.0155746,0.23702136,1.0,0.8356704,1.6779649,0.037847415,1.5947528,0.92575264,2.1949315,0.013866162,1.9738326,0.92885286,2.3159125,0.03435408,2.0161965,0.8652637,2.5426068,0.08043589,2.2050178
2084.jpg,0.5008548,-0.35223106,0.578516,-0.416899,0.61467534,-0.41439277,0.66015536,-0.4118088,0.43816397,-0.42087528,0.38807994,-0.41984183,0.3438957,-0.41811052,0.72539306,-0.36998338,0.29256064,-0.38349926,0.58242,-0.27345106,0.41168517,-0.27819324,1.0,0.051922448,0.0,0.0,0.9014465,0.47731325,-0.32713822,0.29129985,0.47131178,0.058756735,-0.4532453,0.6309691,0.37375623,-0.050097696,-0.5158494,0.7330585,0.41248876,-0.074682474,-0.47112268,0.7336826,0.4424265,-0.03804047,-0.43989068,0.7108527,0.84036595,1.0091951,0.25183538,1.0,0.8709112,1.690903,0.04767782,1.6212691,0.95362747,2.2682965,0.018342314,1.9718608,0.941066,2.3123302,0.022822464,2.013923,0.91066736,2.6306705,0.055404834,2.206046
2086.jpg,0.49329877,-0.4034743,0.56636983,-0.46964023,0.6035006,-0.46794,0.64474195,-0.4658513,0.42631054,-0.4718235,0.3811216,-0.47125095,0.33818245,-0.4695652,0.70785123,-0.42552286,0.29455644,-0.43184152,0.5772847,-0.3130525,0.41232175,-0.3191816,1.0,0.031715162,0.0,0.0,0.9500972,0.5413839,-0.31657326,0.37345627,0.49667466,0.12257804,-0.38957927,0.75549227,0.4122155,0.025438938,-0.41918993,0.86874574,0.44523758,-0.0063128965,-0.36846417,0.8577056,0.46828172,0.020471405,-0.33652255,0.82557905,0.80777854,1.011269,0.23738623,1.0,0.8270619,1.7250293,0.05259541,1.6295345,0.9109147,2.272368,0.040207434,2.0125296,0.9483421,2.4402254,0.06228809,2.0493543,0.8809302,2.6624386,0.09409932,2.2297115
2088.jpg,0.47590294,-0.43916517,0.549576,-0.50808424,0.5833005,-0.5075592,0.6236879,-0.50605065,0.41577542,-0.5032419,0.37179765,-0.5004472,0.32865164,-0.49569878,0.683157,-0.46616504,0.28399524,-0.4545638,0.5617514,-0.3500812,0.40622622,-0.3440969,1.0,0.024819912,0.0,0.0,1.0582931,0.5912139,-0.2985841,0.43721056,0.6051435,0.31995204,-0.25366896,0.82228905,0.47520062,0.23422588,-0.2554918,0.94614935,0.50319666,0.18264513,-0.18984777,0.91339165,0.5239001,0.20331226,-0.1714838,0.87293285,0.7644594,1.0051455,0.21739818,1.0,0.804595,1.7258079,0.055233102,1.6201494,0.8764325,2.332751,0.042169333,2.0318136,0.8609013,2.3883321,0.06256523,2.07737,0.8996773,2.712278,0.08987307,2.2537985
2089.jpg,0.51137346,-0.4821336,0.57639015,-0.5462349,0.6126908,-0.5446562,0.6524004,-0.54212236,0.44357866,-0.5464422,0.3959974,-0.54503953,0.35524416,-0.5432266,0.70398897,-0.49666572,0.30274633,-0.4930659,0.58662707,-0.39193726,0.42702702,-0.3889627,1.0,0.0019879173,0.0,0.0,1.1375011,0.54980785,-0.25490072,0.45642954,0.73070556,0.43578693,-0.11432903,0.8171565,0.6117464,0.4100205,-0.03986641,0.9472187,0.59768873,0.32630235,0.0090631135,0.89617336,0.62233955,0.32422802,-0.006580449,0.8518678,0.8075893,1.000993,0.2640929,1.0,0.8364255,1.7117299,0.106740944,1.5751797,0.8969385,2.3041103,0.060744442,1.9987897,0.8708345,2.3688312,0.0698586,2.035907,0.93747455,2.7111275,0.1187124,2.231264
2091.jpg,0.51796395,-0.4666318,0.5738209,-0.53490114,0.6106552,-0.53490466,0.6471764,-0.5336948,0.45937374,-0.5314147,0.41129264,-0.527705,0.3695228,-0.5237975,0.695754,-0.48773167,0.29938462,-0.48229897,0.58405995,-0.38438416,0.4329297,-0.38457534,1.0,-0.00504728,0.0,0.0,1.1911094,0.4587839,-0.18151379,0.49400806,1.008895,0.63894457,0.14923799,0.73766917,0.9190651,0.6900354,0.2616162,0.82863,0.8957908,0.6225746,0.3012387,0.76890147,0.9102385,0.6038359,0.2759303,0.7410614,0.8083708,1.0027081,0.26859832,1.0,0.8687936,1.7018192,0.12932171,1.550752,0.9315834,2.3052855,0.10464002,1.9439427,0.8998726,2.350995,0.12789449,1.9828849,0.9685032,2.6993973,0.12755312,2.2232995
2112.jpg,0.7116505,-0.4324398,0.72639173,-0.49421945,0.74889517,-0.48958418,0.77040213,-0.48468494,0.6411126,-0.5033213,0.5989412,-0.5051893,0.5515856,-0.50680614,0.7407014,-0.44187185,0.41232535,-0.46787408,0.74362564,-0.34830156,0.6307572,-0.36108434,1.0,0.03175138,0.0,0.0,1.1038646,0.54058087,-0.2944989,0.42600715,0.8922381,0.49187407,-0.14844498,0.788625,0.8318686,0.47076252,-0.09365991,0.9001716,0.8377188,0.39816925,-0.05498438,0.8457,0.84279513,0.3938731,-0.06275751,0.8078423,0.8123882,0.99085647,0.26169416,1.0,0.85478574,1.7021365,0.13961309,1.5703326,0.9376827,2.358329,0.11186884,1.9493186,0.93986,2.4393604,0.1157977,1.9799118,0.9234445,2.6519272,0.1833611,2.1999946
2185.jpg,0.6462897,-0.41585687,0.68665874,-0.47820485,0.7176299,-0.4750288,0.7434612,-0.47112957,0.5805237,-0.48406935,0.5312107,-0.48480326,0.48238465,-0.48315305,0.75860006,-0.42890507,0.3767395,-0.4477037,0.6924365,-0.33376878,0.56205744,-0.34293357,1.0,0.025134211,0.0,0.0,1.1033944,0.4746457,-0.41355735,0.3818993,0.9822117,0.443152,-0.21343581,0.71418655,0.92632353,0.41030425,-0.12385618,0.818574,0.9406393,0.34281728,-0.07711715,0.7631198,0.9410397,0.34938937,-0.09524043,0.73443264,0.7444019,0.9977642,0.18528123,1.0,0.78016317,1.6760432,0.045588113,1.6022767,0.8116076,2.283635,0.009340693,1.9401191,0.7795385,2.3117764,0.090448335,2.0020015,0.8284649,2.6472404,0.00046403764,2.1866212
2187.jpg,0.6066474,-0.3777,0.6610536,-0.44264856,0.6978649,-0.44069836,0.72518146,-0.43908894,0.5471418,-0.4457056,0.4969251,-0.44561017,0.44605,-0.4467362,0.7604462,-0.40208188,0.35639602,-0.41755843,0.66189736,-0.29431477,0.5143785,-0.30611438,1.0,0.030087557,0.0,0.0,1.1022167,0.5482409,-0.4215679,0.31659156,0.9229603,0.20038657,-0.43442628,0.6532426,0.8829242,0.106781915,-0.45089853,0.76601803,0.87579817,0.06330679,-0.37851176,0.7512772,0.8655813,0.089340575,-0.35034558,0.7220604,0.7665092,1.0037181,0.19964729,1.0,0.76551044,1.7003727,0.02249141,1.6116182,0.8504633,2.2497048,-0.004553246,2.0222201,0.8361428,2.300107,0.04591984,2.1012545,0.83810043,2.6164033,-0.19664328,2.2003903
2190.jpg,0.57556117,-0.33496076,0.62130624,-0.40366793,0.6571669,-0.40269837,0.69039667,-0.40022948,0.5091383,-0.40383443,0.4558647,-0.40248418,0.40454376,-0.4004274,0.7306322,-0.36404938,0.31669924,-0.36939445,0.63356197,-0.2581175,0.48501414,-0.2649391,1.0,0.034402072,0.0,0.0,1.0441738,0.50464475,-0.34379876,0.2552513,0.70963866,0.046044845,-0.5043631,0.56948817,0.6649213,-0.061718207,-0.5633728,0.6660792,0.6639905,-0.09002114,-0.51560146,0.66345495,0.6591444,-0.04734862,-0.48484355,0.63892704,0.763419,1.0125194,0.1861249,1.0,0.75230104,1.6769484,0.028145622,1.6133748,0.8348589,2.2375753,-0.03667585,2.0073643,0.8195914,2.297824,-0.009257592,2.060587,0.7932905,2.6111465,-0.08573281,2.1941655
2191.jpg,0.5422556,-0.33797732,0.6053101,-0.40765104,0.64265275,-0.4066079,0.68141794,-0.4055034,0.47416165,-0.4092584,0.4161987,-0.40790337,0.37089673,-0.40494904,0.7318311,-0.37112376,0.3067733,-0.36924177,0.6145354,-0.25986847,0.44886696,-0.26509848,1.0,0.038016003,0.0,0.0,1.0162854,0.5046362,-0.3331078,0.2577116,0.68067014,0.0649532,-0.499662,0.56259227,0.6265987,-0.036168534,-0.5608589,0.65726376,0.6311597,-0.06515375,-0.51469755,0.6570774,0.63216096,-0.02873051,-0.48336497,0.6321705,0.76369756,1.018161,0.19638586,1.0,0.7458927,1.6865978,0.017798578,1.620475,0.8490028,2.2550507,-0.033515476,1.9861801,0.83817744,2.3009293,-0.040951654,2.0243428,0.8311558,2.6241908,-0.009514,2.2059553
2193.jpg,0.54723555,-0.33148068,0.606328,-0.40388724,0.648249,-0.4035249,0.68387973,-0.40310133,0.47405374,-0.4050115,0.41490284,-0.4039308,0.36915687,-0.40144363,0.73699796,-0.37155408,0.2989154,-0.3648798,0.618537,-0.25368214,0.4544874,-0.2575632,1.0,0.03895061,0.0,0.0,1.0119878,0.51491183,-0.31322348,0.2695412,0.64770406,0.087158054,-0.45637488,0.5878146,0.5955194,-0.0097786775,-0.50036126,0.69239706,0.60343957,-0.041341864,-0.44521517,0.69056493,0.605606,-0.00926508,-0.41482654,0.6640236,0.7544574,1.0123097,0.18661703,1.0,0.7557416,1.6811302,0.027324308,1.6134771,0.8553594,2.2731931,-0.048034992,1.9792353,0.85542136,2.3159838,-0.074066795,2.0172772,0.8295475,2.6255748,0.02295616,2.2031152
2194.jpg,0.5395114,-0.34735948,0.60101736,-0.4157684,0.64671034,-0.41486338,0.6812501,-0.41338533,0.46941277,-0.41703635,0.4112381,-0.41552532,0.36493623,-0.41186646,0.7408128,-0.37400815,0.29162663,-0.36982995,0.6120888,-0.26236382,0.44601065,-0.26692817,1.0,0.04265487,0.0,0.0,0.9946953,0.5160127,-0.3070263,0.31014872,0.64556366,0.0867838,-0.40664515,0.64345187,0.59653515,-0.009894886,-0.44374216,0.74213064,0.6066355,-0.038673215,-0.39585197,0.73864615,0.61319405,-0.004406807,-0.36783135,0.7124025,0.75647897,1.0037491,0.17813809,1.0,0.7543768,1.6846824,0.03341285,1.6012022,0.86336386,2.2725909,-0.039484333,1.9860157,0.85344636,2.3048556,-0.052319184,2.022388,0.828356,2.6351733,0.041836455,2.2104032
2196.jpg,0.5338127,-0.38279358,0.5944175,-0.45038015,0.63952804,-0.44838238,0.6739863,-0.44615638,0.45778838,-0.4534746,0.4012804,-0.45267504,0.35606262,-0.450473,0.7258456,-0.4039751,0.2859428,-0.40186742,0.604594,-0.29319623,0.4421773,-0.29684135,1.0,0.034942027,0.0,0.0,1.0152344,0.5601881,-0.24014926,0.37069258,0.64191693,0.1496391,-0.2888175,0.6959403,0.56811297,0.057716455,-0.32819626,0.80287755,0.58133924,0.024805836,-0.26368144,0.8061441,0.5877054,0.041952178,-0.23559724,0.77572453,0.7479613,1.0090779,0.17940263,1.0,0.7524048,1.690328,0.03908339,1.5817353,0.8496399,2.2586524,-0.040182047,1.9363738,0.8405034,2.285909,-0.049812578,1.9473702,0.79389834,2.6012928,0.03368888,2.196857
2217.jpg,0.5048585,-0.4640375,0.56088006,-0.5348068,0.5942568,-0.5341809,0.633707,-0.5335029,0.44291103,-0.5271526,0.3980098,-0.5213818,0.3564053,-0.5153024,0.68905926,-0.4849169,0.28960487,-0.47285965,0.5780534,-0.38103497,0.4237094,-0.37885684,1.0,-0.005078529,0.0,0.0,1.1863263,0.48940095,-0.18689859,0.46614233,0.86243194,0.6410156,0.03271848,0.7778715,0.76916313,0.68364847,0.093464136,0.885507,0.74402314,0.60731167,0.13387673,0.82307017,0.7553074,0.5852887,0.12575442,0.78972584,0.7818436,1.0018268,0.24462391,1.0,0.81725883,1.6990727,0.106012076,1.5684377,0.89142376,2.2882168,0.07468109,1.956939,0.86632395,2.310344,0.09774448,1.9870865,0.87311137,2.6276336,0.129565,2.2408662
2219.jpg,0.48569307,-0.42371583,0.5531817,-0.4881356,0.586507,-0.4867122,0.6284924,-0.48566496,0.42957518,-0.48549426,0.38216317,-0.482937,0.34124655,-0.4801779,0.68393564,-0.44040203,0.27999243,-0.44012582,0.5616923,-0.34537664,0.3984824,-0.34138623,1.0,0.017746571,0.0,0.0,1.1715059,0.5210668,-0.25549644,0.403397,0.64915097,0.43013915,-0.19993614,0.7582216,0.5164827,0.3977994,-0.18187177,0.8733501,0.49790597,0.3215859,-0.1420572,0.8386832,0.5275898,0.32245848,-0.13207886,0.80031806,0.790375,1.0083789,0.23589736,1.0,0.8083542,1.6851296,0.08082423,1.5361848,0.8849568,2.2515726,0.023521693,1.8954756,0.8658329,2.2819564,0.04004872,1.9236614,0.82561004,2.5682237,0.09702322,2.161918
2220.jpg,0.49412993,-0.40250134,0.5655926,-0.47100812,0.59964716,-0.47073263,0.6439212,-0.469792,0.42894888,-0.46717054,0.3794018,-0.46385762,0.33396158,-0.4597164,0.6975008,-0.42776802,0.2743658,-0.41650417,0.5754531,-0.320883,0.3989952,-0.3147191,1.0,0.023840407,0.0,0.0,1.1370302,0.5387088,-0.24950087,0.37432715,0.56909716,0.3309063,-0.26022315,0.7238825,0.414589,0.25617808,-0.2942091,0.83873427,0.43297964,0.20643714,-0.24210909,0.8393361,0.465044,0.22001827,-0.21209307,0.8056914,0.7952957,1.0031643,0.22441062,1.0,0.8096275,1.6821467,0.06136334,1.558763,0.9057684,2.2607222,0.019332698,1.8812786,0.8956526,2.2985115,0.041818496,1.9034351,0.8080957,2.5884962,0.07184411,2.155732
2221.jpg,0.4996605,-0.3826415,0.5778102,-0.4496635,0.61148834,-0.44821247,0.654831,-0.44751543,0.4424346,-0.4473382,0.39242032,-0.44518533,0.34787276,-0.44306123,0.71119696,-0.40250456,0.28658003,-0.40616804,0.5785404,-0.3047766,0.40258056,-0.30478913,1.0,0.040757872,0.0,0.0,1.081999,0.54143035,-0.2492961,0.35789225,0.5355691,0.25476828,-0.29440248,0.71458447,0.40742898,0.16933686,-0.34343877,0.8279675,0.41707855,0.116910525,-0.2952522,0.83155376,0.4429752,0.13848235,-0.2582951,0.8032559,0.8095117,1.0090594,0.23875435,1.0,0.81796116,1.6856117,0.057685737,1.5974634,0.9403236,2.2331264,0.018378254,1.9267358,0.92879754,2.279868,0.046550788,1.9571377,0.8490865,2.5836422,0.048270274,2.1893606
2225.jpg,0.4772176,-0.3366373,0.5642179,-0.40176678,0.5966733,-0.3982678,0.63590336,-0.39507222,0.42711157,-0.40408173,0.37943998,-0.40379155,0.33580008,-0.4027689,0.7076054,-0.35166702,0.2857372,-0.36897904,0.55783385,-0.26194453,0.3853083,-0.265274,1.0,0.06569238,0.0,0.0,0.89391154,0.5296518,-0.24790117,0.29488,0.43063802,0.12267275,-0.43630245,0.58225065,0.31944066,0.030545766,-0.5045228,0.6739788,0.3411286,0.00039949946,-0.4756358,0.67667663,0.3772412,0.0268457,-0.4436277,0.6547693,0.7902402,1.0175003,0.20526041,1.0,0.8088595,1.6885995,0.052702446,1.6021953,0.9210557,2.26243,0.008814845,1.9768257,0.9459517,2.4079556,-0.0034625782,2.0161257,0.8770506,2.591036,0.09314351,2.2010474
2228.jpg,0.4955365,-0.35864127,0.5784318,-0.42364717,0.60943085,-0.42115307,0.64770633,-0.4190225,0.4417083,-0.4261705,0.3940068,-0.42561477,0.35080785,-0.4247135,0.71195453,-0.375612,0.30329517,-0.39193523,0.57329905,-0.2827772,0.4030035,-0.2854516,1.0,0.05712577,0.0,0.0,0.899564,0.5291289,-0.27190825,0.289932,0.44671357,0.12407448,-0.4483064,0.5939533,0.33699468,0.034150746,-0.5299519,0.6903931,0.35809386,0.0029382457,-0.50033075,0.695485,0.39457503,0.028299363,-0.4646992,0.6721381,0.79431283,1.0185795,0.22386158,1.0,0.8161613,1.6982524,0.051300623,1.6184703,0.9046354,2.2311678,0.007948949,1.9584923,0.91920626,2.3528452,0.021994228,2.003715,0.84960765,2.5854263,0.06118427,2.2024786
2231.jpg,0.4946834,-0.3787419,0.57947093,-0.44030005,0.6137567,-0.4381901,0.65650785,-0.43624386,0.43909827,-0.442921,0.39031884,-0.44124827,0.34642345,-0.43984857,0.7168187,-0.39174333,0.29537967,-0.40014863,0.57655376,-0.29699638,0.3962923,-0.29894423,1.0,0.05655151,0.0,0.0,1.0309163,0.5674235,-0.3085325,0.37086734,0.5291751,0.2757906,-0.41341168,0.72985405,0.4032058,0.20101507,-0.4603739,0.83389986,0.4096737,0.15078151,-0.41779435,0.8392336,0.43594024,0.17112844,-0.38291544,0.8096522,0.77235144,1.0031322,0.18671702,1.0,0.79555386,1.672866,0.065106586,1.5550255,0.9027302,2.2309506,0.016910411,1.9440742,0.8827617,2.2858639,0.027781432,1.9698827,0.85982186,2.6012433,0.09795994,2.1964068
2232.jpg,0.5158197,-0.37075365,0.589399,-0.43497115,0.6194435,-0.43173555,0.6609012,-0.42853197,0.46375892,-0.43590775,0.41463795,-0.434564,0.37126076,-0.43197995,0.71745056,-0.38305956,0.3039431,-0.39597663,0.589457,-0.29270422,0.41917804,-0.2940508,1.0,0.057252795,0.0,0.0,1.1138362,0.5766682,-0.28030312,0.38937402,0.62417513,0.37907982,-0.32184663,0.76663464,0.48158485,0.31165946,-0.35475364,0.87471175,0.4815573,0.26604152,-0.30285656,0.86495596,0.5117998,0.27395695,-0.271623,0.8327233,0.7773346,0.9994295,0.20657742,1.0,0.80652213,1.6682943,0.0707671,1.5629164,0.89923877,2.224208,0.054239783,1.9171581,0.8729348,2.2515821,0.075067915,1.9371687,0.8734725,2.5637894,0.12269876,2.18184
2234.jpg,0.53366417,-0.4296492,0.5903537,-0.49962476,0.62220186,-0.4979776,0.6604602,-0.49569204,0.47797188,-0.49696147,0.4321387,-0.49306163,0.39084342,-0.4892581,0.70436937,-0.45158792,0.3178312,-0.45281738,0.59683233,-0.34841838,0.44375613,-0.3501775,1.0,0.016861657,0.0,0.0,1.1754755,0.5229388,-0.2153393,0.43860546,0.8387158,0.55471826,-0.10173085,0.79221076,0.7234938,0.5714521,-0.047045346,0.9083455,0.7168557,0.49958557,0.0009400453,0.8575016,0.7350962,0.48744488,-0.008519056,0.8200806,0.7968752,0.99873686,0.2381397,1.0,0.8100942,1.656247,0.1400951,1.5442885,0.87222946,2.2057242,0.10115271,1.9063692,0.83592457,2.2383978,0.11903525,1.937835,0.88950384,2.5939443,0.17818779,2.1777244
2254.jpg,0.58940953,-0.42854995,0.6375154,-0.4948993,0.6687974,-0.49110723,0.7050498,-0.48669633,0.52861553,-0.49965897,0.4805645,-0.49750596,0.43569598,-0.4954163,0.73430425,-0.4398444,0.3524326,-0.4582301,0.64015156,-0.34257695,0.492238,-0.352011,1.0,0.02088428,0.0,0.0,1.1628731,0.5145985,-0.2596631,0.44747972,0.90243834,0.5411084,-0.045319203,0.75024086,0.8020045,0.54702085,0.03281911,0.8521149,0.79999626,0.48348084,0.070755914,0.7932559,0.81383765,0.4740149,0.057700682,0.76451653,0.8067955,0.9922521,0.24354458,1.0,0.83782095,1.6916234,0.12271979,1.5794983,0.90054786,2.2797463,0.09676559,1.9243397,0.8743061,2.3124115,0.10916122,1.9547975,0.9085169,2.642749,0.14169526,2.1996686
2258.jpg,0.67289805,-0.38729066,0.72624403,-0.44351065,0.7548691,-0.4376271,0.78022736,-0.4324576,0.62187946,-0.4580965,0.5753998,-0.4619305,0.5237213,-0.46450946,0.7859676,-0.38960558,0.40445107,-0.42822626,0.70445925,-0.3039639,0.5698074,-0.32149148,1.0,0.048246097,0.0,0.0,1.0848781,0.5328361,-0.42288354,0.2882571,0.68586266,0.20000291,-0.4836588,0.6527354,0.59460175,0.10814425,-0.50745994,0.75170106,0.593532,0.062549844,-0.4513168,0.74351597,0.60511905,0.08821562,-0.42645818,0.7196446,0.78523254,0.99685436,0.2168222,1.0,0.820763,1.6541709,0.124803245,1.5554314,0.9037694,2.2625136,0.04910004,1.9003887,0.8760354,2.283104,0.035284843,1.9166058,0.85500026,2.5931914,0.12385983,2.150944
2293.jpg,1.0408193,-0.25754362,1.0394831,-0.32291883,1.0458876,-0.32165426,1.0499679,-0.32019475,0.97924703,-0.33289275,0.9408314,-0.3396507,0.8997826,-0.34709916,0.89505017,-0.31513366,0.70901996,-0.34761602,1.0181732,-0.19666605,0.94538516,-0.21139322,1.0,0.11015566,0.0,0.0,1.2683405,0.5443583,-0.7209413,0.18756865,1.4152247,0.14222622,-1.0042088,0.54536825,1.4221822,0.028883608,-1.1181751,0.6660117,1.4121363,-0.011070406,-1.0208551,0.6807784,1.3848087,0.027174316,-0.9683266,0.64757717,0.812423,1.0164047,0.21414821,1.0,0.857961,1.6898512,0.044063903,1.6068946,0.9653732,2.3446643,-0.045894723,1.9634392,0.9436062,2.4263184,0.02385185,1.977843,0.9675904,2.5814023,-0.064209774,2.161478
2329.jpg,0.7295113,-0.35220304,0.76470983,-0.40744334,0.79393554,-0.40394214,0.8216076,-0.39990392,0.6700376,-0.41885722,0.62360615,-0.4229488,0.5736708,-0.42893237,0.80854505,-0.35770845,0.44129458,-0.3952094,0.7615633,-0.26710656,0.64885944,-0.28221503,1.0,0.0748466,0.0,0.0,1.2320402,0.5672377,-0.48076126,0.3519964,0.98529243,0.21837361,-0.48329717,0.7157407,0.9142482,0.13924372,-0.49986213,0.8253486,0.8781725,0.100343406,-0.43849754,0.8087427,0.8788388,0.12531762,-0.41147557,0.77610666,0.77582204,1.006899,0.19228521,1.0,0.80424404,1.639235,0.043267854,1.5824959,0.8564381,2.2510326,-0.03777299,1.9505517,0.82406104,2.2834444,-0.0047351057,2.0122902,0.887344,2.5947738,-0.12281577,2.136148
2331.jpg,0.61708885,-0.33379036,0.6786458,-0.39444673,0.7142479,-0.3918924,0.7462625,-0.38918567,0.56595194,-0.40366754,0.5152548,-0.40645605,0.4644411,-0.4092344,0.7767993,-0.3488291,0.36087006,-0.3745838,0.6611879,-0.25014406,0.5201298,-0.2621159,1.0,0.08606585,0.0,0.0,1.1298968,0.5803285,-0.3513971,0.34480155,0.79200304,0.19693372,-0.42050818,0.6849117,0.71438324,0.10872099,-0.46431392,0.7944377,0.6938338,0.06839584,-0.40395957,0.7983918,0.7009908,0.08962973,-0.36816713,0.7690076,0.7313838,1.0095645,0.14998886,1.0,0.77425575,1.6849748,0.009878062,1.6275611,0.84405893,2.2825205,-0.07233369,1.9887463,0.8442776,2.3281376,-0.060363114,2.037727,0.86315227,2.6361556,-0.076308176,2.185186
2333.jpg,0.5688695,-0.351913,0.6387709,-0.41627994,0.6827786,-0.41221723,0.7194872,-0.4078726,0.51184267,-0.4277321,0.4581394,-0.42994186,0.41046527,-0.43090641,0.7667362,-0.359737,0.329631,-0.38862884,0.62515306,-0.2608717,0.46632132,-0.2728472,1.0,0.06843275,0.0,0.0,1.0237759,0.58274406,-0.22306901,0.35884562,0.6697256,0.15791011,-0.3185216,0.6879571,0.6061157,0.05551121,-0.37349144,0.7931715,0.61889535,0.024091637,-0.32116184,0.7954985,0.6236074,0.04781341,-0.28797117,0.7681043,0.73761505,1.0078993,0.15274519,1.0,0.75361854,1.6842507,0.0066716336,1.5942134,0.8400241,2.2666662,-0.07537026,1.9676841,0.83809805,2.278643,-0.085197955,2.0053189,0.7978802,2.612316,-0.017265819,2.199364
2335.jpg,0.53779167,-0.36496702,0.60623175,-0.43110248,0.6497286,-0.42780116,0.68760955,-0.42443478,0.47635728,-0.4379123,0.41974872,-0.43763888,0.37432975,-0.43483838,0.7434877,-0.37724635,0.300829,-0.3895159,0.6094275,-0.27286592,0.43635005,-0.28408602,1.0,0.054170474,0.0,0.0,0.9603366,0.55071217,-0.16763863,0.38389233,0.5909811,0.10825862,-0.25211763,0.7244905,0.53525835,-0.0021353154,-0.29145163,0.82803667,0.5566337,-0.029408136,-0.24961348,0.82617754,0.5654134,0.0034933628,-0.22218506,0.79762065,0.7330611,1.0107086,0.15783493,1.0,0.7580495,1.6874776,0.021785151,1.6040913,0.8506464,2.2927005,-0.080927975,1.9835263,0.8360407,2.3142953,-0.09984587,2.013512,0.79931706,2.6440525,-0.006701896,2.2214828
2336.jpg,0.5331194,-0.3625545,0.60029197,-0.42591962,0.6439994,-0.42391777,0.6788713,-0.4216451,0.46932393,-0.430416,0.41193408,-0.43009284,0.36293396,-0.4280224,0.7386176,-0.38216266,0.28797355,-0.38882804,0.6016585,-0.28241968,0.431625,-0.28988624,1.0,0.04885925,0.0,0.0,0.9535974,0.55289316,-0.14680725,0.38129658,0.5881575,0.11825274,-0.20523436,0.72024816,0.5274356,0.018279588,-0.24356535,0.8310526,0.54772186,-0.010050921,-0.21209726,0.83221316,0.5597973,0.015182567,-0.18459596,0.8028731,0.7390924,1.0215536,0.16081774,1.0,0.7654498,1.6867799,0.020729685,1.589488,0.848718,2.2605424,-0.06952946,1.9673959,0.83485246,2.2696455,-0.09202548,1.9922756,0.7608362,2.613846,0.008391533,2.2092047
2337.jpg,0.5299871,-0.37489912,0.5953206,-0.43851888,0.6402533,-0.4345498,0.67596734,-0.4306924,0.4663882,-0.44842723,0.41174787,-0.4490615,0.36512637,-0.44760242,0.7303157,-0.38765952,0.28862655,-0.40207306,0.59455234,-0.28809592,0.42549706,-0.29584908,1.0,0.041698355,0.0,0.0,0.9780478,0.5538029,-0.15016724,0.40790012,0.5992255,0.12895215,-0.19227843,0.7553304,0.5252122,0.02128429,-0.22102186,0.8634197,0.5413967,-0.009309812,-0.19074409,0.85836786,0.5579467,0.018460702,-0.16701008,0.8271175,0.74445736,1.0156076,0.17383713,1.0,0.769574,1.7000701,0.039353173,1.592427,0.8677936,2.293641,-0.068301894,1.9619218,0.8513069,2.2987711,-0.09868983,1.979011,0.78862554,2.6333978,0.025499836,2.214568
2338.jpg,0.51360005,-0.40803987,0.58864033,-0.4736844,0.6306497,-0.47053573,0.6746726,-0.46600726,0.44701636,-0.4787081,0.39212435,-0.47734803,0.34830096,-0.4751423,0.73705673,-0.41349018,0.28613672,-0.41929752,0.5947264,-0.31231964,0.4184498,-0.31876484,1.0,0.0374658,0.0,0.0,0.9947904,0.56109303,-0.14665985,0.41591132,0.5970736,0.13257176,-0.15944575,0.76839584,0.5160401,0.038466822,-0.19158255,0.87800467,0.53377587,0.0070687653,-0.1638427,0.87573856,0.552342,0.029714176,-0.13866302,0.8424943,0.7485171,1.0161016,0.18876147,1.0,0.7763361,1.6930016,0.044037856,1.5943635,0.8652654,2.3127437,-0.059902422,1.9474684,0.8421631,2.3388689,-0.08283165,1.9600399,0.7807585,2.649419,0.044004906,2.2072825
2339.jpg,0.5258301,-0.40885398,0.59374505,-0.47333187,0.63459396,-0.47124606,0.6752307,-0.46806976,0.45550507,-0.4783397,0.40126452,-0.47798848,0.35908934,-0.47700503,0.727781,-0.42312407,0.29687238,-0.43043065,0.59948397,-0.31669667,0.43463272,-0.31993958,1.0,0.023712883,0.0,0.0,1.021821,0.55873746,-0.15404128,0.4246111,0.6238276,0.17937098,-0.1426645,0.7848596,0.5335521,0.082429394,-0.16297662,0.9036857,0.55224574,0.041275356,-0.12856145,0.89682657,0.5682009,0.06462605,-0.10548657,0.85869277,0.7528823,1.016518,0.18966293,1.0,0.7938368,1.7077061,0.05279694,1.6036094,0.8773097,2.3230922,-0.057401124,1.9604447,0.85735625,2.3505516,-0.09244682,1.9812821,0.81908095,2.654153,0.04330696,2.2089648
2341.jpg,0.51751614,-0.4511149,0.57161725,-0.5152612,0.6049647,-0.5141703,0.6428477,-0.5120639,0.4511648,-0.51475596,0.402485,-0.5124892,0.36320102,-0.50929457,0.6869684,-0.46821174,0.29972538,-0.4587481,0.5880244,-0.36701688,0.43137902,-0.35951927,1.0,0.010445976,0.0,0.0,1.0699471,0.56855536,-0.1551023,0.45759124,0.66270626,0.34816033,-0.07359763,0.8231226,0.5447737,0.27804753,-0.07883067,0.9560999,0.550656,0.22547236,-0.027117405,0.9320179,0.5790224,0.23557262,-0.009406709,0.88640755,0.74758846,1.0094334,0.22010726,1.0,0.77421045,1.7066847,0.0695076,1.5758069,0.84400755,2.3656979,-0.036934488,1.9433802,0.81600255,2.3915603,-0.069797404,1.9627327,0.8333127,2.7059588,0.0693985,2.216704
2343.jpg,0.5322379,-0.48348585,0.5839106,-0.54888195,0.6181116,-0.546942,0.6544555,-0.5443439,0.46755183,-0.54779196,0.42094302,-0.5437849,0.37966627,-0.53857285,0.6964053,-0.49620304,0.31262204,-0.49065492,0.60224193,-0.39138207,0.44551283,-0.38945916,1.0,-0.007641065,0.0,0.0,1.1591345,0.48908478,-0.1674593,0.48587814,0.8904325,0.576313,0.054489415,0.79402333,0.8001904,0.60951596,0.106940016,0.90271276,0.77311844,0.5346213,0.15830682,0.84975874,0.7809307,0.5198354,0.15247265,0.8132952,0.8063209,1.0046207,0.25237015,1.0,0.8206292,1.6922001,0.09813729,1.5924245,0.8715973,2.311803,0.02976666,1.9700017,0.83723545,2.3590562,0.027749773,1.9903564,0.8628556,2.742809,0.11693618,2.253218
2370.jpg,0.49924004,-0.35951868,0.580467,-0.42483476,0.6139865,-0.42232278,0.6591875,-0.41971052,0.44116446,-0.4326991,0.39348784,-0.43296587,0.34976533,-0.43201724,0.72359,-0.37831613,0.30169505,-0.39306813,0.5799609,-0.27741477,0.40353367,-0.28085083,1.0,0.05098698,0.0,0.0,0.9838776,0.5013067,-0.32312033,0.286509,0.43887752,0.14392062,-0.5601671,0.61712486,0.326132,0.05273477,-0.6605556,0.71533227,0.3430387,0.018914731,-0.6023745,0.7224817,0.37831965,0.044500813,-0.557403,0.69955724,0.80275613,1.0156448,0.22111271,1.0,0.81319195,1.7072033,0.037123777,1.6207559,0.89438444,2.286243,-0.03636821,1.9662672,0.8864442,2.3287263,-0.030160103,2.0086553,0.8153749,2.6223767,0.053245567,2.2220714
2371.jpg,0.48575294,-0.3589089,0.57001007,-0.42572242,0.6053499,-0.4226897,0.6488441,-0.41964743,0.4278239,-0.430644,0.38340083,-0.42908913,0.33869255,-0.42622063,0.716171,-0.37968522,0.29789183,-0.38556403,0.57377774,-0.2769591,0.39801997,-0.27871495,1.0,0.048903182,0.0,0.0,0.9958018,0.510895,-0.33495578,0.30595687,0.42721987,0.17803542,-0.5619482,0.636111,0.30303806,0.07723786,-0.65919816,0.7357501,0.31614834,0.038779028,-0.6018362,0.74046385,0.3516491,0.06452313,-0.5588944,0.7174273,0.8023825,1.0130339,0.22545888,1.0,0.8089782,1.6872854,0.03371089,1.6013124,0.8837444,2.2440226,-0.028462572,1.9528539,0.90275747,2.3927877,-0.0020720684,2.0009236,0.83272743,2.6011052,-0.00068268384,2.2017858
2372.jpg,0.4845526,-0.37580454,0.5673594,-0.44493127,0.60529816,-0.44159716,0.6445149,-0.43816972,0.42068073,-0.4488838,0.37497637,-0.448272,0.33250865,-0.44565302,0.7194752,-0.3945863,0.29601258,-0.40151638,0.5728596,-0.29030532,0.3915817,-0.2897244,1.0,0.054832175,0.0,0.0,0.9835076,0.52616346,-0.3377004,0.32070315,0.39679068,0.21436791,-0.5365398,0.65443563,0.24184534,0.1076635,-0.6316646,0.76131386,0.24657045,0.062397398,-0.569362,0.76460326,0.28974137,0.088467315,-0.53002214,0.74272734,0.7975872,1.0164987,0.2261263,1.0,0.8112222,1.6924846,0.036011033,1.5914412,0.87230563,2.2362583,-0.015990702,1.9115273,0.90368426,2.3847587,0.0045060604,1.9459281,0.8109333,2.5856125,0.06307384,2.181745
2374.jpg,0.50816226,-0.40565154,0.57920426,-0.46960446,0.6171352,-0.46788374,0.6589755,-0.46524015,0.44364613,-0.4715904,0.39864,-0.47068918,0.3552751,-0.46933717,0.718654,-0.42540804,0.30021524,-0.42646986,0.5905954,-0.31963885,0.4231601,-0.31312025,1.0,0.027000807,0.0,0.0,1.0393032,0.5528017,-0.31389603,0.4020401,0.4903193,0.39984685,-0.47086936,0.790073,0.3457282,0.3541262,-0.54179275,0.9018448,0.3422121,0.2909985,-0.508189,0.9017016,0.37554565,0.29616684,-0.47571993,0.8701417,0.8014127,1.0082182,0.2305348,1.0,0.8077679,1.6898504,0.05829396,1.5729412,0.89136785,2.266249,-0.021361344,1.9267349,0.87350076,2.306471,-0.011905088,1.9527082,0.86751056,2.6325986,0.073202394,2.1994576
2375.jpg,0.48738435,-0.41597337,0.56333095,-0.48597735,0.5992676,-0.48278812,0.64259684,-0.47908556,0.42844343,-0.4877911,0.3841532,-0.4857623,0.34232086,-0.4815617,0.7072357,-0.43488127,0.29676488,-0.43470708,0.57070863,-0.32871237,0.39951813,-0.32424533,1.0,0.019163376,0.0,0.0,1.0453191,0.53470135,-0.26029196,0.43895915,0.5674134,0.5207213,-0.39254588,0.8202924,0.416154,0.49943236,-0.43129152,0.94164187,0.41356903,0.43394467,-0.39553112,0.9368097,0.44444326,0.43418026,-0.36822584,0.9015038,0.8125216,1.0093552,0.24195588,1.0,0.81878304,1.6808094,0.072314374,1.5562541,0.8933322,2.2392054,0.0013517217,1.9204363,0.8715614,2.280537,0.0287174,1.9693774,0.84741104,2.6218903,0.057684958,2.1752172
2376.jpg,0.49878776,-0.44212514,0.56295246,-0.5145045,0.59984094,-0.51255584,0.64020973,-0.5096998,0.43797597,-0.5151526,0.39069974,-0.51224285,0.35156354,-0.5074746,0.69691247,-0.46694908,0.2946609,-0.46009693,0.5756627,-0.35264054,0.41735852,-0.35027066,1.0,0.011082384,0.0,0.0,1.1012322,0.5298556,-0.2142283,0.4739856,0.68252265,0.62499255,-0.27730653,0.8887225,0.55167705,0.6534539,-0.30384633,1.0063236,0.5034662,0.5791901,-0.26333618,0.9933652,0.53723913,0.5649869,-0.22997761,0.95801383,0.8135693,0.99955106,0.25651145,1.0,0.8267016,1.6926293,0.08808603,1.591602,0.8902126,2.305368,0.025298128,1.9029478,0.87497425,2.349036,0.028898269,1.9131894,0.8438563,2.641437,0.09178162,2.1992128
2398.jpg,0.5786716,-0.44950414,0.63402385,-0.5126775,0.6743268,-0.5085073,0.7075628,-0.5032719,0.5128771,-0.521118,0.46297368,-0.522328,0.41917506,-0.52308077,0.74312174,-0.45697868,0.3451545,-0.4764458,0.6323831,-0.35469642,0.48275,-0.3610245,1.0,0.02053302,0.0,0.0,1.0766762,0.5289052,-0.27728817,0.4334369,0.703644,0.46646503,-0.26192048,0.8445495,0.59013724,0.4340106,-0.27699313,0.9607177,0.5794514,0.35162893,-0.22255778,0.94290537,0.60664445,0.35148165,-0.19494951,0.9038813,0.7811455,0.99662906,0.22900848,1.0,0.83520913,1.6825317,0.11565162,1.5706928,0.8965827,2.3226204,0.005675453,1.9262245,0.87607944,2.3444927,0.07004212,1.9685591,0.89928895,2.6682546,0.11950682,2.2031221
2400.jpg,0.5961136,-0.39903957,0.6531897,-0.46683925,0.69349086,-0.46443734,0.726535,-0.46143153,0.52837014,-0.47275126,0.4738394,-0.4744839,0.42735007,-0.47548327,0.7577358,-0.41957435,0.35086662,-0.43351945,0.6441998,-0.306829,0.49609348,-0.3115113,1.0,0.030406952,0.0,0.0,1.0339226,0.5391488,-0.39583385,0.37396315,0.5744915,0.2473443,-0.51694024,0.76506627,0.47473884,0.15641095,-0.55896467,0.88683337,0.49947873,0.1041227,-0.5075181,0.87864,0.5169376,0.12792026,-0.47870114,0.84439814,0.76657796,1.0089077,0.20529807,1.0,0.80985904,1.6771196,0.09041285,1.5942824,0.888156,2.3318305,-0.017289232,1.9249524,0.8575358,2.363096,-0.044741508,1.9320201,0.8409518,2.6493065,0.08605046,2.1799634
2401.jpg,0.6130604,-0.39561072,0.672872,-0.45673034,0.7119409,-0.45330986,0.7463932,-0.44953868,0.54392487,-0.46637,0.4885662,-0.4692658,0.44219252,-0.47007436,0.77714795,-0.4109407,0.3653706,-0.4375267,0.6646459,-0.29700792,0.5147759,-0.31001338,1.0,0.019078305,0.0,0.0,1.002432,0.51323193,-0.41986614,0.3426991,0.5557281,0.13871203,-0.5645356,0.7260722,0.4793485,0.03587746,-0.6393162,0.83931047,0.50278544,0.0076144156,-0.5722845,0.83659345,0.514669,0.035524134,-0.5343112,0.8028779,0.7853977,1.0098748,0.2195649,1.0,0.827472,1.6668391,0.097025156,1.587536,0.9054922,2.3444,-0.009315128,1.9408625,0.86487246,2.3751497,-0.04228837,1.9808277,0.87445337,2.6260839,0.101256035,2.182321
2404.jpg,0.631729,-0.37810412,0.69069713,-0.44054142,0.73248863,-0.43410477,0.76391786,-0.42807284,0.56987095,-0.45749477,0.51670337,-0.46132538,0.46670008,-0.46396184,0.7965747,-0.38121408,0.37788224,-0.42684147,0.67549944,-0.28252748,0.52802837,-0.30099756,1.0,0.021495786,0.0,0.0,0.98755246,0.4906967,-0.42024937,0.2792025,0.5685311,0.07593058,-0.6481911,0.6287703,0.5055093,-0.05083834,-0.7391512,0.7391817,0.5179363,-0.06995719,-0.6776164,0.7489594,0.528221,-0.027698748,-0.6301971,0.7220489,0.7777686,1.0113441,0.21952493,1.0,0.8038614,1.673582,0.09789515,1.6173325,0.9020476,2.3501322,-0.0025648654,1.9359462,0.86788696,2.3888748,-0.03679068,1.9659352,0.848749,2.6490626,0.10479031,2.1883888
2405.jpg,0.64241546,-0.36933637,0.7004935,-0.43090832,0.7407149,-0.42444828,0.77123046,-0.41854194,0.58263195,-0.44884342,0.5306187,-0.45283133,0.4803912,-0.45593002,0.80139416,-0.3755391,0.38588205,-0.42253867,0.6833541,-0.27643982,0.5389107,-0.29583287,1.0,0.02682574,0.0,0.0,0.9863593,0.50836575,-0.42589766,0.27500913,0.5895633,0.09557425,-0.6520238,0.6315876,0.523342,-0.019824428,-0.7392946,0.74395436,0.5395483,-0.04389623,-0.6804765,0.75537324,0.5502663,-0.008416347,-0.6368184,0.7272966,0.7807372,1.0133055,0.21986432,1.0,0.8124272,1.6737845,0.092653215,1.5967455,0.9060763,2.3441012,-0.0067632818,1.9393079,0.8786836,2.4574723,-0.04226934,1.9855274,0.8449,2.664857,0.103021786,2.1822443
2406.jpg,0.65068316,-0.37049907,0.71333784,-0.4304796,0.74886733,-0.42409688,0.7777482,-0.41851112,0.5954185,-0.44835654,0.54351276,-0.45306122,0.4927321,-0.45648187,0.80016416,-0.37568718,0.390664,-0.42229748,0.68805283,-0.27695543,0.5490081,-0.2959895,1.0,0.035772264,0.0,0.0,0.9976178,0.5377601,-0.4574302,0.28536528,0.61610454,0.12755108,-0.6621507,0.64051473,0.5455365,0.018312614,-0.74697024,0.75569844,0.5606264,-0.007872781,-0.67857593,0.7664106,0.5702772,0.020607904,-0.63862634,0.73773026,0.781553,1.0078146,0.21279421,1.0,0.80146176,1.6606274,0.08411535,1.5902469,0.8944439,2.354623,-0.0065840553,1.9295882,0.8334053,2.3819256,-0.025599739,1.9720922,0.83725464,2.6747823,0.095323026,2.1792765
2407.jpg,0.65873814,-0.37047985,0.7182146,-0.4268808,0.75301427,-0.42149845,0.78124374,-0.41685995,0.607984,-0.44707522,0.5583816,-0.4540943,0.51030713,-0.4589204,0.8007847,-0.37372157,0.40745842,-0.42273855,0.6938608,-0.28181064,0.56047505,-0.3006732,1.0,0.036284357,0.0,0.0,1.0653397,0.5420628,-0.49070704,0.31339636,0.6951806,0.17308073,-0.645671,0.6878939,0.6183052,0.06973843,-0.7241187,0.80320895,0.61368054,0.035562493,-0.65922767,0.80423766,0.6202088,0.059634298,-0.61866426,0.7722488,0.7695733,1.0066727,0.20480213,1.0,0.81805116,1.6770359,0.08246276,1.59489,0.8856973,2.3395388,-0.022928094,1.9413337,0.8367308,2.364222,-0.052865345,1.9907053,0.84068996,2.6670058,0.103688695,2.1828032
2475.jpg,0.62191397,-0.4065251,0.6743719,-0.46971968,0.7090026,-0.46800554,0.7369621,-0.46637025,0.56044334,-0.47462744,0.50769854,-0.4752838,0.4534137,-0.47512385,0.7667284,-0.422514,0.3562726,-0.42807648,0.6706069,-0.31652528,0.5321349,-0.31960106,1.0,0.025897607,0.0,0.0,1.1342824,0.5416695,-0.50417364,0.3537551,0.85323626,0.18654051,-0.56505466,0.7458317,0.796966,0.09176844,-0.5878253,0.87362796,0.77225286,0.04752253,-0.5290983,0.8661907,0.76586133,0.07116542,-0.50192773,0.8288615,0.7888115,1.0010004,0.20555581,1.0,0.78677994,1.6824536,0.038148493,1.5706484,0.8454555,2.2670867,-0.06838938,1.9690924,0.85748386,2.4609258,-0.052726455,2.037036,0.83995056,2.6608124,-0.10354735,2.1673038
2479.jpg,0.59242874,-0.36564624,0.6472154,-0.44050014,0.6893502,-0.4384202,0.7227769,-0.4353402,0.5224607,-0.44558805,0.46623546,-0.44653243,0.417308,-0.44577682,0.768133,-0.3957719,0.33828476,-0.40516433,0.6469974,-0.28029543,0.49441352,-0.28584078,1.0,0.022218203,0.0,0.0,1.0329033,0.46801993,-0.41706902,0.3052433,0.6910964,0.05784218,-0.5753863,0.6691413,0.63093084,-0.04293048,-0.6369698,0.78780985,0.6312933,-0.07112871,-0.5678136,0.7956809,0.63562727,-0.031923287,-0.5363246,0.7645751,0.7933903,0.9977991,0.21912168,1.0,0.7773314,1.6720905,0.03501349,1.580438,0.8702259,2.2414806,-0.072495125,1.8811352,0.8509893,2.2786818,-0.0967747,1.9084152,0.8751439,2.5847945,0.022918198,2.1491218
2481.jpg,0.5628897,-0.38812757,0.619328,-0.45712402,0.6628791,-0.45508888,0.6949491,-0.45248604,0.4945058,-0.46129847,0.43870452,-0.46082342,0.39046577,-0.45820776,0.74791324,-0.41024023,0.31345323,-0.41013846,0.6249728,-0.29826465,0.46842477,-0.30438986,1.0,0.02335154,0.0,0.0,0.98448366,0.49271303,-0.3704058,0.30611992,0.6421358,0.06448438,-0.5088617,0.6830474,0.5705353,-0.03653804,-0.5662042,0.8016579,0.5732074,-0.066990115,-0.5086684,0.8109054,0.58788157,-0.03143317,-0.47661906,0.7835234,0.77131337,0.9957425,0.2034973,1.0,0.78132105,1.6711372,0.036986332,1.5750983,0.84532905,2.2381299,-0.092259854,1.9198251,0.8117698,2.2703261,-0.12271473,1.9421544,0.79251456,2.5854852,0.018752478,2.1949024
2486.jpg,0.53339994,-0.4387286,0.5911481,-0.5010142,0.62693185,-0.49934116,0.6658808,-0.49647394,0.46884322,-0.5024282,0.42201725,-0.50139534,0.38250217,-0.50008565,0.7131696,-0.45567825,0.3182471,-0.453774,0.6009857,-0.34715137,0.4477295,-0.34432718,1.0,0.027881129,0.0,0.0,1.0738004,0.5623273,-0.18031658,0.48623425,0.75702816,0.4745603,-0.13684243,0.8653866,0.66969097,0.4571667,-0.10558633,0.99922675,0.6560454,0.37039173,-0.05695446,0.96034837,0.6687848,0.36773896,-0.054331012,0.9123809,0.7466894,1.0012485,0.22036724,1.0,0.7823604,1.6966463,0.07249653,1.5632414,0.846571,2.3383718,-0.032844786,1.8930196,0.82280993,2.3788514,-0.06410672,1.8952731,0.81733084,2.660455,0.06989225,2.2014554
2510.jpg,0.5027514,-0.41458058,0.58083856,-0.48117322,0.61377084,-0.47971034,0.65654665,-0.47822562,0.44376028,-0.4830369,0.39683747,-0.48143527,0.35439783,-0.4791012,0.71311575,-0.43148732,0.3027799,-0.42897865,0.58093214,-0.3259577,0.41329595,-0.32733044,1.0,0.028618354,0.0,0.0,1.0643415,0.5532699,-0.22505103,0.431428,0.5870532,0.23488577,-0.28039855,0.80975777,0.471749,0.13011307,-0.3098626,0.9178418,0.5013279,0.0771897,-0.26384822,0.91209096,0.5199658,0.10311174,-0.2329185,0.8819719,0.7709948,1.0042497,0.2068967,1.0,0.80044293,1.6667315,0.03501843,1.5896304,0.8802986,2.2452898,-0.04533118,1.8935006,0.86696273,2.2879255,-0.040437672,1.9066913,0.8687796,2.6110969,0.039637297,2.1701505
2516.jpg,0.53114986,-0.38061795,0.60263824,-0.44895345,0.64883673,-0.44512123,0.6889807,-0.4402795,0.46489635,-0.45694986,0.41055506,-0.4572298,0.36572602,-0.4565225,0.7462305,-0.3952182,0.29723966,-0.4120567,0.60092425,-0.28571397,0.43432233,-0.29658824,1.0,0.03646674,0.0,0.0,0.9377608,0.5017614,-0.2552134,0.34474853,0.54578155,0.072619416,-0.42255232,0.6911128,0.47356468,-0.051780228,-0.49839675,0.7978181,0.49878043,-0.07626234,-0.47416893,0.8036566,0.5143412,-0.030942904,-0.43850037,0.779822,0.8102548,1.0141299,0.22985123,1.0,0.81292695,1.6908731,0.046167526,1.5977534,0.8993156,2.2407758,-0.04593452,1.9384286,0.8814029,2.3117976,-0.0454442,1.9795984,0.8582955,2.6295874,0.021033183,2.1852617
2517.jpg,0.5089967,-0.3861136,0.58628225,-0.44804326,0.6277772,-0.4450898,0.6733398,-0.44048414,0.44573307,-0.45329094,0.39665613,-0.45338818,0.35312918,-0.4522805,0.74139124,-0.3935016,0.29377618,-0.40871644,0.5911858,-0.28975138,0.4209765,-0.29990017,1.0,0.043034825,0.0,0.0,0.9201645,0.5182433,-0.26795304,0.3515212,0.5346299,0.08834883,-0.4378864,0.700833,0.4657248,-0.038096692,-0.5113649,0.8097448,0.49052256,-0.06133457,-0.482572,0.8146165,0.5091881,-0.016333593,-0.44898728,0.790129,0.7905415,1.0081948,0.21737759,1.0,0.7959467,1.669834,0.023569146,1.6220114,0.8878024,2.2609935,-0.048442643,1.9302236,0.8794232,2.310525,-0.036882833,1.9608401,0.8387515,2.638381,0.006402697,2.185379
2519.jpg,0.5192197,-0.3952957,0.5958118,-0.4574873,0.6359626,-0.45476753,0.67914915,-0.45135337,0.45733142,-0.46226564,0.4099076,-0.46246246,0.36895615,-0.46151677,0.73626935,-0.40538353,0.3119283,-0.41772652,0.5968632,-0.3050007,0.4337997,-0.31063944,1.0,0.0464032,0.0,0.0,1.0010949,0.553374,-0.273013,0.38831034,0.5531912,0.18562885,-0.4043121,0.7547408,0.4520892,0.097297624,-0.46356374,0.8693584,0.47539333,0.05596417,-0.42103812,0.8713913,0.49856225,0.07981652,-0.38382357,0.8370272,0.7912712,0.9990942,0.22266722,1.0,0.80750906,1.6591307,0.028861523,1.6148059,0.876516,2.2527776,-0.023772676,1.9030744,0.865328,2.2909403,0.06144563,1.9445494,0.8495703,2.612527,0.0064268103,2.1740508
2520.jpg,0.51620454,-0.4151513,0.59419394,-0.4776312,0.6323475,-0.47493652,0.67557424,-0.47181126,0.4552704,-0.4815056,0.40681875,-0.48189628,0.36426395,-0.4812787,0.7321486,-0.42447492,0.30783603,-0.43374297,0.5938664,-0.32560903,0.42341205,-0.3271491,1.0,0.03602194,0.0,0.0,1.0416111,0.5642467,-0.27748415,0.41806334,0.57765824,0.27683988,-0.37124494,0.7912871,0.45808655,0.19600952,-0.42626062,0.90095204,0.48475358,0.14382868,-0.39469713,0.9080767,0.50503415,0.1661804,-0.35461143,0.87612367,0.78748107,1.0039114,0.21524152,1.0,0.82063645,1.6644412,0.05825148,1.5350327,0.89035624,2.277676,-0.056434244,1.897755,0.868403,2.319435,-0.067501456,1.9322532,0.9003735,2.6311212,0.042369403,2.1711125
2521.jpg,0.537096,-0.42676708,0.5996527,-0.4871074,0.64038545,-0.48463723,0.6773444,-0.48103598,0.47662064,-0.49084792,0.4266696,-0.48995426,0.3842051,-0.4893124,0.7284548,-0.434517,0.31531715,-0.44300196,0.603169,-0.33972526,0.4421664,-0.34125382,1.0,0.0324302,0.0,0.0,1.1258382,0.5676201,-0.26114047,0.44109383,0.6516669,0.40598142,-0.33754578,0.8497372,0.51914084,0.34638232,-0.37290314,0.9574143,0.5062408,0.2873092,-0.33384794,0.96024024,0.5393691,0.29310206,-0.2966468,0.93033075,0.77761066,1.0063757,0.21025258,1.0,0.80468446,1.6706811,0.056886934,1.5485821,0.8759375,2.2678025,-0.05039088,1.9065738,0.845345,2.3025775,-0.049778633,1.9451352,0.8926588,2.5990222,0.051631507,2.1785817
2523.jpg,0.547171,-0.43838024,0.60765994,-0.49796024,0.6470594,-0.4952245,0.682541,-0.491659,0.49003187,-0.501863,0.44344682,-0.50136757,0.40181437,-0.5004398,0.7279494,-0.4481526,0.3319125,-0.46046177,0.60826015,-0.34915105,0.4570743,-0.35452664,1.0,0.015979653,0.0,0.0,1.145707,0.5216689,-0.19451606,0.47490668,0.81805396,0.6536229,-0.16089496,0.8633607,0.72904414,0.6868598,-0.1368581,0.99145204,0.7181905,0.6083719,-0.0877566,0.9516151,0.7351706,0.5939486,-0.08135402,0.90675974,0.8040501,0.99998724,0.25582024,1.0,0.8255968,1.6738256,0.088641666,1.5386621,0.8532796,2.237042,0.016765615,1.8635334,0.8203808,2.2562315,0.016834,1.89998,0.8429115,2.5619419,0.03016166,2.1395786
2544.jpg,0.59871435,-0.45543918,0.63964987,-0.5192752,0.67403615,-0.5166445,0.7062707,-0.51280016,0.5326211,-0.52123296,0.48526844,-0.518776,0.4394621,-0.5152085,0.7303189,-0.46380952,0.35216016,-0.47212502,0.6522702,-0.36895183,0.5045013,-0.3754215,1.0,0.029250715,0.0,0.0,1.0987971,0.5249509,-0.19322182,0.45895955,0.83292043,0.5701101,-0.027591957,0.827602,0.73670405,0.59298223,0.024822483,0.9465946,0.71681935,0.5178324,0.07210906,0.89272743,0.72884315,0.5037752,0.066086225,0.854163,0.81041294,0.99270886,0.26693097,1.0,0.87650335,1.6747993,0.13598558,1.5347214,0.9184638,2.2731516,0.052156255,1.8555928,0.88053966,2.3068666,0.019149685,1.8734069,0.93669754,2.6364985,0.14836252,2.1437285
2546.jpg,0.6137292,-0.4461277,0.6652028,-0.5025498,0.7034418,-0.49883193,0.7308395,-0.49514818,0.555606,-0.51227254,0.5051293,-0.51451564,0.45659438,-0.5151973,0.7553312,-0.4511544,0.36255196,-0.46909314,0.65647364,-0.35532662,0.51109004,-0.36246186,1.0,0.029679779,0.0,0.0,1.1026719,0.549602,-0.31263638,0.42469195,0.6801703,0.36486414,-0.25514078,0.81200105,0.5761814,0.29744497,-0.2707284,0.92963123,0.56322974,0.23684135,-0.1992315,0.9115013,0.5895612,0.24535914,-0.1745712,0.8721969,0.79469895,0.994076,0.237052,1.0,0.86076385,1.6586848,0.11021539,1.5261954,0.9310396,2.2958786,-0.008528473,1.8878961,0.897313,2.3251438,-0.04404958,1.9056249,0.93952316,2.651491,0.121301055,2.15967
2549.jpg,0.63065547,-0.39847898,0.6874949,-0.45541072,0.72621506,-0.4497876,0.7538551,-0.44521326,0.5738095,-0.4740731,0.52409655,-0.47846377,0.47553945,-0.48165584,0.7789374,-0.39743105,0.37926912,-0.44293338,0.6666646,-0.30691883,0.5262716,-0.32488385,1.0,0.034662735,0.0,0.0,1.0475658,0.52988535,-0.38840213,0.35019997,0.6162926,0.14221849,-0.45352328,0.7252595,0.537319,0.038968213,-0.49382064,0.83860594,0.5536394,0.011716215,-0.43737137,0.8393265,0.56281316,0.038187906,-0.40493974,0.8037549,0.80889624,1.011265,0.23686689,1.0,0.8503447,1.6829671,0.098899975,1.5996492,0.92235583,2.3339415,-0.00876992,1.9321693,0.91001284,2.4583905,-0.05739031,1.9582602,0.86860126,2.6780615,0.13376215,2.1650074
2627.jpg,0.5935717,-0.44393903,0.6480407,-0.5046968,0.6845959,-0.50064653,0.7170277,-0.49745733,0.5248459,-0.5108226,0.47087568,-0.5112184,0.42368385,-0.50971955,0.7524654,-0.45725995,0.34279808,-0.46656218,0.6461506,-0.34362024,0.49926612,-0.34707382,1.0,0.02651835,0.0,0.0,1.0496956,0.563637,-0.3359334,0.45679796,1.0684464,0.4131435,-0.44640374,0.8906203,1.0443422,0.3751184,-0.49411964,1.0186105,1.0312352,0.3023638,-0.45311832,1.0204465,1.0216076,0.3084287,-0.41484517,0.99116766,0.7209157,1.0161369,0.17875704,1.0,0.73157436,1.6712009,0.022446573,1.5784081,0.756536,2.2873728,-0.069115154,1.9428644,0.7370192,2.3206255,0.009328106,1.9684843,0.7878163,2.656118,-0.0067261355,2.2044296
2628.jpg,0.57646686,-0.46932104,0.63151866,-0.5285589,0.66745466,-0.52417123,0.6999318,-0.5177541,0.50869876,-0.53410316,0.45788985,-0.5313801,0.4111309,-0.5266703,0.7396527,-0.47460112,0.33605254,-0.48072776,0.6320059,-0.36583865,0.48668492,-0.3722046,1.0,0.02218845,0.0,0.0,1.0598837,0.5514591,-0.29745895,0.47993302,1.0042226,0.45030847,-0.35495067,0.90762466,0.97176254,0.4196182,-0.38903928,1.0312995,0.9619794,0.34885657,-0.32358843,1.0247705,0.9529304,0.3516795,-0.28821582,0.99068046,0.72391313,1.0273216,0.19014704,1.0,0.7252224,1.7128882,0.042552542,1.571725,0.76315063,2.3379073,-0.081649564,1.9652245,0.76032805,2.5194037,-0.014985648,2.022072,0.79393965,2.7112112,-0.023740198,2.2267835
2631.jpg,0.5701352,-0.44950894,0.61925334,-0.5130412,0.6559877,-0.5101246,0.6876957,-0.5068357,0.5045572,-0.5156485,0.4534238,-0.51321566,0.40667173,-0.50896245,0.72602266,-0.45797035,0.3287511,-0.45814312,0.629682,-0.35422006,0.47339526,-0.35674807,1.0,0.03658316,0.0,0.0,1.0934074,0.50615156,-0.19908647,0.4835554,0.9005848,0.6194691,-0.0942387,0.8512833,0.82760876,0.6661205,-0.058050126,0.9865407,0.8026777,0.5974012,0.005882168,0.93552357,0.81276375,0.578979,0.0044233035,0.89017695,0.7473459,1.011815,0.18883467,1.0,0.7579108,1.6876378,0.06815541,1.5466144,0.8139048,2.3113759,-0.06963012,1.9016173,0.82178724,2.4362319,-0.12329559,1.9276776,0.7891239,2.6537743,0.05260976,2.1928103
2632.jpg,0.5549981,-0.45499998,0.6082951,-0.5219695,0.6465992,-0.51941377,0.67813873,-0.51634943,0.4883464,-0.5224929,0.43712947,-0.5184151,0.39273402,-0.5126313,0.72199,-0.4648409,0.32011515,-0.46124142,0.6167224,-0.36116853,0.46046865,-0.36034894,1.0,0.01877486,0.0,0.0,1.0971378,0.47038504,-0.15270214,0.49699196,0.89132607,0.68306816,0.0046424614,0.8675478,0.82071066,0.76269895,0.044819057,0.99522877,0.7700669,0.7066675,0.11896936,0.9515554,0.7769119,0.6779812,0.11987948,0.90582186,0.7457104,1.0150682,0.21094348,1.0,0.75872546,1.6856517,0.06825698,1.5558327,0.8046387,2.3010051,-0.037064757,1.9043262,0.7699712,2.316138,-0.06718196,1.9200314,0.75109726,2.6688464,0.04139273,2.1991887
