1054.jpg,0.058996577,-0.41492552,0.12659347,-0.4789421,0.15525684,-0.48175147,0.18754588,-0.48497942,0.08754568,-0.47616938,0.08605066,-0.4774492,0.0863524,-0.47953823,0.38392574,-0.45741633,0.23328637,-0.459163,0.12791948,-0.34905466,0.085766025,-0.34753376,1.0,0.0046940898,0.0,0.0,1.5554167,0.44322115,-0.25883722,0.45691,1.0516703,0.80452484,-0.73508453,0.25639272,0.90828025,0.89757824,-0.8966156,0.16687928,0.8447948,0.836397,-0.8690477,0.11537724,0.8777626,0.8122131,-0.81416845,0.13469717,0.7556101,1.0048056,0.147403,1.0,0.8282969,1.6988584,0.07999496,1.73102,0.8839753,2.0763927,0.017065145,2.2958753,0.8497972,2.1047258,0.057937402,2.3377295,0.8572093,2.3092003,-0.054268956,2.5118926
1056.jpg,0.07209906,-0.41284755,0.13829301,-0.4720789,0.16551025,-0.47473374,0.19630726,-0.4772973,0.096127264,-0.47155574,0.09179723,-0.47318828,0.08865671,-0.47525772,0.38567287,-0.4499616,0.22440587,-0.4498408,0.13914642,-0.34553725,0.09730488,-0.3462903,1.0,0.00612648,0.0,0.0,1.6231298,0.3134744,-0.36682102,0.4133322,1.3617105,0.72473717,-0.7344071,0.13641281,1.2759138,0.81933093,-0.8645538,0.03842974,1.2024865,0.7816426,-0.82565683,-0.014881768,1.2133379,0.75386786,-0.7716182,0.015040964,0.7536471,1.0103595,0.15178114,1.0,0.80832255,1.7101215,0.10733599,1.7312038,0.8456355,2.0924304,0.053495288,2.3049006,0.8159364,2.114652,0.08302407,2.3458097,0.7919786,2.3510857,0.029523639,2.528822
1057.jpg,0.07030122,-0.40665755,0.13336296,-0.47023246,0.16122475,-0.47260925,0.1935863,-0.4750112,0.092740305,-0.46961978,0.08957713,-0.4714228,0.08750187,-0.4731022,0.37951064,-0.44702405,0.222039,-0.4470374,0.13885038,-0.3388667,0.10020658,-0.33644703,1.0,-0.010338279,0.0,0.0,1.6141021,0.2576577,-0.37138593,0.40520862,1.4459043,0.6688087,-0.71896607,0.13294864,1.3824315,0.77108115,-0.84974056,0.027836012,1.3055524,0.7434192,-0.809771,-0.024248168,1.310959,0.7142602,-0.7546056,0.012460777,0.7551438,1.0086043,0.15201816,1.0,0.79011476,1.6915437,0.11219193,1.7259357,0.82226795,2.0664816,0.039605472,2.2995214,0.79574525,2.0885627,0.061748,2.348005,0.76774323,2.3006413,0.0049628164,2.5602186
1060.jpg,0.06574994,-0.4032171,0.13254113,-0.46875432,0.15922858,-0.47137073,0.18920575,-0.4739422,0.09359879,-0.4672666,0.09122414,-0.46861887,0.08999824,-0.4700175,0.3732483,-0.44483316,0.2254231,-0.44410935,0.13621219,-0.33618584,0.09796264,-0.3337468,1.0,-0.026165903,0.0,0.0,1.5795243,0.24190134,-0.31962615,0.41076082,1.5092752,0.62625784,-0.7021852,0.18884014,1.4698939,0.7326546,-0.82558,0.09481804,1.3905427,0.70703036,-0.790346,0.046249777,1.3850371,0.6739391,-0.7421634,0.07228849,0.78426176,1.0142496,0.18574876,1.0,0.7860445,1.7124612,0.13136645,1.7454219,0.8383329,2.0894506,0.08985437,2.3207943,0.8181164,2.111399,0.11226492,2.3717299,0.7730089,2.3333824,0.082888834,2.5543504
1061.jpg,0.075401805,-0.40968725,0.13699386,-0.47466502,0.16724887,-0.47760513,0.19846039,-0.48048225,0.093251154,-0.47136986,0.08920639,-0.47241026,0.08635886,-0.4736901,0.3898242,-0.45306528,0.21999468,-0.45232257,0.14594242,-0.34334937,0.102718614,-0.33847395,1.0,-0.026762888,0.0,0.0,1.5985482,0.2696911,-0.26960766,0.43651947,1.4646626,0.66439104,-0.7100501,0.26377353,1.3935324,0.7609758,-0.8398706,0.1836821,1.3241222,0.7287034,-0.8152332,0.13400742,1.3328513,0.6987868,-0.76421356,0.15376179,0.7874717,1.0166562,0.17956807,1.0,0.78723615,1.7211559,0.12685744,1.761696,0.85722715,2.1193886,0.059426397,2.319422,0.8629196,2.145425,0.08052504,2.378603,0.7640067,2.3703187,0.011159713,2.5848317
1063.jpg,0.074068636,-0.40224087,0.14227566,-0.47748318,0.17550272,-0.48065817,0.21297866,-0.48339632,0.09039839,-0.47321394,0.08368198,-0.47374555,0.078320816,-0.47456405,0.39638743,-0.45301533,0.21061192,-0.44845286,0.15342307,-0.33869392,0.098209254,-0.3325762,1.0,-0.0263219,0.0,0.0,1.5495104,0.3549175,-0.13305667,0.47521892,1.2074383,0.7309072,-0.60440886,0.43938383,1.0768526,0.82175773,-0.7435136,0.42407906,1.0271043,0.7692335,-0.7393979,0.36773548,1.0475262,0.74317396,-0.6852584,0.36604837,0.78026193,0.9988943,0.1678763,1.0,0.80560774,1.6799276,0.12450736,1.7292104,0.86990935,2.0902903,0.04561701,2.310316,0.8468252,2.126172,0.05704903,2.3782196,0.84670615,2.335726,-0.027245788,2.5715322
1064.jpg,0.04076036,-0.36776686,0.104353,-0.44357482,0.13518457,-0.44679934,0.16913547,-0.45036894,0.057812847,-0.44198176,0.05398617,-0.44375762,0.051297378,-0.44582582,0.3724767,-0.43057802,0.19112723,-0.42889342,0.12249921,-0.3110057,0.064935185,-0.30611274,1.0,-0.022167336,0.0,0.0,1.493425,0.4172528,-0.090062805,0.46065062,1.0142912,0.74637526,-0.5547092,0.55388224,0.8924282,0.83662367,-0.6941348,0.5711833,0.82893974,0.7744298,-0.69666815,0.52791303,0.8499349,0.7501988,-0.6320455,0.5173077,0.7735375,1.0083876,0.1784385,1.0,0.8085171,1.6676915,0.10944232,1.7022054,0.873017,2.0623996,0.03603989,2.2123458,0.871164,2.0826912,0.07124331,2.2648807,0.79487187,2.3186486,-0.046777517,2.46526
1086.jpg,0.081306696,-0.40452588,0.14883544,-0.47265756,0.18422209,-0.47553748,0.22195739,-0.47829384,0.096811086,-0.47069278,0.09077426,-0.4724362,0.08639881,-0.47438744,0.4225732,-0.4516517,0.23443799,-0.4575504,0.16148043,-0.33550188,0.10483389,-0.33119652,1.0,0.004112578,0.0,0.0,1.6035632,0.4096369,-0.22277509,0.49499175,1.1739458,0.7920148,-0.7365212,0.34316036,1.019585,0.870478,-0.90224004,0.26550874,0.96846455,0.816992,-0.8842943,0.2181367,0.996118,0.7955369,-0.8224459,0.24085997,0.7507324,1.0086566,0.13369198,1.0,0.819064,1.7096753,0.08331066,1.7454932,0.86841685,2.105483,0.0025393094,2.3248408,0.83139163,2.129839,0.028295064,2.3750336,0.8470151,2.330003,-0.0353517,2.5491555
1090.jpg,0.08030346,-0.3866141,0.14168815,-0.45231396,0.17208672,-0.45533732,0.20525199,-0.45814162,0.09692739,-0.45084366,0.09213505,-0.45240209,0.08847436,-0.45393604,0.39047658,-0.42984587,0.21841383,-0.43084827,0.14956559,-0.31948644,0.10532557,-0.31634206,1.0,-0.013413959,0.0,0.0,1.5975777,0.24439093,-0.39388132,0.42710498,1.493114,0.6477949,-0.67989796,0.119719245,1.4476076,0.7543786,-0.7957885,0.014598964,1.368131,0.7287534,-0.74907404,-0.042753544,1.3633617,0.6965507,-0.69652504,-0.00844543,0.77394325,1.011188,0.16799071,1.0,0.7762696,1.710395,0.11080888,1.7564551,0.8276056,2.0867836,0.058487166,2.3174791,0.8026494,2.1061049,0.06668297,2.3602717,0.7699443,2.3316317,0.04574332,2.5668845
1091.jpg,0.08114643,-0.39347422,0.14282134,-0.45969468,0.17370236,-0.46348426,0.20733865,-0.4669757,0.093084805,-0.45669007,0.08656979,-0.45770106,0.08118255,-0.4585607,0.39391005,-0.4414365,0.20498265,-0.43561852,0.15473531,-0.32597032,0.10414543,-0.32136104,1.0,-0.020215062,0.0,0.0,1.6065387,0.23307845,-0.38577136,0.4289364,1.4985783,0.6429247,-0.66531825,0.12811594,1.4544379,0.75291014,-0.7775032,0.018894074,1.3757133,0.7290593,-0.72980136,-0.035579648,1.369235,0.6965351,-0.6769337,0.0006681889,0.7744678,1.0141252,0.17290193,1.0,0.7820938,1.7152654,0.10656638,1.7709057,0.82556754,2.1064963,0.054077443,2.303956,0.81083465,2.1226494,0.08095535,2.3461938,0.7635311,2.3608387,0.040996403,2.5733006
1092.jpg,0.09119006,-0.40535188,0.15150328,-0.47235328,0.18201384,-0.47612044,0.21535157,-0.47953695,0.10198317,-0.46845916,0.095112614,-0.46905762,0.08953766,-0.46954554,0.40187818,-0.45349327,0.21241146,-0.44727173,0.16487335,-0.33484557,0.11076992,-0.32972154,1.0,-0.02416472,0.0,0.0,1.5826106,0.24874634,-0.3687103,0.4330887,1.4723642,0.65438926,-0.65564585,0.13119988,1.4073772,0.7597036,-0.7616461,0.022214448,1.338871,0.732444,-0.7132887,-0.033627454,1.342609,0.7024754,-0.66536725,-0.0016995805,0.7906273,1.0103799,0.18389745,1.0,0.7890932,1.7101448,0.11800201,1.7624282,0.8382869,2.0800552,0.07654336,2.3465672,0.82898045,2.0922747,0.09330016,2.3923805,0.76231635,2.3461466,0.099781334,2.6412609
1094.jpg,0.106473304,-0.39110965,0.16491832,-0.46193114,0.19623315,-0.46579844,0.23145203,-0.46957988,0.11215998,-0.45868358,0.10344865,-0.45959207,0.09599256,-0.46056223,0.42004955,-0.4419265,0.21271461,-0.4365502,0.18686476,-0.31940243,0.1249208,-0.316093,1.0,-0.01008077,0.0,0.0,1.5600778,0.30891615,-0.3087049,0.4582775,1.3267297,0.71077144,-0.64410466,0.20545068,1.2450105,0.79407924,-0.7496754,0.10402973,1.1783626,0.75454587,-0.7090379,0.05606254,1.1866308,0.72968924,-0.6678688,0.07604593,0.7909121,1.0034969,0.17661569,1.0,0.8068076,1.6918571,0.11658724,1.7539419,0.84926987,2.0838897,0.07966843,2.3103313,0.8354588,2.1065257,0.10870801,2.3450735,0.7759169,2.3305566,0.09886663,2.5978503
1096.jpg,0.1104391,-0.37929323,0.1665405,-0.4551167,0.19589259,-0.4579312,0.22934392,-0.46162626,0.115953386,-0.45321319,0.1082549,-0.4542837,0.10169847,-0.45573837,0.42286617,-0.4391154,0.2231189,-0.43521196,0.189378,-0.31246442,0.13042286,-0.30759075,1.0,-0.010586188,0.0,0.0,1.4854269,0.39247945,-0.18543488,0.50831205,1.0889157,0.7656052,-0.5687112,0.39355916,0.9644871,0.851173,-0.6883424,0.31745613,0.9179443,0.7922025,-0.67171234,0.2671454,0.9417939,0.76865107,-0.6271523,0.28785846,0.7549823,1.0013243,0.16960335,1.0,0.8100192,1.692782,0.12663044,1.7550744,0.8583832,2.1063366,0.07466532,2.324841,0.82777697,2.1328027,0.09068681,2.371762,0.8340687,2.3381329,0.015586951,2.599997
1193.jpg,0.103488445,-0.4216621,0.16814527,-0.48760083,0.19698094,-0.49042553,0.2282614,-0.49267006,0.12435592,-0.48587224,0.12022273,-0.48726818,0.11754154,-0.48857293,0.4026345,-0.46565527,0.23860624,-0.46336383,0.17191593,-0.3523092,0.12565517,-0.3504044,1.0,-0.011971446,0.0,0.0,1.5098203,0.38129437,-0.3489281,0.42688227,1.2328135,0.7633772,-0.7366073,0.23597586,1.1536299,0.8601075,-0.87448806,0.1560984,1.09435,0.8164605,-0.84812576,0.111908615,1.0979625,0.79105484,-0.79167825,0.13176574,0.75714934,1.0108969,0.17564636,1.0,0.83671963,1.6714418,0.17353144,1.716179,0.87386984,2.051712,0.100915305,2.3004687,0.8406985,2.0640895,0.121187665,2.3589911,0.8353944,2.2878087,0.090127125,2.5651977
1195.jpg,0.096084334,-0.42085478,0.15981717,-0.48260656,0.18843986,-0.48549238,0.22037905,-0.48891833,0.117436096,-0.47900465,0.11363988,-0.48001698,0.111689724,-0.4817123,0.40042117,-0.46235138,0.23823014,-0.4609428,0.16174328,-0.35634887,0.119767234,-0.35542825,1.0,-0.014475983,0.0,0.0,1.5559843,0.2856743,-0.39959148,0.40222374,1.4943607,0.69796836,-0.7589024,0.18144602,1.438445,0.8107114,-0.8848299,0.092940785,1.3610392,0.7828821,-0.85386115,0.04733925,1.3634416,0.75240916,-0.7986827,0.072750166,0.77930325,1.0129176,0.17963867,1.0,0.8331685,1.6952765,0.17683636,1.7498161,0.88225317,2.0704587,0.11021326,2.322094,0.8266342,2.090916,0.12426624,2.357874,0.8668987,2.3091931,0.07414718,2.6273055
1198.jpg,0.0934554,-0.4237344,0.15333822,-0.4873571,0.1807509,-0.49027458,0.21042135,-0.49358872,0.11308487,-0.4844183,0.109407745,-0.4856352,0.10750899,-0.48756525,0.389929,-0.46594578,0.23450911,-0.46425375,0.15710695,-0.3574886,0.117541924,-0.35640994,1.0,-0.019026171,0.0,0.0,1.5481557,0.27813613,-0.3322953,0.42301682,1.5069612,0.69505125,-0.70406926,0.24255753,1.4688282,0.80165035,-0.8417615,0.16860656,1.3930511,0.77528024,-0.8178533,0.120873496,1.388725,0.74478185,-0.7642532,0.13694884,0.76292485,1.018558,0.17265418,1.0,0.8037232,1.6963686,0.17520101,1.74777,0.8463136,2.0853462,0.10934399,2.3166611,0.80352205,2.1091275,0.12800506,2.3564613,0.83532214,2.3234918,0.023404393,2.608259
1199.jpg,0.09070131,-0.44697583,0.14933339,-0.51529115,0.17554614,-0.5183977,0.20434316,-0.5216973,0.10989453,-0.51218,0.10652317,-0.5128067,0.10478278,-0.5139453,0.3854172,-0.48804572,0.23726496,-0.48483998,0.1551964,-0.3796104,0.11666157,-0.37790024,1.0,-0.025885442,0.0,0.0,1.5426916,0.2893736,-0.29558718,0.43241557,1.4743559,0.7090338,-0.7076009,0.28141317,1.4363642,0.8160062,-0.84396005,0.2163435,1.3632305,0.7924703,-0.8238672,0.16961649,1.3608077,0.761182,-0.77141607,0.18331636,0.776376,1.0147536,0.18185213,1.0,0.8125679,1.6969216,0.17107064,1.7435554,0.8613954,2.093584,0.10170538,2.3209167,0.8252179,2.1170073,0.1176616,2.3619287,0.8164184,2.328717,0.10378119,2.5845983
1202.jpg,0.10104173,-0.42528033,0.1700468,-0.4952865,0.20255624,-0.498144,0.23948298,-0.5003416,0.11957971,-0.49356982,0.11361206,-0.49512756,0.10937362,-0.49668196,0.4208649,-0.4689159,0.24558389,-0.47299373,0.17738883,-0.35702795,0.12546916,-0.353015,1.0,-0.019944334,0.0,0.0,1.5136262,0.38395944,-0.15770651,0.45364323,1.2028114,0.77909666,-0.5428636,0.50178,1.0769365,0.8805218,-0.6981651,0.50793034,1.0267125,0.82441056,-0.7088085,0.46381894,1.0478812,0.79973763,-0.6452113,0.46031094,0.76219475,1.0076542,0.16695073,1.0,0.84266526,1.662813,0.16013919,1.7206104,0.9029491,2.0589213,0.105361305,2.324269,0.8630729,2.0851269,0.13076657,2.354293,0.8762483,2.3015385,0.09171375,2.6017392
1223.jpg,0.08668241,-0.44551405,0.17544341,-0.5191791,0.21523292,-0.5216783,0.26427096,-0.5233692,0.11218657,-0.5155456,0.10276053,-0.5165534,0.09407274,-0.5171434,0.47416133,-0.48102066,0.23717374,-0.48298237,0.17437497,-0.36805204,0.099385224,-0.3651399,1.0,-0.027054586,0.0,0.0,1.2772318,0.5366393,-0.11662656,0.47638208,0.49805287,0.7284261,-0.632404,0.47896323,0.29173902,0.7877373,-0.7850913,0.47094914,0.24266525,0.73736167,-0.79616976,0.413567,0.27539313,0.71378833,-0.72464937,0.41309074,0.8226465,1.0090065,0.16651078,1.0,0.90455645,1.6506675,0.10994627,1.6688691,0.9887515,2.0434072,0.039442394,2.2143567,0.969139,2.074506,0.09362896,2.2648172,0.89252645,2.2771661,-0.04094897,2.4379888
1224.jpg,0.09359592,-0.40036303,0.16478206,-0.4743012,0.19683573,-0.47700706,0.23894231,-0.4799773,0.11055372,-0.47298145,0.10083751,-0.4741345,0.091817535,-0.4753754,0.44454917,-0.45292413,0.2152851,-0.44731337,0.1737608,-0.3326211,0.10300507,-0.32945356,1.0,-0.015960867,0.0,0.0,1.4059831,0.50284266,-0.17080805,0.49326453,0.746959,0.78503096,-0.65695494,0.38660708,0.61691934,0.88550425,-0.8263195,0.32909793,0.52472746,0.8219666,-0.81719357,0.27750945,0.564822,0.7949216,-0.75252163,0.28896266,0.8062031,1.0192025,0.1851158,1.0,0.8898304,1.6567847,0.0986157,1.6853188,0.96446335,2.0394933,0.054602325,2.2081673,0.96633756,2.0724275,0.113310814,2.2496476,0.8693122,2.2853606,-0.10845995,2.4758015
1227.jpg,0.123498,-0.38130558,0.18937191,-0.45219195,0.22084354,-0.45503283,0.26073352,-0.45862526,0.13272105,-0.45076075,0.12259867,-0.4509666,0.113769375,-0.45126712,0.4499301,-0.4306454,0.22659989,-0.42173538,0.19757769,-0.3104628,0.13247281,-0.3090156,1.0,0.01618101,0.0,0.0,1.5977443,0.34378955,-0.29662758,0.44204584,1.3362858,0.75170547,-0.6332887,0.17695458,1.2535192,0.86281806,-0.748426,0.069115825,1.1834221,0.83142215,-0.7132809,0.02649384,1.1859033,0.7985988,-0.6680478,0.047820557,0.7388824,1.0134205,0.14539202,1.0,0.8279934,1.654873,0.12596394,1.7014737,0.9020086,2.0438993,0.07359615,2.263982,0.89881766,2.0717864,0.111991465,2.306637,0.8600263,2.2625113,-0.062008265,2.5167685
1228.jpg,0.12558028,-0.4016722,0.18795228,-0.47144645,0.21893118,-0.47395387,0.25360343,-0.47668028,0.13667513,-0.47011566,0.12862,-0.47134894,0.12169072,-0.47260055,0.43977025,-0.44211343,0.23987958,-0.43990082,0.19612351,-0.3274765,0.13886912,-0.32717794,1.0,0.004995954,0.0,0.0,1.6148583,0.3029545,-0.3439266,0.42540163,1.4149175,0.73610336,-0.6204188,0.14719439,1.357306,0.8506621,-0.7217107,0.043616068,1.2859236,0.8216556,-0.68177724,-0.0020054278,1.2861823,0.78994584,-0.6372404,0.023017075,0.75604004,1.017367,0.14878322,1.0,0.83741343,1.6771072,0.13806155,1.7098649,0.8885669,2.0388055,0.11474599,2.2798777,0.8624511,2.0632992,0.14262493,2.3133051,0.8202969,2.2673151,0.105063744,2.560907
1230.jpg,0.13866633,-0.41037238,0.20804445,-0.4815005,0.24382378,-0.48376003,0.2869713,-0.4855602,0.14780176,-0.47873542,0.13629729,-0.47877106,0.12586556,-0.47848344,0.4650392,-0.4423361,0.23171751,-0.43830392,0.21036513,-0.3308975,0.1434441,-0.3306847,1.0,0.0009468988,0.0,0.0,1.623224,0.27038845,-0.31912157,0.4278465,1.4715538,0.7019468,-0.61059964,0.16036867,1.4118072,0.81410354,-0.70712644,0.062218327,1.3380429,0.7819149,-0.6646818,0.013808083,1.3427085,0.7488702,-0.6227102,0.036981806,0.7461711,1.0247532,0.15278664,1.0,0.7945311,1.6593287,0.13549489,1.709152,0.8767509,2.0351567,0.076951556,2.2704074,0.868882,2.063188,0.09401076,2.3167262,0.7799814,2.2624745,0.073781356,2.5236113
1233.jpg,0.13848269,-0.42765266,0.21267942,-0.49620143,0.2505558,-0.49790597,0.29790905,-0.49923083,0.14631021,-0.4946836,0.13353802,-0.4951331,0.12148803,-0.49537864,0.48622558,-0.45501447,0.22951823,-0.45733616,0.21268535,-0.34582943,0.13630292,-0.34371614,1.0,-0.01683579,0.0,0.0,1.651215,0.28211927,-0.19904302,0.46852154,1.4109775,0.6951814,-0.5485752,0.30804944,1.3392054,0.79579675,-0.690689,0.22540146,1.2631884,0.7652818,-0.67316455,0.17532192,1.2694067,0.7362515,-0.623026,0.19848491,0.7697487,1.0104039,0.1521774,1.0,0.84660983,1.6691072,0.13446745,1.71515,0.9242927,2.042199,0.08699461,2.3466995,0.9180288,2.063922,0.10371318,2.380059,0.8672392,2.2752209,0.031861287,2.6169655
1235.jpg,0.123967186,-0.4252265,0.20240349,-0.49389076,0.23695284,-0.49536762,0.28105053,-0.49662647,0.13550259,-0.4919203,0.12209959,-0.49197873,0.110613555,-0.4918474,0.4747074,-0.4541999,0.2153629,-0.4559028,0.19985709,-0.3559776,0.120282054,-0.35313585,1.0,-0.025903909,0.0,0.0,1.660175,0.33753747,-0.121765636,0.48879367,1.2461206,0.75079244,-0.49879947,0.4538749,1.1052413,0.84979135,-0.6003008,0.4381086,1.0447261,0.7947971,-0.6020554,0.3829554,1.0689067,0.7729465,-0.5507209,0.38674527,0.7701934,1.0104715,0.16487165,1.0,0.86767834,1.6179215,0.12139593,1.6730356,0.95222026,2.0447307,0.06899998,2.2301607,0.9586373,2.1018424,0.12014384,2.281564,0.8768468,2.2731102,-0.057333857,2.422288
1236.jpg,0.098864436,-0.458165,0.18017344,-0.5287289,0.21936134,-0.5305629,0.26728153,-0.53133607,0.1105439,-0.52507854,0.0978274,-0.5252033,0.087124765,-0.52471226,0.46369958,-0.48535097,0.20426807,-0.48486415,0.18343453,-0.3777314,0.104420334,-0.3763102,1.0,-0.021579934,0.0,0.0,1.559405,0.38208252,-0.07086759,0.46360883,1.0986409,0.76964736,-0.4055655,0.5461851,0.9666156,0.86878383,-0.539184,0.5678133,0.9006856,0.80747956,-0.54907376,0.5308611,0.9297041,0.78288287,-0.49123827,0.52227986,0.76441413,1.0059001,0.16136059,1.0,0.8455633,1.6412238,0.09319357,1.6956066,0.92569953,2.0444896,0.023330703,2.2282078,0.9118008,2.081755,0.07552659,2.2654111,0.8649693,2.289065,-0.0558505,2.4539168
1330.jpg,-0.049714416,-0.4071104,0.039574742,-0.47929904,0.07623409,-0.48304644,0.116081856,-0.48578465,-0.013282725,-0.47713858,-0.015742399,-0.4791247,-0.016266173,-0.48111898,0.34138668,-0.4539277,0.15702458,-0.4579755,0.045695975,-0.34056607,-0.011506024,-0.33525735,1.0,-0.011076029,0.0,0.0,1.2488848,0.5525571,-0.11194838,0.45826975,0.4396335,0.75972563,-0.7757221,0.60613894,0.23278998,0.82695687,-0.9562245,0.6477749,0.1657663,0.7743587,-0.9845067,0.6229008,0.19010621,0.75014526,-0.91215456,0.6099149,0.7839878,1.0140748,0.08862685,1.0,0.887299,1.6633159,0.013020635,1.6797106,0.9446363,2.0564828,-0.0579668,2.2131345,0.9180587,2.0931835,0.0011548962,2.2647262,0.8540059,2.285266,-0.17366262,2.3974812
1331.jpg,-0.015415326,-0.38721687,0.06754785,-0.46052358,0.10397209,-0.46260592,0.14389983,-0.4640532,0.01920674,-0.460944,0.016983295,-0.46361777,0.01706948,-0.4664033,0.36671865,-0.43057254,0.19085114,-0.43979537,0.07560915,-0.31886336,0.018430293,-0.31809083,1.0,0.008528509,0.0,0.0,1.4075288,0.5285735,-0.19723509,0.4478466,0.77417547,0.8175471,-0.84563535,0.515809,0.6252359,0.9123442,-1.0278265,0.5263796,0.53369236,0.84071887,-1.0382743,0.48431382,0.5674611,0.8165857,-0.9648774,0.4799921,0.7897083,1.0210717,0.11798912,1.0,0.8867013,1.6344624,0.02398485,1.6625124,0.9330732,2.0401633,-0.016576713,2.1943092,0.9260794,2.0782437,0.047057595,2.229689,0.8144425,2.2804034,-0.12357189,2.4051788
1333.jpg,0.01923476,-0.41959044,0.09246127,-0.48039383,0.11826881,-0.4825673,0.14739697,-0.48525828,0.05835183,-0.48100445,0.05988713,-0.48295078,0.06334365,-0.48578215,0.34568453,-0.46044937,0.21785875,-0.45961702,0.0915953,-0.3537887,0.053133857,-0.35383302,1.0,0.017653037,0.0,0.0,1.5744828,0.42522153,-0.33662552,0.43347776,1.2766801,0.8424573,-0.9051936,0.33611175,1.1611803,0.94516444,-1.0569556,0.28516418,1.0956554,0.8848235,-1.036377,0.24146576,1.1077553,0.8557153,-0.9798789,0.2552505,0.74586403,1.016308,0.11218099,1.0,0.8142796,1.6968448,0.041082896,1.7417098,0.8758439,2.094721,-0.027407795,2.3170369,0.85836214,2.1311564,0.010084782,2.3566444,0.8093478,2.318296,-0.19048537,2.5862553
1334.jpg,0.025599174,-0.4189436,0.09667818,-0.47958717,0.12060455,-0.48234776,0.14775364,-0.48559073,0.06459494,-0.4794297,0.06634598,-0.4813616,0.06976816,-0.4839503,0.34213948,-0.4609074,0.21987589,-0.45671108,0.09674299,-0.3560329,0.061575014,-0.35592708,1.0,0.016597103,0.0,0.0,1.544605,0.3655731,-0.37425664,0.39642298,1.4214429,0.7937978,-0.9042465,0.24652885,1.3533115,0.9094225,-1.0489702,0.19249131,1.2730718,0.8785207,-1.0241541,0.14789177,1.2806655,0.84378463,-0.96645045,0.15975083,0.7279839,1.0161262,0.11210552,1.0,0.79359627,1.6856837,0.051305126,1.739766,0.8395613,2.0861492,-0.018375736,2.307513,0.8151722,2.1158135,0.014526793,2.3510137,0.7907375,2.303624,-0.061858404,2.5186722
1337.jpg,0.036404096,-0.395657,0.10501758,-0.4607794,0.12956695,-0.46391115,0.15507464,-0.46687618,0.071962036,-0.45889634,0.07463333,-0.460723,0.07991066,-0.46267202,0.34412938,-0.44501877,0.2372637,-0.44191596,0.11132735,-0.337263,0.07485963,-0.33879012,1.0,0.0054560513,0.0,0.0,1.6205348,0.2718811,-0.4313908,0.36230806,1.6907244,0.69963133,-0.87992245,0.1861867,1.7055984,0.81231743,-1.0334494,0.119345725,1.6164942,0.8003457,-1.00601,0.07745619,1.5932826,0.7698144,-0.9429297,0.09594861,0.7171763,1.014244,0.11992503,1.0,0.795335,1.6978271,0.08791176,1.7202682,0.83105266,2.0732303,0.043576095,2.305112,0.7919654,2.08916,0.07479273,2.3492422,0.7990561,2.3350558,-0.0026673619,2.5528233
1338.jpg,0.0431867,-0.4034294,0.11466308,-0.46256825,0.14143422,-0.4638839,0.16823997,-0.46607742,0.07994071,-0.46329635,0.08151165,-0.46562517,0.085539654,-0.46828678,0.34801033,-0.44071075,0.23764813,-0.43958196,0.11729778,-0.33574018,0.079595014,-0.3391587,1.0,-0.008455517,0.0,0.0,1.62819,0.24296248,-0.4284859,0.36472976,1.7123727,0.6780422,-0.86414593,0.19552323,1.7239481,0.79908115,-1.0345852,0.13001132,1.6360931,0.78888535,-1.0060046,0.08590244,1.6150069,0.7573167,-0.9324719,0.10153111,0.73670644,1.0207247,0.13031146,1.0,0.8238444,1.7135978,0.09499196,1.738076,0.8483829,2.1042216,0.0369982,2.3434873,0.83194196,2.1425548,0.0699239,2.3818066,0.82781935,2.3705146,0.010174991,2.6555
1339.jpg,0.037441935,-0.40404746,0.108468525,-0.46399614,0.13506138,-0.4654507,0.1622033,-0.46726894,0.07712882,-0.46400985,0.07995398,-0.46599805,0.08519616,-0.46820542,0.34447086,-0.43944618,0.24262908,-0.43870765,0.11036832,-0.3362986,0.07657811,-0.339025,1.0,-0.0068172677,0.0,0.0,1.6425827,0.24691065,-0.4262305,0.3727528,1.7106916,0.67038786,-0.8820925,0.22357763,1.711116,0.7988191,-1.0408771,0.15548608,1.6225145,0.7890163,-1.0162749,0.11099403,1.605025,0.75615525,-0.9481713,0.12713306,0.7424484,1.023876,0.12984242,1.0,0.79872686,1.722858,0.10980236,1.7413481,0.83466715,2.110684,0.036115725,2.3312273,0.8258406,2.1482356,0.06752572,2.3927023,0.7709964,2.3598053,-0.11806897,2.5924683
1340.jpg,0.039005578,-0.41138268,0.109975435,-0.47502834,0.13671908,-0.47734246,0.16391352,-0.47988465,0.07701154,-0.4747672,0.079490446,-0.47668996,0.08440864,-0.47901982,0.3504168,-0.45404187,0.24156384,-0.45263228,0.112653725,-0.34705955,0.074930064,-0.34906825,1.0,-0.011534394,0.0,0.0,1.6731678,0.24886817,-0.4212205,0.3883097,1.6785835,0.6982286,-0.9024664,0.26311582,1.676076,0.81654066,-1.0569721,0.20389266,1.5775235,0.7997696,-1.0310204,0.15577221,1.5575445,0.768797,-0.9663386,0.16983756,0.75646985,1.0216384,0.1309607,1.0,0.8182796,1.7432551,0.09065508,1.7696937,0.835727,2.128743,0.04253781,2.3644922,0.793212,2.1424859,0.07443126,2.410563,0.7761151,2.3987927,0.041839283,2.6560977
1341.jpg,0.04033007,-0.41073188,0.10968647,-0.4760149,0.13757843,-0.47864032,0.16575754,-0.48116836,0.07240125,-0.4749367,0.072942704,-0.47641647,0.075952,-0.47793522,0.35726866,-0.45492774,0.23829728,-0.45284247,0.11933844,-0.34731793,0.07728175,-0.34824023,1.0,-0.0117800785,0.0,0.0,1.6583321,0.2577227,-0.39914417,0.40312788,1.6260666,0.7199016,-0.88453335,0.30867636,1.610837,0.83944345,-1.0492418,0.25977254,1.5167174,0.81812894,-1.0271274,0.22091538,1.5036271,0.7841771,-0.9568205,0.23525567,0.76693875,1.0199037,0.13217002,1.0,0.8334941,1.7293786,0.09642619,1.746202,0.8597478,2.115283,0.027888572,2.3755238,0.82907784,2.141497,0.04992447,2.416971,0.84962857,2.390703,0.03191135,2.6690853
1342.jpg,0.025485517,-0.41316605,0.10270398,-0.47304264,0.13173541,-0.4749834,0.16203943,-0.4772746,0.068373166,-0.4726451,0.071210325,-0.4747058,0.07666811,-0.47701237,0.35392818,-0.4530099,0.24630117,-0.4519607,0.106057115,-0.34985915,0.06670404,-0.35245508,1.0,-0.010634739,0.0,0.0,1.7091428,0.29098648,-0.32702833,0.4130076,1.5805237,0.75642824,-0.8895202,0.39876154,1.5095686,0.87118906,-1.0411707,0.35820645,1.4263059,0.8438537,-1.0331486,0.31790242,1.4353836,0.8112518,-0.9760518,0.32807246,0.8151956,1.0171329,0.15172663,1.0,0.8640779,1.72268,0.09184404,1.7628275,0.9003713,2.1154985,0.035666823,2.3577173,0.8798032,2.1480196,0.06872577,2.3889556,0.8233357,2.370222,-0.049227133,2.6421435
1366.jpg,-0.0064184153,-0.38332427,0.0680643,-0.45721304,0.100376725,-0.45974442,0.13416874,-0.46253675,0.022326542,-0.4590428,0.020547464,-0.46166855,0.02091484,-0.46487376,0.35839975,-0.4404327,0.18871072,-0.44239366,0.08202925,-0.32104227,0.02752645,-0.3184017,1.0,-0.0025496043,0.0,0.0,1.3452274,0.5329964,-0.18088953,0.45873022,0.69403344,0.834803,-0.80119205,0.5293273,0.53648293,0.9312041,-0.9858713,0.53772396,0.45151547,0.87705874,-0.99453706,0.4985365,0.4841324,0.8482114,-0.9221853,0.49476576,0.84865654,1.0170733,0.18417884,1.0,0.9208345,1.6320392,0.09017398,1.685205,0.98363525,2.040937,0.03707629,2.2249894,0.9966257,2.069199,0.09182854,2.2647717,0.8409436,2.285425,-0.05577407,2.4429421
1367.jpg,0.026828082,-0.39374053,0.09398845,-0.46462795,0.12775943,-0.46852598,0.1647003,-0.47217062,0.045769364,-0.46317777,0.04204271,-0.46570462,0.04027598,-0.46864343,0.37743863,-0.44999835,0.19880064,-0.45502692,0.115491316,-0.32612255,0.05917715,-0.32376227,1.0,-0.0018890045,0.0,0.0,1.5124457,0.4798715,-0.2510724,0.45621154,1.0205729,0.86650383,-0.8500536,0.46051192,0.9034919,0.9864372,-0.9989214,0.43382594,0.8100514,0.9280118,-0.9963109,0.3726496,0.82800204,0.89394104,-0.9361983,0.37929997,0.8131837,1.0074271,0.17692646,1.0,0.89174926,1.6858269,0.08174241,1.7234204,0.94653517,2.0804,0.027872443,2.258682,0.93678415,2.1052449,0.073280804,2.3144526,0.84379846,2.330003,-0.13723007,2.4865057
1370.jpg,0.055738986,-0.39375162,0.11120595,-0.45672405,0.13882497,-0.46086758,0.16909972,-0.4656996,0.07220882,-0.45332778,0.070199765,-0.45551988,0.07007444,-0.45850775,0.36147138,-0.45140627,0.21005689,-0.44824526,0.12889872,-0.33099553,0.08625713,-0.33041906,1.0,0.001147755,0.0,0.0,1.6340684,0.31495103,-0.41797906,0.40481517,1.5549663,0.75779766,-0.8194863,0.18034245,1.5334291,0.8787977,-0.9407234,0.09291151,1.4383256,0.85530216,-0.89770126,0.04785981,1.4269001,0.81643003,-0.8460903,0.07410489,0.7632753,1.011718,0.14934163,1.0,0.82340777,1.6623969,0.09179324,1.7056458,0.8832869,2.052511,0.03154932,2.2450747,0.8445667,2.0820317,0.060454756,2.2884717,0.8401157,2.276533,-0.023663716,2.4491954
1372.jpg,0.075556405,-0.3952408,0.13786341,-0.46058393,0.16512957,-0.46297577,0.19594815,-0.46568906,0.09554121,-0.46041948,0.09137854,-0.46234894,0.08838528,-0.46405882,0.3753808,-0.43863195,0.22261474,-0.43846637,0.1419094,-0.32896662,0.102989726,-0.32633746,1.0,-0.00578874,0.0,0.0,1.6049737,0.25245622,-0.43532395,0.385597,1.6517258,0.6745107,-0.7688188,0.12013589,1.653532,0.7941998,-0.8677763,0.032108456,1.5648429,0.780024,-0.82369983,-0.025336424,1.5480555,0.7453646,-0.77856535,-0.0010093753,0.7289194,1.0085064,0.14772567,1.0,0.7889528,1.6738635,0.116889834,1.7192712,0.83942664,2.056473,0.060493793,2.3203018,0.8274323,2.080126,0.08644663,2.3604903,0.7716286,2.2964756,0.024276355,2.562828
1373.jpg,0.07470154,-0.37839708,0.13794413,-0.44846627,0.16409642,-0.4511475,0.19350815,-0.45385486,0.097675115,-0.4494283,0.09496102,-0.45165792,0.09339641,-0.4541541,0.370608,-0.42646742,0.22830537,-0.42649367,0.14408007,-0.31094813,0.10495991,-0.3087756,1.0,-0.008580215,0.0,0.0,1.5732832,0.25166348,-0.4074923,0.38558662,1.6432916,0.6627489,-0.7444306,0.13487715,1.6520915,0.7800808,-0.8467884,0.039624136,1.5653074,0.7686099,-0.8031699,-0.00892342,1.5451506,0.7354935,-0.7570898,0.018475,0.7188382,1.0094754,0.13876665,1.0,0.79664546,1.6724223,0.12671131,1.7029502,0.8332761,2.0533447,0.07840766,2.3098185,0.8098837,2.0715926,0.10419988,2.337914,0.7876841,2.312815,0.07919368,2.6177173
1375.jpg,0.10123391,-0.37274486,0.1588644,-0.44312543,0.1849535,-0.44568834,0.21386138,-0.4481127,0.11944434,-0.4417507,0.116285324,-0.443397,0.11434396,-0.44539008,0.38959736,-0.42013684,0.24267508,-0.42071593,0.16426942,-0.3073541,0.12622716,-0.30455178,1.0,-0.0036413125,0.0,0.0,1.5567322,0.26674944,-0.35841587,0.40195802,1.5785799,0.6932006,-0.7049516,0.18264106,1.5718968,0.8092984,-0.8117988,0.09243436,1.4826529,0.7862583,-0.76658875,0.047037758,1.4654819,0.7531505,-0.7201199,0.0677843,0.74087423,1.0135434,0.15689234,1.0,0.7898459,1.6691161,0.14680018,1.7135644,0.82699996,2.0396361,0.081607945,2.273942,0.81238264,2.0497441,0.105776854,2.3115551,0.7683037,2.2839115,0.072463155,2.5095823
1377.jpg,0.083206005,-0.3887702,0.14627989,-0.45514706,0.1780349,-0.4585485,0.21007335,-0.46175602,0.09553938,-0.45222902,0.089727774,-0.45358977,0.08521981,-0.4551012,0.40282303,-0.4389046,0.21771967,-0.43895894,0.1604223,-0.32104847,0.10680541,-0.31626832,1.0,-0.011497447,0.0,0.0,1.5362697,0.30892846,-0.31112272,0.44733253,1.4534166,0.7502345,-0.7105565,0.30731833,1.3862567,0.8667505,-0.8483762,0.23336565,1.3141487,0.8387745,-0.82814723,0.18530658,1.3237087,0.8064618,-0.76981986,0.20539106,0.77702874,1.0196501,0.16687451,1.0,0.8321072,1.6869522,0.12068359,1.7290447,0.8655871,2.0722349,0.06430146,2.269326,0.8505447,2.0920868,0.0861253,2.310018,0.80141073,2.3152149,-0.015235768,2.5604901
1379.jpg,0.07827187,-0.37270778,0.13990441,-0.44300967,0.16724858,-0.4450141,0.1975025,-0.44764227,0.098765336,-0.4436204,0.09569118,-0.44557667,0.09435929,-0.44802633,0.3912019,-0.428263,0.2331675,-0.42790267,0.15048759,-0.31273755,0.09897118,-0.3092312,1.0,-0.012260075,0.0,0.0,1.4817045,0.39924157,-0.16909459,0.4658258,1.1836357,0.80888176,-0.606255,0.46065232,1.0499561,0.9177338,-0.7462774,0.43967468,0.99054354,0.85698,-0.7494775,0.39159536,1.0098078,0.826531,-0.69111466,0.39558116,0.79138196,1.0029281,0.17927769,1.0,0.8548844,1.6518983,0.12497087,1.699104,0.9028264,2.0569754,0.05209219,2.261883,0.8712907,2.083733,0.08188766,2.3003058,0.8558576,2.3022642,-0.03269891,2.5466468
455.jpg,0.074117124,-0.43714106,0.15054394,-0.51393276,0.19961347,-0.51954013,0.25365227,-0.52405375,0.066205844,-0.5089721,0.052354533,-0.5097255,0.038789783,-0.5100897,0.4399956,-0.49366122,0.15848765,-0.48474506,0.18503371,-0.3570442,0.08978284,-0.35607928,1.0,-0.05524492,0.0,0.0,1.3178018,0.4929692,-0.056082558,0.49763602,0.4702029,0.62773687,-0.5862071,0.42371073,0.25155017,0.6586885,-0.7355937,0.38588834,0.22681011,0.6057418,-0.7414032,0.33573842,0.25030965,0.5936695,-0.68258625,0.34681514,0.9062621,0.98999214,0.24242584,1.0,0.9111669,1.6991943,0.09992178,1.7451923,0.9109548,2.1766279,0.009025104,2.3531141,0.9016358,2.2300303,0.036913943,2.4056861,0.96469253,2.3631508,-0.13746227,2.5963662
456.jpg,0.07857797,-0.42670652,0.14359866,-0.5041771,0.1903155,-0.508821,0.24204804,-0.5137182,0.072643355,-0.50023115,0.059846945,-0.50126874,0.046451822,-0.50184673,0.4378252,-0.48997667,0.15533239,-0.47415107,0.17772104,-0.3515669,0.088314354,-0.3502373,1.0,-0.064796574,0.0,0.0,1.5200709,0.44518387,-0.15009634,0.50071067,0.7363159,0.6738648,-0.65404356,0.3581663,0.590066,0.7416631,-0.82624704,0.28440815,0.5236118,0.68981594,-0.8107179,0.2360172,0.5636091,0.66398764,-0.7521311,0.25714022,0.88743293,1.0137459,0.25278592,1.0,0.9075836,1.7307411,0.10491327,1.7705493,0.9181,2.2086332,-0.0054312474,2.4154813,0.9208492,2.2778106,0.029826252,2.4668105,0.9832667,2.5152028,-0.19544758,2.6573858
457.jpg,0.084777564,-0.40016788,0.14148937,-0.47998452,0.18615341,-0.485339,0.23547521,-0.49002507,0.07782244,-0.47574538,0.06466751,-0.47702137,0.04924375,-0.47802517,0.42719716,-0.46916175,0.1420401,-0.45035154,0.1739691,-0.33366278,0.088954136,-0.32897657,1.0,-0.054164506,0.0,0.0,1.6174002,0.37196088,-0.17984061,0.50083923,0.9947416,0.6862611,-0.63031596,0.3153719,0.859863,0.7733388,-0.79466295,0.22688042,0.79317975,0.7201859,-0.7744353,0.17951854,0.8175826,0.69276214,-0.7155166,0.20897293,0.8630005,1.0086955,0.24529338,1.0,0.88771135,1.7087772,0.1295628,1.7551558,0.9370866,2.198813,0.03864673,2.3932984,0.9081126,2.253374,0.07652887,2.4465106,1.0060462,2.4922874,0.017531116,2.6514664
458.jpg,0.10256964,-0.406703,0.15981676,-0.48513976,0.2032616,-0.48973954,0.25188375,-0.49396276,0.09657102,-0.48117232,0.082876675,-0.4819284,0.06757535,-0.48255384,0.43299326,-0.47180018,0.1590835,-0.45158875,0.18478948,-0.33955196,0.10610364,-0.3362614,1.0,-0.057162464,0.0,0.0,1.663772,0.3026878,-0.22921975,0.49554658,1.1920744,0.67369133,-0.6414743,0.25516257,1.056751,0.7501987,-0.80848414,0.16015549,1.0129045,0.6988253,-0.78554326,0.11035446,1.0370628,0.67593026,-0.71908426,0.13909389,0.84611297,1.0000792,0.24388377,1.0,0.87145334,1.6947036,0.15844585,1.739676,0.8937511,2.1610596,0.063721664,2.3723893,0.85293293,2.2190106,0.08554928,2.446166,0.9918794,2.3796206,0.034251783,2.6579998
459.jpg,0.12514827,-0.4468849,0.19589254,-0.5178997,0.24381101,-0.52239746,0.2949741,-0.5265434,0.1180251,-0.5135204,0.10328231,-0.5133377,0.08712001,-0.51295847,0.44731,-0.49230444,0.17160165,-0.47547334,0.21205686,-0.36438265,0.12849353,-0.36406863,1.0,-0.06424166,0.0,0.0,1.6813142,0.25028923,-0.25259244,0.47689363,1.3269508,0.6549724,-0.65277934,0.22209309,1.2336557,0.7272964,-0.805454,0.118741326,1.1835555,0.6839476,-0.7762423,0.07045102,1.1967946,0.66393304,-0.7198855,0.0950666,0.8486955,0.99749684,0.24769495,1.0,0.8748335,1.7175164,0.16254833,1.7673182,0.8800197,2.1850529,0.08976921,2.4128983,0.8461132,2.231207,0.11869517,2.4691982,0.91151214,2.4216247,0.08221172,2.6963143
460.jpg,0.11483218,-0.44519448,0.17854448,-0.51590115,0.22380887,-0.52048105,0.27464584,-0.52544147,0.10695261,-0.5116762,0.093676135,-0.5122135,0.07958468,-0.51229024,0.43867868,-0.49430433,0.16633683,-0.47602376,0.20007329,-0.36644313,0.12020536,-0.3642022,1.0,-0.06921639,0.0,0.0,1.6937172,0.18880121,-0.2479309,0.4764547,1.4414293,0.59283155,-0.64807713,0.22045623,1.3662602,0.6885373,-0.7969965,0.11550466,1.2896736,0.6551726,-0.77117467,0.06931154,1.3006663,0.6293109,-0.7140176,0.09758939,0.8531669,1.0014473,0.2411432,1.0,0.84093887,1.7225115,0.15512386,1.7841935,0.856044,2.2088523,0.08173034,2.4270325,0.8322787,2.2478936,0.11147407,2.4771733,0.85807747,2.4394794,0.0868086,2.7220912
461.jpg,0.136898,-0.429382,0.20250484,-0.50592995,0.24916445,-0.5098193,0.299327,-0.5137065,0.12979074,-0.5006154,0.11382914,-0.50110275,0.09569834,-0.5008588,0.45241982,-0.48548687,0.16939193,-0.46323296,0.21662164,-0.35705832,0.13315558,-0.3542105,1.0,-0.07601271,0.0,0.0,1.6728415,0.17156455,-0.22608969,0.48301336,1.4778839,0.5573575,-0.6003479,0.23219664,1.406497,0.65104914,-0.75566304,0.14753208,1.3307236,0.62155163,-0.73271096,0.094565846,1.3399477,0.59358954,-0.67085606,0.117540106,0.85758436,0.9984995,0.25532505,1.0,0.8753218,1.7002195,0.1807156,1.7471914,0.88682884,2.1489913,0.10010861,2.3945584,0.8435253,2.190445,0.10549376,2.449524,1.0015923,2.383437,0.12465783,2.702103
462.jpg,0.13943668,-0.45598003,0.20896976,-0.5294471,0.25066143,-0.5343336,0.29946014,-0.5387414,0.13448022,-0.52183414,0.11894233,-0.5204193,0.10331423,-0.51883173,0.45531136,-0.50092864,0.19069073,-0.48040605,0.22159447,-0.37729743,0.14216137,-0.37288645,1.0,-0.077588186,0.0,0.0,1.6389321,0.17843603,-0.2120685,0.4768558,1.4575479,0.53435844,-0.621273,0.26311278,1.3912582,0.6368481,-0.75208515,0.17810158,1.3161383,0.605296,-0.729986,0.1299789,1.3227797,0.5746503,-0.67607397,0.15354504,0.8485427,1.0084786,0.2564733,1.0,0.86087716,1.7470187,0.17213239,1.7771914,0.8749365,2.2344694,0.08538155,2.4315975,0.8269178,2.2779624,0.094876915,2.4954238,0.9475107,2.4579053,0.09318739,2.7602487
463.jpg,0.12052771,-0.44839355,0.19051188,-0.5209919,0.22845237,-0.5248887,0.2754084,-0.52846235,0.12338771,-0.51528233,0.11071553,-0.5144517,0.097866915,-0.5134018,0.44874212,-0.4881528,0.19547673,-0.47489056,0.20013246,-0.36759982,0.12532203,-0.3659645,1.0,-0.06328527,0.0,0.0,1.6233413,0.22450551,-0.1482475,0.48372328,1.4039683,0.58740765,-0.5729953,0.34177172,1.3213462,0.6745695,-0.7194102,0.26537776,1.2473818,0.63702625,-0.71093285,0.21267383,1.2572199,0.61081344,-0.65482736,0.23408972,0.8309819,0.99879634,0.23495552,1.0,0.86074466,1.7337528,0.17907155,1.7692554,0.88417906,2.206146,0.077355735,2.4454281,0.82842344,2.2684648,0.0914826,2.5016208,0.9724382,2.4233336,0.09691424,2.7420738
464.jpg,0.12610106,-0.41339636,0.19567803,-0.48822853,0.23412605,-0.49188465,0.28395173,-0.49565795,0.12660502,-0.48342404,0.11165987,-0.48330185,0.09735717,-0.48306018,0.45697588,-0.46774626,0.19554974,-0.4541009,0.21013317,-0.34422135,0.12844594,-0.33840886,1.0,-0.059575412,0.0,0.0,1.627388,0.27765933,-0.1479859,0.46618557,1.2952212,0.62899745,-0.57635266,0.42616993,1.1810895,0.6975314,-0.707659,0.391665,1.1351829,0.6481701,-0.698451,0.33287013,1.14925,0.6231951,-0.64368206,0.3368492,0.8480835,0.991439,0.23995881,1.0,0.8851326,1.7051561,0.18139744,1.7494028,0.90334517,2.1885397,0.09761817,2.3796546,0.8677803,2.2381217,0.11914912,2.4430661,1.0172611,2.401674,0.08081815,2.6497848
465.jpg,0.1003844,-0.41262206,0.17508489,-0.48497355,0.21042025,-0.48810637,0.25491533,-0.49151418,0.11068338,-0.48235852,0.0993216,-0.48271292,0.0888836,-0.48318774,0.44362625,-0.46220708,0.20132935,-0.45447418,0.18587528,-0.3457739,0.109520346,-0.34313947,1.0,-0.051175553,0.0,0.0,1.5829679,0.32977292,-0.08854203,0.4697695,1.1214595,0.652048,-0.49861902,0.5175986,0.99483025,0.72326905,-0.6026071,0.5199274,0.92461705,0.6721709,-0.59360003,0.46967477,0.94797975,0.6470217,-0.5423789,0.46342695,0.86568075,0.9945578,0.24419756,1.0,0.8942195,1.7051082,0.17673235,1.7364968,0.9321932,2.1857321,0.07245824,2.3701193,0.89340436,2.2405517,0.07627845,2.4280133,1.0564886,2.4644115,0.08200143,2.6426694
481.jpg,0.081014045,-0.40838107,0.15170418,-0.4837185,0.19155422,-0.48642117,0.23351064,-0.48811942,0.09674378,-0.48246884,0.09036134,-0.4836365,0.08419333,-0.48499072,0.4564078,-0.45377976,0.22475529,-0.45643553,0.16039151,-0.33720586,0.094494574,-0.33529994,1.0,-0.028524043,0.0,0.0,1.2104764,0.5378487,-0.107254274,0.49093154,0.23826645,0.6361304,-0.6608633,0.4723209,-0.0032843049,0.66235125,-0.80171925,0.4604651,-0.06286404,0.6037949,-0.7994728,0.40276736,-0.0074752145,0.5886399,-0.73904335,0.40338853,0.8714578,1.0038577,0.17018992,1.0,0.90653497,1.6789303,0.08937359,1.6986332,0.9367628,2.0684478,-0.03080269,2.2846403,0.88384,2.0819826,-0.012694856,2.3181715,0.9204662,2.3106241,-0.045611896,2.5414383
482.jpg,0.09011181,-0.41425917,0.16366902,-0.4869951,0.20120347,-0.4890485,0.24728003,-0.49125862,0.105324626,-0.48822385,0.09587566,-0.48936966,0.08643186,-0.49065962,0.4673687,-0.46130747,0.21829286,-0.45888945,0.17824875,-0.3396376,0.10669983,-0.33888477,1.0,-0.020478439,0.0,0.0,1.417535,0.51832885,-0.14355464,0.4769358,0.55322754,0.6996513,-0.7153666,0.40341777,0.37914065,0.7487974,-0.88692474,0.3546227,0.33040917,0.6920436,-0.8821461,0.3063697,0.36438423,0.6709702,-0.81863755,0.31676465,0.85875565,1.011482,0.17730966,1.0,0.884462,1.6902059,0.10556537,1.7133865,0.9492964,2.076468,-0.016730081,2.2952142,0.90881777,2.1053824,0.0127381645,2.3544643,0.9505324,2.306373,-0.087661825,2.5879953
483.jpg,0.11143899,-0.4117467,0.18263917,-0.4825345,0.22096115,-0.48409814,0.26762113,-0.48673522,0.1230091,-0.48284176,0.11175889,-0.48356643,0.100203864,-0.48476824,0.46868414,-0.45284063,0.21127142,-0.45013216,0.18962061,-0.34020874,0.110036805,-0.33976972,1.0,-0.021712178,0.0,0.0,1.5088353,0.4663971,-0.17103003,0.47709185,0.78008765,0.7156999,-0.68629277,0.33324754,0.6369164,0.7884958,-0.85131985,0.25251606,0.57607526,0.72945464,-0.8320261,0.20440665,0.6086085,0.7015121,-0.7750532,0.22561425,0.83710915,1.0151944,0.19951393,1.0,0.88158506,1.6575521,0.11512059,1.7005459,0.9429402,2.0560853,0.024358343,2.2984412,0.90075105,2.0788977,0.05217373,2.3298166,0.9006288,2.298086,0.07694511,2.5039942
484.jpg,0.09794349,-0.38902026,0.16153362,-0.45943803,0.19285001,-0.461405,0.23224622,-0.46441087,0.109185144,-0.4590456,0.09978487,-0.45954844,0.089860186,-0.46065617,0.43803704,-0.437878,0.20076013,-0.42962432,0.17015804,-0.31676304,0.10070748,-0.31523627,1.0,-0.011086179,0.0,0.0,1.5581849,0.40920636,-0.20466477,0.457688,1.0022813,0.7134074,-0.6618362,0.27821168,0.8647239,0.7916902,-0.8065633,0.1978874,0.8121163,0.73477954,-0.78642076,0.15777747,0.83734137,0.7086229,-0.7274388,0.18169892,0.804362,1.0048501,0.2040468,1.0,0.83908784,1.6330258,0.13285153,1.6828592,0.86941934,2.0186963,0.009820014,2.2810557,0.8280416,2.047268,0.030955404,2.310072,0.8727133,2.281473,0.058344197,2.486849
485.jpg,0.10451841,-0.3851973,0.16802417,-0.4549566,0.2038758,-0.45760417,0.24893677,-0.4617331,0.110546514,-0.45377535,0.10004422,-0.45405763,0.08894347,-0.45489576,0.44505554,-0.43701836,0.19479555,-0.4251079,0.18064961,-0.31481764,0.10660294,-0.31344718,1.0,-0.023339551,0.0,0.0,1.6355265,0.35241693,-0.24992284,0.46061382,1.1386752,0.7086951,-0.67381513,0.24965516,1.005016,0.781098,-0.8090986,0.16043063,0.9526165,0.7366341,-0.787291,0.12082534,0.9825883,0.7142996,-0.72642404,0.1483816,0.80256146,1.002525,0.18702321,1.0,0.84245306,1.6567495,0.109137,1.7214681,0.8770699,2.027297,0.01522248,2.3543258,0.8374594,2.0484908,0.04529514,2.3865943,0.8562149,2.2810998,0.016885992,2.6381803
486.jpg,0.109879516,-0.39031893,0.17165887,-0.46306095,0.20782457,-0.46573702,0.2545213,-0.46974584,0.111810476,-0.46090817,0.09972471,-0.46080655,0.08617478,-0.46125063,0.44268894,-0.44330117,0.18116708,-0.430107,0.18489194,-0.31711495,0.108845174,-0.31466842,1.0,-0.023656048,0.0,0.0,1.6539015,0.30636522,-0.26282048,0.45094994,1.2309479,0.68789893,-0.6611036,0.21859619,1.1044974,0.7607581,-0.8017539,0.12505198,1.0681466,0.7127133,-0.7768102,0.08074282,1.0870639,0.6863928,-0.7137665,0.10829296,0.78121525,1.0078123,0.17921239,1.0,0.81297964,1.6491973,0.12559786,1.7208915,0.84561795,2.0362997,0.028796054,2.3494406,0.8020555,2.0622506,0.05814914,2.372678,0.8510444,2.2914388,0.040827543,2.604395
487.jpg,0.12012559,-0.3914773,0.18618248,-0.46809953,0.22715476,-0.47078916,0.2761363,-0.47336882,0.12676539,-0.46629813,0.11498116,-0.46760365,0.1019666,-0.46901786,0.45392713,-0.4434741,0.19518882,-0.4383565,0.1952608,-0.32120797,0.11998847,-0.32103258,1.0,-0.036338307,0.0,0.0,1.681691,0.27791652,-0.2504984,0.45358348,1.3252035,0.6614758,-0.64398926,0.22032219,1.2247163,0.73976105,-0.78675556,0.1305648,1.1610627,0.6923993,-0.76127696,0.086039424,1.1673416,0.66628414,-0.6966172,0.112959854,0.7900676,1.0041565,0.17691761,1.0,0.8301254,1.6657991,0.14698325,1.7451782,0.8679865,2.0623288,0.044460665,2.4062438,0.8101296,2.086284,0.07448405,2.4310136,0.88671,2.3200405,0.091229536,2.690604
488.jpg,0.11915562,-0.40390974,0.19139665,-0.47281906,0.22903083,-0.47564405,0.27801242,-0.47816753,0.123983175,-0.47213522,0.11024273,-0.47233143,0.09738504,-0.4724496,0.4601178,-0.44519722,0.20163026,-0.4405145,0.19935566,-0.3292204,0.12241233,-0.32765028,1.0,-0.03229499,0.0,0.0,1.6672348,0.2704603,-0.24342805,0.45592362,1.3411286,0.6602977,-0.6152047,0.2521406,1.2478527,0.7394896,-0.7820801,0.16461095,1.1797585,0.69695234,-0.75177264,0.11905087,1.1840553,0.67281914,-0.6779758,0.14693215,0.7927748,1.0108287,0.17958029,1.0,0.81750125,1.6929432,0.1371451,1.7438474,0.87331927,2.098406,0.05046397,2.42366,0.82019174,2.1384428,0.091066964,2.454794,0.89673483,2.3342626,0.073329315,2.7007267
489.jpg,0.09743988,-0.40533355,0.17115523,-0.47677892,0.20685571,-0.47871858,0.24865377,-0.48165253,0.109447,-0.47504923,0.09951315,-0.47489858,0.0909108,-0.47518933,0.4446955,-0.44761473,0.20866975,-0.44345042,0.17634116,-0.33233163,0.106364146,-0.33006668,1.0,-0.03379663,0.0,0.0,1.6781003,0.27341613,-0.21444985,0.4513,1.3181435,0.6607192,-0.63807905,0.26313075,1.2088872,0.7345104,-0.7989326,0.18481934,1.1571594,0.68524617,-0.77441424,0.14393578,1.1658299,0.6616734,-0.704529,0.1683622,0.8011785,1.003011,0.18656953,1.0,0.8362529,1.6835765,0.14137901,1.741193,0.8813267,2.0856235,0.02981011,2.4097698,0.8261208,2.1213083,0.05793804,2.4378934,0.90918064,2.321927,0.06591882,2.6764011
490.jpg,0.07928385,-0.4133081,0.15770818,-0.48202378,0.19481182,-0.48362237,0.23699133,-0.48651138,0.09521136,-0.48089308,0.08566336,-0.48129958,0.07742399,-0.4822958,0.43599537,-0.45335123,0.20182453,-0.45221785,0.15868866,-0.33968195,0.08945369,-0.33965504,1.0,-0.03605276,0.0,0.0,1.6940695,0.28153422,-0.18074028,0.46176788,1.295303,0.6649686,-0.6316696,0.33630455,1.1666535,0.737663,-0.78864133,0.26272035,1.1175102,0.68842995,-0.7735155,0.21628861,1.132939,0.66363275,-0.71459085,0.23814496,0.7990729,1.01156,0.18065763,1.0,0.8325931,1.7365737,0.08972683,1.7522433,0.897556,2.1588688,0.0056753703,2.3815322,0.87560374,2.1844444,0.010550818,2.4283726,0.8829254,2.3920763,0.00744194,2.5909278
491.jpg,0.06811015,-0.38986734,0.14503679,-0.46244323,0.18360333,-0.4654285,0.22428569,-0.46832734,0.083628014,-0.4591427,0.07502418,-0.459333,0.067788646,-0.4599058,0.42951915,-0.43982133,0.19596183,-0.43363222,0.15195045,-0.32400408,0.08263437,-0.32118058,1.0,-0.025859306,0.0,0.0,1.683986,0.32875454,-0.09633643,0.4523928,1.1714811,0.66527146,-0.6076809,0.41412368,1.0405171,0.74269176,-0.74701285,0.36649582,0.96886885,0.6904645,-0.7412243,0.31495988,0.9987628,0.6630977,-0.6870369,0.32702824,0.8035375,1.0070815,0.17135625,1.0,0.8452139,1.7100124,0.08702695,1.737261,0.88248605,2.115155,-0.009505369,2.3391678,0.85838145,2.132127,0.0058220653,2.3843071,0.81931496,2.3472424,0.01213349,2.5445325
492.jpg,0.063389204,-0.39750305,0.14367306,-0.46819147,0.18045816,-0.47092986,0.22272137,-0.47359928,0.0812569,-0.46530795,0.0729771,-0.4656526,0.06583713,-0.46629095,0.44008654,-0.43968326,0.19532897,-0.4362325,0.14828396,-0.33067128,0.07609217,-0.3288115,1.0,-0.0341762,0.0,0.0,1.6324897,0.3675101,-0.059431233,0.4550127,1.0587263,0.66719484,-0.54676884,0.46548742,0.9116353,0.74648994,-0.67170286,0.45563126,0.83647877,0.68387395,-0.6664563,0.39928848,0.8628622,0.656912,-0.61092466,0.3988722,0.8160794,1.0112042,0.17940922,1.0,0.85903436,1.7295002,0.0688172,1.740063,0.8681836,2.1757338,-0.02871771,2.347011,0.85156274,2.2099915,-0.009963729,2.4112492,0.79084766,2.4746063,-0.141138,2.586249
498.jpg,-0.05316464,-0.3990104,0.03525076,-0.47062084,0.07972003,-0.47324672,0.13472438,-0.4762176,-0.03302605,-0.46761832,-0.041503984,-0.46802917,-0.04977097,-0.4686715,0.40988576,-0.44724002,0.13241638,-0.44421056,0.06135582,-0.32840088,-0.0227089,-0.32560033,1.0,-0.021129109,0.0,0.0,0.92513084,0.57372123,0.10409908,0.5144185,-0.26241657,0.4490938,0.1647248,0.8338424,-0.50264585,0.42826903,0.13098311,0.9620573,-0.4929481,0.3672946,0.12629034,0.9224455,-0.42007923,0.36663002,0.15856832,0.8739193,0.89384925,1.0098704,0.040154,1.0,0.9809755,1.7086641,-0.06640867,1.7425783,1.0063305,2.1867497,-0.21451622,2.338043,0.98823464,2.22016,-0.18289252,2.38835,0.8211415,2.3876817,-0.39655447,2.5581412
499.jpg,-0.05113302,-0.38690877,0.035148047,-0.4574856,0.08709088,-0.46170673,0.14467154,-0.46510732,-0.038706552,-0.4537081,-0.051048152,-0.45418966,-0.064361215,-0.45467156,0.4262909,-0.43642226,0.10362953,-0.42944673,0.054917846,-0.31894502,-0.03031295,-0.3151424,1.0,-0.006233437,0.0,0.0,0.8688052,0.5606256,0.08172837,0.50651586,-0.29757756,0.39947632,0.11344421,0.7980411,-0.5352607,0.37479737,0.10294602,0.91091245,-0.5203164,0.3185347,0.08886861,0.8625549,-0.44643047,0.3210098,0.11936848,0.81239057,0.9054107,1.0126277,0.035006598,1.0,0.990835,1.7006329,-0.082708426,1.726433,1.0387162,2.1351252,-0.2040845,2.324548,1.0002779,2.1732247,-0.1493374,2.3741364,0.9251684,2.338739,-0.27899948,2.5943408
580.jpg,0.1186357,-0.41770107,0.19922496,-0.48991308,0.24840043,-0.4928079,0.29889917,-0.49457207,0.11789418,-0.4862191,0.10084509,-0.4860117,0.081486665,-0.4859328,0.49600428,-0.45450833,0.17424107,-0.45141038,0.20653038,-0.34599486,0.10853298,-0.34426174,1.0,-0.020622525,0.0,0.0,1.4228982,0.4963838,-0.023902088,0.48252147,0.6724062,0.74712014,-0.606307,0.43867567,0.5100736,0.8327803,-0.76252156,0.4029032,0.44095758,0.77511823,-0.7732126,0.3497117,0.47933924,0.7483805,-0.71358985,0.3570992,0.8631002,1.0156952,0.1979521,1.0,0.90845007,1.6785479,0.0450561,1.7021455,0.9357105,2.1215293,-0.041196138,2.2473137,0.92025733,2.191557,0.015465253,2.2937944,1.056922,2.3903239,-0.23032776,2.4841628
583.jpg,0.15805371,-0.39664093,0.223527,-0.46824622,0.2651391,-0.47147408,0.3124923,-0.47515067,0.15626764,-0.46464115,0.14084814,-0.46445042,0.12425908,-0.46461415,0.48293102,-0.4415518,0.20266071,-0.4287821,0.22758138,-0.3279878,0.14826658,-0.3246521,1.0,-0.0076873717,0.0,0.0,1.650191,0.3241541,-0.13835932,0.4818992,1.3187197,0.72331935,-0.49648392,0.29093808,1.224822,0.8179873,-0.6135521,0.20033316,1.1596874,0.77179945,-0.5992656,0.1565525,1.1669405,0.74767286,-0.5537377,0.18789381,0.7879361,1.0173137,0.1789502,1.0,0.8323179,1.6938128,0.07308572,1.7349594,0.84904355,2.1696298,0.011287249,2.3406672,0.8024139,2.2355487,0.03621397,2.3899534,0.9500123,2.442372,0.0045886645,2.5580895
588.jpg,0.15395421,-0.4217844,0.23401687,-0.48698017,0.2783782,-0.48936525,0.33228305,-0.49133533,0.15602157,-0.48643067,0.13838068,-0.48639458,0.12049197,-0.48623645,0.49897742,-0.45077166,0.20560853,-0.4480782,0.23556569,-0.3418633,0.14521441,-0.3439825,1.0,-0.0118699325,0.0,0.0,1.6446488,0.28797692,-0.07467035,0.44846094,1.371952,0.6787368,-0.4402032,0.53989303,1.2767243,0.7616945,-0.54757786,0.56583285,1.2117567,0.7268085,-0.5432943,0.5268469,1.2267568,0.6999137,-0.49313596,0.5155857,0.7904231,1.0157133,0.1774268,1.0,0.81197006,1.7285653,0.07424678,1.7650288,0.87244534,2.182984,0.0065764887,2.3406734,0.8349097,2.2292094,0.04478019,2.3833897,0.9857312,2.380453,-0.022438243,2.5157452
920.jpg,0.057209067,-0.42576844,0.13618678,-0.49524912,0.17248689,-0.4973807,0.21170366,-0.49925697,0.07750281,-0.49277195,0.06983669,-0.4938527,0.06327952,-0.49511635,0.40951097,-0.47046572,0.20134546,-0.47436368,0.14216481,-0.35680223,0.079124615,-0.3513498,1.0,-0.011352243,0.0,0.0,1.7067031,0.39037207,-0.13792345,0.4755594,1.176289,0.7865486,-0.68380344,0.4430545,1.0298553,0.88957125,-0.8544351,0.4096804,0.95084363,0.8246899,-0.8567837,0.3465088,0.98457867,0.7977123,-0.79150754,0.35135198,0.8002716,1.0056236,0.15615763,1.0,0.8476018,1.6938046,0.094534904,1.7235057,0.899124,2.0633092,0.05402878,2.2240844,0.85726047,2.0920806,0.10096322,2.2626615,0.89194095,2.3124168,0.06960106,2.4598162
922.jpg,0.06846236,-0.41145957,0.1426357,-0.4790694,0.17717697,-0.4813919,0.21484101,-0.48318842,0.08624514,-0.47670797,0.07817581,-0.47777712,0.071614794,-0.47887188,0.40591556,-0.45268357,0.20200343,-0.452925,0.14248942,-0.3397015,0.081588455,-0.33745062,1.0,-0.014038514,0.0,0.0,1.6989732,0.24413277,-0.28274554,0.44174784,1.5044863,0.68388087,-0.7278874,0.21880765,1.4288273,0.7944055,-0.85982984,0.11641201,1.3452293,0.76605,-0.8295428,0.06867316,1.3542987,0.7357412,-0.7816624,0.09305449,0.7652464,1.0127616,0.1413522,1.0,0.7901841,1.6986637,0.0915675,1.7441597,0.8275272,2.0622878,0.043660164,2.3011785,0.80047625,2.0810623,0.084328674,2.309212,0.78906775,2.2779262,0.10495414,2.6190107
925.jpg,0.067133166,-0.40053627,0.13176955,-0.46998134,0.16131592,-0.4738441,0.19664145,-0.4767682,0.081453815,-0.46646097,0.074397184,-0.4680107,0.06855543,-0.4692917,0.39284,-0.443332,0.18738519,-0.4428033,0.14435337,-0.326435,0.08613189,-0.32674626,1.0,-0.02497933,0.0,0.0,1.6330662,0.18857785,-0.39963233,0.39697295,1.5992897,0.6015299,-0.69677943,0.12001775,1.5889472,0.7122159,-0.7918973,0.019530848,1.4876652,0.6947009,-0.75414234,-0.030646507,1.472329,0.6594054,-0.7046479,0.0024579524,0.7766675,1.006437,0.18100443,1.0,0.76738274,1.6818057,0.12126173,1.7301102,0.81326383,2.0858383,0.05748744,2.22119,0.7790169,2.1202533,0.08257702,2.2429135,0.8330864,2.3113828,0.11858033,2.4394922
927.jpg,0.07030118,-0.40782818,0.13769902,-0.47639382,0.16784498,-0.47931492,0.20027189,-0.48086172,0.08949607,-0.47386596,0.08366941,-0.4749949,0.07900769,-0.47598243,0.3886525,-0.44335943,0.2054726,-0.4460432,0.13810214,-0.33792338,0.08788131,-0.3342529,1.0,-0.026969872,0.0,0.0,1.6522584,0.20582798,-0.34247708,0.4161226,1.5159965,0.63057774,-0.6862615,0.17976154,1.4497259,0.742301,-0.7834427,0.0804633,1.3738306,0.7212938,-0.74678135,0.031108849,1.3768005,0.6895705,-0.70472383,0.059454206,0.7979749,1.0108835,0.17525838,1.0,0.786319,1.6972562,0.123715475,1.7601209,0.821004,2.077151,0.060592975,2.2924306,0.76644343,2.1080189,0.094686806,2.325525,0.85104597,2.3164625,0.08099145,2.5437572
950.jpg,0.030745223,-0.4044286,0.11196375,-0.47496223,0.14979786,-0.47784254,0.19676156,-0.48189655,0.04569591,-0.47454444,0.03587078,-0.4751761,0.026654426,-0.47620493,0.4266974,-0.45805043,0.17885536,-0.45355666,0.13070367,-0.33312216,0.051159896,-0.32890162,1.0,-0.017417276,0.0,0.0,1.579191,0.48662543,-0.13813059,0.4627103,0.89044136,0.79525465,-0.84049255,0.4536923,0.71769726,0.8946573,-1.0519884,0.42626494,0.62099266,0.8327858,-1.0586662,0.37227678,0.66835076,0.80586183,-0.9795748,0.3757778,0.87376285,1.0134828,0.19600365,1.0,0.96297,1.6925211,0.10795158,1.7398775,1.0221258,2.0439346,0.028693948,2.2929308,1.0198991,2.0690644,0.08685234,2.3491404,0.9077595,2.2852564,0.012861714,2.5971184
951.jpg,0.04939606,-0.3870042,0.12348277,-0.4580063,0.1601876,-0.46229655,0.20030612,-0.4654319,0.06688315,-0.4534418,0.059335154,-0.4551113,0.052955203,-0.45663318,0.41335624,-0.44070897,0.19735241,-0.44084713,0.14090082,-0.31940997,0.07078451,-0.3161607,1.0,0.013069897,0.0,0.0,1.6831818,0.42017397,-0.21525148,0.4624631,1.1391369,0.820354,-0.7932947,0.34789187,0.9999771,0.9336556,-0.98578745,0.28057465,0.9095112,0.87326914,-0.96951747,0.23140557,0.937531,0.842957,-0.8933136,0.2512907,0.81284106,1.0060875,0.17164987,1.0,0.873369,1.7141974,0.10741587,1.7530413,0.9313356,2.1228688,0.04413395,2.287727,0.88418263,2.169552,0.07946289,2.3214493,0.96733606,2.3372707,0.07119576,2.5311573
953.jpg,0.055946223,-0.36217073,0.1282385,-0.42695996,0.16379793,-0.42972693,0.20194253,-0.43147442,0.073679805,-0.42765695,0.06673079,-0.43012437,0.061450362,-0.43245032,0.41292837,-0.40220514,0.20147409,-0.41207546,0.13687427,-0.29236642,0.07333675,-0.29399562,1.0,0.010642329,0.0,0.0,1.762835,0.2860414,-0.3981401,0.41568947,1.4839817,0.72456205,-0.81608886,0.15687089,1.4042562,0.8341903,-0.9522126,0.044854034,1.3100593,0.80063796,-0.9132718,0.003465319,1.3100016,0.7687189,-0.85610616,0.041946348,0.8217679,1.0074955,0.16113047,1.0,0.8598455,1.6650053,0.11814788,1.7369931,0.90040964,2.0659046,0.07048298,2.224041,0.86036277,2.0836978,0.10980635,2.2387083,0.8427849,2.2733433,0.12324876,2.4448028
954.jpg,0.07167772,-0.35969982,0.13354774,-0.423825,0.16555959,-0.42687812,0.20082803,-0.42925677,0.08610284,-0.42422333,0.08028227,-0.42666763,0.07626446,-0.42900765,0.40060923,-0.4035193,0.20982209,-0.40996343,0.14524496,-0.2943906,0.08979381,-0.29271427,1.0,-0.002822988,0.0,0.0,1.669241,0.24984959,-0.4183193,0.39973545,1.4656574,0.6854589,-0.75359845,0.10181047,1.4204463,0.79319096,-0.8592765,-0.0054300833,1.3301423,0.77185434,-0.812729,-0.05404892,1.3270526,0.7432607,-0.7664494,-0.021072205,0.78951204,1.0057838,0.16828056,1.0,0.8288866,1.6561301,0.13999133,1.7118968,0.8592982,2.0401502,0.067931026,2.2132165,0.8290984,2.0717201,0.0846477,2.2338786,0.78941375,2.2507758,0.14265789,2.4934137
956.jpg,0.11305056,-0.35793874,0.1783893,-0.42503238,0.21400811,-0.4287249,0.25794664,-0.4326746,0.117309675,-0.4225852,0.1053416,-0.42326245,0.09411557,-0.42389256,0.44338784,-0.40527576,0.20465778,-0.40018496,0.19142984,-0.28691894,0.12281947,-0.2849886,1.0,-0.0012933641,0.0,0.0,1.6408887,0.22622603,-0.41625237,0.3901848,1.4829785,0.6536597,-0.6753089,0.08547581,1.4366835,0.76665425,-0.7638791,-0.010924221,1.3540876,0.7457464,-0.7179761,-0.060991265,1.3532599,0.71468794,-0.667917,-0.029422486,0.7988447,1.0094528,0.19971181,1.0,0.81108135,1.6494658,0.14972313,1.7008759,0.8574981,2.0193782,0.10068959,2.1891434,0.82381713,2.047967,0.14028084,2.2111797,0.87760544,2.2311902,0.12671992,2.4401238
957.jpg,0.110302396,-0.33814278,0.17254876,-0.40794075,0.20466872,-0.41086107,0.24682868,-0.41389492,0.115799055,-0.40689924,0.10481088,-0.40842608,0.09487164,-0.40981537,0.43626747,-0.39441818,0.20390335,-0.38746816,0.1856853,-0.2734269,0.118727624,-0.2714542,1.0,-0.0008966415,0.0,0.0,1.6519592,0.25166988,-0.3945874,0.3992074,1.4695181,0.67974716,-0.64231664,0.10799698,1.4008186,0.78725964,-0.74227685,0.007468614,1.3257225,0.7542391,-0.696356,-0.04324317,1.3314734,0.7239226,-0.648616,-0.013743996,0.81934595,1.0090034,0.20631051,1.0,0.832721,1.6559734,0.1643588,1.6964098,0.8845598,2.021268,0.12580009,2.1737313,0.8408569,2.0478554,0.16571929,2.1926484,0.8641303,2.252815,0.16722912,2.4150867
958.jpg,0.11150835,-0.330892,0.17003796,-0.40144303,0.2020101,-0.4034594,0.2438181,-0.40666842,0.11580015,-0.40024388,0.10556869,-0.4014416,0.095154926,-0.4029733,0.43838456,-0.38388383,0.1968942,-0.3753948,0.18526559,-0.26403052,0.11588565,-0.26201317,1.0,0.010196709,0.0,0.0,1.6174594,0.28669658,-0.3461285,0.40600932,1.3794478,0.6964808,-0.6364581,0.15113059,1.3043656,0.79540604,-0.74458784,0.04025866,1.2317209,0.76182187,-0.703167,-0.0076082316,1.2335143,0.7338718,-0.6608663,0.022674195,0.80920744,1.0063988,0.18942735,1.0,0.83573586,1.64488,0.16059445,1.7136483,0.87700504,2.0285342,0.124588,2.2034147,0.8322175,2.0508127,0.15908436,2.2200813,0.8450519,2.2429836,0.17979509,2.4668236
959.jpg,0.12633277,-0.34329352,0.18499711,-0.41764173,0.22374542,-0.419893,0.27180853,-0.42193156,0.12778787,-0.4175114,0.11523895,-0.41890237,0.10191239,-0.42010963,0.45942095,-0.3965084,0.19955437,-0.3902975,0.20227182,-0.27290437,0.13103746,-0.27263814,1.0,0.0035522035,0.0,0.0,1.6145769,0.32924864,-0.27528945,0.43713146,1.2908065,0.74061817,-0.6432671,0.19414046,1.178004,0.82875717,-0.7401647,0.091907196,1.1213684,0.78232884,-0.7058618,0.048653442,1.1334587,0.7571135,-0.6679115,0.072881445,0.8059062,0.9992107,0.19814771,1.0,0.85391265,1.6401194,0.1718587,1.7185888,0.89409924,2.0558815,0.11068286,2.2241876,0.8526948,2.0933988,0.14677766,2.2485523,0.8746399,2.2653103,0.17142639,2.4601753
961.jpg,0.118763804,-0.37247565,0.18064307,-0.44711444,0.2202512,-0.45016712,0.26660907,-0.4527406,0.12118444,-0.4472616,0.10905349,-0.44930398,0.09672168,-0.4510165,0.4595721,-0.42843285,0.20225601,-0.42511937,0.19908202,-0.29872835,0.12521781,-0.29890373,1.0,-0.0070149773,0.0,0.0,1.5115734,0.42183647,-0.13234387,0.48630083,0.99023277,0.75834954,-0.5641505,0.36785394,0.86132,0.8433416,-0.69797266,0.3001164,0.8037688,0.78250545,-0.6894439,0.25213796,0.82473886,0.7566488,-0.6404228,0.27262178,0.81354415,0.9925516,0.20353508,1.0,0.86720866,1.6248235,0.16563283,1.7142632,0.89943767,2.059012,0.12138429,2.2255898,0.86100703,2.098533,0.16018759,2.2453935,0.89110875,2.2774332,0.17077422,2.4424574
