1037.jpg,0.2522612,-0.39713997,0.360261,-0.46075615,0.4218103,-0.4604017,0.48292056,-0.45803788,0.23525256,-0.46154332,0.21109691,-0.46303192,0.18479449,-0.46485054,0.60108656,-0.41758835,0.21923585,-0.4308992,0.36597562,-0.3093167,0.22099626,-0.3154185,1.0,0.025659151,0.0,0.0,0.9581647,0.55500335,-0.11787497,0.39060313,0.14113474,0.3552979,-0.19314474,0.7655291,-0.0535566,0.29106328,-0.24171004,0.8780107,-0.05627586,0.24768904,-0.23694396,0.87666786,0.0035909333,0.26145932,-0.20564274,0.8465325,0.7792578,1.0179352,0.12933087,1.0,0.8611871,1.6879479,0.11674144,1.7681718,0.92283034,2.1200757,0.019146545,2.467381,0.91119975,2.157584,0.046001516,2.5089624,0.89443946,2.355877,0.11058032,2.7610996
1038.jpg,0.20749106,-0.40094134,0.31462815,-0.46858105,0.3789846,-0.4693646,0.4449703,-0.46924856,0.19814558,-0.46829054,0.17670731,-0.46915385,0.15378205,-0.46997306,0.59080774,-0.42723155,0.21583535,-0.43220407,0.3169474,-0.31197923,0.18477742,-0.3155683,1.0,0.013949466,0.0,0.0,0.83076876,0.5245522,-0.0017184486,0.42329141,-0.004832856,0.28022596,-0.060680937,0.7260546,-0.19081746,0.2159345,-0.11225687,0.8228243,-0.17827968,0.16856809,-0.119243406,0.80125767,-0.11951683,0.18501426,-0.089857854,0.7680315,0.79264826,1.025063,0.103496455,1.0,0.8982272,1.6818784,0.11146956,1.7538476,0.95868385,2.0867095,0.017525328,2.4767075,0.94193155,2.1159048,0.029791936,2.5179925,0.93043655,2.3295777,0.122151054,2.7691514
1041.jpg,-0.104358755,-0.34221563,0.016036035,-0.40744677,0.07871808,-0.40897563,0.15875022,-0.4108142,-0.09467952,-0.4077521,-0.111280195,-0.4084846,-0.12596546,-0.40904474,0.4520319,-0.37784588,0.08451942,-0.38439262,0.036690194,-0.26726076,-0.0925822,-0.26590514,1.0,0.024874965,0.0,0.0,0.19867562,0.43650767,0.13228439,0.47896814,-0.81649625,0.119713694,0.14252712,0.8039415,-1.0110191,0.04337845,0.17519137,0.9149669,-0.9319217,0.0043414943,0.17207322,0.88492084,-0.86466575,0.022121415,0.19478051,0.8380624,0.9083801,1.0183746,-0.12474838,1.0,0.99274343,1.6196166,-0.22096345,1.6581537,1.1201952,2.0125825,-0.35378033,2.1732278,1.1111356,2.0408769,-0.27482182,2.2225158,0.9435497,2.2197392,-0.5615034,2.4220245
1044.jpg,-0.17258355,-0.34711474,-0.07500038,-0.4157088,-0.029977022,-0.41834778,0.02621942,-0.42110878,-0.13899821,-0.4132164,-0.1428048,-0.41370043,-0.14583424,-0.4144774,0.367112,-0.3977758,0.097321175,-0.39669913,-0.057354763,-0.27659267,-0.12705332,-0.2733768,1.0,0.020651214,0.0,0.0,0.020976009,0.41358256,0.045383897,0.469512,-1.0140586,0.100935146,0.079845496,0.7969112,-1.2309202,0.025052804,0.09434247,0.905359,-1.1348535,-0.021685166,0.091230415,0.87279725,-1.0551815,-0.0003549226,0.108276516,0.8262279,0.9049801,1.0190635,-0.12847894,1.0,1.0011376,1.6515963,-0.2131719,1.6769161,1.1259823,2.0303853,-0.33768612,2.2547872,1.1166202,2.0571618,-0.25868443,2.305697,0.96546286,2.2633169,-0.39540026,2.475757
1047.jpg,-0.12776771,-0.36352235,-0.034459144,-0.44287312,0.012971566,-0.4459025,0.063749395,-0.44820106,-0.104240306,-0.43895203,-0.10722088,-0.43997276,-0.108542696,-0.44118217,0.3604107,-0.42041388,0.13634966,-0.42639577,-0.00045635406,-0.29436374,-0.08839459,-0.28965217,1.0,0.023157151,0.0,0.0,0.41003853,0.513643,0.041573387,0.5345376,-0.7504496,0.22272809,0.16322523,0.8183995,-0.9662241,0.16310263,0.18777698,0.9218166,-0.91936344,0.112575695,0.19967437,0.88090885,-0.8501144,0.12588347,0.21430054,0.83493644,0.8679553,1.0232271,-0.0302881,1.0,0.95619833,1.648826,-0.1364509,1.6806278,1.0938532,2.0312061,-0.21422163,2.1818368,1.1329906,2.0642915,-0.14241414,2.241522,0.9200036,2.2872944,-0.3003059,2.411229
1048.jpg,-0.07047565,-0.37356964,0.012581021,-0.45288697,0.056135677,-0.45616058,0.10362662,-0.45861247,-0.05116842,-0.4496899,-0.054853495,-0.45125416,-0.057585012,-0.45319584,0.37983873,-0.4301114,0.16029748,-0.43584904,0.040929038,-0.3060502,-0.036491275,-0.30271304,1.0,0.018102407,0.0,0.0,0.5468107,0.542617,0.09481188,0.5469187,-0.56458735,0.29766393,-0.13568726,0.8202604,-0.76890486,0.2520321,-0.20113297,0.9135178,-0.740271,0.19960356,-0.24613649,0.8738275,-0.6759479,0.21022607,-0.20030525,0.8414044,0.843824,1.0294367,0.031831745,1.0,0.9411556,1.6625553,-0.08607597,1.6711644,1.0712293,2.0579765,-0.17046896,2.1894512,1.0957047,2.096842,-0.10944913,2.2561204,0.9074533,2.291367,-0.3880086,2.4091778
1068.jpg,-0.056511916,-0.3635294,0.010564304,-0.43870145,0.042435862,-0.4423417,0.0826894,-0.4463149,-0.0421731,-0.43526885,-0.04593417,-0.43677366,-0.04829991,-0.43833804,0.3404291,-0.4315429,0.1412258,-0.4213555,0.052790735,-0.30545038,-0.010448965,-0.2995674,1.0,0.010630953,0.0,0.0,1.0022738,0.5936951,0.15576105,0.5376988,-0.08663562,0.5636979,0.08807388,0.8360731,-0.32893777,0.54774535,0.04747346,0.9266187,-0.33687875,0.49742946,0.0021476357,0.8854688,-0.27631137,0.4951917,0.04208334,0.84511095,0.83652127,1.0224277,0.071163796,1.0,0.89739215,1.7003839,-0.04762652,1.7269299,0.9676463,2.1076136,-0.10191969,2.3110719,0.97781515,2.147503,-0.060231794,2.3811426,0.82167816,2.3501012,-0.11809352,2.5896204
1069.jpg,-0.09642997,-0.36466405,-0.03238673,-0.4395083,0.008571553,-0.44337693,0.056132156,-0.44740945,-0.08312533,-0.43807307,-0.08644137,-0.439828,-0.08945204,-0.44150582,0.3357603,-0.43351886,0.11687253,-0.42853996,0.011496866,-0.29935628,-0.05046104,-0.29580516,1.0,-0.0064194826,0.0,0.0,0.9157069,0.5814463,0.26164746,0.5308383,-0.28600946,0.45539397,0.1955511,0.830516,-0.52591,0.41663826,0.1553772,0.92836976,-0.5210706,0.35772043,0.11740325,0.88775474,-0.44829288,0.36228514,0.15602109,0.8428614,0.87805784,1.0195912,0.033818413,1.0,0.9654016,1.6932465,-0.08467945,1.7175686,0.9930987,2.1132476,-0.16811892,2.3354833,0.98785293,2.1647682,-0.13390295,2.4080555,0.913622,2.3649104,-0.23693231,2.6165981
1073.jpg,-0.3940377,-0.33605483,-0.30335596,-0.41135317,-0.24565779,-0.41576558,-0.1736771,-0.42067713,-0.38278466,-0.4067672,-0.38713336,-0.4075222,-0.39046383,-0.40847075,0.24014828,-0.414138,-0.06372039,-0.40703854,-0.23466326,-0.2725306,-0.32170343,-0.26685643,1.0,-0.007218179,0.0,0.0,-0.12234823,0.42636928,0.15363377,0.5119347,-1.4204733,0.12639648,0.20369096,0.89168954,-1.6383309,0.048089728,0.24391873,1.0016313,-1.5286868,0.0036858518,0.1926734,0.9793039,-1.4437679,0.02630896,0.19349287,0.933636,1.0263875,1.0238701,-0.18611038,1.0,1.0920233,1.6600294,-0.41676915,1.6855464,1.2730584,2.055811,-0.56760895,2.2109985,1.2672285,2.0896266,-0.49316406,2.265012,1.050397,2.3011987,-0.60833573,2.4614396
1074.jpg,-0.37701365,-0.34383515,-0.28159252,-0.41635656,-0.22723585,-0.42003378,-0.15839694,-0.42393923,-0.3514683,-0.41317248,-0.35501227,-0.41406548,-0.3575463,-0.4149861,0.2565982,-0.40998662,-0.03209499,-0.40749738,-0.23315002,-0.2791201,-0.30678183,-0.27538717,1.0,-0.0016440246,0.0,0.0,-0.14922957,0.40216392,0.048648156,0.49649987,-1.3742725,0.108978935,0.15978275,0.87397426,-1.6152147,0.03313916,0.19375859,0.9869815,-1.5031717,-0.011958216,0.1563629,0.96103656,-1.4096795,0.0074034743,0.15602106,0.91303617,0.9998794,1.0247519,-0.20105077,1.0,1.0679928,1.67199,-0.41820154,1.6967093,1.2702492,2.040287,-0.53727585,2.2470434,1.3314109,2.0694807,-0.46721777,2.3032038,0.96200854,2.3006039,-0.5696127,2.5249608
1077.jpg,-0.18048488,-0.33163524,-0.10255061,-0.40491265,-0.052624997,-0.40849984,0.008616268,-0.41251007,-0.17120577,-0.40197423,-0.17747694,-0.40306136,-0.18286529,-0.4041344,0.3424648,-0.40024525,0.07543924,-0.39640686,-0.04859242,-0.2665041,-0.1227714,-0.26244903,1.0,0.0055257394,0.0,0.0,0.09871543,0.4273027,0.12855513,0.48943073,-0.94819933,0.13408718,0.18159346,0.86019665,-1.1580834,0.058224,0.19099356,0.9756259,-1.077048,0.013334385,0.19687976,0.94541276,-1.0001019,0.034786314,0.21450478,0.8952233,0.90214133,1.016515,-0.09472164,1.0,0.9993412,1.6540726,-0.26735845,1.6859592,1.1603249,2.0361226,-0.37088102,2.2273586,1.1887127,2.0797768,-0.32207614,2.2919614,0.92760575,2.2819152,-0.4783557,2.4733238
1080.jpg,-0.03050523,-0.3711556,0.031365775,-0.4488887,0.07304808,-0.4522036,0.1221754,-0.4557185,-0.022013836,-0.44697928,-0.027500598,-0.44830287,-0.032964643,-0.4496817,0.38605884,-0.4390141,0.15690339,-0.43478826,0.07561971,-0.3035523,0.0060201716,-0.3000964,1.0,0.0044917758,0.0,0.0,0.71532995,0.55509824,0.10968707,0.5287172,-0.38369212,0.32566172,-0.18935643,0.8481646,-0.5931668,0.27391675,-0.26479304,0.9306536,-0.5740145,0.22925216,-0.29894945,0.89290583,-0.5098449,0.24111181,-0.2463277,0.87405205,0.8040814,1.0262234,0.010992152,1.0,0.8782844,1.6893723,-0.07174954,1.7085564,0.97301507,2.0600295,-0.14535329,2.2717028,0.9720873,2.082616,-0.088130765,2.330921,0.8498519,2.3333602,-0.31672734,2.4900208
1103.jpg,0.14528629,-0.38453957,0.24106403,-0.45028815,0.29919696,-0.45259497,0.3630137,-0.45472884,0.13604799,-0.44851854,0.113809355,-0.4498342,0.090578295,-0.45143235,0.5361815,-0.41668802,0.16323864,-0.417304,0.25339052,-0.3094417,0.13113154,-0.30973932,1.0,0.016818108,0.0,0.0,0.8567948,0.5640461,0.02642054,0.47381526,-0.066736795,0.41640565,0.02149868,0.7666445,-0.28047988,0.38032052,-0.024917034,0.84371823,-0.28000706,0.3260454,-0.022881564,0.8094836,-0.21979113,0.33322486,-0.0037160406,0.79233164,0.7949149,1.0165585,0.06991894,1.0,0.8732046,1.6755496,0.069929376,1.7209498,0.9231114,2.0614996,-0.021333985,2.3258212,0.8888165,2.0731013,0.004350845,2.3615315,0.8428361,2.289489,0.002145654,2.6332738
1176.jpg,0.1827056,-0.38968086,0.2945763,-0.45550102,0.35361978,-0.45641872,0.41905943,-0.45708779,0.17720297,-0.45635214,0.15700302,-0.4568947,0.1348749,-0.45747325,0.56951493,-0.4107519,0.19559842,-0.41588122,0.2860668,-0.30509177,0.15974541,-0.3074174,1.0,0.029931951,0.0,0.0,0.79084706,0.55652475,0.016471079,0.41961193,-0.05459033,0.30086884,-0.029415894,0.7610325,-0.25113046,0.23863497,-0.08459545,0.8597338,-0.24504998,0.19393127,-0.09494773,0.82270586,-0.18116593,0.21156622,-0.047417905,0.8017769,0.7809049,1.0157164,0.100792974,1.0,0.898463,1.6419196,0.086233,1.7253182,0.9926788,2.0316617,-0.010139814,2.4095757,0.98471874,2.0562215,0.020120654,2.432903,0.9017662,2.2716439,0.06978886,2.7078764
1178.jpg,0.049850397,-0.36511073,0.16314182,-0.43040282,0.21912076,-0.4317895,0.28716207,-0.43253368,0.060519367,-0.43090585,0.043309037,-0.4317204,0.029055094,-0.43264097,0.50748104,-0.38899222,0.17018741,-0.40191212,0.15816253,-0.28832182,0.045476843,-0.28950858,1.0,0.044163153,0.0,0.0,0.66832477,0.5539423,0.053605888,0.51302695,-0.38835868,0.25633845,0.093266405,0.79737884,-0.5836267,0.20382449,0.076496765,0.9111077,-0.56497633,0.15921295,0.061780646,0.8774162,-0.5072694,0.17052309,0.09815883,0.8287879,0.8449164,1.033485,0.031339474,1.0,0.94445443,1.6391215,-0.051220935,1.6695554,1.044115,2.0209954,-0.11603523,2.2335687,1.0055242,2.0513709,-0.05571472,2.270376,0.9322412,2.2546852,-0.16608769,2.4805682
1180.jpg,-0.054932218,-0.3369353,0.069535784,-0.40403247,0.12666005,-0.403525,0.19397955,-0.4026626,-0.026232759,-0.40700653,-0.037261482,-0.40883023,-0.047001764,-0.41113004,0.47543025,-0.36052603,0.15325867,-0.38236386,0.048026614,-0.26638514,-0.050173838,-0.26908642,1.0,0.05863172,0.0,0.0,0.40501407,0.5346224,0.13221657,0.48377874,-0.61084265,0.24775966,0.10434744,0.86201483,-0.83158106,0.197366,0.2310681,0.94838774,-0.78843725,0.14396603,0.23497455,0.9174509,-0.7227947,0.15341347,0.26508844,0.86664134,0.8901735,1.0339799,-0.017162,1.0,0.9972723,1.6371663,-0.1261355,1.6662323,1.127562,2.02212,-0.20583172,2.1967223,1.1384442,2.056686,-0.124512285,2.2397304,0.95515126,2.2487078,-0.3272373,2.4321754
1185.jpg,-0.052439414,-0.392415,0.04516532,-0.47009,0.085316084,-0.47103664,0.13295181,-0.47175464,-0.019438757,-0.46968868,-0.023577869,-0.47071669,-0.026176497,-0.47163615,0.39488634,-0.43011725,0.19105203,-0.4446706,0.05378405,-0.3181052,-0.022775691,-0.31659412,1.0,0.022772657,0.0,0.0,0.6001456,0.5538335,0.19605955,0.5121953,-0.41614267,0.34784377,0.050574396,0.8697762,-0.6320383,0.29464263,0.07716889,0.91863745,-0.61228913,0.25042337,0.0038845576,0.91107666,-0.5477827,0.26099116,0.01186502,0.8729929,0.86596936,1.0374643,0.032273155,1.0,0.965109,1.6618555,-0.066981964,1.6727393,1.0743679,2.0452516,-0.13886812,2.1928875,1.0575765,2.073447,-0.07133055,2.2325647,0.9595679,2.2821288,-0.2763822,2.4251313
1205.jpg,0.0376828,-0.41854358,0.12645873,-0.4892722,0.16365042,-0.49143773,0.20247377,-0.49209973,0.06908626,-0.48782,0.06273001,-0.4890003,0.05843235,-0.4900567,0.41022065,-0.45005333,0.21170087,-0.45824242,0.12552567,-0.34423906,0.0617658,-0.3423623,1.0,-0.00026540496,0.0,0.0,1.2516268,0.54750925,-0.043708522,0.44206324,0.52948797,0.7724828,-0.34696576,0.73648,0.31914186,0.84435797,-0.4773271,0.81933546,0.24925911,0.7937502,-0.49877787,0.8127544,0.27091736,0.77410656,-0.44732982,0.792461,0.77452826,1.0189523,0.12770395,1.0,0.85764873,1.6737988,0.052369863,1.7031498,0.95130277,2.0901527,-0.026421856,2.2749784,0.94000465,2.1314514,0.038539704,2.3191879,0.85112065,2.3022637,-0.1527354,2.4711301
1206.jpg,0.02197677,-0.41503787,0.1089742,-0.48387963,0.1438383,-0.48595336,0.18495917,-0.48769572,0.04754634,-0.48130253,0.040892284,-0.48217896,0.035801154,-0.48334005,0.4185939,-0.44589496,0.19351159,-0.45577157,0.12041683,-0.34185266,0.04661164,-0.33855125,1.0,-0.0030550044,0.0,0.0,1.136632,0.57108575,0.08519457,0.53226495,0.18465075,0.74110585,-0.121725716,0.835107,-0.022843363,0.7963957,-0.21664342,0.949264,-0.064316116,0.74662083,-0.250985,0.92314374,-0.009196684,0.73055226,-0.20415886,0.89000726,0.801483,1.0154294,0.10154162,1.0,0.8884937,1.7075739,0.03190305,1.7431887,0.96732235,2.1011395,-0.022149775,2.3259878,0.93280345,2.1307883,0.01614782,2.3661315,0.90234745,2.3389645,-0.13696037,2.5864043
1208.jpg,-0.06480898,-0.37625578,0.0076475795,-0.44609615,0.040583745,-0.44891247,0.08186622,-0.4522811,-0.037437804,-0.4446208,-0.038350523,-0.44575375,-0.038150147,-0.44691384,0.35246864,-0.43290195,0.16375919,-0.4288132,0.041819785,-0.31594527,-0.016163765,-0.3124355,1.0,0.01540951,0.0,0.0,0.85665894,0.57814044,0.21633354,0.51501524,-0.34901533,0.54869616,0.20768315,0.8950988,-0.6323418,0.5428679,0.26019555,0.98678267,-0.6343352,0.49526486,0.23486286,0.9517557,-0.54854316,0.49500838,0.2592636,0.9042103,0.82314134,1.0122427,0.016406843,1.0,0.9473684,1.6772356,-0.041056763,1.720407,1.0724646,2.0674212,-0.062190022,2.3094854,1.0669451,2.0907996,-0.004023461,2.3540287,0.9494932,2.332275,-0.10420737,2.5827935
1209.jpg,-0.064661376,-0.38461977,0.010037614,-0.45501232,0.050424665,-0.4573678,0.09334675,-0.4595818,-0.041119516,-0.45456293,-0.042407982,-0.45650274,-0.04251396,-0.4588138,0.37456852,-0.43378907,0.18167421,-0.43806267,0.037453253,-0.31293103,-0.022875449,-0.31101304,1.0,0.010191551,0.0,0.0,0.73603994,0.5598292,0.16787964,0.5191422,-0.5305937,0.4376532,0.14633258,0.8551543,-0.8119983,0.41072378,0.083622135,0.91012996,-0.8177604,0.36032194,0.057017826,0.86884886,-0.72857183,0.36214656,0.08903034,0.82798016,0.8418509,1.0246722,0.0065714726,1.0,0.9796793,1.6757659,-0.050504517,1.7109505,1.1098094,2.06223,-0.11359696,2.2713394,1.133968,2.0891774,-0.08163916,2.340322,0.95640606,2.3269823,-0.25077423,2.5108862
1216.jpg,-0.09845999,-0.3407326,-0.0093455985,-0.41433617,0.03692173,-0.41617396,0.087606244,-0.41845438,-0.0766335,-0.41345873,-0.081918396,-0.4148679,-0.085371345,-0.41693518,0.3768668,-0.39541945,0.15562855,-0.40538016,0.011750562,-0.27686128,-0.06487068,-0.27313468,1.0,0.010629239,0.0,0.0,0.20144697,0.41911435,0.19677697,0.4845963,-0.85205466,0.16031425,0.26665726,0.8655007,-1.045539,0.10641496,0.30565557,0.9864443,-1.0079201,0.06551121,0.3206267,0.95625913,-0.9382891,0.077293485,0.32492286,0.9034004,0.8761584,1.0280156,-0.0161703,1.0,0.9870983,1.6493423,-0.11479116,1.6896876,1.1020921,2.0290825,-0.20569254,2.2231133,1.0792049,2.0563235,-0.15337221,2.266958,1.0067006,2.2589831,-0.24760346,2.491976
1217.jpg,-0.09464876,-0.3412203,-0.0052491026,-0.41492468,0.04059539,-0.41608652,0.08975929,-0.4174892,-0.068903655,-0.41561708,-0.07257191,-0.41752163,-0.074749745,-0.42007428,0.36867124,-0.39244708,0.15625237,-0.40403825,0.013011013,-0.27787748,-0.06349374,-0.27571484,1.0,0.023735475,0.0,0.0,0.25587177,0.4776486,0.21172117,0.5068548,-0.81140375,0.19740053,0.1290261,0.88917077,-1.0181173,0.15359573,0.374411,1.0029337,-0.9679413,0.10299089,0.37091842,0.9773283,-0.89052355,0.11399005,0.36565956,0.9249721,0.8748888,1.019021,-0.012132481,1.0,0.9994379,1.6465636,-0.09332377,1.6922755,1.1178466,2.0257819,-0.15258874,2.2628775,1.1306095,2.0558894,-0.119400255,2.3245738,0.98694634,2.2857256,-0.14709611,2.530526
1220.jpg,0.012323075,-0.4245966,0.094235405,-0.49495953,0.13768582,-0.49623093,0.18538463,-0.49815172,0.030259226,-0.4959595,0.022964865,-0.49792665,0.016794244,-0.50003755,0.43068174,-0.46833038,0.20363611,-0.47438818,0.106753126,-0.34696445,0.038469274,-0.34473994,1.0,-0.015498767,0.0,0.0,0.7797453,0.54106635,0.0013032441,0.5421129,-0.30397856,0.44834426,-0.319752,0.7773849,-0.523017,0.43101704,-0.45822763,0.8960245,-0.555201,0.37126958,-0.48945013,0.87952524,-0.4818132,0.36972842,-0.41621584,0.8426815,0.80652124,1.021007,0.08258017,1.0,0.9146278,1.6818451,0.0064695063,1.7224746,1.0310988,2.0823236,-0.05145846,2.294083,1.0539906,2.1118343,-0.012272468,2.3603184,0.8819952,2.3410285,-0.18731074,2.561514
1243.jpg,0.058948416,-0.38803446,0.14497136,-0.45956665,0.19766717,-0.46241078,0.25642633,-0.46506843,0.059180792,-0.45688283,0.044507615,-0.45703262,0.0300118,-0.4569141,0.49106428,-0.42857218,0.16023605,-0.42712098,0.16626815,-0.3137844,0.069283456,-0.3123052,1.0,0.018394196,0.0,0.0,0.81583446,0.5788408,0.062269025,0.5010313,-0.24814571,0.42433286,-0.0425685,0.6856434,-0.46451613,0.38655552,-0.10817486,0.81207407,-0.47135848,0.32900366,-0.15619718,0.76183146,-0.40276292,0.33570293,-0.10895825,0.72162133,0.8771555,1.0203347,0.09477536,1.0,0.98011243,1.6662996,0.013469485,1.7092087,1.0750964,2.049569,-0.038691595,2.2637322,1.0463451,2.068069,0.00291131,2.3038929,0.9764833,2.3001418,-0.12744012,2.4861844
1244.jpg,0.062678196,-0.35574567,0.18538912,-0.42452815,0.24171796,-0.42473385,0.30558887,-0.42438027,0.083102286,-0.42496774,0.061749093,-0.42704698,0.04117067,-0.4296678,0.5027431,-0.39058748,0.18638736,-0.4033743,0.17381532,-0.2892424,0.055579938,-0.29213554,1.0,0.028443672,0.0,0.0,0.7024657,0.54250747,0.030703045,0.45022172,-0.29368186,0.34072545,-0.28141314,0.42081067,-0.51463187,0.28111655,-0.29082188,0.6287323,-0.5051219,0.23638615,-0.32244778,0.5794828,-0.43524462,0.24869992,-0.21113355,0.46065092,0.88971794,1.0279531,0.0957439,1.0,0.9923308,1.6257912,-0.004971543,1.6416458,1.0879962,1.9924176,-0.08798195,2.1869035,1.0529671,2.0225832,-0.05091304,2.2255034,0.98063034,2.229228,-0.21104391,2.4263387
1245.jpg,0.11353461,-0.35188603,0.23833857,-0.41837183,0.30186018,-0.41881293,0.36785433,-0.41898867,0.1187335,-0.4186307,0.09253671,-0.41975993,0.06903752,-0.42113647,0.5393375,-0.384147,0.17116317,-0.39415547,0.22878958,-0.282303,0.092245474,-0.28400055,1.0,0.04308211,0.0,0.0,0.6297518,0.5409521,0.07280256,0.50506556,-0.33521464,0.2782732,0.15635687,0.873912,-0.52573395,0.21520247,0.23764527,0.95325047,-0.50572574,0.17042999,0.23014782,0.9255938,-0.450077,0.18306296,0.2574417,0.8732735,0.8739757,1.0301704,0.11099637,1.0,0.96213996,1.6372895,0.026721707,1.6668588,1.0470723,2.0283883,-0.053522453,2.2125018,1.0167955,2.058006,0.0011666692,2.2530677,0.942188,2.2557487,-0.16555619,2.416928
1247.jpg,0.25253627,-0.3605231,0.3681998,-0.42613044,0.42817074,-0.4249349,0.48528057,-0.42283148,0.23140885,-0.42917624,0.19753392,-0.4295666,0.16452219,-0.42986122,0.61247313,-0.38339397,0.2051469,-0.39629853,0.36450833,-0.2809562,0.20745826,-0.28233573,1.0,0.023772264,0.0,0.0,0.56690717,0.46915442,0.08993766,0.47848338,-0.20527367,0.18759301,0.20224468,0.84310114,-0.35433632,0.12071811,0.38361198,0.9648975,-0.32919896,0.072826244,0.3979998,0.9483574,-0.28241453,0.08407451,0.41350433,0.8939571,0.8599026,1.0245452,0.15785144,1.0,0.9348538,1.638812,0.09145391,1.6757238,1.0196452,2.0371244,0.032943647,2.2119746,1.0117403,2.0714455,0.06509923,2.2424033,0.92555827,2.2596538,0.1436683,2.5156858
1315.jpg,0.17869146,-0.37748477,0.27213272,-0.45103765,0.33034816,-0.45289448,0.39458203,-0.45481896,0.16715041,-0.44526362,0.14262153,-0.44447318,0.11413859,-0.4429493,0.54670846,-0.41869617,0.17444377,-0.4042947,0.295915,-0.30059573,0.16314061,-0.29633632,1.0,0.025631204,0.0,0.0,0.9343387,0.5560311,-0.024102708,0.42900914,0.11240178,0.3286294,-0.15856747,0.7571121,-0.075450234,0.266867,-0.22000718,0.8619437,-0.07446859,0.22154145,-0.21368118,0.85723287,-0.01482606,0.23870265,-0.17611592,0.8276359,0.7688522,1.0205024,0.12697673,1.0,0.8733162,1.6572334,0.065563455,1.7336546,0.9314045,2.0709076,-0.013108189,2.4068606,0.9212108,2.1107676,0.030092217,2.4297552,0.8811007,2.3007176,-0.008020304,2.7218866
1317.jpg,0.16231088,-0.3837476,0.2334782,-0.4517463,0.28520554,-0.454187,0.34092814,-0.45636186,0.14983922,-0.44764704,0.12917598,-0.44678825,0.10928995,-0.44569287,0.527991,-0.4213769,0.1965774,-0.41122487,0.2578519,-0.3119082,0.157213,-0.30846447,1.0,0.016900856,0.0,0.0,0.7290398,0.4817065,0.11095023,0.46864054,-0.06504146,0.20203105,0.31954527,0.8288033,-0.23407824,0.1432357,0.36056742,0.96806514,-0.22038692,0.0959025,0.35999563,0.94292283,-0.16884293,0.11071556,0.36691937,0.8867654,0.81676495,1.00957,0.15325725,1.0,0.89536405,1.6062545,0.07027304,1.6806097,0.9565958,1.9958118,0.029762901,2.350834,0.9457681,2.0303087,0.0684084,2.4149463,0.9110124,2.2372,0.08894918,2.6345253
1321.jpg,-0.048483644,-0.3633206,0.037129465,-0.42455652,0.074494466,-0.42606336,0.11729761,-0.42802408,-0.020473283,-0.42292917,-0.024454664,-0.42300713,-0.027365934,-0.42318094,0.38024402,-0.3995461,0.16783254,-0.39940467,0.04841058,-0.2958293,-0.018353932,-0.2929679,1.0,0.02024006,0.0,0.0,0.45485058,0.47462088,0.20444964,0.48236662,-0.43762985,0.1434989,0.21652222,0.82583666,-0.6148447,0.0681465,0.23216365,0.9334483,-0.56785643,0.026383435,0.19517805,0.8972471,-0.51372266,0.042030178,0.21098104,0.84795564,0.87993044,1.0100882,0.061330896,1.0,0.95745414,1.6069465,-0.022664336,1.6861836,1.0523566,1.9886194,-0.08554186,2.328845,1.0360117,2.027892,-0.042064782,2.398431,1.0065114,2.2173972,0.00031858322,2.6098504
1322.jpg,-0.07609667,-0.35077232,0.013029842,-0.4155397,0.051678266,-0.41782,0.09928896,-0.42041445,-0.046552606,-0.41291392,-0.050893266,-0.4135061,-0.054379027,-0.41390583,0.37367797,-0.39492482,0.15306164,-0.39266944,0.026239272,-0.28488195,-0.03885995,-0.2817419,1.0,0.02151412,0.0,0.0,0.44492066,0.47858825,0.20267604,0.47598144,-0.49039713,0.16333531,0.24386832,0.83763653,-0.6826316,0.089357555,0.26374426,0.9513687,-0.6304086,0.044667874,0.24340361,0.9154486,-0.57396936,0.059933115,0.25882688,0.8634373,0.8674706,1.0129973,0.04609762,1.0,0.9481028,1.6168458,-0.029742625,1.6874869,1.0598981,2.0030456,-0.112849236,2.349147,1.0625142,2.0427496,-0.06834939,2.418523,0.96456933,2.2348335,-0.01539457,2.6094377
1323.jpg,-0.11531627,-0.34802413,-0.027994612,-0.41316342,0.008994086,-0.4154071,0.05019055,-0.41748556,-0.08255033,-0.41099313,-0.08462564,-0.4117825,-0.08569702,-0.41244072,0.32997507,-0.39458963,0.1308047,-0.39461294,-0.01308286,-0.2847178,-0.07843954,-0.28042883,1.0,0.029176112,0.0,0.0,0.4576715,0.5020771,0.15427487,0.48079637,-0.5132597,0.19057952,0.2413356,0.81602067,-0.7023552,0.12775598,0.2736804,0.9251431,-0.6648292,0.08075829,0.25832126,0.88978136,-0.6061407,0.09190901,0.26421642,0.84056777,0.8715231,1.0175602,0.042043917,1.0,0.94443804,1.6084238,-0.04208655,1.685281,1.0541875,1.9944509,-0.13607824,2.3525918,1.0574939,2.0261652,-0.09670832,2.4171803,0.9624655,2.235262,-0.050665107,2.6227882
1325.jpg,-0.07579698,-0.35887524,0.007248291,-0.4293134,0.044053078,-0.43205526,0.08824847,-0.435024,-0.04875069,-0.42626014,-0.05311685,-0.4267818,-0.056555495,-0.42712414,0.3424106,-0.41104683,0.13351323,-0.40575308,0.027418654,-0.2933768,-0.037723668,-0.28763726,1.0,0.020986393,0.0,0.0,0.6061589,0.52092487,0.15006581,0.48104504,-0.4558312,0.27040866,0.27620935,0.85173905,-0.6587811,0.22120063,0.29791966,0.9725021,-0.62978065,0.17067471,0.29311112,0.93531346,-0.5711987,0.18166445,0.30910718,0.8806344,0.87679905,1.0147002,0.07405515,1.0,0.9514289,1.6270959,-0.007993034,1.6907206,1.0613227,2.0118425,-0.078284904,2.3333142,1.0574225,2.04825,-0.020309946,2.3997893,0.984735,2.2451234,0.014025093,2.59884
1326.jpg,-0.08548793,-0.3726228,-0.0022559548,-0.4421687,0.031125275,-0.44436273,0.07212382,-0.4469756,-0.050262984,-0.4415779,-0.052538913,-0.44265413,-0.05414791,-0.443949,0.33284846,-0.42267188,0.1486928,-0.42333245,0.02087882,-0.30519974,-0.037917204,-0.30085653,1.0,0.018020669,0.0,0.0,0.67873275,0.55013496,0.13564649,0.4927903,-0.40102196,0.33615416,0.052941617,0.7828795,-0.6151761,0.28356656,0.030973637,0.8728125,-0.58349323,0.23848909,0.018602435,0.8240788,-0.51973903,0.24971136,0.048472837,0.7817074,0.8600854,1.0165586,0.06707346,1.0,0.93756604,1.6292685,-0.019143155,1.7089988,1.0358547,2.0176973,-0.09638316,2.3608718,1.0218794,2.0495229,-0.042764623,2.432829,0.9610318,2.249829,-0.0649537,2.630274
1327.jpg,-0.08498034,-0.40848276,0.0020684025,-0.4806004,0.038540054,-0.484102,0.07862277,-0.4867651,-0.05024048,-0.47767907,-0.051035065,-0.4794715,-0.049838316,-0.48109955,0.34954986,-0.4578987,0.16189215,-0.45829585,0.028160393,-0.33636653,-0.035052117,-0.33217114,1.0,-0.016002657,0.0,0.0,0.86746633,0.5760966,0.094131365,0.5482256,-0.24616736,0.4450839,-0.1715844,0.8100326,-0.47514218,0.42218122,-0.24349084,0.92819846,-0.4798672,0.3591701,-0.28986558,0.9011657,-0.41432098,0.3577668,-0.23255356,0.85825264,0.82306963,1.0192124,0.058490172,1.0,0.92037135,1.6807042,-0.041337933,1.7152058,1.0124176,2.056631,-0.09562619,2.3092701,1.0073417,2.0723817,-0.05213526,2.3590195,0.8993454,2.3046,-0.23367457,2.5682476
1328.jpg,-0.03633556,-0.4181315,0.053315215,-0.49191764,0.09078448,-0.49533698,0.1295382,-0.4974406,-0.0016726214,-0.488682,-0.004671181,-0.48991892,-0.005602378,-0.49115676,0.37033036,-0.4603644,0.17454904,-0.46230024,0.060317468,-0.34458232,-0.00069747324,-0.3404912,1.0,-0.016270693,0.0,0.0,0.9670183,0.57811767,0.048721258,0.5482441,-0.07925974,0.5820803,-0.30005643,0.7855459,-0.28518072,0.5665623,-0.48976257,0.891329,-0.3067617,0.5056209,-0.51474184,0.8716827,-0.25117376,0.5081763,-0.42280433,0.841666,0.7964372,1.0082798,0.09510282,1.0,0.8920461,1.6699514,0.012948028,1.7186466,0.9871037,2.055275,-0.049968332,2.2954962,0.9675161,2.0818484,-0.0052511767,2.3420317,0.89023876,2.3016708,-0.17062914,2.5646412
1348.jpg,-0.03701372,-0.40486354,0.05675004,-0.47564954,0.093408,-0.47825164,0.13253404,-0.48004854,0.0018533454,-0.47279403,0.00034093534,-0.47419742,0.00060644635,-0.4757278,0.38082826,-0.44587004,0.18336742,-0.45112205,0.06320514,-0.33465433,-0.0019183063,-0.3285135,1.0,-0.0057831258,0.0,0.0,1.0560547,0.5912084,0.14851527,0.52761793,0.06925129,0.7391272,-0.045251973,0.78244925,-0.16162428,0.7694797,-0.19172338,0.8931786,-0.20465495,0.70977193,-0.2535033,0.85950524,-0.14237495,0.69795305,-0.1275059,0.8125337,0.8814007,1.01365,0.13849561,1.0,0.96634245,1.6960826,0.01816113,1.715903,1.047785,2.0880766,-0.07201627,2.254853,1.0405809,2.1187792,-0.029117273,2.3222706,0.9286041,2.3282073,-0.20349829,2.500087
1350.jpg,-0.11674015,-0.38841647,-0.037209984,-0.45616665,-0.006063941,-0.45898557,0.031129684,-0.46254018,-0.07481454,-0.45555803,-0.07094013,-0.45734984,-0.06578977,-0.45970362,0.30467078,-0.4434608,0.16511041,-0.44235554,-0.008447778,-0.3217994,-0.05519262,-0.318322,1.0,-0.012902732,0.0,0.0,0.763943,0.56325036,0.32314664,0.5317016,-0.50616133,0.47989333,0.24899632,0.8892423,-0.77114064,0.4583375,0.28561494,0.9558269,-0.76073927,0.40108293,0.24154194,0.91699916,-0.6740645,0.4037342,0.26974943,0.87236434,0.9311825,1.0096171,0.08359544,1.0,1.0627729,1.6664262,-0.01781955,1.7050864,1.0822045,2.1035275,-0.123136215,2.3323936,1.1030072,2.1595337,-0.08792095,2.396545,0.975658,2.3392148,-0.30002552,2.6048322
1353.jpg,-0.3171504,-0.35782358,-0.22039837,-0.43268222,-0.1736687,-0.43646958,-0.12148816,-0.43983924,-0.270673,-0.43186837,-0.2652158,-0.43433088,-0.25682023,-0.43718642,0.23409903,-0.42588016,0.06774273,-0.42765838,-0.1906386,-0.29209855,-0.24400501,-0.288018,1.0,-0.013283878,0.0,0.0,0.09884176,0.43459687,0.1935941,0.49067461,-1.205908,0.19875872,0.20025809,0.8679088,-1.4476261,0.13284898,0.29562145,0.9761542,-1.3968908,0.08721941,0.26811996,0.9474174,-1.3148009,0.103698224,0.26465932,0.89825016,1.0897958,1.0118239,0.020744942,1.0,1.2172242,1.6650605,-0.20784809,1.7071623,1.2959523,2.0825915,-0.3051687,2.2658985,1.3403007,2.120169,-0.24663854,2.3352344,1.0056918,2.338685,-0.44993833,2.5341375
1354.jpg,-0.36368132,-0.3459418,-0.2643537,-0.42178783,-0.21549822,-0.42536807,-0.15678035,-0.4288281,-0.31512722,-0.4211365,-0.31075478,-0.42335245,-0.3032357,-0.425831,0.23271643,-0.41268048,0.04141636,-0.4159207,-0.2322376,-0.28144836,-0.28781295,-0.27716285,1.0,-0.013289269,0.0,0.0,-0.04184981,0.40194246,0.20646548,0.54165745,-1.3591552,0.14638138,0.14522004,0.8680443,-1.5945657,0.06874698,0.31714886,0.97035664,-1.5272439,0.023489106,0.28515738,0.9432064,-1.4368765,0.045099992,0.29045227,0.8953147,1.1125729,1.0152992,-0.0349376,1.0,1.2494437,1.6473893,-0.25307852,1.6638905,1.397091,2.0561662,-0.37666118,2.1907525,1.4631126,2.1105158,-0.2786285,2.2668536,1.01597,2.2860918,-0.61025333,2.4080677
1355.jpg,-0.41736084,-0.34233457,-0.30588603,-0.41586673,-0.25436196,-0.4190371,-0.19058383,-0.42247707,-0.3633658,-0.41581157,-0.36021167,-0.4178558,-0.35458657,-0.42019966,0.22593068,-0.40620893,0.0043176166,-0.41066313,-0.26882306,-0.2789154,-0.3326466,-0.27612266,1.0,-0.00981813,0.0,0.0,-0.12200707,0.40264577,0.28185254,0.55330914,-1.4339694,0.12803234,0.31910068,0.88719577,-1.6776544,0.04541714,0.3575889,1.000394,-1.6008893,-0.00037071257,0.30937007,0.98046166,-1.5085238,0.020522991,0.30883515,0.9330696,1.1525525,1.0155143,-0.038834427,1.0,1.2838943,1.6431065,-0.31591743,1.678163,1.4211216,2.0328374,-0.41508427,2.1918232,1.440377,2.0752256,-0.31936103,2.254436,1.182387,2.2726536,-0.55797637,2.4468834
1356.jpg,-0.43742913,-0.35338655,-0.32073945,-0.42550606,-0.27387112,-0.42771545,-0.21664554,-0.4301848,-0.36946952,-0.42600766,-0.36208656,-0.4278899,-0.3510598,-0.43003002,0.19844021,-0.40836257,0.003207886,-0.41504338,-0.2865595,-0.28483504,-0.33603814,-0.28188288,1.0,-0.010100583,0.0,0.0,-0.1342647,0.40858877,0.24490613,0.5547068,-1.4289358,0.1271662,0.28266716,0.88441384,-1.6865296,0.044132907,0.32810745,0.9964053,-1.6048659,-0.0024083825,0.2799977,0.974904,-1.5134234,0.017406723,0.27743226,0.9271006,1.1686804,1.0151628,-0.03587647,1.0,1.3017392,1.6517161,-0.31270692,1.6966203,1.4165294,2.0280352,-0.3760021,2.1968384,1.4340147,2.0665035,-0.26444048,2.2467492,1.1251247,2.2732108,-0.41072905,2.4677136
1357.jpg,-0.4370751,-0.34491536,-0.3311034,-0.4162544,-0.28950477,-0.41781652,-0.23887733,-0.4196568,-0.37121937,-0.41772154,-0.36114454,-0.41993096,-0.34721908,-0.42237937,0.17003153,-0.39920437,0.00340554,-0.40673825,-0.28824425,-0.27666643,-0.33211774,-0.27381387,1.0,0.00012303841,0.0,0.0,-0.09551312,0.41019163,0.3173966,0.5465879,-1.4190739,0.13458459,0.12807454,0.89712036,-1.6747427,0.052258763,0.34933025,0.99956423,-1.5903977,0.004249091,0.30799398,0.982179,-1.4968971,0.024440411,0.31115124,0.9367908,1.1465398,1.0124266,-0.03373657,1.0,1.272896,1.6345689,-0.3002469,1.6695361,1.4032602,2.041304,-0.42756456,2.176777,1.4738046,2.1040118,-0.329225,2.2469923,1.0166736,2.2749207,-0.9584853,2.307659
1359.jpg,-0.31949717,-0.34645602,-0.21992037,-0.4202945,-0.17786756,-0.42304146,-0.12677842,-0.42617738,-0.2685557,-0.41987255,-0.26324764,-0.42181143,-0.2553137,-0.4238027,0.23647647,-0.41035154,0.060549676,-0.41179144,-0.1810703,-0.28345916,-0.2350725,-0.2794465,1.0,0.0073188283,0.0,0.0,0.091916285,0.46757773,0.19496173,0.4859794,-1.1386278,0.20403036,0.30450898,0.8501986,-1.3549343,0.13990627,0.35844672,0.95879865,-1.3038408,0.09730581,0.34674323,0.9348338,-1.2342741,0.10979799,0.330789,0.8902213,1.0598364,1.0232477,0.01214272,1.0,1.1647401,1.6601448,-0.19743057,1.7054553,1.3075008,2.0828664,-0.34341598,2.2490451,1.3689928,2.1299543,-0.27025935,2.3159373,1.055134,2.328704,-0.49723712,2.5103226
1389.jpg,0.14726949,-0.39625984,0.25234035,-0.46655348,0.3132538,-0.46973488,0.3794559,-0.4721712,0.12852007,-0.4626151,0.10325571,-0.46259943,0.07874018,-0.4621431,0.53792137,-0.42977977,0.15185031,-0.42683405,0.27120078,-0.31767544,0.13218656,-0.31649265,1.0,0.021514684,0.0,0.0,0.77434886,0.570393,0.036866214,0.48676443,-0.2064243,0.3924157,0.07890013,0.8025019,-0.4075516,0.35147744,0.068366185,0.91516227,-0.40142378,0.29402786,0.04062859,0.8743867,-0.34054178,0.30170608,0.05847641,0.8630992,0.8258141,1.0271373,0.116633326,1.0,0.90979844,1.6754385,0.045218565,1.7037922,0.9863749,2.0582726,-9.4696064e-05,2.2885609,0.9717097,2.0856893,0.03678823,2.3423607,0.88531035,2.3043964,-0.070086226,2.5245922
1392.jpg,0.26157463,-0.417257,0.38064232,-0.48510012,0.44732544,-0.4841634,0.50815576,-0.4821117,0.22813526,-0.4851223,0.19654521,-0.48529023,0.16791524,-0.4852341,0.6210029,-0.4378842,0.19912136,-0.44495803,0.39897504,-0.33289152,0.21478707,-0.33678108,1.0,0.0069035487,0.0,0.0,0.83809173,0.56379294,0.010877557,0.4660638,-0.0050445898,0.4175413,-0.098895945,0.7837577,-0.20097983,0.38514182,-0.17083575,0.8851409,-0.20429747,0.3249626,-0.17776959,0.8591447,-0.14243914,0.32910317,-0.13646147,0.83670986,0.78081274,1.0199918,0.12619132,1.0,0.8900155,1.6877869,0.11557533,1.7490247,0.93459547,2.1002553,0.04304277,2.3669503,0.9148948,2.1224875,0.07788671,2.3912523,0.8493811,2.3345058,0.041758727,2.6806624
437.jpg,0.2208048,-0.42573494,0.30531842,-0.49743804,0.35845372,-0.4990968,0.41354567,-0.5000936,0.19428173,-0.49501777,0.17053783,-0.4944674,0.15010192,-0.49385947,0.538825,-0.4593361,0.18902285,-0.44909224,0.32927364,-0.34216237,0.1961666,-0.33981857,1.0,-0.028368974,0.0,0.0,1.1457819,0.5112803,-0.15857281,0.49578884,0.34200057,0.4385028,-0.18291664,0.46869394,0.14681946,0.42214945,-0.20712198,0.5016868,0.13822402,0.3385791,-0.1864305,0.43156135,0.18112773,0.33934268,-0.1579722,0.4130906,0.81829685,1.0119555,0.20901877,1.0,0.8677474,1.7320389,0.1810532,1.7681922,0.8685376,2.2292602,0.05657394,2.4517684,0.8147884,2.282048,0.06251884,2.4950063,0.9558348,2.4429843,0.09657972,2.7211967
439.jpg,0.11452147,-0.41438797,0.20422882,-0.48872307,0.25680393,-0.49131826,0.31778643,-0.4939751,0.097496055,-0.48696336,0.07881513,-0.48752168,0.0611549,-0.48794615,0.49219826,-0.45726234,0.1481458,-0.45105207,0.23822835,-0.33681875,0.1117127,-0.33345804,1.0,-0.03597316,0.0,0.0,0.91015023,0.51879275,-0.17244229,0.45611632,-0.021868061,0.35305938,-0.34119242,0.45376763,-0.24647158,0.34472543,-0.44572085,0.47563666,-0.23048776,0.2568448,-0.42434832,0.4246014,-0.16667877,0.2575886,-0.36103487,0.4074691,0.853709,1.0237663,0.14036576,1.0,0.9086131,1.7030822,0.092091575,1.7318852,0.9234882,2.1340835,-0.047079105,2.3958309,0.8726629,2.177086,-0.040434174,2.45382,0.9797898,2.3721924,-0.011469034,2.6790326
440.jpg,0.031804517,-0.40716907,0.1172351,-0.48141524,0.16762975,-0.48354656,0.22946425,-0.48655805,0.023086855,-0.4785387,0.008820133,-0.47909516,-0.00334503,-0.4794865,0.44961962,-0.45655075,0.13099927,-0.45156193,0.15832667,-0.33375612,0.048278835,-0.32947454,1.0,-0.03174811,0.0,0.0,0.83250344,0.4963393,-0.18599355,0.44506162,-0.2131325,0.34833172,-0.39397618,0.45732993,-0.4424653,0.3516225,-0.5495103,0.4895477,-0.43633395,0.2563898,-0.5354939,0.45077753,-0.36934468,0.25703228,-0.45164365,0.4356528,0.87373716,1.017451,0.0996327,1.0,0.9065379,1.674344,0.02167141,1.7325784,0.98761076,2.113173,-0.098802686,2.3924987,0.9523712,2.1481252,-0.059264682,2.4475756,0.9475033,2.3446894,-0.18704501,2.683983
441.jpg,0.017590046,-0.3986316,0.104415,-0.4727247,0.15542023,-0.47495306,0.21751827,-0.4778676,0.012151759,-0.46975976,-0.0018712138,-0.47032934,-0.013770843,-0.47086534,0.4501875,-0.44688213,0.13581678,-0.445126,0.14252889,-0.3260758,0.035155106,-0.32087168,1.0,-0.02327828,0.0,0.0,0.7560217,0.48584068,-0.052223172,0.46026212,-0.27862188,0.2914211,-0.4060157,0.4580005,-0.50188917,0.26140192,-0.5724129,0.47439715,-0.5062394,0.17239977,-0.5598073,0.4398991,-0.44321328,0.18336222,-0.48193455,0.4234457,0.88943255,1.0174359,0.10661966,1.0,0.9171996,1.665008,0.0044829175,1.7194123,1.0184196,2.0820968,-0.14138454,2.3505044,1.0194708,2.114236,-0.09841839,2.4205391,0.9669242,2.328317,-0.13692524,2.6215494
442.jpg,0.00783108,-0.38584065,0.10779424,-0.45643753,0.16445689,-0.4598628,0.23047133,-0.4634372,0.0076546217,-0.45413896,-0.008406791,-0.45470583,-0.021348597,-0.45549256,0.46260285,-0.4291487,0.1432913,-0.43146288,0.13467108,-0.31456026,0.021614455,-0.30932933,1.0,-0.023131447,0.0,0.0,0.6738365,0.4755441,-0.044398583,0.4784523,-0.35420015,0.27770016,-0.39967385,0.4661404,-0.58002836,0.22795156,-0.54953295,0.48180938,-0.579967,0.15312767,-0.56459504,0.44994658,-0.5201183,0.1634224,-0.4910753,0.43225372,0.91668844,1.0147457,0.10588316,1.0,0.95270365,1.6898023,-0.011689282,1.721626,0.9739685,2.149458,-0.13454188,2.354557,0.9479875,2.2057724,-0.09503779,2.4066994,1.0050559,2.3640888,-0.16279528,2.6320555
443.jpg,-0.023238234,-0.39059973,0.087715335,-0.46491614,0.14603148,-0.4677688,0.21344954,-0.47063887,-0.015394076,-0.46240848,-0.032677468,-0.462795,-0.046434365,-0.46331063,0.44859412,-0.4364596,0.14193022,-0.44012198,0.11014526,-0.31646296,-0.0069462564,-0.31160843,1.0,-0.0199037,0.0,0.0,0.52552974,0.4718815,-0.0009664442,0.51132905,-0.5112519,0.22281525,-0.4341518,0.53035927,-0.7251504,0.16570951,-0.55333436,0.5520075,-0.71608865,0.109987624,-0.5738955,0.529756,-0.6506187,0.120487384,-0.5187235,0.5119526,0.9607391,1.0196831,0.11862099,1.0,0.9748558,1.684437,-0.033601806,1.7334938,0.98056734,2.1516802,-0.22722748,2.3585436,0.9492886,2.2491693,-0.1735448,2.4001217,1.2062932,2.452113,-0.42847064,2.5824304
444.jpg,-0.10355355,-0.37094826,0.008179136,-0.44205877,0.07427664,-0.44579023,0.15140913,-0.45026326,-0.106285036,-0.43886703,-0.123106696,-0.43907475,-0.13696858,-0.4395201,0.44165176,-0.421425,0.090742804,-0.41987807,0.051390048,-0.3012382,-0.080155306,-0.29504502,1.0,-0.006063902,0.0,0.0,0.23217206,0.46146327,-0.0033499077,0.5235417,-0.8251529,0.17322125,-0.4644827,0.5830901,-1.0467823,0.11186055,-0.58389306,0.61317223,-0.9935671,0.070918515,-0.62264615,0.5881268,-0.9190542,0.08164404,-0.55747825,0.5725436,1.0017354,1.018052,0.05840731,1.0,1.0457402,1.6866076,-0.09689348,1.7141681,1.1084759,2.1171277,-0.26396582,2.3564856,1.084993,2.192318,-0.19350871,2.402074,1.2574993,2.4197295,-0.49714187,2.611456
445.jpg,-0.1903436,-0.33830446,-0.048981596,-0.40974587,0.028775543,-0.41230837,0.119758114,-0.41533458,-0.18934496,-0.4079282,-0.21068074,-0.40902454,-0.2289343,-0.41082934,0.45220873,-0.38940135,0.032596868,-0.3948764,-0.014839334,-0.27282193,-0.16738468,-0.26886216,1.0,0.0072154044,0.0,0.0,0.054251477,0.46472937,0.10436412,0.5135012,-1.1015244,0.16829024,-0.08529768,0.7773987,-1.342584,0.10863305,-0.10473236,0.8950013,-1.259219,0.06419145,-0.24666022,0.8255332,-1.1738113,0.07537049,-0.16391777,0.77940875,1.0659645,1.0195682,-0.023862034,1.0,1.1614851,1.6808107,-0.20228054,1.7148396,1.2595023,2.0988953,-0.3790285,2.343839,1.2518793,2.1552892,-0.30579293,2.4048543,1.1835606,2.3228986,-0.5770213,2.6199532
446.jpg,-0.2137278,-0.34378248,-0.080457084,-0.41608274,-0.0083337035,-0.4174489,0.07585974,-0.41924787,-0.20671788,-0.41633037,-0.22412224,-0.41757694,-0.23917669,-0.41960546,0.4246357,-0.3900716,0.030798865,-0.40165657,-0.05138671,-0.27604663,-0.18744206,-0.27334687,1.0,0.020587377,0.0,0.0,0.034426868,0.47546753,0.21331461,0.5028918,-1.1046964,0.15799765,0.2350265,0.8670225,-1.3216625,0.09586326,0.2500372,0.9890997,-1.2367021,0.056262277,0.23477322,0.9607213,-1.1578122,0.06791904,0.04163392,0.88711053,1.0895578,1.0249346,-0.014792046,1.0,1.1568044,1.6762667,-0.19444089,1.7156141,1.2877363,2.098924,-0.3494013,2.3110933,1.2442838,2.1469548,-0.28563446,2.3715937,1.2417381,2.3146431,-0.53177536,2.5979762
447.jpg,-0.30559468,-0.34616566,-0.176741,-0.4185306,-0.107096106,-0.4193079,-0.0259086,-0.42131427,-0.29197258,-0.41987196,-0.30438477,-0.42134652,-0.31488836,-0.42337313,0.373308,-0.39022988,0.010121602,-0.4034683,-0.14036757,-0.27404583,-0.26519012,-0.27149686,1.0,0.011459613,0.0,0.0,-0.043497898,0.475256,0.11211095,0.5403273,-1.2997993,0.1634056,0.37269768,0.89163905,-1.530623,0.10274437,0.4353301,1.0203987,-1.4421064,0.06258184,0.41935354,1.0032495,-1.3570708,0.07478794,0.41913813,0.95154977,1.1665784,1.0197251,-0.039184585,1.0,1.2375633,1.6620072,-0.27168557,1.6939852,1.3394299,2.0533864,-0.4563445,2.316177,1.3194135,2.0981512,-0.39105743,2.3725095,1.1591611,2.280914,-0.52545154,2.588684
448.jpg,-0.34710157,-0.33990264,-0.20758724,-0.41421613,-0.13537408,-0.41627562,-0.051460695,-0.4184766,-0.32493317,-0.41496634,-0.3401323,-0.41684395,-0.3525373,-0.41892582,0.3319794,-0.38936827,-0.017557137,-0.40137777,-0.16373287,-0.27045012,-0.29891956,-0.26727328,1.0,0.009308954,0.0,0.0,-0.04998204,0.47165892,0.10294134,0.52980214,-1.3170261,0.18669741,0.41911802,0.8551839,-1.5532593,0.12715782,0.50370413,0.9770898,-1.4636372,0.087605506,0.49818286,0.9519497,-1.3750122,0.098243095,0.48994657,0.9025611,1.1595706,1.0142201,-0.027344752,1.0,1.2536671,1.6550264,-0.2780652,1.6947634,1.3041779,2.0801904,-0.4492277,2.2684839,1.3099556,2.144868,-0.3601992,2.3103008,1.267225,2.2768538,-0.7310668,2.524738
449.jpg,-0.23637655,-0.36113054,-0.10968336,-0.43795937,-0.043957744,-0.44017765,0.033068445,-0.44244722,-0.22092476,-0.43715274,-0.2352096,-0.43834987,-0.24664894,-0.4394545,0.36373648,-0.41090494,0.052425444,-0.41976103,-0.0667948,-0.28692022,-0.19399263,-0.28328902,1.0,-0.0031364763,0.0,0.0,0.11286758,0.48377812,0.16209997,0.5025855,-1.0964526,0.21729338,0.4050796,0.86967343,-1.3038362,0.17192464,0.48535877,0.9952147,-1.2386082,0.12547249,0.50455743,0.963901,-1.1571918,0.13653716,0.49691102,0.9095455,1.1290808,1.0130496,0.049065866,1.0,1.1940911,1.6629132,-0.1531453,1.7233204,1.262828,2.125901,-0.34726155,2.3472629,1.2512076,2.2004313,-0.286458,2.3885105,1.5048072,2.386892,-0.5628871,2.5901718
450.jpg,-0.1429488,-0.35556936,-0.029495666,-0.42762956,0.030958483,-0.43054253,0.102929644,-0.43377724,-0.12923291,-0.42658627,-0.14394452,-0.42797682,-0.15616356,-0.43017852,0.39603487,-0.4034835,0.08872686,-0.41110754,0.008189581,-0.28514507,-0.110088386,-0.28175914,1.0,0.005137424,0.0,0.0,0.45284376,0.5177635,0.14884894,0.5240256,-0.73621756,0.29044697,0.2084177,0.8193027,-0.98625994,0.24819198,0.19605264,0.93541974,-0.9504223,0.20083252,0.017617479,0.87743366,-0.8683168,0.21103595,0.029185537,0.823389,1.0332644,1.0205748,0.09475982,1.0,1.0945634,1.6989821,-0.082283884,1.7353638,1.1304537,2.137763,-0.21904111,2.373484,1.1241841,2.1997018,-0.17353514,2.4047961,1.2131399,2.4291053,-0.48175484,2.6242106
451.jpg,-0.10341351,-0.36727837,0.008289464,-0.44147235,0.06922232,-0.44403514,0.13515028,-0.44650665,-0.08546132,-0.44145685,-0.09921472,-0.4430675,-0.112627655,-0.44551194,0.3981947,-0.42206794,0.12258406,-0.42831755,0.037607178,-0.30129004,-0.0703726,-0.2968105,1.0,-0.007371897,0.0,0.0,0.5929971,0.5201432,0.12544389,0.51705134,-0.6238014,0.3369737,-0.17922093,0.72062343,-0.85799694,0.3013949,-0.28517616,0.76931643,-0.82243717,0.25346154,-0.29511696,0.73500156,-0.74564683,0.2624442,-0.24747282,0.6953299,1.0089943,1.016535,0.13270575,1.0,1.0437094,1.6813016,-0.05071813,1.7261586,1.0560739,2.1362598,-0.20837596,2.3525755,1.0805733,2.190192,-0.16800511,2.3906052,1.0251511,2.330443,-0.43703687,2.6074746
469.jpg,-0.021675756,-0.4310668,0.07467208,-0.50429547,0.11542721,-0.5067519,0.16532944,-0.50854003,0.0073027536,-0.50148445,-0.00069271686,-0.5026175,-0.007451941,-0.50345844,0.41121948,-0.46703216,0.16685271,-0.4695404,0.08353999,-0.35554194,0.0026535243,-0.3542759,1.0,-0.019369511,0.0,0.0,1.0776227,0.5821402,0.055343624,0.5249215,0.028106505,0.56171227,0.09934336,0.82597876,-0.21404645,0.551247,0.0862114,0.91882914,-0.21459521,0.49358732,0.042502627,0.8777891,-0.14526115,0.4935328,0.0722105,0.8346199,0.87600106,1.0166887,0.1176118,1.0,0.9295671,1.7355053,0.009094744,1.7584373,0.938233,2.231409,-0.12312344,2.4277766,0.9109091,2.3042808,-0.10362093,2.475592,1.0331649,2.5047445,-0.20475453,2.6575272
470.jpg,-0.10701801,-0.4063289,-0.00799942,-0.47487375,0.037395556,-0.47627255,0.0885569,-0.47800785,-0.07868778,-0.4772928,-0.08403066,-0.4801449,-0.088162705,-0.48276082,0.37043816,-0.44580024,0.12686315,-0.457153,0.005124974,-0.32825366,-0.0701883,-0.3301233,1.0,-0.013611744,0.0,0.0,0.9769489,0.56657976,0.2243209,0.5071552,-0.2351295,0.42806956,0.22922283,0.86879766,-0.51402175,0.39489597,0.25145265,0.9587533,-0.49668306,0.34549025,0.23615584,0.9239078,-0.41868445,0.34700698,0.26073536,0.8757942,0.9315683,1.0123866,0.054765064,1.0,0.9983287,1.6853358,-0.09341514,1.7084075,0.9858328,2.1324685,-0.21420202,2.33736,0.96124303,2.1828158,-0.17444082,2.396134,0.9586579,2.3270435,-0.39881876,2.5840707
471.jpg,-0.111214235,-0.3942591,-0.011554753,-0.46927297,0.03705753,-0.47103596,0.09776271,-0.47352967,-0.09335747,-0.46651945,-0.101523794,-0.46721786,-0.10853594,-0.46804324,0.38931903,-0.44108075,0.112645864,-0.44863108,0.02095205,-0.32246742,-0.07424865,-0.32085407,1.0,-0.01234789,0.0,0.0,0.64417374,0.53045064,0.28409636,0.5241215,-0.5175371,0.3358386,0.2677713,0.8999932,-0.7329318,0.28848764,0.375417,0.99410236,-0.69294554,0.2499804,0.37066615,0.96080816,-0.62474203,0.25827545,0.38641143,0.90401465,0.95209354,1.0137036,0.032195814,1.0,1.013439,1.6634145,-0.097486876,1.6939381,1.0403768,2.1364024,-0.2691948,2.340628,0.9800188,2.2083018,-0.23548786,2.401166,1.3149682,2.3866868,-0.4247616,2.6002471
472.jpg,-0.1344942,-0.3367189,-0.029187804,-0.40955865,0.022581624,-0.41073722,0.080907114,-0.4116094,-0.10794279,-0.41098216,-0.112752706,-0.41349876,-0.11647699,-0.4167529,0.39229006,-0.38027367,0.13016123,-0.3954222,-0.02140927,-0.27369308,-0.1056527,-0.27438453,1.0,0.022076536,0.0,0.0,0.478042,0.52211213,0.18329671,0.4887312,-0.64373875,0.27555403,0.29876408,0.80882543,-0.85993963,0.22518137,0.3403686,0.92248863,-0.8061701,0.18212286,0.35897762,0.88415235,-0.7336435,0.19368716,0.36290574,0.8323265,0.99895155,1.0110288,0.016819518,1.0,1.0397587,1.6497991,-0.11857732,1.6931965,1.0926734,2.1227121,-0.30775887,2.313162,1.0192487,2.2105749,-0.26051784,2.3560193,1.4194328,2.3526382,-0.39066216,2.5665183
473.jpg,-0.14466539,-0.35012132,-0.04445486,-0.42323518,0.002161102,-0.4254247,0.058145992,-0.428572,-0.123061955,-0.4231987,-0.1295122,-0.4246532,-0.13369894,-0.42690054,0.35735077,-0.40108392,0.10398812,-0.41013932,-0.017471977,-0.2830739,-0.10712248,-0.28054076,1.0,0.0031198207,0.0,0.0,0.34468544,0.48733598,0.15284593,0.48367876,-0.61893076,0.22460274,0.2777845,0.78148955,-0.79195493,0.17709287,0.33346266,0.89004755,-0.7423157,0.13647203,0.36945033,0.84266394,-0.67505765,0.14673713,0.3680533,0.792747,0.96290904,1.0130574,0.0034676255,1.0,0.9946623,1.6644298,-0.14440474,1.7001089,1.0425425,2.1109664,-0.3044612,2.287476,1.0222385,2.1692777,-0.28510395,2.3358128,1.0766736,2.305208,-0.48249036,2.5470233
474.jpg,-0.13903187,-0.35882878,-0.036619533,-0.43203327,0.011575792,-0.43379748,0.06810119,-0.43599105,-0.11413069,-0.43304026,-0.118870914,-0.43473765,-0.12139834,-0.43678322,0.3653492,-0.40377286,0.1274435,-0.41831988,-0.009373377,-0.2870358,-0.099941716,-0.2850065,1.0,0.004152082,0.0,0.0,0.29908556,0.47507077,0.14840142,0.48190308,-0.6293245,0.2020797,0.2007667,0.81474,-0.7888647,0.14954056,0.35185066,0.90687233,-0.7276384,0.10831279,0.38691017,0.86230844,-0.6576626,0.118791655,0.38065904,0.8101427,0.973098,1.0174574,0.011865296,1.0,1.0226119,1.68944,-0.13048002,1.7174243,1.058033,2.150128,-0.24558465,2.3433435,1.0201757,2.2108586,-0.21463394,2.3811984,1.2864506,2.3973386,-0.31979382,2.598064
475.jpg,-0.12632798,-0.3548984,-0.028467285,-0.4294994,0.019027207,-0.43225926,0.074856274,-0.43595353,-0.10813094,-0.42921862,-0.11498924,-0.43080217,-0.11940866,-0.4329323,0.3678908,-0.40589607,0.10124344,-0.41409844,-0.0036455605,-0.2848955,-0.091859676,-0.28225282,1.0,0.006383239,0.0,0.0,0.35953486,0.49758866,0.09278736,0.47233033,-0.5253982,0.21408503,0.25887337,0.76300734,-0.68893945,0.15856206,0.31447613,0.8683504,-0.63076645,0.117935486,0.36378688,0.8238178,-0.56519955,0.12969142,0.36504987,0.7738308,0.9443232,1.0192503,0.01843013,1.0,0.96978736,1.6704183,-0.13497594,1.7052467,0.96517867,2.122078,-0.29522678,2.3040252,0.93936926,2.1906545,-0.2878564,2.3524418,1.0442817,2.3158565,-0.4882595,2.5587847
476.jpg,-0.09213669,-0.3506228,0.009480685,-0.42612937,0.057453696,-0.42820483,0.116700955,-0.43149343,-0.07263229,-0.42619726,-0.08102029,-0.4281235,-0.08714731,-0.4310297,0.3927907,-0.40150833,0.11871468,-0.41267434,0.031593427,-0.28647676,-0.0623077,-0.28427976,1.0,0.005523411,0.0,0.0,0.49443668,0.5118999,0.13015138,0.46272078,-0.42939243,0.24702488,0.29167193,0.75999576,-0.61680645,0.18811446,0.325605,0.87572044,-0.5740205,0.1516981,0.36901417,0.83065665,-0.50277054,0.16613066,0.3745108,0.7786502,0.94696456,1.0199708,0.03693273,1.0,0.9760794,1.6766442,-0.11121504,1.698234,1.0222032,2.1264887,-0.2652625,2.2905114,0.98528576,2.189958,-0.26129326,2.329794,1.2087681,2.3585188,-0.45297742,2.5460823
478.jpg,-0.051546194,-0.4120225,0.033095766,-0.48611173,0.08002336,-0.48794836,0.13546228,-0.48967543,-0.04527571,-0.48344073,-0.053443715,-0.48431346,-0.061029486,-0.4853971,0.40526354,-0.45918074,0.12835771,-0.4643108,0.06532632,-0.34102327,-0.025192061,-0.33766076,1.0,-0.00745527,0.0,0.0,0.73566,0.54470676,0.041090917,0.4980358,-0.34635758,0.36020616,-0.31079355,0.7278924,-0.54210335,0.32679224,-0.42209417,0.79151434,-0.5311027,0.28309882,-0.4475443,0.769178,-0.46655732,0.28791603,-0.3845244,0.7459735,0.8450258,1.0128582,0.028440304,1.0,0.90535766,1.6808666,-0.0853573,1.7189481,0.96175367,2.1422496,-0.23522024,2.3580463,0.91387755,2.1998868,-0.18451674,2.4267013,1.1302725,2.4025319,-0.45942262,2.6103039
479.jpg,-0.0044764,-0.40932402,0.07959288,-0.48060602,0.12855633,-0.48286998,0.18442196,-0.48577756,0.0020933526,-0.47938353,-0.007975933,-0.48080578,-0.017688671,-0.48248357,0.43791002,-0.45651785,0.14934523,-0.46123385,0.10328556,-0.33423075,0.01678275,-0.33282718,1.0,-0.0226054,0.0,0.0,0.8854418,0.56104213,-0.077586845,0.4865029,-0.2010519,0.48755288,-0.42367813,0.6357504,-0.42506793,0.50890934,-0.58336276,0.7028079,-0.42113182,0.42637902,-0.6286925,0.6529544,-0.36467087,0.4192413,-0.5404793,0.62301487,0.8486892,1.011531,0.06246586,1.0,0.90160835,1.6815096,-0.01191251,1.7248915,0.9879729,2.123412,-0.14014094,2.373101,0.9328199,2.174915,-0.113836005,2.4493074,0.9965564,2.3456483,-0.11337713,2.6201773
501.jpg,0.005853935,-0.40010062,0.10807152,-0.465833,0.1681119,-0.46898332,0.23816574,-0.4721963,0.00041182723,-0.46299785,-0.018408531,-0.4630372,-0.03722889,-0.46316895,0.4772641,-0.4351089,0.09944376,-0.43210137,0.13584802,-0.32546937,0.013147548,-0.32223666,1.0,-0.0014897786,0.0,0.0,0.91208595,0.56406903,0.08296576,0.48702574,-0.22618544,0.39260808,-0.015964564,0.74124867,-0.46156114,0.35396484,-0.035819154,0.84653217,-0.45126155,0.298647,-0.039146166,0.8001568,-0.38058335,0.30595773,-0.031673394,0.75533575,0.8907789,1.0246456,0.05315026,1.0,0.970051,1.6917441,-0.0766357,1.7320138,1.0124235,2.1448154,-0.22010277,2.3570926,1.0170277,2.1822312,-0.17580114,2.4106116,0.8309064,2.370475,-0.38440466,2.5915356
564.jpg,0.27154922,-0.42672303,0.37482214,-0.49449873,0.43084475,-0.49451786,0.48678902,-0.4937057,0.25112382,-0.49215895,0.2252157,-0.49191114,0.193941,-0.49095464,0.6049728,-0.44339073,0.2213696,-0.44006464,0.3883619,-0.34268498,0.23551515,-0.3419133,1.0,-0.0230847,0.0,0.0,1.0708349,0.5170675,0.03379098,0.4228329,0.2431077,0.38195035,-0.15569076,0.65076345,0.062297918,0.3541243,-0.22134055,0.6903495,0.051852964,0.28371397,-0.21992047,0.6597093,0.09495108,0.29277658,-0.18037747,0.6466969,0.79899603,1.008795,0.1727356,1.0,0.8606626,1.6998998,0.16195835,1.742271,0.8994931,2.1746037,0.05673686,2.3815618,0.8411396,2.2327168,0.06903422,2.424472,1.0402408,2.4201767,0.161887,2.6454017
568.jpg,0.022605686,-0.35693735,0.14103007,-0.4220736,0.20154154,-0.42377993,0.27324462,-0.42575982,0.03443674,-0.42139187,0.015723335,-0.42181104,-1.9216393e-05,-0.4230067,0.50396913,-0.3938218,0.15827198,-0.40037084,0.14750504,-0.28696233,0.026978856,-0.28615046,1.0,0.013068631,0.0,0.0,0.392663,0.446238,0.15730925,0.4546816,-0.4575044,0.12717909,0.14111462,0.84557396,-0.61969554,0.05977391,0.23543541,0.90594876,-0.57015043,0.020700015,0.25457302,0.8723837,-0.50791955,0.032768436,0.27997807,0.8220569,0.9267538,1.0233494,0.07327115,1.0,0.9521214,1.6310312,-0.11411992,1.6725342,1.0366217,2.0565193,-0.22995587,2.1948473,1.00981,2.1107128,-0.17212364,2.241526,1.0164953,2.25615,-0.37247473,2.4534261
569.jpg,-0.09728754,-0.34232265,0.042331696,-0.40929982,0.11339149,-0.40978548,0.19478726,-0.40960062,-0.07824048,-0.4098015,-0.0951961,-0.41110584,-0.11070096,-0.41278017,0.49435893,-0.37146375,0.101376526,-0.38898513,0.029959545,-0.27105471,-0.09327106,-0.27228215,1.0,0.015721561,0.0,0.0,0.13191079,0.4333451,0.11563686,0.45267773,-0.76719946,0.111844085,0.187017,0.77291614,-0.9552387,0.037370257,0.19908544,0.88358533,-0.88177246,0.0024761134,0.20856144,0.84797627,-0.81004703,0.018635942,0.23562956,0.80182815,1.016457,1.0266923,0.019020913,1.0,1.0685321,1.6363657,-0.27211663,1.6968668,1.1487665,2.086689,-0.37684634,2.2847126,1.1292286,2.1483936,-0.2994748,2.3555193,1.2237947,2.3468657,-0.61990505,2.5499322
570.jpg,-0.13031013,-0.3488525,0.0069866693,-0.4157763,0.07604076,-0.41674984,0.1557635,-0.4170818,-0.10863,-0.41508678,-0.12497765,-0.41602784,-0.14046213,-0.41748995,0.4745793,-0.376283,0.07643165,-0.39286315,-0.008675382,-0.27649567,-0.12281975,-0.27763397,1.0,0.004864422,0.0,0.0,-0.01303126,0.40053025,0.21552628,0.4683486,-0.9185824,0.08159829,0.20893914,0.8563234,-1.0979096,0.0005601363,0.28890356,0.9549489,-0.9981627,-0.035231873,0.2988768,0.92973423,-0.9239654,-0.013803,0.3219836,0.88042414,1.0387942,1.022111,-0.00019667733,1.0,1.0909339,1.6303631,-0.31377554,1.6746806,1.1413007,2.0859303,-0.48343718,2.2400048,1.1328071,2.1484616,-0.4207415,2.311162,1.2325528,2.344737,-0.7760351,2.4793174
573.jpg,-0.119866736,-0.3335181,0.0044033206,-0.40378273,0.0692851,-0.40512595,0.13945659,-0.40628707,-0.10295897,-0.4027194,-0.118113026,-0.40381086,-0.13114381,-0.40523434,0.42699608,-0.37674227,0.08625502,-0.38599813,0.004907821,-0.2673847,-0.10731022,-0.26600015,1.0,0.016186772,0.0,0.0,0.054764897,0.43471614,0.14435041,0.46953687,-0.9238193,0.14366017,0.35064125,0.79831916,-1.0945561,0.08193132,0.4226174,0.9150921,-1.0155337,0.048457712,0.44653556,0.8788203,-0.9511872,0.060517788,0.44631606,0.8298477,0.9972575,1.0172751,0.029699456,1.0,1.0312353,1.641049,-0.21261196,1.681172,1.1201618,2.1080658,-0.36514243,2.2657764,1.097003,2.1674457,-0.30807117,2.3278775,1.1320604,2.3072891,-0.55734366,2.5146298
575.jpg,-0.027728653,-0.3494835,0.07480772,-0.4225473,0.124255665,-0.4239875,0.1849767,-0.4264269,-0.013135195,-0.42231488,-0.024653053,-0.42337278,-0.03409556,-0.4252134,0.44822136,-0.39712325,0.16374645,-0.4040055,0.09453341,-0.28498316,-0.004851517,-0.28179586,1.0,0.009385199,0.0,0.0,0.4635289,0.5191004,0.17169917,0.49089715,-0.68161124,0.3193973,0.2345458,0.867427,-0.9228461,0.26433554,0.35060102,0.97428226,-0.8721521,0.21899988,0.370142,0.9347217,-0.79325575,0.23335138,0.37823954,0.87845707,0.9402275,1.0195326,0.08120861,1.0,0.9694499,1.6652629,-0.11542532,1.7019246,1.0184201,2.1111329,-0.22651674,2.2860446,0.99963164,2.1669433,-0.18535098,2.338392,1.0572697,2.3088481,-0.39343187,2.54059
576.jpg,0.028002867,-0.38392603,0.13099827,-0.45287755,0.18578845,-0.4540103,0.25171322,-0.45589685,0.027437394,-0.4522832,0.011134587,-0.4524757,-0.0028546248,-0.45338807,0.48538914,-0.42206877,0.1507099,-0.42550924,0.15304229,-0.3118674,0.03909562,-0.30841744,1.0,0.0036294765,0.0,0.0,0.6480515,0.54518664,0.16352445,0.5351827,-0.4814125,0.4265866,-0.021025889,0.81746507,-0.7167317,0.39245555,-0.06328167,0.89092684,-0.71323407,0.33874053,-0.07248716,0.87306273,-0.63339156,0.34459537,-0.054352563,0.8362667,0.91570187,1.0167866,0.10417006,1.0,0.96330774,1.6770221,-0.080521286,1.7231336,1.0397664,2.1631222,-0.22308753,2.3560114,1.0206156,2.2250512,-0.16744938,2.4109464,1.0627877,2.441111,-0.4364337,2.6014435
578.jpg,0.08744221,-0.4113271,0.17923316,-0.48347893,0.2338906,-0.48517781,0.29716542,-0.48727673,0.07972395,-0.4793692,0.062523805,-0.4794668,0.044389084,-0.47947586,0.5089543,-0.44799125,0.15696332,-0.44840562,0.19943608,-0.33596078,0.08835969,-0.33324757,1.0,-0.011860358,0.0,0.0,0.9943816,0.56220245,0.08346354,0.5200801,-0.031954084,0.6103209,-0.37259194,0.6873884,-0.30822942,0.64365864,-0.5197158,0.7152717,-0.33829305,0.59032357,-0.5842093,0.65273964,-0.25287688,0.5758534,-0.48699445,0.6400643,0.897314,1.0089304,0.16687034,1.0,0.94200474,1.6909921,-0.012813426,1.7194529,0.9211585,2.1598477,-0.106677994,2.3181734,0.8866873,2.2092211,-0.07774296,2.3720343,1.003463,2.3729029,-0.3023411,2.5479054
591.jpg,0.15121521,-0.4024944,0.23454821,-0.47501582,0.285387,-0.4771816,0.33828118,-0.47834408,0.14696062,-0.4702728,0.12798828,-0.46962932,0.10547641,-0.46891218,0.5154164,-0.43179035,0.18406625,-0.4308556,0.23988914,-0.3271638,0.1360668,-0.32391524,1.0,0.025106197,0.0,0.0,1.454344,0.4901301,-0.004856576,0.4421849,0.8115753,0.7368953,-0.11239651,0.83938587,0.6490844,0.8000818,-0.16152328,0.93188524,0.5871921,0.7258871,-0.17262413,0.9229179,0.61279875,0.7040956,-0.14364895,0.8929198,0.7950883,1.0219592,0.1642107,1.0,0.84411263,1.6654974,0.051934663,1.711696,0.8992544,2.1237876,0.003005022,2.2942193,0.849515,2.169854,0.046273664,2.3303332,0.99647355,2.3247452,-0.0002031375,2.4905555
592.jpg,0.13813885,-0.39610326,0.22337253,-0.4660852,0.27078357,-0.4683797,0.32378593,-0.46911633,0.14837357,-0.46477148,0.13028775,-0.46510947,0.11174096,-0.4649899,0.51301706,-0.42407882,0.20857857,-0.42598957,0.21517885,-0.31984064,0.121374376,-0.32102782,1.0,0.028991055,0.0,0.0,1.2970954,0.5474794,0.055622365,0.4822978,0.5243421,0.71009105,0.0809472,0.8532162,0.33195224,0.75125843,0.07806987,0.978784,0.3026083,0.6797537,0.07556643,0.96930736,0.338921,0.66320246,0.08632689,0.93541634,0.8123644,1.0222459,0.1571502,1.0,0.8427037,1.6726843,0.039766505,1.6971477,0.8800276,2.1091318,-0.029923296,2.2710943,0.84762424,2.1563237,0.010968445,2.3115609,1.000403,2.290635,-0.07417815,2.446525
594.jpg,0.13397458,-0.3970407,0.22782053,-0.46614423,0.28246444,-0.46716356,0.3416984,-0.46775702,0.13757946,-0.46325985,0.1186417,-0.46278894,0.097451575,-0.4620877,0.5333,-0.41791728,0.19153915,-0.42188683,0.2209017,-0.3184648,0.117381506,-0.31889662,1.0,0.035651024,0.0,0.0,1.0298622,0.60600877,0.062477723,0.5098748,0.094105035,0.5398224,0.11629159,0.7946219,-0.121061616,0.53115666,0.11632456,0.89647055,-0.12597749,0.4789366,0.09037334,0.86217856,-0.06272014,0.47884032,0.124393806,0.815087,0.81016785,1.0293442,0.12192191,1.0,0.84975153,1.6949122,-0.019225944,1.7092199,0.85243636,2.161196,-0.15785885,2.2851295,0.81566554,2.2247825,-0.121294335,2.3504603,1.0123917,2.334151,-0.36891484,2.4993591
595.jpg,0.0899101,-0.38263908,0.19848442,-0.44950384,0.25351274,-0.45067936,0.31969464,-0.4513689,0.09456211,-0.45046318,0.07735295,-0.45142886,0.0596084,-0.45235687,0.517722,-0.4069329,0.16905984,-0.41663435,0.18951066,-0.3053077,0.08266631,-0.30681965,1.0,0.039425787,0.0,0.0,0.8995411,0.5895446,-0.008064736,0.47322112,-0.10662985,0.43047577,0.05570711,0.75660264,-0.33675316,0.407221,0.051524937,0.85701233,-0.33056223,0.35940433,0.028307436,0.82190335,-0.2544839,0.3616951,0.06132476,0.7767269,0.8025199,1.0255219,0.050849117,1.0,0.8575721,1.6592609,-0.06251809,1.6866797,0.9198472,2.0847979,-0.19757028,2.2341104,0.860529,2.1378675,-0.16733071,2.2838016,1.0609541,2.284585,-0.24253193,2.4884515
597.jpg,0.105897345,-0.3715603,0.2295761,-0.43782812,0.2949279,-0.438267,0.36242974,-0.43807432,0.10626984,-0.43738532,0.081591785,-0.4376054,0.061333466,-0.43784222,0.5417481,-0.3939837,0.16346937,-0.40500835,0.22957338,-0.29303196,0.087579116,-0.29297543,1.0,0.020940334,0.0,0.0,0.6575306,0.5341976,0.056508295,0.4309737,-0.307136,0.28004104,0.26488245,0.7446142,-0.49814096,0.22354035,0.31321362,0.8581411,-0.47151783,0.17989767,0.31134984,0.8197174,-0.41093972,0.19307722,0.31885105,0.77129394,0.86648893,1.0267296,0.067466184,1.0,0.9128218,1.6330445,-0.0539659,1.6645151,0.97999406,2.0661092,-0.16270635,2.2061338,0.9034243,2.1232378,-0.1353071,2.2553186,1.1175532,2.2441154,-0.16544604,2.3697317
601.jpg,0.14498511,-0.3537264,0.26722154,-0.41879734,0.33022094,-0.41989255,0.39943883,-0.4203657,0.14226763,-0.41583952,0.118264705,-0.4155475,0.09684025,-0.4160863,0.58084965,-0.38024968,0.1836486,-0.3888231,0.2669821,-0.28091028,0.12913035,-0.28113493,1.0,0.023016164,0.0,0.0,0.39206263,0.43537968,0.14170508,0.43538362,-0.37799892,0.15096878,0.23913877,0.75939095,-0.5235041,0.10092713,0.26326355,0.87087125,-0.49108782,0.060648896,0.26151282,0.844416,-0.43816367,0.071038954,0.2843898,0.7969506,0.87636125,1.027608,0.104314715,1.0,0.9076228,1.6275014,-0.016994448,1.6867659,0.93872476,2.0702126,-0.09918313,2.2314615,0.85993105,2.1179037,-0.0521462,2.26252,1.0609826,2.2798955,-0.011087048,2.4191244
606.jpg,0.26820183,-0.39336845,0.37476113,-0.45679373,0.43329737,-0.45710376,0.49450877,-0.45674908,0.2491737,-0.45673373,0.22217344,-0.45658004,0.19575745,-0.456249,0.6212885,-0.40956086,0.23375137,-0.41569647,0.38275775,-0.3107893,0.23129968,-0.31310022,1.0,0.023287052,0.0,0.0,0.95368326,0.5563383,-0.06825576,0.43739915,0.06275983,0.46505108,-0.2615929,0.6832179,-0.11474587,0.46809992,-0.38575912,0.7572092,-0.1262553,0.40024647,-0.39571327,0.74562,-0.07451941,0.40606827,-0.33634153,0.72637093,0.79558307,1.0114777,0.15131642,1.0,0.85811436,1.6471435,0.08866148,1.7207823,0.87986887,2.0520146,-0.008893757,2.3703263,0.80175877,2.0886278,0.035431575,2.38872,0.85697395,2.2888079,0.06953819,2.6286297
899.jpg,0.24025188,-0.38689783,0.33851123,-0.4573431,0.3955589,-0.46018493,0.45203435,-0.4612501,0.22806735,-0.45591724,0.2052738,-0.45665932,0.181306,-0.45683149,0.5773323,-0.42309374,0.2391055,-0.42440912,0.34208474,-0.30128586,0.22380212,-0.30647898,1.0,0.025883464,0.0,0.0,1.0804625,0.56468284,-0.122029044,0.4272989,0.24841833,0.49911556,-0.21806009,0.67144614,0.06313353,0.49971518,-0.2645894,0.74706787,0.04346924,0.41939378,-0.25321177,0.7072849,0.083574854,0.41517878,-0.22319199,0.67312497,0.7155858,1.0246831,0.10281504,1.0,0.78877157,1.682448,0.0980196,1.7455118,0.8083731,2.0755317,0.035367593,2.3044183,0.74610054,2.1058164,0.08863859,2.3287086,0.76441395,2.3072157,0.1494508,2.6237612
900.jpg,0.19560353,-0.37779373,0.2889942,-0.4516074,0.34419042,-0.4524422,0.40569168,-0.45376334,0.18842311,-0.44922853,0.16776533,-0.44934204,0.142181,-0.44930252,0.56541413,-0.41346437,0.20222032,-0.41062865,0.2990741,-0.2982801,0.18158914,-0.29775184,1.0,0.025613653,0.0,0.0,0.9983312,0.5758726,-0.09588496,0.42680714,0.065203026,0.44120753,-0.24642761,0.66275495,-0.1172109,0.42429355,-0.32788336,0.73446405,-0.12421995,0.35218224,-0.33609506,0.72364104,-0.06938533,0.35754922,-0.28947398,0.69186527,0.7254683,1.0296121,0.055387557,1.0,0.8210655,1.6911203,0.026042353,1.7519156,0.86668855,2.0880299,-0.053804096,2.3247826,0.79577,2.1103497,-0.0092196865,2.3484328,0.81850207,2.327309,0.026104407,2.6193736
901.jpg,0.122681916,-0.3721081,0.21467832,-0.44407877,0.2716702,-0.44710952,0.3344633,-0.44985822,0.12058562,-0.44182867,0.103843905,-0.44191256,0.08578934,-0.44219843,0.5351929,-0.41316175,0.1784571,-0.41043717,0.23516342,-0.29812762,0.12023133,-0.29648224,1.0,0.015073563,0.0,0.0,0.8823563,0.55802786,-0.05959425,0.4610613,-0.13049924,0.4002846,-0.2762494,0.63618,-0.34583706,0.35762778,-0.38254634,0.7217766,-0.35463256,0.29758674,-0.39361817,0.6981741,-0.28491318,0.3085192,-0.33630922,0.669955,0.7068739,1.0307987,-0.018102428,1.0,0.8168876,1.6632041,-0.045891423,1.7278512,0.8773741,2.0680983,-0.13722752,2.2823048,0.8059749,2.0976722,-0.08565556,2.30463,0.8493499,2.286678,-0.08530536,2.6031737
903.jpg,-0.0062702773,-0.33921105,0.10802519,-0.4077167,0.16246824,-0.4082905,0.22552405,-0.40918082,0.01274167,-0.40840152,-0.0013393246,-0.41067755,-0.013390353,-0.4134154,0.47703254,-0.38067195,0.1862732,-0.3931242,0.11179575,-0.27855766,0.0031103007,-0.2778158,1.0,0.036882583,0.0,0.0,0.5481735,0.5208779,0.04125284,0.5171981,-0.5532998,0.2757527,-0.27687898,0.71082884,-0.77646106,0.22423653,-0.3725522,0.7890243,-0.7537697,0.17776197,-0.39864564,0.75217533,-0.6820153,0.1915245,-0.3516077,0.72072107,0.7839515,1.0277818,-0.044902824,1.0,0.8516489,1.6423165,-0.15458903,1.682398,0.9517438,2.0299683,-0.23083891,2.2538428,0.84427565,2.0658045,-0.18866344,2.2815862,0.9568204,2.2323754,-0.11602256,2.5453644
904.jpg,-0.10017139,-0.3355324,0.016906993,-0.4051387,0.07158782,-0.4063449,0.1374021,-0.40867937,-0.0740999,-0.4052385,-0.08376362,-0.40620616,-0.09132893,-0.4080754,0.43614426,-0.37934154,0.15940237,-0.39118442,0.027334929,-0.2686735,-0.07661362,-0.26493296,1.0,0.039437022,0.0,0.0,0.33339772,0.50272745,-0.018529775,0.5463399,-0.8303167,0.24302718,-0.05888975,0.81862134,-1.0831991,0.19794717,-0.09927715,0.92892146,-1.057403,0.14546075,-0.19155902,0.86506474,-0.9700433,0.15667237,-0.17002286,0.8159862,0.84203935,1.0281016,-0.10389588,1.0,0.9019627,1.66061,-0.25781548,1.7025898,1.018724,2.024805,-0.29602435,2.249065,0.9696565,2.056162,-0.19105594,2.2733674,0.9198978,2.2455096,-0.20774403,2.5404642
905.jpg,-0.17667241,-0.33595535,-0.048870627,-0.4064191,0.008816734,-0.40832984,0.079550564,-0.41107804,-0.14805369,-0.4071789,-0.16004121,-0.4084633,-0.16926153,-0.41037735,0.4059319,-0.38393116,0.09779978,-0.39559156,-0.03041901,-0.26628324,-0.14750624,-0.26227182,1.0,0.017666772,0.0,0.0,0.1292491,0.44977412,0.089364685,0.48793846,-1.1245146,0.18129325,0.13400313,0.8216242,-1.3778088,0.121368036,0.159434,0.9327258,-1.3346914,0.07712515,0.14926142,0.8979564,-1.2503301,0.090830065,0.16585848,0.8494253,0.89653414,1.0168718,-0.1525084,1.0,0.948464,1.6394322,-0.30914044,1.7009249,1.0739199,2.056725,-0.3742515,2.212894,0.95863295,2.103787,-0.29755774,2.2283404,1.1006334,2.2559152,-0.29182097,2.4486115
906.jpg,-0.2955077,-0.3347833,-0.16042697,-0.40553463,-0.09445523,-0.4071671,-0.017667314,-0.40997326,-0.27065533,-0.40530005,-0.28181165,-0.40660444,-0.29041022,-0.4086319,0.372473,-0.3860903,0.015933832,-0.3977362,-0.12790473,-0.2663561,-0.25684175,-0.26314604,1.0,0.021032814,0.0,0.0,-0.109001994,0.43179277,0.11516796,0.5002095,-1.4048992,0.14353657,0.011427618,0.8867085,-1.6817408,0.07476284,0.2086674,0.9772372,-1.6099536,0.029748281,0.18003576,0.95248973,-1.5141537,0.0446711,0.19540197,0.9054203,0.9439499,1.0195141,-0.22952344,1.0,0.9992042,1.6378273,-0.4084601,1.6884971,1.1559396,2.028317,-0.4668072,2.1730995,1.0285314,2.068232,-0.3629611,2.1936238,1.1199454,2.2304437,-0.35863367,2.3597841
907.jpg,-0.34874734,-0.33361205,-0.23807982,-0.40788335,-0.17090441,-0.410969,-0.095752575,-0.41515538,-0.3286,-0.40556368,-0.33740538,-0.40656143,-0.34498397,-0.40779158,0.3240721,-0.39765587,-0.046427242,-0.39799,-0.19378984,-0.26504818,-0.29697064,-0.26256335,1.0,0.017848115,0.0,0.0,-0.24622662,0.42734116,0.19067544,0.5567995,-1.5936664,0.11239253,0.31996647,0.9090107,-1.8568623,0.03133924,0.38081154,1.0324736,-1.7840389,-0.01460458,0.33893147,1.0130254,-1.682862,0.005101544,0.33032018,0.9645275,0.9811713,1.0244321,-0.27315176,1.0,1.0388887,1.656917,-0.44826552,1.6873554,1.1899747,2.022008,-0.5215068,2.2267954,1.108554,2.0566301,-0.39952913,2.2498903,1.0500691,2.2431355,-0.2720398,2.5329828
909.jpg,-0.25435126,-0.33421656,-0.1559098,-0.40865266,-0.09720717,-0.4112446,-0.03383769,-0.4144064,-0.23778762,-0.40753162,-0.24564299,-0.40912232,-0.2522034,-0.41110796,0.34243876,-0.39534944,0.021781184,-0.39978883,-0.120573364,-0.26908267,-0.21543209,-0.2659503,1.0,0.007910614,0.0,0.0,-0.09575313,0.40913355,0.20679411,0.55523485,-1.301709,0.09171557,0.2717403,0.8952258,-1.5271808,0.0064671417,0.30453536,1.0109332,-1.4450308,-0.04167183,0.27327484,0.9906134,-1.3569198,-0.017904066,0.27965444,0.9423481,0.9449088,1.0183414,-0.15421301,1.0,0.98769176,1.6312306,-0.2610126,1.6873316,1.1361698,2.027422,-0.33191037,2.1865532,1.0253869,2.0729892,-0.19806285,2.205525,1.1283144,2.2452114,-0.24852169,2.4021719
911.jpg,-0.2920283,-0.33425352,-0.20240211,-0.40514633,-0.15065832,-0.40743953,-0.09145266,-0.41041017,-0.26974478,-0.40423027,-0.2726119,-0.4055793,-0.27374938,-0.40720218,0.29598156,-0.39336953,0.027409188,-0.3954393,-0.16055655,-0.26607415,-0.23398057,-0.2636129,1.0,0.022847699,0.0,0.0,-0.11366639,0.43799785,0.23607574,0.5399884,-1.3717984,0.13436514,0.37006027,0.90797436,-1.6069218,0.06382974,0.43392062,1.0288014,-1.5395093,0.016226027,0.3997708,1.0128678,-1.4530525,0.035097286,0.38435963,0.96477914,0.9737421,1.0183537,-0.18807508,1.0,1.0330986,1.6310261,-0.28081673,1.6855704,1.1426905,1.9977758,-0.35536373,2.150776,1.0354804,2.0317736,-0.2537112,2.1619701,1.1216071,2.2263992,-0.1895149,2.3460617
912.jpg,-0.31215677,-0.34307742,-0.19737011,-0.4148163,-0.13872167,-0.4161581,-0.07486231,-0.41826734,-0.27748078,-0.4158425,-0.2811887,-0.41768938,-0.28254527,-0.41989288,0.30783293,-0.39210284,0.03705951,-0.40295604,-0.16913752,-0.27193955,-0.261936,-0.26990977,1.0,0.017679557,0.0,0.0,-0.051954225,0.46140036,0.2640628,0.5058687,-1.3809513,0.16349548,0.15707742,0.88216823,-1.6068395,0.10580335,0.49124464,1.0027227,-1.5454931,0.062085595,0.4620488,0.9804896,-1.4603771,0.07437598,0.43674013,0.93286437,0.98426086,1.0191512,-0.17830916,1.0,1.0534986,1.6411294,-0.2663235,1.6925648,1.1972283,1.9987519,-0.28976476,2.1319954,1.1126205,2.0342383,-0.16014974,2.1466513,1.1225314,2.236451,-0.18528375,2.3663385
913.jpg,-0.16126867,-0.36651444,-0.05046231,-0.44507724,-0.0006574711,-0.44719976,0.057736073,-0.44917166,-0.13178642,-0.44484055,-0.1371968,-0.44652715,-0.14011832,-0.4482533,0.37319744,-0.41476837,0.13066366,-0.4274997,-0.023517234,-0.29501116,-0.118793786,-0.29146147,1.0,0.018358838,0.0,0.0,0.26387742,0.49916017,0.21481434,0.50442,-0.9599072,0.23743361,0.38669413,0.86454284,-1.2107285,0.18882278,0.46028256,0.9848487,-1.1674596,0.13699013,0.47139552,0.9520081,-1.0833915,0.14721777,0.45803142,0.89929116,0.9517585,1.0192842,-0.026817514,1.0,1.0347291,1.660457,-0.15905406,1.7087934,1.119072,2.057666,-0.27599344,2.2161508,1.0405834,2.110291,-0.17242712,2.2366786,1.1429151,2.2695298,-0.09814189,2.5031705
914.jpg,-0.114891164,-0.3680371,-0.0119092725,-0.44819766,0.03655957,-0.45019105,0.09485302,-0.452453,-0.09524353,-0.44704083,-0.10307701,-0.44839677,-0.10917828,-0.44984457,0.38939258,-0.42023143,0.12719834,-0.42910227,0.019062128,-0.29366836,-0.07902912,-0.2908361,1.0,0.019598946,0.0,0.0,0.44037464,0.54294634,0.24031238,0.52840894,-0.79649025,0.33338723,0.23499636,0.9055461,-1.0594888,0.27949998,0.42329782,1.0359935,-1.0188376,0.22721662,0.4305236,1.0041701,-0.93350315,0.24115781,0.43341517,0.95073277,0.94101113,1.0168345,0.016864909,1.0,1.0141091,1.6617525,-0.109370634,1.6998023,1.0682608,2.02916,-0.1716379,2.2113671,0.9918146,2.0725782,-0.08483923,2.2479606,0.9753328,2.2454126,-0.068702504,2.4324846
915.jpg,-0.07348883,-0.39045718,0.004544618,-0.46738577,0.05176693,-0.4702608,0.10168509,-0.4721843,-0.057801064,-0.46729806,-0.06326589,-0.46922478,-0.0682846,-0.47126088,0.38500032,-0.44626325,0.14223525,-0.4501464,0.036028612,-0.31931907,-0.035509367,-0.31884986,1.0,0.00029682275,0.0,0.0,0.70575315,0.58453184,0.14205563,0.5135874,-0.47732672,0.45151517,0.18569967,0.8694026,-0.75163907,0.41489473,0.22492178,0.96272385,-0.74388087,0.3617041,0.21167466,0.920808,-0.65867954,0.3652978,0.22983547,0.8727994,0.8909498,1.0175139,0.023871513,1.0,0.9618713,1.6773688,-0.06306222,1.7203547,1.0086799,2.0633576,-0.15875146,2.2405617,0.93111223,2.1137993,-0.093223564,2.2679667,0.92878103,2.2878094,-0.118871205,2.508294
917.jpg,-0.02833599,-0.43808123,0.07900879,-0.50805247,0.12737747,-0.5099802,0.1881289,-0.5108666,3.7244874e-05,-0.5049541,-0.009958635,-0.5054492,-0.01903167,-0.5057682,0.4481717,-0.468924,0.16579486,-0.47549534,0.09054413,-0.35740954,-0.0038881807,-0.35447112,1.0,-0.022855064,0.0,0.0,1.2313449,0.5706677,0.12735264,0.55313486,0.060330257,0.6983671,-0.23969236,0.88201004,-0.1773633,0.72700167,-0.37080076,0.96718657,-0.21909595,0.6606856,-0.4276507,0.94449043,-0.15972532,0.65722024,-0.32483965,0.9016254,0.8709599,1.0028312,0.1165645,1.0,0.9512506,1.6960697,0.01221264,1.721894,1.031225,2.1137736,-0.09113682,2.282688,0.98013055,2.1572099,-0.02159513,2.3238199,1.0244492,2.3330727,0.027148753,2.547035
934.jpg,-0.13496071,-0.39992142,-0.034703415,-0.4727825,0.007357255,-0.47585446,0.05951946,-0.47824705,-0.09503818,-0.47008198,-0.097697295,-0.47185922,-0.099593885,-0.4732401,0.34606892,-0.44801125,0.12682948,-0.45463404,-0.008108321,-0.3258514,-0.08327515,-0.32161924,1.0,0.015737575,0.0,0.0,1.0809826,0.6179703,0.27797794,0.5666171,-0.11553759,0.6387409,0.15228403,0.93503547,-0.39758664,0.6378998,0.15687907,1.0335724,-0.4183291,0.58603203,0.09224759,1.0088514,-0.34951344,0.5823041,0.13054894,0.964328,0.9080373,1.0140634,0.049568336,1.0,0.9995119,1.7078075,-0.04811601,1.7280225,1.0267246,2.1256232,-0.19000515,2.2740383,0.93236226,2.1866338,-0.14652403,2.3174124,1.1542952,2.3216834,-0.0997697,2.491313
935.jpg,-0.16851826,-0.368625,-0.077588305,-0.444531,-0.027990546,-0.4479786,0.025664058,-0.45082474,-0.14161095,-0.44196567,-0.14582455,-0.442784,-0.14884047,-0.44375402,0.32855558,-0.4278497,0.09297654,-0.42860007,-0.046339918,-0.30068487,-0.11703338,-0.29783317,1.0,0.004691152,0.0,0.0,0.96461177,0.59166855,0.28146604,0.5720816,-0.44131732,0.5173208,0.18350184,0.8678914,-0.7183061,0.49452686,0.15242161,0.95744574,-0.7081144,0.42962807,0.098799005,0.9195752,-0.6303037,0.43094745,0.13382813,0.8777447,0.9497795,1.0113479,0.015597615,1.0,1.0493916,1.6497495,-0.078284785,1.691649,1.1203417,2.0767772,-0.18348123,2.2173038,1.0170898,2.1281126,-0.14590862,2.2562647,1.1447326,2.279083,-0.04702772,2.4203415
936.jpg,-0.23592694,-0.36407822,-0.12965564,-0.4391949,-0.080951564,-0.44117185,-0.021228462,-0.44336417,-0.20836335,-0.4387017,-0.21279818,-0.4402231,-0.21535292,-0.44170627,0.31227726,-0.41373098,0.06553041,-0.42338482,-0.09441358,-0.29168102,-0.18637109,-0.28822806,1.0,0.0012340148,0.0,0.0,0.7097786,0.5690584,0.28243828,0.5510267,-0.74454933,0.38129932,0.22552907,0.91421825,-1.0338999,0.33040565,0.27486917,0.9479114,-0.9795704,0.28629008,0.24907689,0.9102811,-0.89386123,0.29349193,0.26938522,0.8680148,1.0161761,1.0170418,0.015467521,1.0,1.0786167,1.66043,-0.12153672,1.7032102,1.1372628,2.024729,-0.27203208,2.1579103,1.0326909,2.0515594,-0.22271161,2.198171,0.99834996,2.244165,-0.18247241,2.3537264
937.jpg,-0.4076861,-0.32010782,-0.27665973,-0.3932746,-0.21119079,-0.39470714,-0.13986495,-0.39622796,-0.3657572,-0.39374086,-0.36648762,-0.39597702,-0.36457157,-0.39902648,0.2674237,-0.37182465,-0.004651016,-0.38532034,-0.24383639,-0.25614077,-0.3476316,-0.25418162,1.0,0.04445237,0.0,0.0,0.15527736,0.54775083,0.22730885,0.53914005,-1.3374739,0.29810968,0.23526104,0.9311571,-1.6423465,0.24606238,0.4893676,1.0342718,-1.5566094,0.19471881,0.46773386,1.012598,-1.4458714,0.20742777,0.45942172,0.9664045,1.1383456,1.0210419,-0.12135838,1.0,1.2294596,1.6403508,-0.3076765,1.6883563,1.356357,2.036676,-0.4869326,2.1861205,1.2845534,2.0891314,-0.37481177,2.2154071,1.2292602,2.2403553,-0.32482496,2.4698064
942.jpg,-0.40393063,-0.32233337,-0.29559794,-0.39669624,-0.22838582,-0.39995232,-0.1533493,-0.40299734,-0.38651088,-0.39572227,-0.3933234,-0.39779434,-0.39870602,-0.4003132,0.27106622,-0.38249505,-0.055584364,-0.39177504,-0.24694315,-0.2600477,-0.35214537,-0.2560903,1.0,0.01358833,0.0,0.0,-0.14143498,0.45070493,0.26055807,0.56967604,-1.45647,0.13575034,0.41746944,0.92752993,-1.7023984,0.06055195,0.4819016,1.0523691,-1.6069157,0.020806536,0.44344684,1.0307212,-1.5191756,0.038836595,0.44317394,0.97830075,1.0784004,1.018996,-0.14122958,1.0,1.1730672,1.6640569,-0.3175457,1.6989734,1.3352255,1.9958444,-0.4500331,2.247248,1.282475,2.0145133,-0.36187074,2.3131022,1.1703726,2.2356532,-0.30810836,2.57721
943.jpg,-0.28458002,-0.30991378,-0.18748412,-0.38515592,-0.12736164,-0.38829982,-0.05828542,-0.39124215,-0.26449427,-0.38375112,-0.27037442,-0.3856509,-0.2747697,-0.38794476,0.33655378,-0.36846578,0.033358663,-0.38147643,-0.14353397,-0.246802,-0.23788397,-0.24501464,1.0,0.038755707,0.0,0.0,-0.016964437,0.48117286,0.2555128,0.5558833,-1.2539692,0.16900165,0.49411017,0.92457366,-1.463144,0.1018544,0.57486993,1.0485598,-1.3764918,0.06364995,0.5541204,1.0289768,-1.300833,0.07868061,0.53991675,0.97854865,1.0405482,1.0224258,-0.07618774,1.0,1.1123562,1.6422167,-0.19655912,1.6886104,1.2609994,2.0100188,-0.2788018,2.1644864,1.1889464,2.048088,-0.15541682,2.1824985,1.1619478,2.2356179,-0.023265144,2.4521425
944.jpg,-0.16725418,-0.3364775,-0.08000308,-0.40865144,-0.026078163,-0.41208124,0.033775896,-0.41654414,-0.16265438,-0.40553322,-0.17081177,-0.40652403,-0.17705835,-0.40823808,0.3536714,-0.39804602,0.069301106,-0.4006367,-0.027971318,-0.27247587,-0.12664087,-0.26731023,1.0,0.019809598,0.0,0.0,0.27470005,0.5060831,0.12720469,0.50869673,-0.89525086,0.22913331,0.294746,0.86946934,-1.1146939,0.1779878,0.34826916,0.9920472,-1.0637296,0.12703633,0.35574147,0.955492,-0.989255,0.13999034,0.3604206,0.9003043,0.9606874,1.0124879,0.011766781,1.0,1.0415524,1.6695367,-0.10106865,1.724048,1.1504759,2.0545688,-0.22374134,2.223007,1.0916651,2.090719,-0.17703466,2.2682896,1.0717162,2.2829342,-0.10410211,2.47265
945.jpg,-0.073959686,-0.35048825,-0.0016967641,-0.4246099,0.046044245,-0.42814738,0.09820035,-0.43258587,-0.06638215,-0.42199484,-0.0716172,-0.42352808,-0.07554995,-0.42548892,0.3890832,-0.41473585,0.14763296,-0.41512054,0.04678251,-0.28681478,-0.034752645,-0.28247583,1.0,0.004970275,0.0,0.0,0.5279015,0.53770065,0.19062695,0.523601,-0.6815987,0.31940123,0.23644061,0.90795803,-0.936026,0.25869182,0.35969746,1.0254351,-0.89104724,0.20421399,0.36778218,0.9903191,-0.81420743,0.21896243,0.37908977,0.9325352,0.94667757,1.0055836,0.055700082,1.0,1.058604,1.6759747,-0.028947355,1.7358553,1.1160697,2.0992537,-0.14835726,2.3057714,1.0410098,2.1779976,-0.107229084,2.366839,1.3079259,2.310534,-0.05510451,2.5755086
946.jpg,-0.08705029,-0.35545766,-0.020372333,-0.43108344,0.024494637,-0.4353823,0.07541662,-0.43964162,-0.07696703,-0.42833096,-0.08162788,-0.42968,-0.086216934,-0.43116575,0.3568033,-0.4262052,0.1287871,-0.4200108,0.027353246,-0.29101998,-0.042325925,-0.2860258,1.0,-0.0033835717,0.0,0.0,0.7898111,0.5716711,0.100862436,0.5219643,-0.4703598,0.43431154,0.17350844,0.88409424,-0.75404024,0.39482048,0.14437014,0.9398555,-0.7461557,0.34357062,0.120924786,0.8919445,-0.66235995,0.3483666,0.141331,0.8452488,0.9111338,1.0117904,0.037886053,1.0,1.0087553,1.6811417,-0.033921525,1.7118716,1.1046546,2.0838907,-0.1597949,2.1967318,1.0708781,2.1268477,-0.14330973,2.256181,1.0653298,2.2947018,-0.0892768,2.4533079
970.jpg,0.4117692,-0.39900544,0.5175969,-0.46038276,0.57561076,-0.45802245,0.6242908,-0.45440745,0.35796762,-0.46683872,0.31798658,-0.4685669,0.2798531,-0.47043428,0.701383,-0.4087735,0.25429106,-0.42847928,0.521831,-0.31062123,0.32671732,-0.3201809,1.0,0.03777161,0.0,0.0,0.683495,0.5233191,0.14127406,0.46311218,0.12476413,0.16520254,0.23591834,0.83222044,-0.013405927,0.06261681,0.47554013,1.0082278,0.016853789,0.014054479,0.48879924,0.99497503,0.06344721,0.03732681,0.4912896,0.94009215,0.8238271,1.0105624,0.20670111,1.0,0.87893206,1.6354289,0.21889625,1.723518,0.89808506,2.0319293,0.1442845,2.2693193,0.865294,2.0511158,0.1759838,2.2879348,0.8298116,2.2572303,0.2854164,2.6026032
