1017.jpg,0.5245103,-0.41741186,0.5849669,-0.48237482,0.6170972,-0.48096094,0.65583783,-0.47893625,0.46225113,-0.48151487,0.41316956,-0.47837928,0.37294558,-0.47413695,0.698429,-0.43810356,0.306844,-0.4306147,0.5914089,-0.33296368,0.43288422,-0.32747218,1.0,0.012610514,0.0,0.0,1.1942159,0.4361457,-0.17287199,0.47631004,1.1563661,0.77978206,0.10689567,0.66422355,1.1220417,0.88274914,0.17680758,0.72501254,1.0701071,0.8398717,0.2151972,0.66626203,1.0610858,0.81067586,0.19824445,0.6404361,0.79048216,0.99472433,0.24743408,1.0,0.8583753,1.5936983,0.23349114,1.695572,0.8587447,2.0576556,0.17314261,2.285437,0.8053273,2.1158776,0.20493846,2.3120115,0.87521124,2.2631466,0.2459985,2.5881467
1021.jpg,0.53161025,-0.38661683,0.58284533,-0.4527155,0.61984587,-0.45032686,0.6598565,-0.4472735,0.45128378,-0.45715567,0.39565215,-0.45697057,0.3483979,-0.45624804,0.6942579,-0.41170987,0.27179387,-0.41368926,0.5943427,-0.30175346,0.43066517,-0.29832888,1.0,-0.010497995,0.0,0.0,1.2343357,0.31535676,-0.08593541,0.42634726,1.4007642,0.6239946,0.47161695,0.22583245,1.4450004,0.74019873,0.60224,0.15343054,1.3839167,0.7260661,0.6087904,0.10232398,1.3452069,0.6932613,0.5787862,0.12094142,0.8298332,0.982463,0.22216478,1.0,0.891207,1.6101369,0.22845046,1.7153366,0.9061505,2.0376105,0.114194155,2.3093083,0.8491358,2.0828073,0.12605391,2.3323956,0.94625854,2.2608593,0.19362389,2.62229
1022.jpg,0.5310525,-0.35578015,0.5796598,-0.42347673,0.6163862,-0.42329153,0.654852,-0.42330864,0.45194978,-0.4252189,0.39544404,-0.42460302,0.34491915,-0.42314166,0.6864356,-0.39468926,0.26530004,-0.38733086,0.5872753,-0.28195766,0.42618158,-0.27540016,1.0,-0.008243291,0.0,0.0,1.234303,0.3064337,-0.06919033,0.40339825,1.414823,0.6075764,0.5114706,0.16119505,1.4644732,0.72370726,0.64832735,0.08609932,1.3955054,0.7110979,0.65320134,0.04378219,1.352113,0.68176466,0.619402,0.06293832,0.8434326,0.9817715,0.22109227,1.0,0.89390415,1.6202211,0.23642334,1.6967224,0.8929607,2.0429392,0.11160299,2.2897837,0.804788,2.0844886,0.11876379,2.32825,0.9238697,2.2706082,0.15411307,2.5899456
1023.jpg,0.5313948,-0.33027264,0.58104867,-0.39942977,0.62155586,-0.40058023,0.65444887,-0.40010032,0.46316528,-0.39708015,0.40846622,-0.39495307,0.35205808,-0.39302424,0.69249463,-0.36776733,0.26058146,-0.36383855,0.581956,-0.25796106,0.42483893,-0.2563464,1.0,0.0017315599,0.0,0.0,1.2112122,0.3073249,-0.06173352,0.39352846,1.3964111,0.6000479,0.5235067,0.13119328,1.4486921,0.7127648,0.6666731,0.0556753,1.378356,0.7029653,0.67577714,0.018780485,1.3329127,0.67606014,0.64165944,0.03864041,0.84627837,0.97688717,0.21517318,1.0,0.8809226,1.6170241,0.23099,1.6979853,0.88857746,2.028269,0.11726873,2.2970207,0.8321981,2.0611794,0.12273811,2.3354487,0.844608,2.2485704,0.1863531,2.5972352
1024.jpg,0.54622775,-0.3549319,0.59183425,-0.4240601,0.62939787,-0.4244381,0.6635949,-0.42358646,0.47332945,-0.4219252,0.4166109,-0.4186107,0.365409,-0.41560864,0.6969609,-0.3869365,0.27234393,-0.3849644,0.5942274,-0.27925095,0.4418321,-0.2795635,1.0,-0.011142271,0.0,0.0,1.2141935,0.30695468,-0.034601666,0.3925847,1.3773994,0.6031993,0.54613376,0.11805124,1.4238781,0.71464616,0.6949327,0.044194806,1.3546913,0.7009177,0.7074459,0.007808734,1.310488,0.67282176,0.66660655,0.028110964,0.853624,0.9815266,0.2307122,1.0,0.8937436,1.6092736,0.22884122,1.7166628,0.90585494,2.0609465,0.12742934,2.292284,0.854657,2.1054122,0.13587117,2.3291633,0.884975,2.2859325,0.22840649,2.5777862
1026.jpg,0.55231446,-0.34450078,0.59723955,-0.41217592,0.63765275,-0.41318488,0.66839343,-0.41258654,0.47862634,-0.4099853,0.4226339,-0.40784284,0.3659245,-0.40580234,0.70083344,-0.38264453,0.26683167,-0.37819102,0.60353696,-0.27059695,0.4487212,-0.27130523,1.0,-0.007101632,0.0,0.0,1.2143639,0.3059545,-0.056236368,0.40972447,1.3462061,0.6201206,0.49822283,0.18265854,1.3811541,0.7264248,0.6564582,0.111407734,1.31823,0.7136161,0.66816974,0.07151876,1.2775527,0.68538064,0.6320446,0.08798879,0.85435146,0.9799935,0.22288698,1.0,0.9278152,1.5971102,0.23996238,1.7019997,0.92696077,2.0427616,0.11908418,2.2922816,0.85636616,2.091089,0.13479008,2.321074,0.95875865,2.2587147,0.21291152,2.5954392
1121.jpg,0.50186324,-0.4561744,0.56773394,-0.51719636,0.6055914,-0.51366925,0.6394631,-0.5097491,0.4381497,-0.52150065,0.39183304,-0.52014065,0.35027266,-0.51796645,0.6921329,-0.4711149,0.304215,-0.47407508,0.5813879,-0.3627156,0.42380595,-0.3637376,1.0,-0.021535896,0.0,0.0,1.2504759,0.39606208,-0.22609936,0.4759599,1.2358198,0.7659013,0.21554537,0.43020657,1.2335232,0.87030643,0.3354917,0.40405607,1.1803733,0.8479701,0.36650592,0.32655042,1.1608604,0.8150149,0.3416828,0.33187568,0.7706762,0.99489796,0.21375197,1.0,0.8468823,1.6351756,0.23594551,1.7194104,0.8559889,2.04451,0.16473986,2.2856815,0.8084877,2.082394,0.19378386,2.3112693,0.84327805,2.2619433,0.28164983,2.6080112
1122.jpg,0.48201162,-0.43702355,0.5485413,-0.49910268,0.5867186,-0.49637908,0.62185377,-0.49309152,0.41455314,-0.50142324,0.3693891,-0.49981317,0.3267276,-0.49748808,0.67557526,-0.45720294,0.27853522,-0.45564976,0.5667011,-0.3462278,0.4036694,-0.3432482,1.0,-0.01136825,0.0,0.0,1.239852,0.3622038,-0.22234698,0.48110613,1.3282448,0.71481186,0.26585728,0.30926093,1.3518711,0.8267557,0.41167757,0.24075434,1.2923415,0.80765164,0.42158797,0.18054199,1.2656236,0.77499884,0.3947185,0.19698997,0.76524997,0.9911254,0.20237821,1.0,0.84884644,1.6083868,0.22201732,1.6988548,0.86816007,2.0649564,0.13296458,2.2680812,0.8258878,2.1254146,0.14440118,2.304719,0.87013084,2.26164,0.20739748,2.5711255
1123.jpg,0.5067588,-0.42301565,0.5669302,-0.49170548,0.60019016,-0.49028417,0.6334929,-0.48852614,0.4319086,-0.49254453,0.3871752,-0.49124622,0.34191662,-0.48921463,0.68260854,-0.4523689,0.28870943,-0.448992,0.5841043,-0.33743107,0.4261432,-0.33103317,1.0,-0.025980348,0.0,0.0,1.2520746,0.32369387,-0.18639794,0.47397485,1.3842162,0.6954943,0.30743346,0.25414038,1.4197026,0.8052562,0.44156894,0.16183828,1.3773576,0.7898845,0.44958043,0.10083724,1.3522997,0.7577132,0.4294482,0.12304278,0.77898574,0.9903608,0.22006218,1.0,0.8604441,1.6463145,0.23065531,1.7285032,0.88682544,2.0815709,0.15769514,2.3139408,0.8487826,2.1179903,0.17995162,2.3437788,0.90000695,2.292364,0.23037136,2.6182094
1127.jpg,0.51964015,-0.36489576,0.5864925,-0.43411213,0.615289,-0.43176743,0.65305734,-0.42946088,0.4542644,-0.43551922,0.40157014,-0.43421498,0.35681555,-0.43262783,0.6973746,-0.3999583,0.28679538,-0.40204513,0.58987737,-0.2930688,0.42694843,-0.2927052,1.0,-0.018256797,0.0,0.0,1.2106304,0.31331432,-0.2416108,0.43385163,1.3605711,0.61231655,0.31614894,0.22690566,1.4296104,0.7099595,0.4715858,0.17183663,1.4004444,0.7061429,0.5002901,0.12113669,1.3613601,0.6805778,0.46682867,0.13220143,0.81533825,0.98375076,0.20979701,1.0,0.90266705,1.6120151,0.25525886,1.6978499,0.93700767,2.0329998,0.16167803,2.2736182,0.8652374,2.061031,0.16545641,2.2981424,0.9792143,2.2388797,0.2880889,2.5752804
1130.jpg,0.5247561,-0.4044843,0.58273125,-0.46993142,0.6125756,-0.4697751,0.6517152,-0.46984425,0.4515002,-0.46946523,0.40062258,-0.46737415,0.35841346,-0.46507737,0.69671553,-0.43708357,0.2918785,-0.43012217,0.5980838,-0.325835,0.4382114,-0.32271218,1.0,-0.021336548,0.0,0.0,1.1463845,0.3775156,-0.25991076,0.48310345,1.176562,0.7219851,0.2809244,0.3926333,1.2125655,0.8120006,0.44624037,0.38670963,1.1766853,0.7920481,0.4824628,0.30997077,1.1413858,0.7630141,0.43933392,0.30838698,0.80201465,0.9800604,0.22056597,1.0,0.8907349,1.5882033,0.24600357,1.7161318,0.915277,2.039449,0.15750174,2.2734818,0.862362,2.0917664,0.17853104,2.2978055,0.92524135,2.2635517,0.2532934,2.56204
1131.jpg,0.5274911,-0.44108537,0.5837297,-0.50704813,0.6156437,-0.5053034,0.65094966,-0.50327057,0.4547182,-0.5072748,0.40982887,-0.50450224,0.3693284,-0.5006155,0.6965131,-0.46539828,0.30840743,-0.45525187,0.6071224,-0.35467705,0.4492062,-0.34882036,1.0,-0.021690616,0.0,0.0,1.1150576,0.41156253,-0.2413219,0.513578,1.0951515,0.7772947,0.22272469,0.48490104,1.1260502,0.8865661,0.38486513,0.4892347,1.0913484,0.85850066,0.43222407,0.42076862,1.0660399,0.82223815,0.38506833,0.4099798,0.79774,0.9859164,0.24293849,1.0,0.88282174,1.624424,0.26853812,1.7362982,0.89633435,2.0544026,0.15891054,2.312343,0.84021837,2.1002364,0.15787745,2.345751,0.8876579,2.2872524,0.25651062,2.6339018
1133.jpg,0.52257484,-0.44772372,0.58722633,-0.5133883,0.61706203,-0.5113135,0.6517944,-0.5090978,0.4568763,-0.51341194,0.4104418,-0.51167893,0.36662382,-0.50875896,0.70098215,-0.4661581,0.3085905,-0.4689587,0.5974505,-0.3679797,0.43256155,-0.36754766,1.0,0.0012512148,0.0,0.0,1.0869218,0.47466165,-0.22885557,0.50087917,0.95125586,0.75010395,0.15777446,0.6490715,0.9119222,0.8549979,0.25982377,0.6779755,0.880535,0.802424,0.28279087,0.6159004,0.882478,0.7700413,0.25672683,0.5993289,0.79537666,0.9816166,0.25324732,1.0,0.8513282,1.6084199,0.24671286,1.7337778,0.9007123,2.082392,0.17726523,2.3088202,0.86876565,2.1368015,0.1873009,2.3431325,0.8377896,2.2802699,0.30083346,2.6388793
1154.jpg,0.50558925,-0.4621424,0.5658173,-0.52043396,0.6038331,-0.5172006,0.6337691,-0.5144304,0.4406304,-0.5256682,0.39812568,-0.52544063,0.35635164,-0.5242558,0.683459,-0.47726488,0.3081899,-0.47940177,0.57963836,-0.36976632,0.43304834,-0.3688491,1.0,-0.008621439,0.0,0.0,1.1790437,0.4291134,-0.2096697,0.49182627,1.1553934,0.79599124,0.32268426,0.5629978,1.1450994,0.8981852,0.50868237,0.58895946,1.092352,0.8551316,0.55016893,0.5291733,1.0764338,0.82391155,0.51327026,0.51728,0.78904957,0.99660337,0.24092983,1.0,0.86084217,1.6098598,0.25916928,1.7301346,0.859132,2.108088,0.154317,2.2832832,0.82188725,2.1732829,0.16025707,2.3279772,0.78108865,2.3025632,0.21823598,2.5213454
1155.jpg,0.49962455,-0.45025223,0.5565234,-0.50908285,0.59347403,-0.5069532,0.6282661,-0.504415,0.4271967,-0.51043177,0.3813407,-0.50846,0.33785143,-0.50665337,0.6763808,-0.47044113,0.28471738,-0.46358356,0.5785343,-0.35997745,0.42657307,-0.3575778,1.0,-0.0166488,0.0,0.0,1.1891441,0.3995698,-0.17831628,0.46895027,1.2573657,0.7715894,0.4390508,0.4459551,1.2821064,0.8829322,0.624558,0.44118828,1.230055,0.8631478,0.6504887,0.37377748,1.2007527,0.8272067,0.60750246,0.37027657,0.7895144,0.9900784,0.2306931,1.0,0.8590762,1.6023588,0.23558033,1.7180468,0.87066066,2.0503757,0.15983704,2.3131733,0.8149427,2.0901628,0.16528277,2.3525622,0.88454974,2.2619395,0.2016716,2.5581746
1158.jpg,0.52246493,-0.41668972,0.5833409,-0.48184058,0.619923,-0.47960284,0.66151285,-0.47714624,0.44361624,-0.48348904,0.39049438,-0.48229733,0.3457788,-0.4800042,0.7019465,-0.4388374,0.28290886,-0.4354502,0.5971415,-0.3316699,0.42527318,-0.32622442,1.0,-0.014604819,0.0,0.0,1.254248,0.30643633,-0.0035054132,0.45429093,1.4664847,0.65235204,0.679461,0.2239013,1.5362645,0.75668705,0.86349344,0.14810424,1.4996288,0.7438033,0.85819674,0.10313537,1.4682077,0.7142525,0.8014586,0.12067089,0.8280515,0.98644996,0.22039506,1.0,0.8912136,1.6186281,0.24733184,1.7225908,0.9154209,2.043614,0.15385458,2.3197439,0.88481677,2.0737984,0.16732232,2.3462672,0.86181104,2.2674417,0.23207568,2.6188982
1159.jpg,0.5168659,-0.39016536,0.58125454,-0.45394447,0.6155926,-0.4531617,0.6564725,-0.4524701,0.4424096,-0.45581862,0.38593766,-0.45465887,0.33948168,-0.45245147,0.697359,-0.41825625,0.27392772,-0.41483516,0.58826107,-0.3137956,0.41356146,-0.30997205,1.0,-0.017885739,0.0,0.0,1.2653294,0.28021118,0.0236161,0.44265237,1.4795108,0.609706,0.7161057,0.19908476,1.5637597,0.7191663,0.88670343,0.1246589,1.5247777,0.7088086,0.8733751,0.08471911,1.4887791,0.67988944,0.8212191,0.101710394,0.8287089,0.98518836,0.20993452,1.0,0.9213769,1.6050142,0.245825,1.7117696,0.93498695,2.026769,0.1418421,2.3263266,0.8900927,2.0679595,0.15232043,2.364592,0.9418722,2.2456405,0.22660902,2.621901
1160.jpg,0.53197247,-0.41197494,0.5823311,-0.47819167,0.62260985,-0.47905198,0.6574875,-0.47956842,0.45329836,-0.47377482,0.39526322,-0.47112834,0.34407985,-0.46732122,0.69885427,-0.44325283,0.26685846,-0.42746216,0.59110874,-0.3343293,0.42902803,-0.3294832,1.0,-0.02904496,0.0,0.0,1.2354119,0.273659,0.09171041,0.43703288,1.4582168,0.5897808,0.74403083,0.16097713,1.5573201,0.7003951,0.90906656,0.09967774,1.524959,0.69227564,0.89662427,0.0544183,1.4816396,0.6647779,0.8401425,0.06690595,0.81298435,0.9891696,0.20059466,1.0,0.8986063,1.6064453,0.23877668,1.7358848,0.92484623,2.0510814,0.1493051,2.3180482,0.88562745,2.0926502,0.17303632,2.3392236,0.92803586,2.2610202,0.26166457,2.6131213
1161.jpg,0.5381935,-0.4079289,0.58608025,-0.47254026,0.6240847,-0.47270483,0.6601074,-0.47262967,0.4590106,-0.47168842,0.4021253,-0.47011745,0.35145625,-0.46745184,0.6929956,-0.43836257,0.27284113,-0.42809132,0.5981111,-0.33048025,0.4361669,-0.32644865,1.0,-0.026679868,0.0,0.0,1.2450445,0.2911432,0.09582883,0.44458994,1.4672835,0.583438,0.7596524,0.18234749,1.564941,0.69449675,0.9243967,0.11693637,1.5301569,0.6864993,0.9078583,0.068633616,1.4869425,0.6569435,0.8545032,0.08161011,0.8203521,0.9897935,0.20601484,1.0,0.90426946,1.5991564,0.22602013,1.710268,0.9362772,2.0371344,0.14891784,2.2759624,0.89711607,2.0809658,0.16219051,2.3088102,0.896361,2.247671,0.24415314,2.480464
1162.jpg,0.5174633,-0.41906503,0.5734888,-0.48422062,0.6130078,-0.48452377,0.6514459,-0.48464936,0.43484113,-0.48368245,0.3788216,-0.48236272,0.3305556,-0.48062196,0.69160813,-0.45127383,0.25972423,-0.43981472,0.5870205,-0.34064612,0.4141456,-0.33506128,1.0,-0.03191567,0.0,0.0,1.2412204,0.30081475,0.034316514,0.47211522,1.4681165,0.62692815,0.733382,0.22311294,1.5444224,0.73803437,0.91359264,0.14550295,1.5043236,0.7250703,0.89623076,0.09832296,1.4706252,0.6952187,0.8430544,0.117083974,0.8147568,0.99418885,0.19545546,1.0,0.89176404,1.6275864,0.23216532,1.7358085,0.9073602,2.0619767,0.14018163,2.3313508,0.8697206,2.0953176,0.14289723,2.3668678,0.8429553,2.2876189,0.24405631,2.6153133
1164.jpg,0.5065393,-0.44444403,0.56912035,-0.50810075,0.59975946,-0.50661814,0.6388495,-0.50603986,0.43688443,-0.50673914,0.38449836,-0.50425655,0.33980733,-0.5018511,0.68549603,-0.47082636,0.27476564,-0.45942464,0.5833397,-0.36611858,0.41048244,-0.361976,1.0,-0.046450038,0.0,0.0,1.2050264,0.3544617,-0.016674643,0.51462966,1.4075453,0.69988984,0.65723044,0.32626358,1.4571526,0.81512666,0.8262943,0.28119844,1.4180098,0.7974489,0.8451051,0.23713526,1.391288,0.7584925,0.78505677,0.24654439,0.8119528,0.99486655,0.21410929,1.0,0.8791996,1.6250832,0.22218698,1.7403461,0.915305,2.0978353,0.14370763,2.3414843,0.8832561,2.144498,0.16535202,2.3780713,0.85508233,2.3147223,0.23136455,2.558266
1167.jpg,0.4797956,-0.45749852,0.5477289,-0.51843345,0.58834016,-0.5164855,0.6211138,-0.5131312,0.41736642,-0.51735693,0.37293246,-0.5153705,0.33417094,-0.5127969,0.6775136,-0.47466058,0.29071444,-0.4679745,0.566833,-0.36725605,0.40847307,-0.36601657,1.0,0.005390748,0.0,0.0,1.1333357,0.46536776,-0.14049238,0.5236097,1.1644682,0.82724166,0.31651106,0.6112323,1.1869142,0.92864305,0.48712492,0.6547183,1.1475047,0.9060139,0.51672435,0.58537817,1.1178972,0.8728389,0.47461045,0.56842744,0.76484317,0.9943936,0.22172569,1.0,0.851186,1.623488,0.24460226,1.7430196,0.8780681,2.074125,0.1542691,2.3356698,0.8431842,2.1197226,0.17033984,2.3604736,0.8505813,2.2962866,0.26914424,2.6673892
1260.jpg,0.5227378,-0.42693508,0.5877577,-0.48783803,0.6243873,-0.48542938,0.65112764,-0.48297668,0.45889288,-0.49307278,0.41739348,-0.4937879,0.3746059,-0.49354893,0.7003897,-0.44195256,0.3271568,-0.44935024,0.59526396,-0.337788,0.44175604,-0.33856493,1.0,0.0040426743,0.0,0.0,1.2867534,0.38215634,-0.20791107,0.4614841,1.365727,0.7426901,0.13749954,0.47995102,1.3593851,0.85301477,0.22944511,0.47499445,1.298097,0.8293508,0.25729594,0.40247214,1.2816827,0.7970745,0.24259931,0.3960532,0.8014346,0.9910943,0.23549584,1.0,0.87994665,1.6006595,0.2459974,1.6930445,0.9132622,2.0358543,0.19845197,2.2477422,0.88097084,2.0984125,0.23543544,2.2812788,0.88641286,2.244739,0.2895092,2.5469735
1262.jpg,0.50169224,-0.39469653,0.56679446,-0.46428627,0.5987592,-0.46182466,0.63392663,-0.45918068,0.43444425,-0.46465057,0.38933173,-0.46292314,0.3464771,-0.4600026,0.6851148,-0.4191676,0.29164916,-0.41825062,0.57724476,-0.30999893,0.41432074,-0.3051846,1.0,0.0113999015,0.0,0.0,1.2747551,0.32343164,-0.16096213,0.4819527,1.4681197,0.67762923,0.23795202,0.29057506,1.5221211,0.7820236,0.32839143,0.21774197,1.4754175,0.7683123,0.35700038,0.15624672,1.4456648,0.73871636,0.34569028,0.17459728,0.7840339,0.98603976,0.22296837,1.0,0.8851374,1.6157212,0.26021647,1.7170104,0.93728834,2.0481157,0.1847586,2.2989964,0.92856777,2.1043081,0.20446007,2.3257182,0.8869383,2.265232,0.24087314,2.578665
1263.jpg,0.50210124,-0.38654083,0.5726949,-0.4543151,0.60911477,-0.45187512,0.63753426,-0.44936782,0.4366482,-0.4575536,0.39392444,-0.45664075,0.34892473,-0.45482215,0.6941046,-0.41208205,0.30469403,-0.41390368,0.5794448,-0.30375448,0.41108355,-0.3003274,1.0,-0.00040117043,0.0,0.0,1.2853622,0.3096489,-0.10608605,0.49577484,1.4833599,0.65348464,0.25438917,0.2457867,1.5613323,0.7535897,0.35772943,0.16897365,1.5158957,0.7427366,0.38118812,0.10489475,1.4780475,0.71504706,0.36508203,0.11912812,0.7937582,0.9850545,0.23489653,1.0,0.9069842,1.6231987,0.27612582,1.7165803,0.96823996,2.066959,0.2034451,2.2783768,0.9448026,2.1137495,0.23349652,2.3160408,0.9475191,2.289791,0.2756048,2.5738127
1264.jpg,0.5001432,-0.3838563,0.5698659,-0.45356554,0.6067969,-0.45117235,0.63558996,-0.4485474,0.43355176,-0.45689097,0.39075595,-0.45582116,0.34536967,-0.45361593,0.6971864,-0.4130097,0.29847053,-0.41374776,0.57895285,-0.3017391,0.4094928,-0.2984786,1.0,-0.013461077,0.0,0.0,1.2757645,0.3051249,-0.07667959,0.49546024,1.4885993,0.6292754,0.2459859,0.25341442,1.5652475,0.72505075,0.34998652,0.16477405,1.5171498,0.7127451,0.36954284,0.09752538,1.4811906,0.6844514,0.35634854,0.11500822,0.8210914,0.98294556,0.24927527,1.0,0.90869033,1.6192465,0.27450886,1.7147498,0.968843,2.045939,0.1745192,2.27663,0.9299642,2.0966353,0.19600888,2.3134274,0.9666601,2.2600427,0.23336527,2.5400043
1265.jpg,0.50831825,-0.39297232,0.57284105,-0.4631522,0.60355085,-0.4618834,0.6444872,-0.46080124,0.4460764,-0.4651922,0.3971969,-0.4640819,0.3558199,-0.46243602,0.6923278,-0.42691085,0.29024255,-0.42328274,0.580494,-0.31304625,0.41952842,-0.3092769,1.0,-0.022798182,0.0,0.0,1.2701098,0.31628856,-0.06430068,0.5075126,1.4707408,0.6394578,0.29507232,0.2636386,1.5164537,0.7429742,0.39449617,0.18534684,1.4721406,0.7305045,0.40867347,0.11857462,1.443651,0.7021947,0.39267915,0.13401943,0.8368032,0.98900217,0.25139508,1.0,0.8864283,1.6327932,0.26248872,1.7285813,0.95510375,2.0778654,0.19339909,2.308804,0.94232434,2.128381,0.20687465,2.3473637,0.8771001,2.2841568,0.24088377,2.5105674
1267.jpg,0.5109626,-0.42472497,0.5657007,-0.49325052,0.60245824,-0.4917362,0.64141124,-0.49042353,0.44564706,-0.49544397,0.3974383,-0.4937642,0.3532923,-0.4910876,0.6864779,-0.45214024,0.28489545,-0.4450129,0.5756764,-0.33815438,0.42238903,-0.33452436,1.0,-0.02822461,0.0,0.0,1.224914,0.34314018,-0.058252092,0.51264006,1.3411312,0.6553315,0.27336305,0.36988565,1.3841276,0.7557396,0.36520013,0.330637,1.3377839,0.7407378,0.3969355,0.26372612,1.3029745,0.71457106,0.38116533,0.27092537,0.845042,0.9855943,0.25668004,1.0,0.881141,1.6030754,0.28798893,1.7046366,0.92544,2.0236588,0.20257565,2.2636235,0.88512534,2.0632515,0.2194603,2.2910073,0.89118767,2.2789936,0.26719964,2.4601858
1269.jpg,0.53197074,-0.43847275,0.58158547,-0.50709534,0.6160068,-0.5057935,0.6539172,-0.50392383,0.46610937,-0.5051402,0.41713497,-0.50086963,0.37390077,-0.4968483,0.6960308,-0.45914915,0.2987217,-0.459362,0.5965186,-0.35608298,0.4405338,-0.3545612,1.0,-0.02190924,0.0,0.0,1.1859398,0.3975467,-0.07814587,0.52087194,1.2095027,0.7216164,0.21023978,0.6070541,1.2109492,0.82343596,0.2902687,0.63405883,1.1624402,0.7865218,0.30135483,0.5508417,1.1443254,0.757486,0.2867744,0.5393759,0.84405667,0.980235,0.28565896,1.0,0.895312,1.5961217,0.3152232,1.7097046,0.9375604,1.9997946,0.2178411,2.3154738,0.8942674,2.0321138,0.22797705,2.3444786,0.92774314,2.2827137,0.33638653,2.6078467
1270.jpg,0.53510207,-0.43132257,0.58703214,-0.49523428,0.62149644,-0.49459913,0.6602201,-0.49402246,0.46481407,-0.49519876,0.41647583,-0.49329644,0.373238,-0.49056402,0.6995625,-0.45399114,0.30005702,-0.44928563,0.60080624,-0.34686118,0.44726935,-0.34414577,1.0,0.0012328303,0.0,0.0,1.1786635,0.4281915,-0.13098057,0.50016224,1.1070799,0.75839347,0.12175604,0.68913805,1.0504099,0.8525994,0.18428689,0.74881136,1.0044926,0.8095785,0.21275976,0.68570024,1.0074042,0.78407234,0.20223068,0.6600625,0.8180146,0.973061,0.27059594,1.0,0.9051003,1.5870792,0.29588705,1.7127888,0.93679583,2.035359,0.22569397,2.27284,0.8927901,2.0977776,0.2587086,2.2977173,0.9546238,2.270584,0.2809358,2.5617495
1294.jpg,0.5245229,-0.43607113,0.58537334,-0.49855345,0.6181972,-0.49607176,0.6555761,-0.49282953,0.4605822,-0.49948558,0.4157711,-0.49686235,0.3751626,-0.49299166,0.6984296,-0.44706,0.31104505,-0.4463675,0.59307545,-0.3430267,0.4347304,-0.34155855,1.0,0.026343381,0.0,0.0,1.1713408,0.46481454,-0.16107768,0.5035314,1.1295803,0.824087,0.26653576,0.62503755,1.1220351,0.9224011,0.410828,0.67218095,1.0925661,0.8667405,0.4431502,0.6052335,1.0784808,0.8378393,0.40606636,0.5863159,0.80273825,0.9969083,0.24799882,1.0,0.8740831,1.59823,0.2721067,1.7186351,0.8940897,2.0428708,0.19380379,2.2865582,0.84589267,2.0965736,0.2057743,2.3150895,0.8392847,2.281858,0.30431825,2.599612
1298.jpg,0.536696,-0.37580982,0.5915489,-0.43993253,0.63340473,-0.43863747,0.66842556,-0.437464,0.4589638,-0.44254026,0.4008346,-0.44146344,0.34864917,-0.43920004,0.7098792,-0.40353423,0.2653898,-0.39769027,0.59858197,-0.29362848,0.43170452,-0.29186827,1.0,-0.004013992,0.0,0.0,1.2359294,0.3271176,-0.08983595,0.45396215,1.4734731,0.62741953,0.5368619,0.2148823,1.576269,0.7295232,0.6957632,0.124741994,1.5435214,0.7221677,0.7017833,0.08153466,1.4998722,0.6968374,0.6629175,0.102279596,0.8232918,0.98448396,0.2110828,1.0,0.9157297,1.5911776,0.22510405,1.6935326,0.9541137,2.0318353,0.14863053,2.268606,0.91806614,2.0793676,0.15914614,2.3062537,0.9221138,2.2287884,0.19394389,2.4887347
1300.jpg,0.5266772,-0.35899112,0.5751703,-0.42420855,0.6141889,-0.42520446,0.64782375,-0.42520466,0.45128474,-0.42127192,0.3938696,-0.41814882,0.33964357,-0.41499102,0.68782467,-0.39669052,0.25562304,-0.3812207,0.5851177,-0.28905684,0.42517185,-0.28605804,1.0,-0.022349726,0.0,0.0,1.2098168,0.2999674,-0.059985247,0.44733578,1.4576539,0.58014214,0.55367285,0.18001439,1.5748678,0.674017,0.7050895,0.095926076,1.5515147,0.6668458,0.7188558,0.055517565,1.5020475,0.64177376,0.6791314,0.07650396,0.8259017,0.988708,0.20566764,1.0,0.924039,1.6110632,0.2066839,1.7007084,0.94956523,2.0279372,0.14068279,2.2686741,0.8759328,2.0707774,0.15610212,2.2964458,1.0000484,2.2538676,0.23841068,2.5704744
1304.jpg,0.5145369,-0.38676026,0.5652387,-0.4516006,0.6062882,-0.45236748,0.643549,-0.45234016,0.43791306,-0.44702432,0.3827954,-0.4437321,0.3343126,-0.43988585,0.6910504,-0.42080045,0.25728887,-0.40429112,0.582642,-0.30901864,0.41987854,-0.30689383,1.0,-0.031050412,0.0,0.0,1.1849368,0.3389313,-0.12769093,0.4904622,1.4014693,0.6516379,0.4970016,0.30930236,1.4682754,0.75535876,0.6672154,0.2455307,1.4401174,0.7405993,0.6775395,0.20023777,1.4102899,0.71036255,0.6343168,0.21462929,0.819779,0.9884598,0.20412788,1.0,0.905145,1.634322,0.21780308,1.7265078,0.91804683,2.041174,0.12583324,2.3286026,0.8652501,2.0777988,0.13825876,2.3571002,0.91496396,2.2676344,0.22292952,2.6468744
309.jpg,0.50834846,-0.46188205,0.56901056,-0.5274688,0.6086331,-0.52540797,0.6368467,-0.5225837,0.4386265,-0.5286483,0.39722723,-0.52733016,0.35482323,-0.52413195,0.6845158,-0.4768814,0.30511653,-0.478029,0.59273624,-0.37238798,0.4228997,-0.3706001,1.0,0.0055398233,0.0,0.0,1.0692669,0.4995649,-0.10657533,0.4807965,1.0475843,0.9374445,0.0075728884,0.6687325,1.0916651,1.0736351,0.034173768,0.74278307,1.0449805,1.0701797,0.0646203,0.69502735,1.0114079,1.0272893,0.07522043,0.6667492,0.77879816,1.02747,0.23752153,1.0,0.841703,1.611625,0.24780154,1.6850035,0.86136335,2.1193662,0.11322881,2.2314355,0.7938464,2.1804025,0.10781948,2.2737916,1.0013094,2.2658603,0.09846757,2.3985095
310.jpg,0.50979173,-0.45651042,0.56692344,-0.5258518,0.60067165,-0.52376574,0.6322431,-0.52146244,0.43874946,-0.527298,0.39675745,-0.5260128,0.35466725,-0.52295446,0.68229437,-0.47616547,0.3035817,-0.47478727,0.5858118,-0.36842513,0.42681524,-0.36514628,1.0,0.0135371145,0.0,0.0,1.0891458,0.52158546,-0.106066965,0.4992077,1.1164538,0.95753926,0.038027365,0.52175474,1.1872162,1.0981853,0.065764084,0.5308021,1.1385311,1.0981035,0.07802163,0.47007284,1.091593,1.0579463,0.088045985,0.46147928,0.7757667,1.0091797,0.22566442,1.0,0.8418711,1.6144735,0.2532859,1.6895998,0.8622302,2.138307,0.14833145,2.232276,0.7896631,2.2094944,0.15401228,2.2838356,1.0242,2.2870681,0.12341457,2.4100928
312.jpg,0.5116274,-0.41453683,0.5737646,-0.47888905,0.6087322,-0.47681782,0.6409099,-0.47498152,0.44369116,-0.4843743,0.3992252,-0.48539618,0.35623756,-0.48600188,0.682211,-0.44141895,0.2994791,-0.44914263,0.5844783,-0.32628617,0.4255582,-0.3288515,1.0,0.010675728,0.0,0.0,1.1593896,0.53061724,-0.18429543,0.5432938,1.2541126,0.96933484,0.06983377,0.2881581,1.2666694,1.112212,0.15829019,0.20827743,1.2091043,1.1032007,0.16231675,0.15008935,1.1808054,1.066173,0.15827332,0.17120352,0.7805263,1.0048177,0.22236866,1.0,0.8414435,1.6426425,0.2461194,1.7245439,0.85432464,2.1483264,0.1383737,2.2604282,0.828605,2.2089713,0.14171709,2.2945771,1.0390595,2.292897,0.14519922,2.457128
313.jpg,0.50637513,-0.41756895,0.5757455,-0.48057368,0.61518514,-0.47790757,0.64363694,-0.476033,0.4420603,-0.48662916,0.39722127,-0.48781556,0.3562439,-0.48780096,0.6907957,-0.44099042,0.30043745,-0.45041734,0.586869,-0.32270822,0.4191603,-0.32983252,1.0,0.0063788937,0.0,0.0,1.1774805,0.5008168,-0.16210641,0.54723513,1.2618978,0.8915002,0.09396978,0.2244522,1.2676616,1.02435,0.17446959,0.13818827,1.21352,1.0102017,0.18178661,0.07783795,1.185657,0.97866774,0.17437507,0.09755938,0.7934801,0.9990506,0.23788087,1.0,0.85911,1.6464229,0.24539626,1.7270619,0.8488478,2.143025,0.1351566,2.2672567,0.77935684,2.2121165,0.11833903,2.2956676,1.0371667,2.2910764,0.23729987,2.5709994
314.jpg,0.50332946,-0.41635773,0.57136226,-0.4838969,0.6084961,-0.48177466,0.64028627,-0.47989336,0.43606165,-0.4869226,0.38973165,-0.48700395,0.34664544,-0.48620057,0.68913627,-0.44327542,0.29283363,-0.4476055,0.5804275,-0.32512537,0.4147971,-0.32356536,1.0,0.01662759,0.0,0.0,1.1520144,0.48787257,-0.16821285,0.5489846,1.2299563,0.7999449,0.087574534,0.2520737,1.2400242,0.91548234,0.16928129,0.15190955,1.2003837,0.8904355,0.17979565,0.0889014,1.1765367,0.8521184,0.17392483,0.11334939,0.7716514,1.0130992,0.2271747,1.0,0.84639794,1.6568254,0.2284244,1.7381418,0.8312549,2.1986883,0.10124724,2.2864103,0.7499819,2.281266,0.097950384,2.3395061,1.0547394,2.3534763,0.12171493,2.4799438
315.jpg,0.508369,-0.42590508,0.575089,-0.49446198,0.610398,-0.4926844,0.647143,-0.4911484,0.43710294,-0.4952085,0.3916681,-0.49459428,0.34899956,-0.4934406,0.68970597,-0.45264602,0.29658866,-0.453225,0.58499515,-0.3354307,0.41816664,-0.33237672,1.0,0.023779226,0.0,0.0,1.1192887,0.5700682,-0.15339553,0.5708634,1.139892,0.67603296,0.10857096,0.26580045,1.1609575,0.74450403,0.19826172,0.15895735,1.1433262,0.70438284,0.18935649,0.094773054,1.1202099,0.6618833,0.18203017,0.12554297,0.7538967,1.0177267,0.2099746,1.0,0.8229383,1.7039001,0.20350954,1.7814279,0.8350074,2.200059,0.06903042,2.3624525,0.7619543,2.2889977,0.06229326,2.386173,1.0282904,2.3496444,0.17952724,2.641601
345.jpg,0.49921596,-0.40484345,0.57279205,-0.47051242,0.60323006,-0.46873707,0.63869905,-0.46745357,0.4352928,-0.4726866,0.38537222,-0.4715623,0.33827096,-0.47085673,0.6938248,-0.4287995,0.28423232,-0.43600467,0.5742656,-0.32610226,0.40315863,-0.325117,1.0,-0.028955234,0.0,0.0,1.3309765,0.23706065,0.106059894,0.5023364,1.344239,0.5942324,0.596832,0.1442886,1.3329177,0.694195,0.7113106,0.04092764,1.2561598,0.6754653,0.68181324,0.0003356889,1.2378947,0.6471308,0.6507319,0.02485728,0.83971953,0.98408717,0.23712815,1.0,0.8683543,1.6553832,0.20894948,1.7274601,0.85030854,2.1345575,0.10743054,2.3126132,0.76280665,2.2113547,0.119261175,2.3433092,1.0585754,2.3021762,0.24863073,2.5697963
346.jpg,0.5226114,-0.3967495,0.5840071,-0.46303385,0.6101964,-0.46201977,0.6431876,-0.4610085,0.45337465,-0.4661612,0.40121832,-0.46570534,0.35225084,-0.46531823,0.68513733,-0.42543304,0.2858823,-0.43389985,0.5879575,-0.32138267,0.42563975,-0.3193382,1.0,-0.03259854,0.0,0.0,1.2825823,0.24044518,0.11575152,0.49291292,1.3323351,0.58774954,0.6058354,0.11196473,1.3270943,0.6748423,0.72035724,0.013672872,1.2626678,0.64884484,0.69400847,-0.031632677,1.2421434,0.6236983,0.6589339,-0.00838301,0.8203159,0.98498577,0.21924189,1.0,0.8386244,1.6495458,0.20457016,1.7231008,0.82625335,2.1481562,0.0804301,2.3444464,0.7492817,2.226781,0.0819535,2.3779964,0.9996562,2.3270347,0.15778318,2.544372
347.jpg,0.49764612,-0.39137173,0.56360656,-0.4621506,0.5918938,-0.4609711,0.6311304,-0.4600468,0.43904063,-0.46102825,0.38656405,-0.4590902,0.3426866,-0.45675987,0.6797901,-0.42098492,0.27441427,-0.42304012,0.56861746,-0.31759664,0.40505686,-0.31491512,1.0,-0.033599384,0.0,0.0,1.2381654,0.24904229,0.10719758,0.4918739,1.281762,0.5643301,0.57029283,0.10882576,1.2740476,0.6357463,0.68145347,0.019581418,1.2165066,0.5989507,0.6625647,-0.02308196,1.1964082,0.5764521,0.6274649,-0.0030697118,0.7966824,0.9912779,0.21616162,1.0,0.8280445,1.6436218,0.20821413,1.7214285,0.80307335,2.1152205,0.07366533,2.322955,0.7238259,2.1881528,0.05744199,2.3516517,1.0084816,2.2885222,0.27335164,2.5770466
351.jpg,0.5430209,-0.42354363,0.58919126,-0.4920279,0.62316537,-0.49216345,0.6597565,-0.4919441,0.47568557,-0.49053416,0.42686886,-0.489051,0.382742,-0.485932,0.7009822,-0.4550652,0.30670735,-0.44850704,0.6034885,-0.34361643,0.45796356,-0.3418122,1.0,-0.017406465,0.0,0.0,1.1523821,0.40325958,-0.13943946,0.5302647,1.0283438,0.6030657,0.35326925,0.5230654,0.9735758,0.643766,0.49654412,0.4914316,0.9587208,0.57463056,0.4997464,0.42008513,0.96415794,0.560543,0.46917066,0.42476234,0.8020739,0.9817099,0.24170665,1.0,0.84668744,1.621084,0.21893232,1.7398878,0.818407,2.0749435,0.1093621,2.3666022,0.7532666,2.1301506,0.12834096,2.3998418,0.83908117,2.3081346,0.21532674,2.6284232
368.jpg,0.5108569,-0.47127724,0.572276,-0.5359947,0.6047001,-0.53306144,0.64273006,-0.52983606,0.44842768,-0.54036504,0.4025246,-0.54066706,0.3626349,-0.54019123,0.68764734,-0.4842927,0.3030672,-0.48927808,0.58018064,-0.37966558,0.42842603,-0.38117447,1.0,-0.030446585,0.0,0.0,1.2498853,0.3640975,-0.1464099,0.54085535,1.1593083,0.66630507,0.36087158,0.4820302,1.0873057,0.73569083,0.51100624,0.4669702,1.0520931,0.68141496,0.5308758,0.39502728,1.0589734,0.6554328,0.48959106,0.39556488,0.80920345,0.9963809,0.24672723,1.0,0.8259723,1.6595579,0.1840841,1.7405498,0.7643492,2.1275942,0.08468503,2.353984,0.691995,2.158973,0.16485287,2.4044335,0.8137516,2.3248014,0.13331254,2.5658522
369.jpg,0.5261164,-0.46016714,0.5854418,-0.5231416,0.620923,-0.52089256,0.6602291,-0.5178998,0.4556861,-0.5260876,0.40645206,-0.52591187,0.36419168,-0.5255421,0.7026956,-0.47602183,0.2981727,-0.4818902,0.59709895,-0.37025037,0.4413327,-0.37018707,1.0,-0.032949537,0.0,0.0,1.314467,0.30646464,-0.13827255,0.5235968,1.2167222,0.6629822,0.4598055,0.3721154,1.1655041,0.7412809,0.6395815,0.32486066,1.1157159,0.6975217,0.6469668,0.26414528,1.1159282,0.6699541,0.60471135,0.27126235,0.8264071,0.99930006,0.2449566,1.0,0.8346243,1.6602345,0.18990757,1.7424523,0.7737621,2.1327112,0.09971593,2.3158207,0.70968837,2.1474304,0.16023773,2.374734,0.71982366,2.3298707,0.15253678,2.5357246
371.jpg,0.55595624,-0.42497376,0.6043471,-0.4868183,0.64266354,-0.48480487,0.671646,-0.48320758,0.49243143,-0.48967993,0.4388575,-0.49040577,0.38862026,-0.49093536,0.7026078,-0.44588205,0.2989408,-0.45753112,0.6046912,-0.3427684,0.45708558,-0.34323633,1.0,-0.030237008,0.0,0.0,1.2993747,0.2845437,-0.037293363,0.49621326,1.2769295,0.61402774,0.5257746,0.20044722,1.2793128,0.72183096,0.68738496,0.10625543,1.199618,0.70366997,0.6794455,0.05892083,1.1729892,0.67534786,0.6378718,0.08259561,0.84797317,0.98944396,0.25444627,1.0,0.86669093,1.6588554,0.20597509,1.7300893,0.79151183,2.1269505,0.0965624,2.3336265,0.7163441,2.162084,0.08862423,2.3729734,0.8754823,2.3228672,0.16316213,2.580928
373.jpg,0.5484905,-0.40262395,0.5959207,-0.46775553,0.6289867,-0.4664166,0.66564316,-0.46440145,0.4846477,-0.47009298,0.4322174,-0.4690815,0.3800343,-0.46762332,0.70092565,-0.42087057,0.2959055,-0.4330004,0.5987114,-0.32554936,0.44690603,-0.32710943,1.0,-0.010224151,0.0,0.0,1.2681053,0.3132517,0.00679244,0.47051919,1.2291104,0.63865,0.5407272,0.11510217,1.1989334,0.7295124,0.6724599,0.03188524,1.136897,0.699806,0.65513706,-0.010064108,1.1244088,0.6715636,0.6142668,0.011657711,0.8515653,0.9837712,0.25255212,1.0,0.87176317,1.6305019,0.21203476,1.7215358,0.8123366,2.11335,0.10279937,2.311116,0.7376881,2.14793,0.09070277,2.3465967,0.86159045,2.3051353,0.25066334,2.5810337
374.jpg,0.53752196,-0.39124346,0.5881364,-0.45645332,0.6211592,-0.45567614,0.65597385,-0.4547371,0.4775444,-0.45846933,0.42629838,-0.45836008,0.37699622,-0.4577231,0.6883309,-0.41623637,0.29986194,-0.42818975,0.58777344,-0.31765327,0.4429959,-0.31822032,1.0,0.0011722924,0.0,0.0,1.2090796,0.3623247,0.013476471,0.47364184,1.0950863,0.68739915,0.5161314,0.11801653,1.02794,0.766885,0.63343537,0.03610305,0.98413885,0.7263408,0.62192607,-0.0067514493,0.9884795,0.70443314,0.58992016,0.014169972,0.7953919,0.98511434,0.2243517,1.0,0.8335111,1.6265357,0.20079727,1.7141931,0.77252775,2.0732317,0.07707005,2.3228514,0.7072329,2.1020107,0.11988292,2.3712757,0.7705225,2.2943723,0.17173512,2.540941
377.jpg,0.5539659,-0.4235079,0.60346967,-0.49106678,0.64116067,-0.48854068,0.6739766,-0.48559988,0.48222473,-0.4970265,0.4302113,-0.49749577,0.38455704,-0.49765402,0.7027445,-0.44706824,0.30683133,-0.45713973,0.6078537,-0.3368258,0.4642585,-0.33631837,1.0,0.014747414,0.0,0.0,1.1077689,0.49351883,-0.049931195,0.5194712,0.8802047,0.6619315,0.45349,0.2972275,0.79330796,0.70512295,0.5754619,0.19836743,0.76961964,0.6390981,0.56799877,0.14692192,0.7903121,0.61968595,0.5367357,0.17365472,0.781763,1.003398,0.21857964,1.0,0.8311136,1.6694217,0.18578123,1.734715,0.7595045,2.087833,0.07065017,2.3331652,0.69816804,2.1057606,0.08563921,2.4030612,0.71841884,2.2956293,0.1464668,2.6236787
378.jpg,0.5403078,-0.43368068,0.59357774,-0.50090694,0.63455474,-0.49828878,0.6696769,-0.4951543,0.46615085,-0.5057651,0.41245243,-0.5050947,0.36615255,-0.50419015,0.7115831,-0.44830653,0.2925367,-0.4570473,0.60099894,-0.3427351,0.44941705,-0.34261635,1.0,0.030670306,0.0,0.0,1.0719601,0.5433323,-0.13833068,0.53087854,0.7914259,0.64047533,0.33200118,0.40545747,0.7034463,0.65638906,0.43364975,0.35400927,0.69639176,0.58681303,0.4505127,0.28919658,0.7125637,0.57305884,0.42729604,0.30093467,0.79630256,0.9998473,0.21122515,1.0,0.82528526,1.6443028,0.17032468,1.7425765,0.7653794,2.0968316,0.08149673,2.300381,0.71248287,2.1064892,0.08799732,2.332242,0.7134053,2.2973914,0.122053504,2.515362
379.jpg,0.54464024,-0.45004845,0.6089285,-0.51516014,0.6394681,-0.5124162,0.6778889,-0.5096308,0.48110014,-0.52145296,0.43289876,-0.5216153,0.39112663,-0.52073425,0.7168193,-0.46749607,0.3261591,-0.4774663,0.6122343,-0.36044294,0.4543244,-0.3635365,1.0,0.019534059,0.0,0.0,1.0556978,0.5631151,-0.10994232,0.5449632,0.72384864,0.57794267,0.2487668,0.51238775,0.6294279,0.57910466,0.3539624,0.4916306,0.63485175,0.49758032,0.36578792,0.41721448,0.6506431,0.48931944,0.34666026,0.41650805,0.8055458,1.0019523,0.22433966,1.0,0.8271693,1.6515657,0.18417004,1.7514768,0.7838582,2.1254537,0.079383895,2.3643491,0.71239066,2.155508,0.08908023,2.3994808,0.7770524,2.3074884,0.15227559,2.6779075
394.jpg,0.5350914,-0.4550953,0.5964762,-0.5245768,0.6291017,-0.5220664,0.6675572,-0.51895565,0.47433463,-0.5277864,0.4299593,-0.52712333,0.39044178,-0.52444154,0.7163486,-0.47597194,0.32774773,-0.4753413,0.604002,-0.36275205,0.45577505,-0.3619045,1.0,-0.0069906535,0.0,0.0,1.1704161,0.43643364,-0.17537755,0.5511259,1.0348412,0.79287183,0.28029734,0.5374786,0.989734,0.8808579,0.42534995,0.5122541,0.95946807,0.8262263,0.43851128,0.4471148,0.9617795,0.80306894,0.40629286,0.45060885,0.7650178,0.9917923,0.2116012,1.0,0.83030057,1.6558794,0.18524827,1.7564827,0.77030975,2.1354153,0.099137396,2.3074343,0.70594156,2.1636112,0.12162963,2.3263457,0.7404703,2.3286633,0.1331577,2.5346792
395.jpg,0.5600261,-0.45460093,0.6085683,-0.5226274,0.6446734,-0.5213752,0.6792285,-0.51966614,0.48790923,-0.5260333,0.43680924,-0.525864,0.39145774,-0.5255225,0.7088999,-0.48302928,0.31456584,-0.4829926,0.6170088,-0.36644772,0.47403002,-0.364137,1.0,-0.027779207,0.0,0.0,1.1990206,0.4079149,-0.17520373,0.53489214,1.1408498,0.7844896,0.3748405,0.41420922,1.1469038,0.891386,0.5266309,0.36375847,1.0846756,0.8552403,0.52198094,0.29537183,1.0627655,0.8200232,0.48878756,0.30298054,0.7793521,1.0003172,0.20339884,1.0,0.83997643,1.6572745,0.18451704,1.748012,0.7849902,2.1535907,0.08331598,2.3356302,0.6925164,2.2001884,0.091340624,2.3636813,0.8917523,2.339706,0.15013738,2.6310124
396.jpg,0.5705615,-0.45365128,0.61864483,-0.52311444,0.6557813,-0.52057236,0.6903824,-0.5172504,0.4952235,-0.52681935,0.44187737,-0.52610093,0.39487842,-0.52525157,0.7178962,-0.47724566,0.31458333,-0.4826582,0.6266785,-0.3630031,0.47786856,-0.36126545,1.0,-0.033668105,0.0,0.0,1.2263882,0.3676695,-0.094560616,0.51996875,1.2217214,0.7492528,0.48961332,0.3094778,1.2460834,0.86335105,0.6378839,0.20918955,1.1905748,0.8403741,0.62586695,0.16159344,1.1569543,0.80213344,0.58241504,0.18695876,0.7981677,0.99567515,0.21093139,1.0,0.84989065,1.6739558,0.19338043,1.7593564,0.791695,2.1500583,0.09106235,2.34798,0.7412646,2.1848507,0.11163466,2.3737104,0.75311005,2.3478012,0.12209154,2.591324
399.jpg,0.5538597,-0.40055823,0.6044199,-0.4703811,0.634522,-0.4691328,0.6709296,-0.4676176,0.47836664,-0.47303516,0.42774215,-0.47331825,0.38345918,-0.4732748,0.70182633,-0.42890683,0.30866998,-0.43511045,0.61412,-0.31764087,0.46321425,-0.31491238,1.0,-0.020849977,0.0,0.0,1.232438,0.33196175,0.10269793,0.4937732,1.3272759,0.6725311,0.5465879,0.09081877,1.3647355,0.7900897,0.64635247,-0.015166849,1.3035172,0.77161115,0.6222328,-0.053866323,1.2655745,0.73724717,0.59254503,-0.021032298,0.82308745,0.98885536,0.2193142,1.0,0.87029666,1.659696,0.24511898,1.7192656,0.82985616,2.086477,0.1136511,2.2797108,0.7628529,2.1212773,0.12858474,2.3231318,0.8550651,2.3080373,0.23202229,2.5463994
400.jpg,0.557124,-0.379107,0.60478795,-0.44714376,0.63331944,-0.44620818,0.6683464,-0.4452332,0.488604,-0.450855,0.43408498,-0.4514018,0.38332087,-0.45096907,0.7006013,-0.4089719,0.29879168,-0.41589406,0.61490184,-0.30174577,0.45571968,-0.3043366,1.0,-0.023086116,0.0,0.0,1.2184579,0.33743113,0.14171925,0.47681868,1.2923572,0.6738903,0.5550585,0.058754932,1.3379215,0.78440845,0.6329232,-0.04378647,1.29238,0.7649159,0.60317624,-0.08648755,1.2526336,0.7330932,0.5743717,-0.051761728,0.82910234,0.9778221,0.2228762,1.0,0.8714717,1.6312912,0.24531865,1.7182373,0.8313265,2.0751698,0.12270783,2.2953835,0.7681207,2.1019068,0.11955649,2.3096998,0.82216763,2.2816322,0.28213808,2.5804927
401.jpg,0.56097597,-0.39551595,0.6001068,-0.46680754,0.6291524,-0.4667216,0.6623775,-0.4668436,0.48991963,-0.46744567,0.4363465,-0.46662834,0.3849027,-0.46536547,0.6858299,-0.43011388,0.29134098,-0.43002254,0.6128605,-0.31845745,0.4627543,-0.3189517,1.0,-0.032378055,0.0,0.0,1.1990297,0.34071475,0.12653214,0.46614617,1.2719218,0.68912435,0.5135135,0.07998843,1.3084178,0.7859092,0.58970547,-0.027704714,1.2624924,0.75940365,0.564721,-0.069327265,1.2264799,0.73083013,0.54049337,-0.03620253,0.82833743,0.9907066,0.2261479,1.0,0.8625545,1.6522447,0.23441392,1.7219068,0.78735274,2.1122954,0.100133464,2.2994375,0.7174204,2.1409602,0.08131526,2.3283644,0.80263877,2.4204998,0.24956575,2.5822046
405.jpg,0.5497174,-0.47841418,0.588575,-0.55404174,0.6238832,-0.5527316,0.65746224,-0.5510482,0.47058615,-0.5534388,0.41562152,-0.5498889,0.3704876,-0.5461769,0.689325,-0.51031005,0.2801256,-0.50505203,0.60717887,-0.38989362,0.46092033,-0.39033943,1.0,-0.051445875,0.0,0.0,1.155623,0.40910682,-0.095994286,0.54166806,1.0503627,0.6272788,0.4733094,0.34858692,1.012346,0.6972802,0.57874924,0.26560885,0.98468715,0.6443684,0.56252414,0.20103413,0.9864877,0.61820203,0.5362131,0.21632779,0.80722404,0.99679565,0.23470253,1.0,0.8527621,1.6789143,0.22167371,1.7707524,0.82337904,2.177263,0.10806562,2.3985522,0.75263035,2.203671,0.12546812,2.4595802,0.8540509,2.3788557,0.24655856,2.7002978
422.jpg,0.51872694,-0.48802713,0.5704936,-0.5539202,0.59810513,-0.55274355,0.6332406,-0.55209124,0.45117223,-0.5493698,0.4053596,-0.54464674,0.36441436,-0.53768414,0.6780559,-0.5095855,0.2957252,-0.4921085,0.5874037,-0.40410754,0.43602937,-0.3975036,1.0,-0.049462866,0.0,0.0,1.1578169,0.36857665,-0.14183447,0.52251345,1.1110488,0.6149021,0.34056887,0.41821516,1.086895,0.66252065,0.45898327,0.37067378,1.0590163,0.5955644,0.46582294,0.28416526,1.0509241,0.5755821,0.4410522,0.29238108,0.7763353,0.9905285,0.21373163,1.0,0.82819295,1.601652,0.19323626,1.7358038,0.82735515,2.0828078,0.08127098,2.3891659,0.7512443,2.1392353,0.119965084,2.3962932,0.86791337,2.3149838,0.20654365,2.6516874
423.jpg,0.54091597,-0.47458047,0.58156556,-0.53825426,0.61706084,-0.53667027,0.65285045,-0.5344069,0.47244227,-0.5391,0.42347652,-0.5366762,0.37454605,-0.533357,0.6915375,-0.4934583,0.29404518,-0.48804778,0.599201,-0.3861744,0.4534638,-0.3859825,1.0,-0.06093901,0.0,0.0,1.1672156,0.31815287,-0.10320576,0.52501523,1.1648896,0.5978674,0.3928892,0.35454926,1.1788785,0.65690696,0.52023405,0.28837574,1.1342452,0.6119811,0.51952153,0.2176219,1.1099087,0.5906679,0.48429796,0.23360392,0.812266,0.97713417,0.23186895,1.0,0.8529611,1.60526,0.19751383,1.7538972,0.8386876,2.0621817,0.09519447,2.405354,0.76339203,2.1136386,0.12035946,2.4177742,0.87146056,2.3069298,0.22413912,2.7049031
427.jpg,0.49978134,-0.45802298,0.5507769,-0.5247455,0.5807635,-0.52369064,0.61906576,-0.52324456,0.4212277,-0.51956207,0.3700456,-0.5150767,0.32691494,-0.5102464,0.6680669,-0.48209593,0.25656676,-0.46640006,0.5772057,-0.37721106,0.41975847,-0.3706016,1.0,-0.046063874,0.0,0.0,1.0953759,0.31389976,-0.0078273555,0.5036199,1.1768749,0.5574307,0.450071,0.21249671,1.2388629,0.62627816,0.60146314,0.11151655,1.2222005,0.5977643,0.6039687,0.05618669,1.1792538,0.57207865,0.5587055,0.08460356,0.82249993,0.98724794,0.23935086,1.0,0.86678344,1.6286218,0.23034678,1.7423702,0.8536419,2.0891347,0.10116137,2.4220316,0.78091806,2.1439247,0.10502635,2.4536436,0.9266816,2.3275008,0.27575704,2.690638
429.jpg,0.45982656,-0.4715741,0.5189304,-0.5362908,0.55448544,-0.5341088,0.59564394,-0.53194207,0.38620973,-0.5357738,0.33584186,-0.5321922,0.29365078,-0.52735674,0.65378827,-0.4899492,0.23779833,-0.47695044,0.54573387,-0.38434833,0.38046023,-0.37638977,1.0,-0.037036892,0.0,0.0,1.0923592,0.4081435,-0.05340006,0.5113972,1.1504666,0.58945215,0.4378507,0.22657597,1.1748449,0.64786136,0.583134,0.123929605,1.1570946,0.59347165,0.5773531,0.065525606,1.125291,0.5702862,0.53941303,0.09599726,0.81999695,0.9991024,0.24060537,1.0,0.8561767,1.6843632,0.23432185,1.7529335,0.83243984,2.1440883,0.108143434,2.3581984,0.7788297,2.18577,0.08745193,2.3943677,0.89411426,2.3608565,0.25165978,2.6480303
431.jpg,0.3991332,-0.44744122,0.4692689,-0.5150048,0.50946915,-0.51552814,0.5455989,-0.5165138,0.3331973,-0.5065387,0.29398125,-0.5027141,0.25285453,-0.49848992,0.6141719,-0.47864524,0.22238003,-0.45263764,0.49812937,-0.36689237,0.3331141,-0.35691747,1.0,-0.021708876,0.0,0.0,1.0572114,0.4981497,-0.11822627,0.5381516,1.035412,0.59336144,0.35469976,0.3271277,0.9984142,0.63184685,0.48713398,0.25563145,0.9929487,0.5549288,0.49831703,0.19048871,0.9919041,0.53867006,0.46088815,0.21037868,0.80063504,0.9973481,0.23275441,1.0,0.82627296,1.716281,0.22819172,1.7725172,0.80661315,2.202268,0.119866714,2.4018393,0.75039476,2.2426155,0.1180222,2.4336193,0.8717838,2.4338977,0.25994194,2.7100816
515.jpg,0.5442186,-0.45168132,0.59435755,-0.51549196,0.6298105,-0.5145905,0.6675377,-0.51332355,0.47793105,-0.51634884,0.4319262,-0.5155266,0.39279673,-0.514458,0.7050881,-0.4786525,0.32257992,-0.47181022,0.6065299,-0.3660904,0.46487844,-0.36574942,1.0,-0.0080114,0.0,0.0,1.2357037,0.43288565,-0.33408394,0.4863503,1.1255,0.64366966,0.1768493,0.53259426,1.0581547,0.69562256,0.32339868,0.5304921,1.0411305,0.6367836,0.35402614,0.46589947,1.0477222,0.6167531,0.31343675,0.45947993,0.7941271,0.9917901,0.23087141,1.0,0.85717976,1.6735418,0.24882105,1.7431835,0.83050704,2.1216235,0.13492417,2.321161,0.77443856,2.1471179,0.12363918,2.3564894,0.8136549,2.341136,0.14842342,2.5270226
516.jpg,0.5807857,-0.43785524,0.62253785,-0.5039539,0.65931684,-0.501573,0.6933079,-0.49844432,0.5122926,-0.51032025,0.46584263,-0.5100764,0.42093733,-0.51000077,0.72036296,-0.4597617,0.33657503,-0.47063443,0.6297229,-0.35113263,0.49342886,-0.35592753,1.0,-0.023067622,0.0,0.0,1.2685088,0.37248015,-0.29525372,0.4820219,1.23613,0.6488515,0.26632518,0.41373995,1.2165278,0.7366354,0.4300839,0.3958108,1.1603042,0.70234984,0.45864058,0.31618267,1.1500565,0.6718767,0.41664356,0.3160896,0.8346826,0.9857355,0.25689998,1.0,0.8912271,1.6696147,0.25573266,1.7259362,0.8629354,2.1421878,0.15566948,2.3087358,0.80157876,2.1784847,0.14579946,2.3412538,0.8924771,2.332018,0.26625136,2.5949576
518.jpg,0.5683314,-0.4249664,0.6160629,-0.4959721,0.64925903,-0.49352822,0.68591285,-0.49011716,0.49501443,-0.5005217,0.442834,-0.5011113,0.3979652,-0.50130105,0.70891887,-0.45146006,0.31844345,-0.46609652,0.6201487,-0.3396706,0.4739294,-0.33984283,1.0,-0.03206723,0.0,0.0,1.2380815,0.30534577,-0.17745736,0.49555185,1.3379488,0.6247935,0.39848658,0.23067151,1.3841004,0.72143805,0.5193686,0.14915805,1.339689,0.7070034,0.5181034,0.089871645,1.303534,0.67438275,0.49412677,0.11192896,0.8162204,0.99579406,0.23840187,1.0,0.8755617,1.695557,0.2239821,1.7512059,0.84233606,2.1718683,0.09833486,2.343915,0.7832749,2.203614,0.077034995,2.3819025,0.87120324,2.3726413,0.13566771,2.5413277
519.jpg,0.57453096,-0.39748693,0.6208258,-0.4629501,0.6551156,-0.46199372,0.6893555,-0.46053642,0.5123613,-0.46641886,0.46102825,-0.4674546,0.4098185,-0.46849838,0.71323603,-0.4304089,0.31616822,-0.44682527,0.6208923,-0.32142136,0.47656634,-0.32328957,1.0,-0.036861926,0.0,0.0,1.2202493,0.29788774,-0.15571165,0.49639025,1.3742632,0.59286815,0.386527,0.2316384,1.4187717,0.6856725,0.5120316,0.15307094,1.3825525,0.6745963,0.5089382,0.090843946,1.3499392,0.64592135,0.4838981,0.111432895,0.8223184,0.9933253,0.23054734,1.0,0.8796268,1.6594188,0.21853137,1.7360755,0.8645091,2.1598954,0.09900725,2.3209293,0.81253654,2.198758,0.08001411,2.3476107,0.92390156,2.3637893,0.15767619,2.581155
520.jpg,0.569593,-0.4074388,0.6127007,-0.46979898,0.6488253,-0.46840736,0.6820966,-0.46672297,0.5053114,-0.4755573,0.45254794,-0.4778734,0.40077546,-0.48022503,0.70475477,-0.43721363,0.30278048,-0.45037103,0.6132224,-0.32665926,0.46829808,-0.32631934,1.0,-0.040994115,0.0,0.0,1.209505,0.3031087,-0.1410564,0.49006465,1.3577112,0.6009941,0.4097833,0.2166805,1.4132781,0.68291646,0.5297995,0.14597139,1.3876365,0.6699805,0.533794,0.082180135,1.3519262,0.644611,0.5065672,0.10178693,0.8251878,1.0021052,0.22764981,1.0,0.8520948,1.6845249,0.21671689,1.7458135,0.8651198,2.14668,0.08842754,2.3478708,0.81181,2.170082,0.06077191,2.391141,0.8808266,2.360602,0.14486739,2.5342937
521.jpg,0.5932443,-0.4072302,0.63507074,-0.46668535,0.6704887,-0.4644605,0.69858676,-0.4619622,0.5308725,-0.47161195,0.47825694,-0.47252253,0.42427847,-0.47504923,0.71665204,-0.42941505,0.31925055,-0.4455381,0.63577247,-0.32566005,0.49715832,-0.32604313,1.0,-0.031464893,0.0,0.0,1.1844765,0.30464402,-0.13922031,0.48129472,1.3287729,0.5909864,0.43299595,0.23514019,1.38268,0.66580826,0.5807604,0.15955773,1.3647376,0.6512859,0.5861174,0.09747411,1.3272988,0.6247464,0.5554344,0.117707215,0.8366561,1.0001622,0.23710297,1.0,0.86378103,1.6670246,0.22811438,1.7345392,0.879648,2.1163247,0.09403974,2.332976,0.8209493,2.133866,0.070925914,2.3656986,0.89246887,2.3279321,0.18451343,2.608024
522.jpg,0.58720714,-0.42637926,0.627158,-0.49386406,0.6621724,-0.49116573,0.69823724,-0.48803145,0.50979173,-0.49987862,0.45736843,-0.49991062,0.40657765,-0.49960673,0.71895003,-0.45060575,0.3203767,-0.460547,0.6389192,-0.3427618,0.49128535,-0.34041548,1.0,-0.0342269,0.0,0.0,1.1614327,0.34175855,-0.16024116,0.49701402,1.2726302,0.61365455,0.43357822,0.28703487,1.3308762,0.68154955,0.6140932,0.2198181,1.3221772,0.65407205,0.617782,0.16664055,1.2832036,0.63085616,0.573209,0.18430579,0.8356762,0.9905699,0.24274978,1.0,0.86189806,1.6877148,0.24135932,1.757894,0.84876263,2.158319,0.11987103,2.3641217,0.79369515,2.1764896,0.10611402,2.3997612,0.85383457,2.372733,0.17610914,2.5406568
541.jpg,0.48733413,-0.51682866,0.54811597,-0.5789502,0.5815474,-0.5769782,0.61793834,-0.574777,0.4267202,-0.579164,0.38271657,-0.5753783,0.3443472,-0.5699632,0.6731869,-0.5257155,0.290431,-0.51144856,0.56555176,-0.42334214,0.4114531,-0.41965297,1.0,-0.032196447,0.0,0.0,1.1756804,0.426695,-0.15616958,0.55453926,1.0343027,0.6889583,0.2789905,0.48724464,0.9691999,0.75060356,0.41063824,0.45135704,0.94922614,0.68639296,0.42741528,0.37941477,0.9605304,0.6633762,0.40229696,0.3842479,0.7763896,0.99674827,0.2239377,1.0,0.8190259,1.6892862,0.19436371,1.7699738,0.80117565,2.1887043,0.093465626,2.3930724,0.74753386,2.2308018,0.090930596,2.4318812,0.8518896,2.392441,0.12797405,2.6068983
542.jpg,0.51816696,-0.50254685,0.57019025,-0.5646103,0.60720664,-0.56141925,0.641047,-0.558041,0.45582527,-0.56914,0.40738183,-0.566559,0.3632643,-0.5632956,0.6895705,-0.50648016,0.29215968,-0.50593156,0.5854755,-0.40980542,0.4337053,-0.40816048,1.0,-0.034018513,0.0,0.0,1.1913241,0.3859209,-0.14019652,0.5393163,1.1131744,0.70937073,0.36947304,0.37346697,1.0565977,0.7877034,0.4912217,0.3282112,1.019653,0.73191106,0.4975188,0.25475907,1.0237459,0.7088044,0.46645907,0.26485467,0.7901555,0.98561996,0.22936162,1.0,0.82968366,1.6598833,0.21295696,1.7543086,0.80822134,2.1223512,0.11714916,2.3600588,0.7440303,2.1524835,0.116208054,2.4017913,0.8377471,2.3463612,0.2541311,2.6430562
544.jpg,0.51670873,-0.4559677,0.5609623,-0.52374035,0.59780616,-0.5216953,0.63385445,-0.5188936,0.44589373,-0.5262988,0.39775562,-0.52380115,0.35393286,-0.52172476,0.66980183,-0.47547516,0.2827853,-0.4748427,0.5821647,-0.36778668,0.4346133,-0.3642112,1.0,-0.029460613,0.0,0.0,1.1825266,0.34970704,-0.070090055,0.5072646,1.1981283,0.68349266,0.43126172,0.25362024,1.2083417,0.78513336,0.5841962,0.16079032,1.1546824,0.7642214,0.5724537,0.1083475,1.1302618,0.73176247,0.53221923,0.13549125,0.8071105,0.98976195,0.23470996,1.0,0.8288536,1.6702596,0.20774628,1.7479695,0.80429965,2.115516,0.092846245,2.358449,0.7427396,2.1471198,0.09384277,2.3832133,0.84082323,2.3442583,0.18002193,2.5278475
545.jpg,0.53930575,-0.43985322,0.57999945,-0.50501543,0.6154254,-0.5027381,0.6502849,-0.5005178,0.46713823,-0.5071631,0.41611633,-0.50515556,0.36666194,-0.502128,0.6858226,-0.45875394,0.28997272,-0.4595368,0.6014811,-0.35553354,0.45583972,-0.35028446,1.0,-0.03434526,0.0,0.0,1.1818253,0.32022783,-0.07192012,0.5011162,1.2427993,0.65133363,0.437029,0.22275308,1.2661166,0.75660676,0.5950666,0.13367787,1.2249004,0.7416822,0.5946735,0.07957283,1.1936136,0.7117646,0.55547386,0.097807564,0.8133089,0.9866358,0.23822673,1.0,0.8555261,1.6667387,0.21418312,1.7486413,0.8307851,2.1374176,0.07633376,2.3483958,0.7622154,2.1788568,0.07093698,2.3759146,0.89813393,2.345611,0.19570304,2.5348952
546.jpg,0.5544676,-0.42110518,0.58610004,-0.48477143,0.6206325,-0.48368078,0.6549531,-0.48190856,0.47626227,-0.48417783,0.42498228,-0.48072892,0.37288818,-0.47645688,0.68484366,-0.4447913,0.28806084,-0.43628943,0.6092383,-0.3403944,0.46956494,-0.34001452,1.0,-0.029497469,0.0,0.0,1.1846699,0.3197366,-0.07352026,0.48820493,1.2911426,0.62751645,0.43936855,0.20132247,1.3353575,0.7203482,0.5876114,0.12359141,1.3004394,0.70589745,0.59198964,0.071002424,1.2652951,0.67772806,0.55311143,0.08757974,0.8231685,0.9837656,0.23528354,1.0,0.85499376,1.6420401,0.20820083,1.7397639,0.83780634,2.096986,0.08221645,2.3143804,0.77498657,2.1267495,0.089621246,2.331734,0.8692332,2.3182518,0.18215953,2.5014043
548.jpg,0.5655735,-0.42342615,0.5981459,-0.4843781,0.6355708,-0.48399234,0.67259556,-0.4831175,0.48432747,-0.48352337,0.43293932,-0.48073003,0.38139784,-0.47723225,0.7053914,-0.4506444,0.29305843,-0.43895116,0.6284606,-0.34411997,0.48065734,-0.34426096,1.0,-0.0339688,0.0,0.0,1.1340154,0.34594467,-0.14166138,0.5010664,1.3544316,0.5849116,0.4352542,0.27376944,1.4228638,0.6582847,0.58776057,0.2030757,1.4096211,0.64334106,0.5926495,0.15155709,1.3708943,0.6182182,0.55129325,0.16919892,0.8294828,0.98022515,0.22764958,1.0,0.85841495,1.6355107,0.21188672,1.7346379,0.8530082,2.070502,0.06971533,2.3437657,0.78408223,2.1004283,0.08410116,2.3637033,0.8782105,2.3169582,0.21248801,2.63647
549.jpg,0.565122,-0.42214292,0.60109025,-0.48371857,0.63897747,-0.48288745,0.678112,-0.48181683,0.4832467,-0.4836997,0.4310389,-0.48040295,0.37897918,-0.4763894,0.7141359,-0.4495037,0.29821992,-0.43754685,0.62807405,-0.34080347,0.48038778,-0.3426487,1.0,-0.03324748,0.0,0.0,1.092329,0.3305432,-0.20216826,0.49521375,1.3451284,0.55524075,0.35341808,0.36138552,1.4390354,0.61656183,0.51969373,0.3252928,1.435765,0.6030314,0.5270841,0.25849152,1.3915097,0.58405447,0.491066,0.2646371,0.82397836,0.9828366,0.22774036,1.0,0.8693924,1.5905116,0.19591853,1.7154214,0.8700161,2.0121593,0.053186066,2.3208845,0.7956243,2.0580633,0.07141314,2.335195,0.91245276,2.2476556,0.2545495,2.619321
550.jpg,0.5690782,-0.44189158,0.6012136,-0.50008845,0.6354955,-0.5007805,0.67465204,-0.5009903,0.48567998,-0.49746227,0.435139,-0.49436665,0.38736302,-0.49002722,0.711228,-0.4686552,0.3044629,-0.44877747,0.63492197,-0.36076564,0.48761222,-0.35807204,1.0,-0.04384436,0.0,0.0,1.0516266,0.35520467,-0.19933395,0.499103,1.3163673,0.5606033,0.25466183,0.48402312,1.4174188,0.6206821,0.43305844,0.46350303,1.422739,0.6025169,0.45617393,0.40346074,1.3773706,0.5843488,0.41486648,0.40034273,0.82063854,0.969482,0.23950797,1.0,0.8741029,1.5692501,0.19149971,1.7311577,0.8571879,2.0235543,0.075665064,2.376826,0.78529006,2.0695922,0.09247171,2.3902884,0.8899222,2.2799244,0.26137847,2.6720645
551.jpg,0.56002194,-0.47624874,0.5963166,-0.531325,0.62446004,-0.53077483,0.66202277,-0.5305646,0.47664797,-0.5290339,0.4237865,-0.52568495,0.38113984,-0.52050465,0.7037165,-0.494503,0.3041512,-0.47299874,0.6252051,-0.39255667,0.47794935,-0.38924614,1.0,-0.04774601,0.0,0.0,1.046425,0.37448183,-0.19325669,0.48370996,1.2594788,0.5485571,0.17012717,0.5603169,1.3775635,0.61732113,0.33074108,0.5813017,1.3841573,0.5967927,0.36223605,0.5112758,1.3423908,0.5786219,0.32165554,0.5020386,0.80837744,0.97945094,0.2404973,1.0,0.85637635,1.6050519,0.18771785,1.7530429,0.8470503,2.07311,0.07466404,2.4077454,0.8001739,2.12042,0.09972125,2.4218988,0.86981374,2.3014622,0.26838082,2.7190518
552.jpg,0.5423494,-0.46500796,0.5819075,-0.5273744,0.6120559,-0.5273614,0.6466598,-0.52732915,0.45554042,-0.51876146,0.41009778,-0.5127646,0.36815333,-0.506175,0.68731934,-0.48960263,0.2978681,-0.46176758,0.6178308,-0.3890993,0.46532574,-0.38529956,1.0,-0.019214716,0.0,0.0,1.0061394,0.41405997,-0.24517575,0.4526691,1.20163,0.5838039,0.10700793,0.638706,1.3015815,0.64033043,0.21029572,0.6581903,1.30807,0.6117508,0.21716435,0.6029213,1.261306,0.5912297,0.19288233,0.59254587,0.7784872,0.9871613,0.21318933,1.0,0.83888924,1.5976924,0.1723814,1.7474076,0.84660286,2.0919056,0.058263496,2.4362051,0.8022241,2.146289,0.08301465,2.466498,0.85061884,2.3246408,0.24245575,2.753906
610.jpg,0.38332543,-0.3886832,0.4826293,-0.45151567,0.53295046,-0.4480254,0.57258415,-0.44281384,0.3467944,-0.4566674,0.30482072,-0.4573148,0.2667142,-0.45730656,0.6617032,-0.39247036,0.25402912,-0.41742513,0.47836056,-0.30696592,0.30514783,-0.31426188,1.0,0.03375078,0.0,0.0,1.4638523,0.4748055,-0.12195401,0.41239306,0.8433738,0.67310655,-0.30708042,0.4253492,0.69131404,0.72277355,-0.3607925,0.41311225,0.669909,0.6504993,-0.35743523,0.3588447,0.69687164,0.6280226,-0.3252898,0.3601077,0.78621733,1.0040282,0.19948003,1.0,0.8605441,1.6170833,0.1473196,1.6852539,0.893787,2.0844746,0.10966491,2.1988275,0.8561402,2.123557,0.14419739,2.2246227,0.8225257,2.2574737,0.16415165,2.3941586
613.jpg,0.4572833,-0.41502407,0.5338911,-0.47328126,0.57667655,-0.47131613,0.60624856,-0.4687534,0.40682027,-0.47566545,0.3687683,-0.47550023,0.32890743,-0.474058,0.66835505,-0.42256346,0.2926809,-0.43174607,0.5471776,-0.3288765,0.38183895,-0.33044058,1.0,0.042432185,0.0,0.0,1.5028175,0.3597699,-0.20209624,0.44468522,1.2162395,0.64492136,-0.20250067,0.44695213,1.1274737,0.70773053,-0.21890208,0.44938427,1.0767399,0.65638363,-0.19413403,0.39985552,1.0814363,0.63288337,-0.16984032,0.3933622,0.75458026,1.0044601,0.19398771,1.0,0.8138783,1.6490428,0.16889988,1.7209892,0.81612444,2.0941985,0.13803545,2.2140458,0.76385665,2.1280346,0.16295603,2.2380335,0.7963208,2.2899594,0.20050149,2.4118757
614.jpg,0.4772109,-0.43458098,0.54701626,-0.49784398,0.588694,-0.49503174,0.6174181,-0.4913425,0.41835076,-0.50184405,0.379717,-0.50242263,0.33846644,-0.5016227,0.67580974,-0.43900812,0.29756048,-0.45457065,0.5605186,-0.34733683,0.39133126,-0.3501292,1.0,0.01651613,0.0,0.0,1.4842827,0.33248192,-0.16956821,0.455724,1.2955204,0.60106677,-0.21022902,0.50504184,1.2281255,0.67184675,-0.22503744,0.5372252,1.1628922,0.62680274,-0.19759725,0.48654783,1.1649863,0.60211396,-0.17355832,0.46747893,0.771386,0.9974423,0.21251011,1.0,0.8312475,1.6450493,0.19004923,1.7491004,0.8242456,2.0923522,0.1376231,2.2774506,0.7658374,2.1224613,0.18550123,2.339879,0.829285,2.2887185,0.2526402,2.5602674
778.jpg,0.5166745,-0.46097028,0.58326364,-0.52413803,0.61986953,-0.5211648,0.6584657,-0.51764387,0.45078316,-0.52713746,0.40600014,-0.52621925,0.36366454,-0.52359754,0.7104416,-0.46832234,0.31346762,-0.47177216,0.5957751,-0.3691362,0.43186033,-0.36737156,1.0,0.0184015,0.0,0.0,1.0883154,0.49760097,-0.18059148,0.49109378,1.017215,0.6257128,0.020282049,0.49270543,0.99441385,0.6717427,0.07412853,0.48865873,0.98518294,0.6001703,0.08764032,0.42920935,0.9774698,0.58234537,0.09266863,0.42181408,0.7550569,0.98404545,0.21276855,1.0,0.8278409,1.5508412,0.23245427,1.7210715,0.81980616,2.016184,0.14182073,2.3674593,0.76404375,2.0656157,0.17140168,2.3855054,0.82374775,2.2535932,0.32601237,2.6801236
779.jpg,0.5375594,-0.45265368,0.59470826,-0.5175224,0.6311789,-0.515348,0.66749394,-0.51294434,0.4688047,-0.5191466,0.42229322,-0.5173823,0.38265452,-0.5142375,0.7110051,-0.46813756,0.31976035,-0.46792632,0.6095173,-0.36434522,0.45429307,-0.36278018,1.0,0.019698976,0.0,0.0,1.0312281,0.55368674,-0.18109809,0.5088378,0.96845496,0.5682151,0.0009790644,0.47615317,0.94369155,0.57782733,0.065126084,0.46239823,0.9415167,0.50916535,0.08240944,0.39463973,0.93510854,0.49923694,0.08160676,0.3945024,0.75921184,0.9891886,0.20131086,1.0,0.8267082,1.6016718,0.22983515,1.7444868,0.8320471,2.0751538,0.13814262,2.4071286,0.78872156,2.1203716,0.15389468,2.4292638,0.8559003,2.3067632,0.30531275,2.7231667
849.jpg,0.5056996,-0.4554775,0.56866777,-0.5259967,0.6020711,-0.5254355,0.6412572,-0.52523214,0.43498313,-0.52624595,0.3883653,-0.52391624,0.34535816,-0.52268517,0.688669,-0.48936376,0.28756076,-0.482789,0.5805512,-0.37145206,0.41916814,-0.36797878,1.0,-0.056589156,0.0,0.0,1.2376534,0.33299696,-0.08345002,0.5242162,1.1938426,0.66919744,0.37760687,0.36439863,1.1694782,0.7591298,0.4855875,0.297005,1.1086646,0.7292673,0.48969668,0.22988817,1.098268,0.7008295,0.46075177,0.24686322,0.7925477,0.982066,0.22261716,1.0,0.81347907,1.651148,0.21586248,1.7520659,0.79335797,2.1253283,0.1375911,2.3677142,0.71761394,2.167716,0.14993283,2.409427,0.8078449,2.3489742,0.25733435,2.680219
854.jpg,0.5262748,-0.37939355,0.5858351,-0.45151553,0.6160519,-0.45087993,0.64342433,-0.44929117,0.45411447,-0.45012406,0.40446907,-0.44844642,0.35586753,-0.44510686,0.68738663,-0.41396487,0.29064354,-0.4135527,0.5917145,-0.30666226,0.4315995,-0.3042889,1.0,-0.032486327,0.0,0.0,1.1716744,0.29006502,0.07251426,0.44848633,1.2740816,0.58145416,0.5247727,0.09512974,1.3003412,0.65937346,0.6378967,0.004343687,1.2651134,0.6403188,0.63605917,-0.037152845,1.2336752,0.6150468,0.6022664,-0.012059326,0.81798255,0.9933406,0.2118772,1.0,0.84266233,1.6442194,0.22026145,1.7224796,0.82572514,2.0655923,0.11303405,2.332001,0.75758785,2.1016135,0.12082586,2.3635802,0.8299162,2.2840729,0.22608,2.6434934
857.jpg,0.515626,-0.42323095,0.5777595,-0.4957731,0.60762924,-0.49425048,0.6447408,-0.49343914,0.4461929,-0.49231362,0.3971149,-0.49022833,0.34950072,-0.48598716,0.68727607,-0.45767307,0.28578988,-0.45469463,0.5860697,-0.3432795,0.42666692,-0.3411706,1.0,-0.036907837,0.0,0.0,1.1707357,0.303622,-0.03780274,0.500914,1.143682,0.6195331,0.49536043,0.20844547,1.1353326,0.71270645,0.6318797,0.10524506,1.095007,0.678985,0.6147037,0.052935857,1.076445,0.6457302,0.57493365,0.07933205,0.79263103,0.9853034,0.217606,1.0,0.83212453,1.6158671,0.22009519,1.7447406,0.81072754,2.0627217,0.12198364,2.3436663,0.73217106,2.0993943,0.12369952,2.377128,0.8446355,2.290752,0.26594442,2.665307
860.jpg,0.49941364,-0.44866666,0.56440747,-0.5169397,0.60079974,-0.5166833,0.63910514,-0.5151885,0.43271133,-0.5138972,0.3876346,-0.5104261,0.34585664,-0.5070433,0.6872876,-0.47415084,0.2946698,-0.46444038,0.5778731,-0.361506,0.41440827,-0.3564714,1.0,0.012103437,0.0,0.0,1.1414267,0.51116335,-0.13651647,0.5476614,0.91196537,0.6813011,0.25417727,0.5774649,0.82409185,0.7166747,0.37598872,0.5774101,0.82188493,0.64417845,0.40226108,0.5101725,0.8386621,0.62806237,0.37683254,0.5037738,0.75529623,0.9987105,0.20252998,1.0,0.7938374,1.6154888,0.20008896,1.7380354,0.77660424,2.1091814,0.14454225,2.3129716,0.7132076,2.1582685,0.18391424,2.3476458,0.785783,2.3213913,0.23464584,2.6491725
881.jpg,0.50619906,-0.41769207,0.5669856,-0.4877004,0.5986129,-0.48704877,0.63704306,-0.4871799,0.440105,-0.48396084,0.39359024,-0.48143336,0.35003078,-0.47714508,0.68473095,-0.45172715,0.28530604,-0.43877858,0.57947284,-0.33666953,0.42110053,-0.3347685,1.0,-0.016970022,0.0,0.0,1.2038171,0.37931916,-0.16160692,0.50397354,1.2017487,0.6951232,0.26695684,0.4528826,1.185972,0.77394706,0.3851738,0.41554004,1.1255287,0.73806065,0.40984282,0.33021256,1.1123472,0.71203136,0.38741204,0.3376927,0.7828453,0.9881656,0.21452521,1.0,0.83016896,1.6143985,0.21477303,1.734536,0.8119992,2.0886183,0.12813595,2.3150618,0.73611516,2.1451674,0.15374045,2.3595672,0.8559283,2.3162975,0.22397013,2.6221514
882.jpg,0.51776433,-0.41246405,0.5729402,-0.48629725,0.60524935,-0.48526943,0.6435941,-0.48433822,0.44308877,-0.48059127,0.3983202,-0.47641686,0.35197663,-0.47178867,0.68936807,-0.44658306,0.28154716,-0.43675557,0.5891854,-0.33174452,0.4303693,-0.32899573,1.0,-0.03194055,0.0,0.0,1.2078233,0.32069445,-0.13075677,0.4748127,1.2854338,0.649391,0.38439462,0.32800993,1.3053117,0.74839294,0.5169702,0.25966233,1.2400143,0.727804,0.5111723,0.20382349,1.2066396,0.7000553,0.47979784,0.2185539,0.7943595,0.9919011,0.22632755,1.0,0.83504266,1.62099,0.2150277,1.7307639,0.8091204,2.0789783,0.12941216,2.3007658,0.71532905,2.125557,0.15267304,2.3301523,0.87608224,2.2982798,0.28680116,2.5974538
884.jpg,0.50842774,-0.3771166,0.57160103,-0.44751152,0.6016357,-0.44671658,0.63568753,-0.44584793,0.43687743,-0.4439443,0.38838166,-0.44180447,0.34016156,-0.4375603,0.68036336,-0.41388908,0.27598318,-0.40890282,0.58181024,-0.30519477,0.41374058,-0.30238,1.0,-0.020393314,0.0,0.0,1.1927719,0.30866054,-0.05941106,0.462831,1.3287348,0.5987066,0.48574463,0.18631141,1.3696213,0.6956299,0.6188652,0.101245895,1.3174613,0.6808205,0.6141837,0.05599139,1.27962,0.6530529,0.5772136,0.07921622,0.7930822,0.9930157,0.19536312,1.0,0.83629215,1.6369953,0.22018471,1.7331423,0.82564646,2.0800629,0.11684098,2.3249378,0.75373304,2.1217883,0.12501955,2.3600671,0.82086605,2.3000696,0.25511494,2.6311674
885.jpg,0.52421826,-0.36117616,0.57835364,-0.4328626,0.6080976,-0.43273893,0.6465294,-0.43377927,0.45009348,-0.4293706,0.39508352,-0.42674923,0.34681922,-0.4231449,0.6839858,-0.40245935,0.26801693,-0.39041522,0.5872519,-0.28967476,0.4267241,-0.28391704,1.0,-0.01784301,0.0,0.0,1.2007346,0.30139804,-0.019625526,0.45271868,1.3536896,0.5809698,0.46617335,0.16783279,1.3972751,0.6609619,0.59751785,0.08466218,1.3477912,0.6426966,0.6082796,0.037274435,1.3105634,0.6189838,0.5752303,0.058996912,0.8023848,0.9937725,0.1945864,1.0,0.8272707,1.603832,0.20991126,1.6997641,0.8122031,2.0541437,0.10468355,2.2751966,0.73364383,2.0950186,0.12442538,2.3064969,0.8836035,2.280101,0.2112819,2.4668696
886.jpg,0.53244174,-0.35568416,0.590005,-0.42681006,0.61723894,-0.4261804,0.65445155,-0.4265259,0.4631729,-0.4239121,0.40830722,-0.42158723,0.35884845,-0.41820815,0.69397235,-0.3934817,0.27982518,-0.38812333,0.59319705,-0.28559038,0.43350253,-0.28103113,1.0,-0.012152729,0.0,0.0,1.2016795,0.29413268,0.017735947,0.44072074,1.3550301,0.5710911,0.52953243,0.11722124,1.4008265,0.6536663,0.6540524,0.03820683,1.3528118,0.6397577,0.66090274,-0.0012497992,1.3157256,0.6159496,0.6285644,0.019225253,0.81856066,0.9919937,0.2008647,1.0,0.85574305,1.6156173,0.2223632,1.7051847,0.8472387,2.0477028,0.09712979,2.3096075,0.7663715,2.0873227,0.11275873,2.3390331,0.8828757,2.2603817,0.23501873,2.6209862
894.jpg,0.44568023,-0.41174716,0.51468825,-0.48047888,0.55810773,-0.48065227,0.59162486,-0.47921842,0.3827851,-0.47719604,0.34160358,-0.47447023,0.30233032,-0.47188535,0.6600479,-0.43971965,0.27286386,-0.42596275,0.5375087,-0.3303517,0.37499923,-0.32224345,1.0,0.0013229351,0.0,0.0,1.1912476,0.4547269,-0.19736318,0.51171315,0.9908401,0.70281655,0.21707883,0.48165542,0.90251094,0.75726193,0.35141864,0.46587557,0.8847714,0.6994025,0.38873112,0.388001,0.90375525,0.6774551,0.36092764,0.38148794,0.75000113,0.98093456,0.19103505,1.0,0.82709575,1.6347387,0.20269796,1.7721963,0.8092088,2.0892692,0.100406334,2.3007689,0.7395763,2.1358562,0.1262337,2.3243263,0.8587901,2.306833,0.28855595,2.6307964
985.jpg,0.5323095,-0.44440898,0.59204686,-0.5098425,0.62052506,-0.5085166,0.65740114,-0.50641656,0.47035465,-0.50818163,0.42279118,-0.50483567,0.3831381,-0.50041,0.7008971,-0.4632138,0.32164788,-0.4540458,0.60135347,-0.3557481,0.44459572,-0.3511409,1.0,0.009163943,0.0,0.0,1.2012464,0.42989278,-0.15526578,0.48065487,1.2372355,0.78740793,0.033405524,0.58153963,1.2483664,0.89933157,0.061757687,0.60208416,1.1959268,0.87319297,0.08515764,0.539053,1.1686978,0.8354161,0.090974554,0.52925974,0.77209914,1.0000825,0.2316589,1.0,0.8387713,1.6235702,0.27046213,1.7120452,0.8637718,2.0533118,0.195811,2.2847397,0.832308,2.1050105,0.22273465,2.311154,0.84758925,2.2737026,0.30022338,2.5962238
986.jpg,0.5311888,-0.45034647,0.58670795,-0.51668984,0.61700284,-0.51493347,0.652956,-0.51224506,0.46079406,-0.519356,0.41444233,-0.51892394,0.37498468,-0.5183022,0.6952017,-0.47238722,0.31783852,-0.47532445,0.5995421,-0.3636552,0.4487372,-0.361042,1.0,-0.014906653,0.0,0.0,1.2326496,0.39248556,-0.15440902,0.4631827,1.3255386,0.75299704,0.12353626,0.4422838,1.3405898,0.8747826,0.19507605,0.4298605,1.2845612,0.86441445,0.22058637,0.34895444,1.2623017,0.8231461,0.21148767,0.35045117,0.7732933,0.99684125,0.22429833,1.0,0.8511415,1.635492,0.2697612,1.7130526,0.8694102,2.0727293,0.18637757,2.2967105,0.82153696,2.1209912,0.20576788,2.3300338,0.85059494,2.2916834,0.30968776,2.6198728
987.jpg,0.4914834,-0.4128853,0.5605687,-0.4759812,0.5978483,-0.4743033,0.6333812,-0.47096148,0.42375314,-0.4747982,0.37747148,-0.47201118,0.33367825,-0.46946383,0.68472815,-0.43546382,0.28358275,-0.43002945,0.57435447,-0.32138625,0.40725425,-0.3168142,1.0,-0.001924809,0.0,0.0,1.248836,0.345072,-0.16007291,0.4879616,1.3667078,0.7111374,0.15106784,0.28885877,1.4048957,0.8283864,0.23389867,0.19929686,1.3617691,0.8173411,0.24474555,0.13637124,1.3402388,0.7847037,0.23787777,0.15961488,0.74969083,0.9909192,0.1970032,1.0,0.8454147,1.6214355,0.23241952,1.7195622,0.8608898,2.0555303,0.15125826,2.2765517,0.8107646,2.0971575,0.17113715,2.3170366,0.85913754,2.2703102,0.21175896,2.506314
988.jpg,0.5259225,-0.37408897,0.5936605,-0.44410017,0.6264233,-0.44240025,0.6576131,-0.44092283,0.4508248,-0.44593096,0.40149796,-0.4461198,0.35361463,-0.445653,0.7008513,-0.40517235,0.2928819,-0.40941134,0.5999057,-0.29141545,0.4312765,-0.28838697,1.0,-0.0013943735,0.0,0.0,1.2789187,0.32550707,-0.11678371,0.47316083,1.4307516,0.67367154,0.26015696,0.15206301,1.4977068,0.7828755,0.33662423,0.050065264,1.4532229,0.7730388,0.33310297,0.0061497316,1.4201423,0.7418805,0.32936186,0.032054357,0.7648476,0.9879225,0.19047293,1.0,0.8680225,1.6145233,0.24159767,1.7201345,0.89643526,2.0466027,0.13452397,2.2856274,0.85305303,2.0920017,0.1450581,2.3119473,0.8693675,2.2553759,0.2683518,2.5845604
990.jpg,0.50736535,-0.35741523,0.5715649,-0.4318382,0.6063195,-0.43104762,0.6382638,-0.4302187,0.4290006,-0.43029696,0.38106647,-0.42927742,0.3335723,-0.4270882,0.6905169,-0.3969138,0.27270535,-0.39067206,0.5915262,-0.27823898,0.41942307,-0.27030003,1.0,-0.013171846,0.0,0.0,1.2296072,0.29774126,-0.14038883,0.4539003,1.407594,0.6241657,0.25149128,0.11862112,1.478054,0.7184696,0.3434834,-0.0045702695,1.4449693,0.7103104,0.33701068,-0.0467804,1.4100246,0.68221605,0.32484007,-0.0055347807,0.7839047,0.9832501,0.21177769,1.0,0.8631984,1.6339508,0.24935983,1.7247665,0.88070065,2.0648682,0.14458187,2.282403,0.8390315,2.1060174,0.14633757,2.3142066,0.87464774,2.274384,0.19206187,2.5196738
994.jpg,0.55102545,-0.38601878,0.5984407,-0.45912457,0.63614887,-0.4589336,0.6727658,-0.45776537,0.47405487,-0.4583916,0.42435357,-0.45561042,0.38036367,-0.45282298,0.7053433,-0.42448765,0.30506387,-0.41545883,0.6119764,-0.30766928,0.46354076,-0.29980758,1.0,-0.018189956,0.0,0.0,1.179576,0.33827737,-0.2526246,0.46389753,1.2744997,0.642833,0.20578116,0.28298154,1.3168834,0.74805176,0.36021584,0.22014154,1.2863245,0.7397141,0.3932736,0.16276541,1.2490158,0.71301717,0.36116773,0.17458408,0.8069549,0.9793958,0.23792093,1.0,0.88475096,1.6112759,0.28180754,1.6961684,0.9155905,2.0387363,0.1775455,2.2484965,0.86131155,2.077799,0.19756635,2.2739856,0.92615145,2.244894,0.29842952,2.565654
