1000.jpg,0.52373344,-0.40858182,0.59458065,-0.47396588,0.6257866,-0.47053078,0.666501,-0.4666631,0.46288657,-0.4785193,0.41652206,-0.47746393,0.377293,-0.47513837,0.7148097,-0.4230885,0.31867146,-0.4292181,0.59837633,-0.31932253,0.43259424,-0.3191291,1.0,0.054255333,0.0,0.0,1.1035775,0.56728595,-0.14227593,0.50410974,0.73113054,0.6280833,-0.23679797,0.8863551,0.6215421,0.64862394,-0.30218318,1.0125118,0.6026191,0.57286364,-0.26138788,1.0112861,0.6305373,0.56095934,-0.22256693,0.97997093,0.82693243,0.9832263,0.26534215,1.0,0.87924945,1.5649219,0.23689453,1.6907176,0.8842718,2.0155447,0.16224894,2.2440012,0.8304895,2.0714018,0.19333352,2.2681012,0.90351427,2.2418826,0.21529593,2.5512936
1001.jpg,0.5105858,-0.4218235,0.58513755,-0.48326495,0.6154502,-0.4800147,0.6538793,-0.47602654,0.45773664,-0.48550144,0.4085562,-0.4827923,0.3667515,-0.4786681,0.70953375,-0.42553225,0.30922168,-0.4337943,0.5837523,-0.33327657,0.41734433,-0.33245102,1.0,0.06650335,0.0,0.0,1.045428,0.56749165,-0.17715131,0.48548973,0.64269155,0.49226895,-0.30760524,0.87188417,0.50962454,0.46025375,-0.36893085,0.9858458,0.5060372,0.3844516,-0.3284041,0.9907338,0.5391263,0.38924557,-0.2884187,0.9649336,0.81185114,0.9934052,0.25370637,1.0,0.85937977,1.5632809,0.23057632,1.6725118,0.87428576,2.0164237,0.15590544,2.2164853,0.8227234,2.0691814,0.18545765,2.249421,0.8507697,2.2360525,0.21612531,2.4286327
1003.jpg,0.51848584,-0.3918305,0.6019003,-0.4523935,0.6343647,-0.4508331,0.66933817,-0.44861373,0.45955917,-0.45897064,0.41380534,-0.45942044,0.36628816,-0.4593342,0.729786,-0.40666986,0.31645352,-0.41966233,0.59249157,-0.30807337,0.41475537,-0.31178936,1.0,0.06197874,0.0,0.0,0.9786198,0.5542519,-0.2339281,0.39973003,0.5281228,0.23634695,-0.36210698,0.74126625,0.40899053,0.1344689,-0.42740837,0.85587484,0.43665603,0.077410094,-0.39308688,0.8583482,0.4609815,0.101779476,-0.35433012,0.82053065,0.80283374,0.9981322,0.23984517,1.0,0.875616,1.5882728,0.24452393,1.6936176,0.887989,2.0326216,0.16840127,2.2545729,0.84238404,2.0724154,0.18817854,2.285163,0.88363606,2.2343102,0.20734657,2.4973173
1004.jpg,0.530361,-0.38608274,0.6096382,-0.45130488,0.6418191,-0.4459504,0.68269837,-0.44119373,0.46667197,-0.46174145,0.4191252,-0.46304402,0.37298334,-0.46349293,0.745467,-0.39667195,0.3205934,-0.4212469,0.60308,-0.2971804,0.43098837,-0.3066447,1.0,0.04682476,0.0,0.0,0.92478514,0.513852,-0.25195667,0.36618352,0.4850226,0.10534785,-0.4020683,0.70239586,0.40336767,0.0017333258,-0.47165444,0.8142158,0.4407322,-0.024143169,-0.43808448,0.8187263,0.46703836,0.004723453,-0.4052318,0.7886086,0.81520444,0.9903437,0.24199615,1.0,0.89382344,1.5861953,0.2628426,1.7014626,0.9085311,2.0308886,0.16114758,2.2937787,0.8285919,2.0700881,0.23346959,2.403655,0.92089015,2.2395716,0.26332206,2.6094732
1005.jpg,0.49424118,-0.37202647,0.57548285,-0.43804288,0.6103704,-0.43457136,0.64805245,-0.4302224,0.43388152,-0.44829273,0.39038593,-0.44883794,0.34318173,-0.4481714,0.7156825,-0.3842611,0.29787418,-0.4076145,0.570606,-0.28675404,0.40060198,-0.29355446,1.0,0.06413868,0.0,0.0,0.84895307,0.5158324,-0.24758755,0.33449376,0.44770205,0.085740745,-0.40140885,0.63536847,0.36755523,-0.028586878,-0.47769585,0.7461828,0.41946873,-0.052570466,-0.44746926,0.748913,0.4430887,-0.01863566,-0.4127555,0.7240917,0.80591863,1.0025183,0.22964276,1.0,0.880762,1.6099895,0.23566619,1.7099725,0.88949484,2.0436502,0.1551699,2.3176143,0.82752776,2.0835338,0.18628426,2.3501868,0.8713377,2.2569985,0.19946796,2.628257
1006.jpg,0.49517095,-0.35052714,0.585095,-0.41246048,0.61864454,-0.4076428,0.6572745,-0.40307894,0.44402605,-0.4203323,0.39526737,-0.42117456,0.34938598,-0.42086655,0.71904045,-0.3604721,0.29876095,-0.38853893,0.5702835,-0.27319896,0.3945374,-0.28043807,1.0,0.06966437,0.0,0.0,0.82333267,0.5034925,-0.23852989,0.31820968,0.4464104,0.07721605,-0.4114266,0.60519856,0.35269344,-0.028786637,-0.4828673,0.702053,0.3947086,-0.054957666,-0.45021674,0.70519733,0.42345744,-0.024310436,-0.41366044,0.6818862,0.8066573,1.0086989,0.22182693,1.0,0.8824277,1.5850652,0.22871563,1.6872964,0.8949627,2.025571,0.14996135,2.2434807,0.84448636,2.0636885,0.18781675,2.270364,0.86396813,2.2263436,0.21707736,2.5312235
1007.jpg,0.4770321,-0.35341415,0.56336147,-0.4184172,0.6028722,-0.41437662,0.6407911,-0.4096515,0.41734335,-0.42578572,0.37364203,-0.42564762,0.32741904,-0.42402622,0.7183193,-0.364641,0.2882111,-0.38250428,0.56021225,-0.26826534,0.38365763,-0.2739893,1.0,0.075898156,0.0,0.0,0.8083376,0.51806384,-0.2423712,0.32183158,0.4306944,0.094496675,-0.42662638,0.6093663,0.33978513,-0.020938095,-0.5060322,0.7077496,0.37939495,-0.04860188,-0.4815211,0.71549606,0.41142428,-0.01201472,-0.44827047,0.6933868,0.7997195,1.0068403,0.22095783,1.0,0.87143886,1.6021851,0.23623423,1.6934632,0.90083563,2.0350635,0.14356479,2.2612283,0.8383519,2.0743754,0.16299322,2.2945073,0.91991574,2.2379224,0.20506606,2.5618992
1009.jpg,0.5027166,-0.3535376,0.5902532,-0.41615993,0.6269368,-0.41236016,0.6584032,-0.4082236,0.45038214,-0.4221237,0.40420443,-0.42262465,0.3566414,-0.42267665,0.72167826,-0.36521006,0.31026456,-0.3890287,0.5776501,-0.27570814,0.40187648,-0.2819659,1.0,0.077036016,0.0,0.0,0.83759665,0.5322836,-0.2093511,0.34355524,0.42113066,0.13866892,-0.4142036,0.6443587,0.31525883,0.040122163,-0.4993832,0.75098914,0.350569,0.007772824,-0.4781622,0.7556193,0.39047703,0.035696488,-0.44463655,0.7314838,0.7934872,1.0025299,0.2157831,1.0,0.874437,1.5997199,0.2240143,1.6954829,0.87241614,2.0293288,0.12691024,2.281519,0.82695264,2.059558,0.1505722,2.3129704,0.8284678,2.2285583,0.18621698,2.5728076
1010.jpg,0.512204,-0.37008625,0.59985614,-0.4306201,0.63534474,-0.4273414,0.6714164,-0.42304102,0.45513782,-0.43506995,0.40754232,-0.43475902,0.35858056,-0.4339231,0.73544216,-0.37442517,0.3065622,-0.3958526,0.5911061,-0.29056558,0.40083107,-0.29678068,1.0,0.08002382,0.0,0.0,0.89001274,0.55083483,-0.2374395,0.3729637,0.42329383,0.20164856,-0.4015727,0.6904828,0.30681807,0.1007721,-0.4834335,0.79688287,0.33580124,0.052154273,-0.4548394,0.8026933,0.3669571,0.078507535,-0.41436428,0.77005285,0.7947054,1.008505,0.21321948,1.0,0.8646592,1.6077236,0.21117632,1.7016523,0.8725828,2.0351968,0.11656962,2.2876163,0.8382734,2.0769694,0.14439143,2.3163896,0.83196443,2.249122,0.20919041,2.58723
1011.jpg,0.51033956,-0.3723015,0.59956867,-0.43680456,0.6370095,-0.43471664,0.67577296,-0.43211862,0.45150223,-0.44053096,0.40604112,-0.44000793,0.35855997,-0.43935904,0.7340435,-0.3899507,0.30734533,-0.40088174,0.59209245,-0.2881972,0.40636978,-0.2896984,1.0,0.07580234,0.0,0.0,0.9176427,0.5771402,-0.22727059,0.40157017,0.45423865,0.28086174,-0.38105267,0.73862934,0.33768848,0.19471069,-0.4602836,0.8450283,0.35962167,0.13966335,-0.4391348,0.85338974,0.38414237,0.16413692,-0.39786202,0.8198365,0.7756757,0.9961826,0.20715919,1.0,0.8572002,1.5905982,0.21313672,1.707956,0.85586524,2.0236921,0.1431826,2.232781,0.78772986,2.0605404,0.17885916,2.2578354,0.84676665,2.2302449,0.1946585,2.4588907
1014.jpg,0.5208952,-0.41078955,0.59284014,-0.47729605,0.6218414,-0.47490865,0.6581601,-0.47309905,0.46682817,-0.4764898,0.42028672,-0.47405073,0.381224,-0.4715358,0.70553946,-0.43161908,0.32046008,-0.43290418,0.59281445,-0.33046284,0.43400723,-0.33052638,1.0,0.03765233,0.0,0.0,1.1055466,0.54839253,-0.1500327,0.46552205,0.7255473,0.6009969,-0.17475343,0.8617437,0.60586417,0.62433106,-0.20857356,0.98538285,0.580283,0.54704547,-0.1772856,0.9715975,0.61295146,0.5357504,-0.15160803,0.9296863,0.7965223,0.99236685,0.2439892,1.0,0.8532357,1.5904399,0.21743368,1.699875,0.86085474,2.022081,0.1501928,2.264675,0.8163485,2.0616841,0.18941735,2.2884858,0.8086144,2.2571132,0.17647865,2.5802796
1015.jpg,0.53270686,-0.4284432,0.59828824,-0.48951313,0.6334024,-0.48719195,0.6711047,-0.48410586,0.47214982,-0.49203032,0.42790532,-0.49165064,0.38866636,-0.4898007,0.71531564,-0.4425947,0.3262197,-0.44518214,0.6042355,-0.3414129,0.44705138,-0.34216502,1.0,0.027231276,0.0,0.0,1.1339263,0.51686937,-0.14023423,0.4567625,0.8976466,0.6811865,-0.053759202,0.83733714,0.80104625,0.7275183,-0.043338712,0.9514724,0.78998756,0.6537983,0.010397146,0.91151917,0.80803597,0.6332495,0.017723314,0.8739394,0.79430026,0.9830552,0.25755596,1.0,0.8575599,1.5663307,0.238421,1.6718782,0.84634805,2.0170279,0.16856392,2.2220306,0.8052884,2.0752268,0.20697393,2.2589324,0.78569704,2.2327008,0.23890606,2.542159
1033.jpg,0.4640488,-0.45195863,0.53673387,-0.51628274,0.57793415,-0.51504374,0.614395,-0.51244617,0.40063068,-0.5150957,0.36087227,-0.5142559,0.3209687,-0.5118425,0.6818114,-0.4635932,0.28682935,-0.46006867,0.55351794,-0.364603,0.3838233,-0.35811946,1.0,0.024071215,0.0,0.0,1.1469086,0.5259642,-0.13904035,0.45540786,0.8414593,0.68518794,0.038285278,0.7440672,0.7588373,0.7344227,0.0887684,0.8296461,0.72879493,0.6593285,0.118764676,0.7753168,0.73969096,0.63746506,0.11213637,0.74262315,0.7948935,0.9993633,0.25440818,1.0,0.84308153,1.5907185,0.24440213,1.7096282,0.86109453,2.037328,0.1442251,2.3296356,0.8383507,2.0731525,0.16753672,2.3594527,0.81092846,2.2982948,0.22425197,2.6254523
1036.jpg,0.31791502,-0.38998172,0.42112842,-0.45440522,0.4772154,-0.45288342,0.5289886,-0.45071936,0.29109356,-0.45670202,0.25975662,-0.45727855,0.23543175,-0.4582743,0.62355715,-0.409311,0.24449986,-0.41938823,0.42110282,-0.30655476,0.26560652,-0.3121421,1.0,0.039884068,0.0,0.0,1.0499765,0.5665601,-0.1306675,0.42052624,0.34313568,0.45210624,-0.14037113,0.7816731,0.18810521,0.42186752,-0.18759233,0.90156114,0.16748776,0.34394723,-0.14839649,0.89584047,0.20836794,0.3498449,-0.114692956,0.8601569,0.745914,1.0090368,0.16702385,1.0,0.83377075,1.6447906,0.16212033,1.7466475,0.8731264,2.0786133,0.05306886,2.44334,0.8348196,2.1153612,0.079616584,2.4712384,0.845445,2.3330827,0.16525435,2.7104037
1105.jpg,0.23884298,-0.39398637,0.34297428,-0.4611006,0.40703863,-0.46211192,0.46737924,-0.46219194,0.21293795,-0.46126822,0.18846822,-0.4616656,0.16199234,-0.46201655,0.5875669,-0.42370948,0.20373991,-0.42617118,0.36646786,-0.3115712,0.20769067,-0.3133352,1.0,0.021333868,0.0,0.0,0.7169376,0.53120124,0.0592418,0.47652888,-0.10854302,0.25778738,0.29295394,0.8490611,-0.27057418,0.19642851,0.3312231,0.9907864,-0.26087052,0.15650368,0.3445597,0.96778375,-0.21416052,0.17260529,0.20925632,0.89537245,0.80893326,1.0231719,0.14428942,1.0,0.8895365,1.6650373,0.11399974,1.6911012,0.9149231,2.0602603,0.04934809,2.2538128,0.8617378,2.0819886,0.08813938,2.2911437,0.86077917,2.2980661,0.0053135534,2.4713757
1107.jpg,0.3538422,-0.3945053,0.45460302,-0.45839018,0.51307106,-0.45734927,0.56569004,-0.4549558,0.30433607,-0.4619558,0.26785737,-0.46260935,0.23562148,-0.4623052,0.6566057,-0.41216147,0.23362654,-0.4195434,0.46972468,-0.31165516,0.28843498,-0.31353676,1.0,0.027998967,0.0,0.0,0.67287314,0.48749653,0.13792853,0.4769727,-0.029883549,0.14870088,0.21864851,0.8369962,-0.15000574,0.059870854,0.3731043,1.0177362,-0.12850884,0.016742777,0.38436186,1.011265,-0.09356629,0.034460846,0.24099493,0.8950735,0.8062341,1.0114224,0.16694297,1.0,0.88909715,1.6564521,0.15512694,1.6939865,0.92110693,2.02449,0.07668233,2.2804062,0.9053392,2.0457823,0.10674424,2.3285806,0.8420915,2.2961905,0.15426299,2.610448
1108.jpg,0.36030322,-0.38255134,0.46597305,-0.4456302,0.5271863,-0.44340503,0.58127016,-0.439375,0.31555936,-0.45003036,0.27802965,-0.45112383,0.2429808,-0.45063576,0.6649938,-0.39763895,0.23330082,-0.40640375,0.4773815,-0.29690114,0.2875215,-0.2991571,1.0,0.048341025,0.0,0.0,0.64060307,0.5023085,0.13234924,0.5098915,0.013614339,0.13145849,0.16776985,0.8371104,-0.10970917,0.035781354,0.1852098,0.9505878,-0.07653038,-0.0065291533,0.18093343,0.93385047,-0.035079632,0.010494484,0.18333837,0.88554555,0.7927288,1.0137815,0.15156554,1.0,0.8634209,1.6600487,0.14558055,1.7062896,0.89909905,2.0518172,0.061625335,2.3086102,0.8869122,2.0791802,0.08561151,2.3553355,0.8177386,2.316862,0.09558081,2.5730498
1111.jpg,0.40305373,-0.35062277,0.51164556,-0.41168052,0.57185924,-0.4089326,0.6138341,-0.40555325,0.34899408,-0.419235,0.30130747,-0.4212996,0.267956,-0.4235651,0.69615996,-0.36345688,0.2411046,-0.38740063,0.51300055,-0.27254045,0.31004915,-0.2745412,1.0,0.06636199,0.0,0.0,0.6850027,0.49161923,0.023323065,0.41288203,0.14477567,0.11252243,-0.07048337,0.7029041,0.0089311935,0.008416801,-0.105936274,0.79898375,0.03879101,-0.025408898,-0.09951244,0.7913093,0.086998485,8.8421064e-07,-0.0730277,0.76117027,0.7872315,1.0172175,0.16831248,1.0,0.8505752,1.6604675,0.16315728,1.719911,0.8938641,2.0556295,0.06429949,2.3557906,0.8783206,2.0782313,0.08528995,2.376222,0.8439837,2.2931287,0.16574228,2.650954
1112.jpg,0.42015025,-0.36720955,0.52710927,-0.432301,0.58678406,-0.4275376,0.6261775,-0.42339867,0.36263496,-0.44513294,0.31315225,-0.4477958,0.27883747,-0.44962984,0.70972294,-0.38112947,0.24021433,-0.4086329,0.5250384,-0.28175712,0.31934524,-0.284996,1.0,0.061325584,0.0,0.0,0.7227098,0.51756805,-0.060737807,0.4174445,0.17468661,0.12178501,-0.10460925,0.7280635,0.041995533,0.018905694,-0.14683163,0.8325412,0.07777086,-0.014307125,-0.12620807,0.8246816,0.12344159,0.00921403,-0.095855795,0.790109,0.7872246,1.0201383,0.16655219,1.0,0.84790766,1.6489332,0.16176698,1.7167596,0.8856583,2.0457256,0.07225404,2.3527608,0.8830599,2.0723484,0.09864445,2.3765838,0.806885,2.293967,0.18841784,2.6635382
1113.jpg,0.4533003,-0.383626,0.5515317,-0.4477036,0.5995686,-0.44602144,0.6348468,-0.44278356,0.39885762,-0.4516047,0.35003492,-0.45261446,0.3083172,-0.4534357,0.7066808,-0.40291595,0.2730893,-0.4195337,0.54792607,-0.30818257,0.3560093,-0.30654028,1.0,0.037119485,0.0,0.0,0.7849466,0.5080086,-0.08825593,0.41734847,0.23374037,0.13096094,-0.07232802,0.71469647,0.09293427,0.03399166,-0.09813817,0.8251015,0.12082687,-0.009077913,-0.07035724,0.80976933,0.1653377,0.011819828,-0.04477455,0.7750849,0.78343105,1.0088216,0.18280786,1.0,0.8472286,1.629446,0.1930725,1.7144775,0.87251824,2.0232158,0.09133029,2.3872495,0.8325865,2.0510125,0.10826506,2.413127,0.82957137,2.2598202,0.21514308,2.7008665
1114.jpg,0.45633587,-0.39099517,0.54917514,-0.45475364,0.60035646,-0.45394385,0.6380059,-0.45206106,0.39628732,-0.45468426,0.35170072,-0.4533145,0.3159801,-0.45318645,0.7073117,-0.41075042,0.28193918,-0.4198492,0.5588043,-0.31879085,0.3651963,-0.3185555,1.0,0.03938261,0.0,0.0,0.872659,0.54048693,-0.17074218,0.40089253,0.31001332,0.19470468,-0.09497909,0.7131308,0.15335172,0.10556297,-0.11222087,0.832802,0.16919963,0.055049498,-0.0707435,0.8200859,0.21460351,0.07529009,-0.05199829,0.779489,0.7513092,1.0107414,0.16718502,1.0,0.8338883,1.6419171,0.18701768,1.7201806,0.87640333,2.0251875,0.08041051,2.3761811,0.859936,2.0593226,0.09678616,2.3990383,0.811955,2.2744246,0.23452538,2.6851695
1115.jpg,0.4755492,-0.39234772,0.5619612,-0.4565968,0.61372495,-0.45608714,0.64823,-0.4542583,0.4151546,-0.45615247,0.36863634,-0.45482743,0.33686364,-0.45337877,0.7121598,-0.41536862,0.2976198,-0.41997007,0.5749604,-0.31626454,0.38529807,-0.31806037,1.0,0.028065104,0.0,0.0,0.9553937,0.5445964,-0.22243246,0.39873806,0.35404432,0.25877482,-0.1043784,0.72818476,0.204382,0.17611915,-0.10388077,0.8459891,0.2133984,0.12493238,-0.06457358,0.82202035,0.25265017,0.14436834,-0.05421017,0.783233,0.7650912,1.0072833,0.19678356,1.0,0.8427578,1.6307786,0.20755659,1.7144288,0.87972486,2.0283854,0.09795217,2.3751323,0.8615087,2.0633328,0.11588112,2.3982275,0.83148414,2.2626212,0.23830146,2.6928866
1116.jpg,0.47909787,-0.408938,0.5586375,-0.4700506,0.60633487,-0.46899223,0.63851005,-0.4673885,0.41824117,-0.4687765,0.37315622,-0.4668133,0.33708432,-0.46441165,0.7050109,-0.4270441,0.29680613,-0.42651775,0.57548,-0.33010635,0.38953626,-0.32882437,1.0,0.026093263,0.0,0.0,1.0263804,0.5451783,-0.28074583,0.39614895,0.47780156,0.37780267,-0.12779877,0.721696,0.32837722,0.32224926,-0.1166634,0.84306645,0.32684097,0.26405755,-0.07473766,0.79811865,0.35711095,0.2718924,-0.066318505,0.75836337,0.7507395,1.0038439,0.18652202,1.0,0.82927734,1.5970016,0.19733766,1.7042025,0.8581676,2.0205984,0.09256007,2.369659,0.840922,2.0611281,0.11348979,2.3910244,0.7977416,2.2568414,0.22881068,2.6717737
1136.jpg,0.49518344,-0.42320022,0.56874263,-0.48298597,0.6093667,-0.47986427,0.6525554,-0.4761005,0.43062213,-0.48602653,0.38594338,-0.4852204,0.34415838,-0.48255843,0.7138583,-0.42662928,0.29236904,-0.42960092,0.57856876,-0.33662042,0.4103258,-0.3336082,1.0,0.052568786,0.0,0.0,1.0635964,0.56558675,-0.22048698,0.3982447,0.66004014,0.5177558,-0.12477193,0.71926296,0.5489773,0.5003149,-0.10808267,0.8187294,0.54176724,0.42033064,-0.06527259,0.7794159,0.5616285,0.41619104,-0.05825198,0.749225,0.7801305,1.0013037,0.21926804,1.0,0.84688044,1.5931535,0.23005204,1.6897502,0.87800103,2.038876,0.1544883,2.2427533,0.843889,2.087531,0.19355689,2.2772422,0.79998106,2.2425387,0.22279789,2.568219
1139.jpg,0.47804394,-0.36168158,0.56814134,-0.42335492,0.60751975,-0.42133284,0.6410931,-0.41829163,0.42394912,-0.42366067,0.3762493,-0.42215896,0.32840902,-0.42026138,0.7085256,-0.37279606,0.2856876,-0.38378668,0.56410587,-0.2869761,0.3769399,-0.28918663,1.0,0.058709264,0.0,0.0,1.0323656,0.54711485,-0.1932238,0.3591014,0.50192463,0.22987454,-0.2614489,0.6750638,0.369421,0.13937825,-0.3222337,0.77371544,0.38748723,0.0833905,-0.27997166,0.77288324,0.41841003,0.10205841,-0.24558748,0.7486469,0.7796175,1.0145019,0.20785722,1.0,0.86251175,1.6059449,0.21064603,1.6980613,0.8900661,2.0103805,0.1406009,2.247995,0.8465944,2.0417588,0.16719829,2.2736683,0.84528035,2.2247164,0.2734178,2.5525649
1140.jpg,0.475312,-0.36869118,0.5632203,-0.43041158,0.6038572,-0.4292064,0.6358366,-0.42772025,0.41418234,-0.42979676,0.36650655,-0.42854765,0.32083535,-0.42618194,0.7016614,-0.38516033,0.2805332,-0.3913033,0.56280905,-0.2928031,0.37865755,-0.29595184,1.0,0.060691025,0.0,0.0,0.9693115,0.52360606,-0.19750696,0.34387448,0.44042566,0.16807948,-0.2894802,0.65001434,0.31563717,0.07704701,-0.36449814,0.74446994,0.33592683,0.03195174,-0.3318904,0.745584,0.37001142,0.054723397,-0.2930101,0.7238676,0.77677774,1.0262415,0.19282354,1.0,0.8553091,1.6250879,0.18441945,1.7035801,0.87786597,2.0443332,0.11635879,2.2655864,0.84012526,2.084257,0.13141356,2.2927287,0.8251761,2.2491052,0.22917028,2.5818405
1141.jpg,0.48131004,-0.37481475,0.5677774,-0.43493283,0.61512786,-0.4324557,0.6450449,-0.4300844,0.41730174,-0.43710628,0.36528018,-0.43579233,0.32791895,-0.43464372,0.71008205,-0.38777855,0.28032663,-0.39577615,0.57252574,-0.2912283,0.38209882,-0.29574677,1.0,0.03749874,0.0,0.0,0.9469762,0.4942486,-0.19277163,0.3321608,0.4246674,0.13634266,-0.29005724,0.6396922,0.30300915,0.04426528,-0.3596591,0.7322023,0.3222146,0.005404225,-0.32406837,0.73598135,0.35736248,0.031043055,-0.28404585,0.71637243,0.7817706,1.020205,0.19882862,1.0,0.87896794,1.6111302,0.189708,1.7012701,0.88199353,2.037549,0.10791495,2.2821698,0.8234212,2.0745707,0.14282286,2.3012953,0.8511325,2.2582898,0.17953324,2.573887
1144.jpg,0.46164176,-0.36261144,0.54665035,-0.42782015,0.5940139,-0.42438838,0.62674576,-0.42055544,0.39641413,-0.4298337,0.34536454,-0.42801487,0.30641934,-0.42493612,0.7075341,-0.37534732,0.26833266,-0.3817146,0.55622107,-0.27742118,0.37013614,-0.2802068,1.0,0.03553995,0.0,0.0,0.88729525,0.47806317,-0.2123191,0.32304564,0.4068243,0.10332361,-0.34068358,0.6437481,0.28777227,-0.004318038,-0.40172866,0.7349981,0.31028873,-0.031788323,-0.35194972,0.73839355,0.34818313,-0.0016736237,-0.31173262,0.718609,0.76802045,1.0139117,0.19078428,1.0,0.87088615,1.594036,0.19135535,1.6974927,0.8915948,2.0166578,0.1031966,2.2545989,0.8372101,2.0620413,0.13597222,2.2792304,0.84216267,2.2214177,0.23242846,2.5534325
1146.jpg,0.49001086,-0.38199568,0.56969035,-0.44553348,0.61800057,-0.44274244,0.6468803,-0.4395996,0.4219726,-0.44843706,0.3707472,-0.4477743,0.33510473,-0.44457707,0.7155791,-0.39593944,0.28144327,-0.39918566,0.5802409,-0.29608807,0.3939084,-0.29668635,1.0,0.03344701,0.0,0.0,0.93738455,0.50823945,-0.24690048,0.3482775,0.47632536,0.14458472,-0.31243014,0.6601504,0.37672636,0.048572548,-0.37357134,0.767332,0.39621016,0.012312824,-0.32249287,0.7672698,0.42327037,0.036149062,-0.28419927,0.74080527,0.77897936,1.0148113,0.2028955,1.0,0.8612004,1.6041518,0.20670632,1.6916232,0.85648453,2.0201385,0.120895155,2.2470057,0.8117274,2.0617967,0.15529352,2.2713428,0.8004755,2.226431,0.22031209,2.56163
1147.jpg,0.45907605,-0.3843033,0.549859,-0.4458206,0.59643555,-0.44488037,0.62774557,-0.44258672,0.40639675,-0.44622323,0.35886908,-0.44485265,0.31662503,-0.443791,0.700502,-0.3983944,0.28215995,-0.40751714,0.55241084,-0.3105961,0.3680201,-0.31366825,1.0,0.04943905,0.0,0.0,0.9521705,0.5400208,-0.2757483,0.3664691,0.49270907,0.18832679,-0.28211516,0.7140772,0.3825694,0.08987992,-0.33314332,0.8240296,0.40930268,0.038887527,-0.28209585,0.8008055,0.438721,0.06223218,-0.24551025,0.7687236,0.7707341,1.0173967,0.19215722,1.0,0.8527863,1.6002636,0.21449018,1.7116762,0.86897206,2.0239434,0.12671934,2.281699,0.8163142,2.0707352,0.15368639,2.3066542,0.85752994,2.2338364,0.2744429,2.5794249
1148.jpg,0.4684587,-0.40917137,0.5518683,-0.4708883,0.60044944,-0.4707813,0.6318614,-0.47058415,0.4044056,-0.46724278,0.35655272,-0.46435454,0.31991613,-0.46276426,0.7000048,-0.42622298,0.2782349,-0.41998014,0.56276363,-0.32675463,0.3788701,-0.32519048,1.0,0.0475082,0.0,0.0,0.9708758,0.5493547,-0.29037237,0.36048207,0.48628148,0.2470284,-0.24884336,0.7079042,0.36763608,0.16347227,-0.29413012,0.82171935,0.39653608,0.1049562,-0.24562003,0.818417,0.4210193,0.12668312,-0.21468313,0.78734744,0.7641572,1.0122373,0.19122434,1.0,0.8351996,1.5881925,0.20046006,1.6857318,0.8340762,2.0335894,0.124925464,2.2424242,0.7926921,2.0745811,0.15256615,2.279485,0.77359164,2.2375846,0.23800164,2.564712
1149.jpg,0.47752166,-0.41656098,0.5574715,-0.47829637,0.6021651,-0.4766555,0.63431466,-0.47472292,0.4189509,-0.48028904,0.37261406,-0.48004916,0.33574617,-0.4788406,0.70258194,-0.43443564,0.29193246,-0.4334206,0.5688304,-0.33452314,0.39485753,-0.32904825,1.0,0.030692128,0.0,0.0,1.0179456,0.56184286,-0.30741113,0.3959009,0.5515281,0.33580872,-0.18770644,0.7775883,0.42110246,0.24902506,-0.19221121,0.87773234,0.44978875,0.20270406,-0.14816098,0.8497885,0.4784063,0.21798913,-0.13262469,0.8195247,0.76485676,1.0040226,0.20736045,1.0,0.82190377,1.575565,0.21231979,1.6972531,0.858019,2.031023,0.12425307,2.2970493,0.8276955,2.0791826,0.13985926,2.3301978,0.78212565,2.235708,0.19271834,2.6446257
1171.jpg,0.43284526,-0.42030177,0.5155843,-0.4855323,0.56183636,-0.48389366,0.5984301,-0.47973278,0.37921074,-0.48495865,0.33686474,-0.4835464,0.2968266,-0.4808839,0.6769861,-0.42810103,0.26989892,-0.43291745,0.52811676,-0.34064698,0.35689473,-0.33472052,1.0,0.040242247,0.0,0.0,1.1134707,0.5496551,-0.2559666,0.3969357,0.59352094,0.62825453,-0.12151397,0.75102156,0.4317719,0.6555741,-0.08391714,0.8537807,0.42539793,0.58766925,-0.03924316,0.814762,0.45002067,0.577025,-0.03884169,0.7813117,0.78023744,1.0081991,0.21787532,1.0,0.85138214,1.6158843,0.22692767,1.7199084,0.8711482,2.0116625,0.148191,2.3107767,0.85633975,2.0278566,0.18315464,2.328763,0.80452484,2.2865918,0.2176306,2.613845
1172.jpg,0.3616921,-0.40393117,0.45340613,-0.46539274,0.5068648,-0.4629702,0.5527896,-0.45987874,0.32631513,-0.4699035,0.2888619,-0.4700484,0.25977853,-0.46974933,0.64636725,-0.4132999,0.24919307,-0.42422312,0.4602268,-0.3164547,0.29820114,-0.32174766,1.0,0.043148566,0.0,0.0,1.0542723,0.56210965,-0.2506005,0.37462944,0.402712,0.5426159,-0.16673407,0.73313135,0.25532007,0.55101305,-0.1720992,0.8340494,0.25587383,0.47286272,-0.12785466,0.8091143,0.27224216,0.46843395,-0.112974614,0.77759343,0.7491399,1.0057725,0.18000224,1.0,0.83194244,1.6070061,0.19371846,1.7331567,0.86054176,2.016082,0.10743439,2.383932,0.84770006,2.0462544,0.14970355,2.3874016,0.7887906,2.2808251,0.20110683,2.6689587
1246.jpg,0.18791,-0.34992322,0.31641552,-0.41337115,0.38103628,-0.412246,0.4453406,-0.41196197,0.17713825,-0.41639477,0.14333554,-0.41783768,0.114013515,-0.41955593,0.58663416,-0.3726033,0.17427386,-0.3867894,0.29977554,-0.2740057,0.1418962,-0.27818224,1.0,0.040464714,0.0,0.0,0.5953656,0.4999248,0.019171262,0.4580213,-0.2856664,0.22682221,0.23483185,0.75543416,-0.44487825,0.16819198,0.26884905,0.87532187,-0.4273355,0.12638542,0.27892926,0.8476123,-0.37821186,0.14003141,0.29712847,0.7986441,0.87426835,1.0280646,0.1282409,1.0,0.95123965,1.6213782,0.0664401,1.6576082,1.0339397,1.9944797,-0.0190416,2.183496,1.0126841,2.0200536,0.02068195,2.20384,0.91973335,2.2274997,0.025818696,2.408283
1249.jpg,0.32729393,-0.37981102,0.434928,-0.44039965,0.49522653,-0.4383854,0.55282825,-0.43558064,0.29881227,-0.44404113,0.26429072,-0.4447304,0.23628266,-0.44489136,0.6582128,-0.39658365,0.2571002,-0.41103977,0.44045874,-0.29908192,0.27078575,-0.30239892,1.0,0.018558549,0.0,0.0,0.58500373,0.44478083,0.15281235,0.49894762,-0.14008893,0.12549086,0.15820995,0.8623502,-0.25522488,0.06312538,0.19417436,0.9647691,-0.22929414,0.020350775,0.19050364,0.9470711,-0.1897428,0.03610644,0.18764561,0.9036475,0.82801145,1.0147841,0.17192107,1.0,0.91766083,1.6348026,0.15729468,1.6936746,0.97515386,2.0152626,0.07776774,2.3116386,0.9334848,2.047322,0.10648444,2.3378565,0.92236006,2.2469792,0.19667666,2.6207378
1251.jpg,0.37542337,-0.39090714,0.47762066,-0.45434117,0.535491,-0.45292842,0.58855104,-0.45148414,0.33039328,-0.45575786,0.2884122,-0.4552007,0.26126987,-0.45561442,0.6781034,-0.40992182,0.25000307,-0.41785267,0.4834528,-0.31518698,0.29405108,-0.31489062,1.0,0.024001792,0.0,0.0,0.69319564,0.48161933,0.049400408,0.46261102,-0.005393864,0.18410586,0.010358028,0.8279514,-0.1514668,0.12078481,-0.0017482685,0.9393515,-0.13478732,0.074915335,-0.010802805,0.90745467,-0.09120979,0.09057502,0.01561517,0.8772245,0.7940388,1.0164037,0.16973865,1.0,0.8857718,1.6341208,0.166924,1.7178192,0.96022433,2.0479572,0.08205451,2.3782344,0.9404794,2.079857,0.106530614,2.3984363,0.88674015,2.2913694,0.18616079,2.6907399
1253.jpg,0.42645812,-0.4059637,0.5240966,-0.47120976,0.58178294,-0.4686935,0.6252734,-0.4644601,0.37056443,-0.4746181,0.32848212,-0.47480246,0.2968458,-0.4738014,0.7059924,-0.41660273,0.26564983,-0.42459482,0.5324065,-0.3184689,0.34035587,-0.31862667,1.0,0.028028179,0.0,0.0,0.87003124,0.5461812,-0.09993775,0.43205976,0.17868093,0.31142923,-0.12456362,0.8034096,0.0038562892,0.25037342,-0.16777338,0.93092316,0.010247858,0.20548934,-0.13593794,0.9291379,0.065241925,0.22355771,-0.1054209,0.89127696,0.7502806,1.0151837,0.166014,1.0,0.8855909,1.6464396,0.1746709,1.7429533,0.9301736,2.057305,0.0895812,2.4071114,0.922602,2.0962937,0.121129386,2.419923,0.8731603,2.3012762,0.19577244,2.7090724
1254.jpg,0.44680184,-0.40067735,0.537062,-0.46421817,0.58678716,-0.46241662,0.62472403,-0.45941034,0.39370888,-0.46741974,0.34942123,-0.46785766,0.3129161,-0.467376,0.70672214,-0.41421318,0.279957,-0.42207983,0.5456483,-0.31787732,0.3678845,-0.31691387,1.0,0.027229363,0.0,0.0,0.99797547,0.5576626,-0.10122827,0.43679988,0.3260588,0.41743818,-0.11828635,0.82563853,0.16037808,0.3639734,-0.1693718,0.9422011,0.13841493,0.31109297,-0.14348675,0.9403097,0.18327956,0.3213119,-0.11125899,0.90305096,0.74436325,1.0090729,0.16788435,1.0,0.84512466,1.6301328,0.16856559,1.7296221,0.8972747,2.0303705,0.08813198,2.3806205,0.8913391,2.0653548,0.122405306,2.3999128,0.8446297,2.265287,0.17145418,2.685315
1255.jpg,0.4638199,-0.42504156,0.5471419,-0.489652,0.59124774,-0.48606423,0.6260569,-0.48168197,0.41031772,-0.493981,0.3703686,-0.49314615,0.32792187,-0.49053603,0.7044197,-0.43242913,0.2934909,-0.43872112,0.5533743,-0.3392157,0.38213775,-0.33781245,1.0,0.028828278,0.0,0.0,1.0720793,0.57612455,-0.11567045,0.47207826,0.44692162,0.5280819,-0.13076825,0.83800423,0.29445487,0.5318674,-0.17528407,0.9561038,0.27499294,0.46587193,-0.14891444,0.9533772,0.30272454,0.45942453,-0.11946524,0.91487634,0.75966555,1.0076075,0.19023031,1.0,0.8566145,1.6178801,0.19958763,1.7256452,0.8854277,2.0667517,0.1562261,2.2792163,0.8394665,2.1269233,0.1992854,2.3120205,0.86897844,2.2776175,0.2244149,2.5939832
1274.jpg,0.4805433,-0.41996467,0.5564395,-0.48430628,0.588951,-0.48130924,0.6229308,-0.4771918,0.42673737,-0.48571628,0.3827712,-0.4841682,0.34152856,-0.48197114,0.68334484,-0.43017548,0.2878668,-0.441314,0.5606136,-0.33807617,0.3899708,-0.33750126,1.0,0.05108156,0.0,0.0,1.0265324,0.55332273,-0.14736493,0.45953918,0.61882824,0.5342822,-0.19297493,0.8490642,0.48742896,0.50489664,-0.25847024,0.9763098,0.48340622,0.44357497,-0.21626168,0.9680228,0.51016504,0.4477621,-0.17622773,0.9298291,0.8071794,0.98764735,0.23050337,1.0,0.8786573,1.5672153,0.24490796,1.7045591,0.9003449,1.9868628,0.14943916,2.2642846,0.84326327,2.0344489,0.1776032,2.2859755,0.86829156,2.2351213,0.184141,2.4528475
1275.jpg,0.47925976,-0.40638983,0.557526,-0.47115383,0.60008633,-0.46741036,0.6306361,-0.46355718,0.41863373,-0.47835013,0.37738085,-0.47983807,0.33320755,-0.47950268,0.6973075,-0.4177647,0.29158732,-0.43216768,0.5635599,-0.3206481,0.3894833,-0.3240394,1.0,0.054980196,0.0,0.0,1.000532,0.57908136,-0.16930936,0.45686,0.5261326,0.4128526,-0.28598532,0.8331234,0.4019607,0.36717907,-0.35976133,0.9479296,0.40100566,0.30502933,-0.31575236,0.947019,0.43169728,0.30988097,-0.26853713,0.91342473,0.7995224,0.9990097,0.22415046,1.0,0.87682027,1.5720097,0.23092693,1.6990713,0.89587206,2.0246727,0.15338653,2.2540288,0.85842586,2.0869784,0.1872022,2.2919714,0.81640244,2.2425687,0.22866414,2.568154
1277.jpg,0.49317455,-0.37123317,0.5740776,-0.43758333,0.6079859,-0.43693805,0.6491466,-0.43600115,0.43521205,-0.43226525,0.38667348,-0.42913172,0.34106347,-0.42528602,0.71300554,-0.39229473,0.28489125,-0.39454213,0.5754947,-0.29727286,0.3965321,-0.29751912,1.0,0.05909046,0.0,0.0,0.9089136,0.540805,-0.19374333,0.3949597,0.47776428,0.2049831,-0.3630684,0.7279498,0.36756897,0.102980874,-0.42906395,0.831089,0.3958944,0.05029616,-0.39946845,0.8349138,0.42550585,0.07319876,-0.36186957,0.804497,0.8180208,1.0018522,0.2373551,1.0,0.8988358,1.5584059,0.23913008,1.6900234,0.93091416,2.0110898,0.15881507,2.232011,0.9053162,2.0725105,0.18613967,2.259116,0.86798775,2.2210853,0.25935817,2.5187168
1279.jpg,0.48401913,-0.37641066,0.56837684,-0.4429422,0.6013517,-0.44034192,0.6420288,-0.43868846,0.4266339,-0.44266886,0.3767534,-0.4413854,0.3311458,-0.43939772,0.70467764,-0.39561695,0.27724624,-0.4038326,0.5666628,-0.30029297,0.39002505,-0.30364656,1.0,0.05379976,0.0,0.0,0.85151476,0.5072089,-0.20430641,0.34614477,0.4316494,0.09295146,-0.40134764,0.6447494,0.3402379,-0.0050378665,-0.45829636,0.73724484,0.37756628,-0.036712136,-0.44284278,0.7388432,0.40721598,-0.012839078,-0.41099742,0.71849597,0.78365916,1.0065043,0.20067622,1.0,0.8761183,1.5951599,0.20514232,1.704245,0.92143166,2.0441384,0.13308413,2.2807488,0.8992553,2.0897086,0.1542663,2.3158598,0.8357654,2.2530236,0.16114806,2.5057013
1281.jpg,0.47317058,-0.35495275,0.5630194,-0.4205518,0.5997784,-0.41701567,0.63324696,-0.4128429,0.41975033,-0.42341375,0.373323,-0.42255333,0.32500994,-0.4200998,0.7027537,-0.36908993,0.27839503,-0.38554552,0.55649793,-0.27876067,0.37596142,-0.28201714,1.0,0.062016807,0.0,0.0,0.82734823,0.5096006,-0.21740998,0.32785648,0.43473768,0.095130414,-0.41998222,0.61249727,0.3406856,-0.0015477722,-0.47751227,0.69586766,0.3824134,-0.03608128,-0.4611196,0.7014625,0.41247162,-0.00949672,-0.42903274,0.6847857,0.7917694,1.0154223,0.20333742,1.0,0.8842892,1.6087426,0.2003328,1.6959002,0.92791224,2.0450456,0.11891223,2.2632942,0.90176314,2.0936532,0.15294729,2.2998788,0.81654185,2.2386904,0.17755643,2.5661333
1282.jpg,0.47002783,-0.35925987,0.5569825,-0.4222576,0.59550107,-0.42031875,0.63552284,-0.41679478,0.40333748,-0.42645374,0.35753974,-0.4245229,0.30985138,-0.42333108,0.706421,-0.37303507,0.2684683,-0.38576302,0.55662787,-0.2762656,0.3722292,-0.28054082,1.0,0.06206542,0.0,0.0,0.8236874,0.505525,-0.22675246,0.31730708,0.432356,0.093202084,-0.4236853,0.61218977,0.34372205,-0.010794138,-0.49102643,0.6955789,0.3887174,-0.041294917,-0.47511318,0.7046874,0.4165012,-0.009454659,-0.44027084,0.68879324,0.78168243,1.0150139,0.19029479,1.0,0.8888192,1.609902,0.19347152,1.7021625,0.8845195,2.029776,0.11528838,2.2593024,0.8331713,2.0692298,0.1494915,2.2898757,0.82108754,2.2346,0.16818447,2.4868364
1283.jpg,0.47110993,-0.35600474,0.5511586,-0.4217759,0.5855424,-0.4202295,0.6270998,-0.41827986,0.40460894,-0.42335793,0.35636142,-0.42229354,0.30990508,-0.41980177,0.69641536,-0.37691855,0.2655611,-0.38314402,0.5552119,-0.2795408,0.37539038,-0.28077766,1.0,0.06132986,0.0,0.0,0.83401227,0.51709247,-0.23275156,0.33506897,0.43309724,0.094276115,-0.42414796,0.6253806,0.34442714,-0.0005701522,-0.49491125,0.71134835,0.38584822,-0.036168918,-0.48060113,0.7192727,0.41607997,-0.007510828,-0.4452141,0.70148075,0.7675081,1.0156759,0.18366675,1.0,0.87937707,1.614402,0.19165257,1.7039846,0.9064425,2.0568495,0.11500594,2.2650692,0.8477543,2.109467,0.14033274,2.3023856,0.8668457,2.2534108,0.17164804,2.473563
1284.jpg,0.4834875,-0.35916567,0.56727767,-0.42461768,0.6015756,-0.423222,0.6432182,-0.4206704,0.41877174,-0.42701575,0.3719197,-0.42487672,0.32370603,-0.42262015,0.70877033,-0.37883735,0.27811927,-0.38846046,0.56621957,-0.27876756,0.3842001,-0.281429,1.0,0.05850937,0.0,0.0,0.8415681,0.52111953,-0.2268659,0.34133634,0.4504029,0.11692198,-0.4286904,0.64793336,0.36175424,0.019816203,-0.5000691,0.73758423,0.4032695,-0.0149271535,-0.48125404,0.74135816,0.42986667,0.012346912,-0.4454456,0.72156554,0.78179383,1.0075383,0.1905135,1.0,0.8763875,1.5914311,0.191756,1.697989,0.9094645,2.0256226,0.120759405,2.2585316,0.87117994,2.070153,0.15727717,2.2825558,0.8655422,2.2210922,0.19133244,2.5573328
1287.jpg,0.49783477,-0.3816942,0.5768678,-0.44746467,0.61832124,-0.44504195,0.65479535,-0.4432553,0.4290218,-0.4511258,0.38328323,-0.45101458,0.340341,-0.44851422,0.7192019,-0.3992371,0.29373068,-0.40229073,0.5814952,-0.2934091,0.40014473,-0.2926779,1.0,0.06310203,0.0,0.0,0.9225469,0.58633035,-0.22441575,0.41085958,0.51742285,0.24594982,-0.35976106,0.75670415,0.40686446,0.14433916,-0.42701083,0.8695225,0.43802494,0.088367335,-0.3979406,0.8793286,0.45987925,0.11477154,-0.3591957,0.84624976,0.77599806,1.0052391,0.20523047,1.0,0.87043077,1.5919924,0.21482097,1.6881729,0.8771107,2.003527,0.14458686,2.2519445,0.8272229,2.0381703,0.18065965,2.2781081,0.8207523,2.2108798,0.2224553,2.5807922
1288.jpg,0.50125515,-0.41150174,0.57989806,-0.46923712,0.6193751,-0.46686646,0.65165645,-0.46479806,0.44230106,-0.47439426,0.39711168,-0.47549292,0.3533833,-0.47511524,0.7123949,-0.42593116,0.30495223,-0.43129602,0.5820926,-0.32716548,0.41576782,-0.32494462,1.0,0.043051198,0.0,0.0,0.97097737,0.5779331,-0.22935115,0.4427578,0.52275074,0.30769992,-0.32207397,0.81274736,0.40641823,0.22764201,-0.3812386,0.9263551,0.43245938,0.1789478,-0.34347248,0.92981464,0.45630363,0.19973274,-0.29947472,0.90001416,0.77981585,0.9968752,0.21155778,1.0,0.8586959,1.5720575,0.2106753,1.7025826,0.88388467,2.0249975,0.12541156,2.259002,0.85143226,2.0716891,0.1586072,2.2882104,0.8080309,2.2347908,0.18141454,2.587582
1394.jpg,0.32790774,-0.4090825,0.4322223,-0.47030774,0.49298257,-0.46826854,0.5469899,-0.46524435,0.28912434,-0.47081813,0.2549989,-0.47096077,0.22115955,-0.47063184,0.63713264,-0.4270524,0.21911506,-0.42892236,0.4484758,-0.31987944,0.2693176,-0.32388937,1.0,0.015127739,0.0,0.0,0.92223984,0.5752766,-0.06611673,0.47123352,0.15241742,0.519494,-0.1882288,0.806551,-0.013620811,0.51045376,-0.29491252,0.89858615,-0.03141334,0.4566773,-0.2866844,0.8887049,0.013430387,0.45787397,-0.23333439,0.86262476,0.7706649,1.0200227,0.18065736,1.0,0.8425395,1.6675172,0.16750348,1.7361249,0.87057275,2.0769234,0.099448934,2.3349993,0.86656487,2.1004035,0.13643907,2.3725314,0.7790395,2.3162034,0.13577741,2.65526
1396.jpg,0.38730064,-0.42658553,0.4824379,-0.4853888,0.5353938,-0.48325968,0.5754969,-0.48061326,0.34131646,-0.48664883,0.300843,-0.4855879,0.2696694,-0.48423633,0.6610349,-0.43978795,0.2545829,-0.43970063,0.49853483,-0.3369225,0.31942368,-0.3398103,1.0,0.008687991,0.0,0.0,1.0361373,0.53848684,-0.14168096,0.453655,0.3810073,0.64798105,-0.23322865,0.7750059,0.20928757,0.6931551,-0.31701183,0.87684596,0.1854832,0.6417542,-0.28979877,0.85939085,0.21148154,0.6237799,-0.24461946,0.8249943,0.7712926,1.0105084,0.20609367,1.0,0.8505008,1.6323005,0.21545933,1.7149227,0.8767822,2.0499218,0.11694887,2.318575,0.8490657,2.088191,0.14255218,2.3436399,0.8280167,2.2700005,0.17414455,2.5576446
1941.jpg,0.5505507,-0.4593504,0.6273924,-0.5181662,0.6588107,-0.5121397,0.6999971,-0.50614196,0.5035007,-0.52581733,0.4526243,-0.5259397,0.40916163,-0.5252243,0.74624646,-0.45287395,0.3359073,-0.48306936,0.6157068,-0.3723996,0.44306317,-0.38256484,1.0,0.010748865,0.0,0.0,1.0925403,0.5487204,-0.22707038,0.380736,0.6513174,0.26218194,-0.17761801,0.64847285,0.53422725,0.17735425,-0.15679933,0.73335665,0.5419372,0.124511085,-0.12034436,0.6929859,0.5632086,0.14264609,-0.11024415,0.6670437,0.83025205,0.9963559,0.23212574,1.0,0.8482539,1.6661588,0.12755854,1.6531224,0.9010146,2.2561219,0.080347165,2.0903685,0.88062334,2.295599,0.13513,2.1983411,0.8235475,2.5921533,-0.05944661,2.2842126
326.jpg,0.5133777,-0.39836162,0.58309454,-0.4606437,0.61402977,-0.4595442,0.6531447,-0.45888022,0.45430574,-0.46127385,0.4046285,-0.4594691,0.363858,-0.45772877,0.7072864,-0.4171326,0.2975459,-0.41665113,0.59111714,-0.31765977,0.42316288,-0.31800285,1.0,0.038736887,0.0,0.0,1.0585729,0.57589346,-0.22184029,0.41801107,0.66893977,0.28208473,-0.06107963,0.6933939,0.554699,0.19472599,-0.018775605,0.7666897,0.56295145,0.14047092,0.022529677,0.72963774,0.583625,0.1627865,0.018515289,0.6997962,0.77307975,1.0115353,0.20487918,1.0,0.80747634,1.6301241,0.19809099,1.67702,0.8105835,2.1374884,0.115443766,2.2431183,0.7297659,2.2085872,0.13511646,2.28037,0.9980025,2.2790003,0.10863246,2.415785
328.jpg,0.51496154,-0.38507673,0.5892763,-0.44306776,0.62290204,-0.44017196,0.65455645,-0.4369553,0.45542294,-0.4518598,0.41234142,-0.45198488,0.36647692,-0.4507353,0.71837413,-0.39443785,0.3147021,-0.41104057,0.59268177,-0.30060562,0.42487913,-0.30843034,1.0,0.04551251,0.0,0.0,0.96807486,0.54254735,-0.23945355,0.37160113,0.5660046,0.13801846,-0.23474437,0.70136225,0.48802707,0.044617463,-0.24419127,0.80305165,0.5120564,0.010288376,-0.17981946,0.78978556,0.5303952,0.035211623,-0.16039063,0.7627485,0.7677049,1.0221368,0.1906164,1.0,0.79240096,1.6353422,0.20250797,1.6875237,0.79320157,2.0987523,0.08033928,2.2271276,0.7270828,2.164511,0.082737,2.270718,0.93392974,2.2550683,0.074851334,2.3878646
329.jpg,0.51650125,-0.3845241,0.5934913,-0.448477,0.63032144,-0.44341502,0.6698933,-0.43882236,0.45200586,-0.45405394,0.4082987,-0.45445624,0.363978,-0.45229757,0.73781234,-0.39085,0.3165951,-0.40922892,0.6012111,-0.29394692,0.42958623,-0.304591,1.0,0.037574776,0.0,0.0,0.93894684,0.5149383,-0.27512667,0.31097725,0.53192276,0.08917714,-0.31624827,0.65028554,0.47146887,-0.0332149,-0.31203255,0.7489836,0.5004432,-0.058226317,-0.24619454,0.73725903,0.51179093,-0.017334407,-0.22935125,0.7119017,0.7805979,1.0133741,0.20811713,1.0,0.8123252,1.6345422,0.20895301,1.6952531,0.7925958,2.0963657,0.101895906,2.2585878,0.7273179,2.1606612,0.11562856,2.2882457,0.9116821,2.2624476,0.12913051,2.410694
330.jpg,0.51587784,-0.37989601,0.5939079,-0.42580858,0.6299452,-0.42246097,0.67157537,-0.41716036,0.45776394,-0.43483698,0.41171947,-0.435199,0.36810634,-0.43391448,0.7378708,-0.36878097,0.30934864,-0.39327252,0.60160756,-0.28344858,0.43127248,-0.3005927,1.0,0.043638233,0.0,0.0,0.9176847,0.48336837,-0.3083191,0.29294613,0.51791626,0.08046758,-0.3627586,0.5907895,0.4474775,-0.046401806,-0.3755931,0.68491775,0.47322324,-0.073915154,-0.32028016,0.67676574,0.48417282,-0.025956113,-0.29593197,0.6508404,0.777011,1.0096039,0.20131049,1.0,0.8335483,1.6380666,0.20250936,1.702077,0.82749814,2.1020145,0.11406482,2.2662659,0.7518529,2.1815493,0.13400841,2.299024,1.0386454,2.2486482,0.1825161,2.5238023
331.jpg,0.5266705,-0.36668193,0.59964705,-0.42171416,0.6350142,-0.41909733,0.67731494,-0.4148721,0.46263272,-0.425373,0.41417283,-0.42441976,0.36979154,-0.42209366,0.7399146,-0.3685465,0.31021443,-0.38210538,0.6049222,-0.2783236,0.44275713,-0.28594622,1.0,0.033449,0.0,0.0,0.9196066,0.45968643,-0.31778914,0.26519758,0.5157298,0.051599402,-0.40071347,0.5500236,0.43636477,-0.08328169,-0.41197503,0.6462082,0.4603009,-0.10065731,-0.3521189,0.63917816,0.472498,-0.05137886,-0.32759002,0.61346513,0.80920494,1.0043963,0.2209409,1.0,0.8478968,1.6236447,0.21679272,1.6920964,0.8312029,2.089314,0.12444576,2.2361214,0.7698584,2.1547215,0.1364412,2.2730198,0.9683886,2.2619028,0.1594031,2.398869
332.jpg,0.5239049,-0.3531119,0.59952164,-0.41038743,0.63151336,-0.40703863,0.6738821,-0.40290123,0.46087706,-0.41707936,0.40886116,-0.41591424,0.36009288,-0.41314015,0.7357707,-0.35543725,0.30529138,-0.37342542,0.59933466,-0.2689383,0.42685804,-0.27341577,1.0,0.039420135,0.0,0.0,0.91430885,0.46795547,-0.31648263,0.25405768,0.50755376,0.043385245,-0.40516245,0.5271449,0.42789066,-0.085100494,-0.4278129,0.61451,0.45567277,-0.10067307,-0.37779126,0.61224276,0.4718781,-0.054114237,-0.35207248,0.59238565,0.83162564,1.0138013,0.24342147,1.0,0.8692855,1.6293927,0.23686421,1.6848665,0.85448813,2.101453,0.14337015,2.2610939,0.79020596,2.1721604,0.15990545,2.2983,0.98236555,2.2635531,0.2086403,2.5096467
334.jpg,0.5199407,-0.3587102,0.58976185,-0.41963887,0.6262751,-0.41624975,0.670585,-0.412611,0.4517449,-0.42401674,0.40006524,-0.42184183,0.3541905,-0.41792458,0.73746246,-0.36471248,0.2974497,-0.37527737,0.59721166,-0.27308372,0.42965105,-0.27698687,1.0,0.035363067,0.0,0.0,0.9239486,0.49318522,-0.3134574,0.2476252,0.4686556,0.06737492,-0.41203815,0.5202263,0.36819714,-0.04685859,-0.43482733,0.62133557,0.39754823,-0.0696794,-0.37657663,0.6198469,0.425744,-0.029316599,-0.35149443,0.5948495,0.8230327,1.0061563,0.2490013,1.0,0.8458665,1.6223687,0.23324752,1.6841116,0.84421474,2.110847,0.13773252,2.2596972,0.7732741,2.186035,0.1441028,2.3021145,1.0049226,2.316895,0.12545885,2.4048393
354.jpg,0.49580625,-0.41929418,0.5636748,-0.48253784,0.597311,-0.48020586,0.6278939,-0.47710353,0.4367317,-0.48055223,0.3928431,-0.4776196,0.34877145,-0.4736849,0.68471205,-0.43296868,0.3009583,-0.43341935,0.5772806,-0.33983558,0.40679595,-0.33535063,1.0,0.04766182,0.0,0.0,1.1049587,0.5572252,-0.33949938,0.37089545,0.6605235,0.5427363,-0.15289101,0.68161005,0.53163713,0.52457356,-0.085403964,0.78646487,0.52780706,0.45135698,-0.04476306,0.7327494,0.55376595,0.45201853,-0.05099071,0.69891775,0.8049435,0.9953838,0.25809008,1.0,0.83482635,1.621793,0.20858803,1.7220328,0.79624397,2.0473213,0.085724875,2.3885505,0.72335684,2.100284,0.1092419,2.4108527,0.86666965,2.2892368,0.17773473,2.701905
356.jpg,0.48076248,-0.3781353,0.5634207,-0.4371269,0.60305464,-0.43546677,0.6334246,-0.43197837,0.43144754,-0.44057778,0.3870528,-0.43986604,0.341864,-0.439238,0.6965417,-0.39084864,0.29765812,-0.40224433,0.5647955,-0.3003272,0.3967749,-0.3011176,1.0,0.065144524,0.0,0.0,1.0245214,0.5905132,-0.38130417,0.2695495,0.5229406,0.36867702,-0.35656852,0.6287808,0.3816819,0.3044133,-0.36769816,0.72160834,0.39813125,0.25352427,-0.29239115,0.71057314,0.42814124,0.26230398,-0.26688534,0.6877653,0.8110464,1.0139346,0.24041098,1.0,0.8329231,1.6307877,0.20623286,1.6998994,0.77217466,2.091363,0.086455375,2.2928815,0.7093733,2.1245792,0.15086362,2.3841932,0.7926515,2.2806365,0.1381449,2.5980916
357.jpg,0.4855252,-0.368744,0.563884,-0.43141636,0.6005173,-0.43078095,0.635623,-0.42858326,0.43196702,-0.4282222,0.3849858,-0.42547566,0.34070238,-0.42217734,0.7063398,-0.38649213,0.28964308,-0.38840303,0.5721372,-0.29466632,0.3996108,-0.2925751,1.0,0.054544125,0.0,0.0,1.0257388,0.5683435,-0.36669743,0.23412947,0.49932322,0.31795046,-0.40484908,0.57342386,0.37526464,0.2435674,-0.42582592,0.66519016,0.39473185,0.18998149,-0.3618527,0.65833807,0.41756588,0.2055141,-0.33092278,0.635028,0.8219132,1.0043671,0.23727745,1.0,0.8363983,1.6070461,0.2310978,1.6847727,0.7928013,2.0793767,0.09132493,2.288844,0.73925495,2.116152,0.17461148,2.3724387,0.7716404,2.2565725,0.16180421,2.5817235
359.jpg,0.48044223,-0.3565042,0.5661519,-0.41938782,0.60351145,-0.41744223,0.64212805,-0.41491696,0.42514044,-0.42239884,0.3804088,-0.4211411,0.33572197,-0.4200562,0.720939,-0.37186605,0.2936352,-0.38203016,0.5648108,-0.2765769,0.3889121,-0.27657238,1.0,0.057844453,0.0,0.0,0.9542717,0.6063971,-0.3192445,0.2579604,0.48729235,0.31369346,-0.41777986,0.54531145,0.3742663,0.22853513,-0.45118612,0.6343461,0.38927963,0.16676113,-0.4001967,0.6251946,0.41276452,0.18879776,-0.375732,0.6014651,0.8230897,1.0119208,0.23888779,1.0,0.84650236,1.6365296,0.24075931,1.6973917,0.806293,2.0783308,0.14180131,2.253883,0.78404146,2.110991,0.21558698,2.3256693,0.7592223,2.3609612,0.18221249,2.5285652
360.jpg,0.47099957,-0.35441372,0.56001467,-0.41888908,0.60182977,-0.41737366,0.63939315,-0.4149916,0.41559651,-0.41925326,0.37022322,-0.41759297,0.32752156,-0.41642275,0.71415925,-0.37187588,0.2837897,-0.37844577,0.5629785,-0.2743425,0.38070285,-0.27260292,1.0,0.057418894,0.0,0.0,0.94674706,0.6039311,-0.29896894,0.27507606,0.47457087,0.32453302,-0.40691718,0.56470335,0.35373932,0.2472547,-0.44351456,0.6469146,0.36890423,0.18914083,-0.39834812,0.64068097,0.39414755,0.20743154,-0.36947307,0.61992615,0.81195307,1.0132064,0.22486612,1.0,0.83382696,1.6327039,0.22576828,1.6887176,0.8103294,2.0511658,0.11699297,2.2266266,0.76797044,2.0836458,0.11202792,2.2615151,0.7695629,2.3189096,0.13425009,2.512583
361.jpg,0.46030784,-0.36190608,0.5476346,-0.42750692,0.5903396,-0.42580813,0.6261588,-0.42320618,0.40565985,-0.42713842,0.3589559,-0.42536598,0.31797192,-0.4239052,0.7024547,-0.37905225,0.2781841,-0.3842681,0.5528387,-0.28096554,0.37257996,-0.27754477,1.0,0.060624506,0.0,0.0,0.9801265,0.6046553,-0.26780573,0.3272292,0.47369787,0.37821916,-0.35982558,0.5845143,0.33727545,0.3130947,-0.3924215,0.66871583,0.3516562,0.2566162,-0.34926143,0.65667796,0.37647825,0.26556906,-0.32238123,0.63297486,0.79750437,1.0082731,0.21487291,1.0,0.83319825,1.6393492,0.21278925,1.7083534,0.79162157,2.0957198,0.08581404,2.289072,0.7305258,2.129384,0.087076515,2.3190832,0.7704085,2.29884,0.14653148,2.5707843
363.jpg,0.46594787,-0.41057745,0.5436572,-0.4767133,0.58401793,-0.4738193,0.6188463,-0.47024718,0.40910283,-0.47845966,0.36634916,-0.47824332,0.32395193,-0.47636962,0.68918514,-0.42260167,0.28503668,-0.42999136,0.5508286,-0.32447696,0.37835523,-0.32001346,1.0,0.037661344,0.0,0.0,1.0540553,0.5874977,-0.20235556,0.3856808,0.55398554,0.54096115,-0.22004957,0.6747053,0.41312757,0.51805466,-0.2268595,0.75471985,0.4181871,0.4580651,-0.1955535,0.7228434,0.44544005,0.45648706,-0.18153656,0.69029933,0.7828571,1.0121467,0.213919,1.0,0.8137247,1.6686383,0.19603533,1.7285864,0.7574453,2.1543345,0.07107064,2.3023357,0.7093275,2.191624,0.07970899,2.3388262,0.719636,2.3540769,0.11059105,2.4894683
364.jpg,0.47843954,-0.4148262,0.55684435,-0.481529,0.5941847,-0.4791997,0.6331907,-0.47604963,0.42344606,-0.48080185,0.37965974,-0.478981,0.3363803,-0.47548378,0.7052093,-0.4291098,0.29580742,-0.4326862,0.5625739,-0.32876903,0.39281857,-0.3262875,1.0,0.021663724,0.0,0.0,1.1206598,0.558811,-0.18947928,0.39751172,0.6814851,0.617226,-0.1462676,0.66155636,0.5516438,0.64334166,-0.097882174,0.7499603,0.53208554,0.56809986,-0.06173707,0.7094901,0.5644987,0.5550988,-0.06436991,0.6748218,0.7926518,1.001322,0.23610319,1.0,0.8342846,1.6481006,0.19847868,1.714574,0.77955264,2.1024296,0.09841651,2.3178656,0.7306696,2.1217957,0.108534425,2.3587425,0.7176296,2.306075,0.13544968,2.555847
384.jpg,0.5045973,-0.40043315,0.59260434,-0.46250954,0.63045835,-0.4604457,0.6668858,-0.45787427,0.4467672,-0.46564037,0.4009561,-0.46463948,0.35349014,-0.46365422,0.7328933,-0.41406137,0.30819422,-0.4215188,0.5883541,-0.31608376,0.4060496,-0.31739533,1.0,0.047788154,0.0,0.0,1.000305,0.5873237,-0.28566355,0.3456678,0.5406755,0.34516376,-0.18741271,0.598884,0.42575005,0.26090604,-0.16328086,0.69070154,0.44961712,0.20930904,-0.11264192,0.65726405,0.46968493,0.22494888,-0.10453945,0.6256629,0.7920376,1.0210217,0.19880016,1.0,0.8347799,1.6449258,0.16744219,1.7054092,0.78633595,2.0811071,0.053212516,2.3012605,0.72198766,2.1077917,0.10633022,2.370302,0.77956766,2.2726395,0.102435544,2.5022426
385.jpg,0.4917074,-0.4022684,0.5780194,-0.4605441,0.6179392,-0.45816255,0.65411085,-0.4554921,0.4355533,-0.46372086,0.39055103,-0.46227276,0.34476987,-0.46078637,0.71770936,-0.41104412,0.30054218,-0.4172151,0.57947534,-0.31577417,0.3955002,-0.31830844,1.0,0.05189463,0.0,0.0,0.9846619,0.58999485,-0.27704182,0.33754036,0.53019106,0.3222458,-0.1887527,0.60792977,0.42481315,0.23052733,-0.18921466,0.6877546,0.45087418,0.17651898,-0.13747,0.6578415,0.47159168,0.19627285,-0.12382601,0.63091534,0.7805531,1.0086529,0.19771354,1.0,0.82266265,1.6383523,0.1644747,1.7044038,0.76115763,2.1058676,0.06389693,2.2604947,0.69713634,2.1272786,0.071435474,2.2952635,0.7274232,2.3024292,0.10359825,2.4841533
386.jpg,0.4944753,-0.37600777,0.5797093,-0.43788236,0.6206721,-0.4359876,0.65287995,-0.43403694,0.44202384,-0.4412756,0.3981682,-0.44082925,0.3550221,-0.44047493,0.7155771,-0.3929409,0.3105341,-0.40038744,0.5758208,-0.2925756,0.40580055,-0.2944511,1.0,0.059447523,0.0,0.0,0.989939,0.5905863,-0.26320854,0.3340278,0.55634207,0.31983754,-0.16945863,0.6210809,0.45178056,0.23220053,-0.17794023,0.6941169,0.4704301,0.1720435,-0.129787,0.6609995,0.4909337,0.19243194,-0.11367092,0.6332319,0.78241974,1.012333,0.20518896,1.0,0.8259959,1.6421056,0.18329029,1.6885253,0.77874994,2.0889125,0.07907719,2.2772315,0.7301256,2.1154244,0.13368154,2.3563688,0.7684459,2.2860053,0.11322928,2.519582
387.jpg,0.49622902,-0.38888982,0.58274454,-0.4483486,0.62471396,-0.44566184,0.65815,-0.44272053,0.44283405,-0.45324886,0.39928785,-0.45326856,0.35597304,-0.45306173,0.7203311,-0.39964068,0.3109905,-0.41110817,0.58188623,-0.30373544,0.40520972,-0.30764788,1.0,0.05560405,0.0,0.0,1.0118895,0.59001523,-0.26407287,0.32650045,0.54266196,0.32662565,-0.18691936,0.6049138,0.43018883,0.24702646,-0.2024202,0.6770125,0.4532475,0.19425137,-0.15363373,0.642135,0.47543445,0.21294513,-0.13522293,0.614923,0.7850997,1.013316,0.20535183,1.0,0.82965374,1.6429595,0.17414656,1.6901441,0.77772194,2.0861006,0.057648204,2.3132255,0.7288558,2.116153,0.1057101,2.3919847,0.7750281,2.2839744,0.1362564,2.602363
388.jpg,0.4853385,-0.39081067,0.56991774,-0.4496695,0.6104876,-0.44708967,0.6431419,-0.4450278,0.43287557,-0.45190108,0.38807774,-0.45103624,0.34435102,-0.45068687,0.7085763,-0.40291435,0.30081034,-0.40859568,0.57270014,-0.3078739,0.3947556,-0.3097375,1.0,0.05918818,0.0,0.0,1.023926,0.5982769,-0.2681837,0.31605256,0.5380227,0.37421003,-0.16310859,0.6092998,0.42151988,0.3104496,-0.1756421,0.7013133,0.43618926,0.2586999,-0.12380774,0.6831995,0.4597019,0.26991963,-0.10483985,0.6510615,0.76705146,1.010564,0.18415187,1.0,0.8230184,1.6602646,0.17479286,1.7188566,0.7708612,2.1357229,0.067595854,2.3190517,0.7108821,2.152094,0.07726278,2.3538296,0.7446161,2.3361738,0.102965064,2.5330234
389.jpg,0.4787964,-0.40118194,0.5571337,-0.46076444,0.5980118,-0.4583761,0.62796605,-0.4556475,0.42736173,-0.46315438,0.38691127,-0.4619652,0.34471047,-0.46132454,0.6913161,-0.41277248,0.30333126,-0.41814855,0.5633431,-0.31896937,0.3947117,-0.31913248,1.0,0.04561682,0.0,0.0,1.0579456,0.5851845,-0.27163166,0.34664983,0.5995815,0.42824048,-0.14429212,0.61455834,0.48601398,0.3758307,-0.123798266,0.7099446,0.47225052,0.31392485,-0.07217611,0.6754889,0.4983197,0.32131323,-0.065715834,0.64085263,0.75469756,1.0070162,0.1881538,1.0,0.81561905,1.6615683,0.1527678,1.7193576,0.76792973,2.1234796,0.04820883,2.3559332,0.7159815,2.150335,0.06516881,2.3854606,0.717374,2.3145285,0.0994356,2.6517403
408.jpg,0.55023503,-0.46282855,0.6056068,-0.5304768,0.6336183,-0.526836,0.67134094,-0.5221753,0.4915458,-0.534319,0.4413864,-0.5336368,0.3988752,-0.53214204,0.70791346,-0.47618613,0.32400993,-0.49212062,0.61169845,-0.37819076,0.45872146,-0.38156825,1.0,0.005751227,0.0,0.0,1.0538764,0.54002637,-0.22286001,0.48600584,0.7191684,0.48567042,0.14939742,0.6357184,0.6167203,0.47141474,0.24811898,0.66700697,0.61039305,0.39484394,0.26772422,0.60173386,0.6291357,0.39225906,0.25241968,0.5851524,0.79981846,0.9906588,0.24500877,1.0,0.848766,1.6563529,0.25229672,1.7298467,0.8208157,2.10825,0.15830743,2.320454,0.75326985,2.1317751,0.1516133,2.3521183,0.83574843,2.311035,0.28066647,2.6344724
411.jpg,0.5331273,-0.44547504,0.5968306,-0.5095238,0.6276299,-0.5080474,0.6682843,-0.5065848,0.47795945,-0.5087596,0.4290615,-0.5066176,0.3869055,-0.50389224,0.71540135,-0.46084547,0.3148106,-0.46416053,0.5996109,-0.365019,0.44126296,-0.36693656,1.0,0.0024733474,0.0,0.0,1.0516422,0.51713526,-0.3441393,0.35505208,0.6141442,0.2782181,-0.08250341,0.6304596,0.49463606,0.18610014,-0.0035750635,0.6985952,0.5021703,0.14050741,0.04326441,0.653752,0.5240674,0.15931928,0.031057235,0.6298219,0.8061392,1.0036922,0.23874176,1.0,0.8471513,1.6131384,0.23891726,1.7065705,0.81032056,2.0664678,0.13549298,2.2803755,0.74037683,2.084222,0.1338653,2.3168244,0.796797,2.2757254,0.17036702,2.5084496
412.jpg,0.52984965,-0.43574238,0.59902525,-0.5012319,0.6296453,-0.49946705,0.6694746,-0.49729636,0.46768248,-0.5025665,0.419608,-0.50090814,0.37829763,-0.49863434,0.71591157,-0.45467666,0.31694615,-0.45331645,0.6005396,-0.35207862,0.43942505,-0.35034093,1.0,0.0069510983,0.0,0.0,1.0445317,0.53715676,-0.37609753,0.34452227,0.61164486,0.2872577,-0.14154312,0.6300049,0.48804802,0.19804211,-0.06667235,0.7059448,0.49846748,0.14700402,-0.016696636,0.66484153,0.52187467,0.16669592,-0.03005893,0.638868,0.7976742,1.0073671,0.22291206,1.0,0.8475739,1.6448532,0.22470343,1.7209612,0.7993597,2.092748,0.11460893,2.309813,0.74030554,2.1074235,0.114292204,2.3448067,0.78568065,2.3048449,0.15596855,2.5482204
414.jpg,0.53115124,-0.4465478,0.59723604,-0.5054596,0.6252049,-0.5033414,0.65952617,-0.5009408,0.46940783,-0.5067023,0.42119408,-0.50457627,0.377788,-0.5018626,0.7095267,-0.45595542,0.31643456,-0.4549502,0.60051465,-0.35919997,0.4367935,-0.35748488,1.0,0.023778595,0.0,0.0,1.0524801,0.553011,-0.34262145,0.3372124,0.59272635,0.32632664,-0.14138366,0.6286943,0.47290334,0.25585732,-0.09290225,0.69698876,0.4636671,0.20950171,-0.047764644,0.65208244,0.48505113,0.22081956,-0.05194087,0.624523,0.7795781,1.0076662,0.2060695,1.0,0.83375484,1.6573021,0.219433,1.7184199,0.796447,2.1272256,0.095770516,2.3443978,0.74928164,2.1465175,0.08577004,2.3758411,0.76704216,2.3168962,0.21096219,2.6509168
415.jpg,0.49916488,-0.43773073,0.5670689,-0.49816248,0.6019572,-0.49577275,0.63046014,-0.49275818,0.43643194,-0.4984723,0.39527735,-0.49535218,0.35154837,-0.49187335,0.6843783,-0.4448359,0.2997719,-0.4418638,0.57674056,-0.35222915,0.40885994,-0.3483846,1.0,0.029378638,0.0,0.0,1.055147,0.57015586,-0.34841827,0.33873972,0.60666966,0.37956914,-0.17442636,0.61269647,0.48674613,0.3323105,-0.11904317,0.68651044,0.46618897,0.2745051,-0.07070823,0.643754,0.4959135,0.28255272,-0.074865274,0.61800194,0.7591052,1.0205197,0.18781008,1.0,0.79878,1.6639581,0.1862873,1.7258985,0.73804855,2.0906775,0.06448049,2.3244586,0.69738984,2.1017873,0.101571314,2.3802097,0.67260164,2.3145,0.10376778,2.618138
416.jpg,0.50525373,-0.45259854,0.57135826,-0.51407135,0.60573715,-0.5119355,0.6333597,-0.509149,0.4442476,-0.51306224,0.40349892,-0.509699,0.36067718,-0.5061376,0.68536896,-0.46026754,0.31036484,-0.45705357,0.580522,-0.36575472,0.41523683,-0.36365622,1.0,0.022096898,0.0,0.0,1.0747386,0.57548994,-0.30824062,0.3544531,0.6383831,0.42002514,-0.13111003,0.59983575,0.5297847,0.38052472,-0.074451454,0.6685461,0.51271236,0.31438175,-0.031461418,0.62253594,0.5363922,0.3194708,-0.037802998,0.59875584,0.7668936,1.0095028,0.21090402,1.0,0.820294,1.6651736,0.2058664,1.7325349,0.76461416,2.0982213,0.09663405,2.3390744,0.71425474,2.132065,0.111713804,2.4077742,0.7561155,2.2977142,0.15616359,2.638329
417.jpg,0.49311814,-0.46978584,0.5601575,-0.5321922,0.59512824,-0.52958035,0.6245317,-0.5264053,0.42923975,-0.53023106,0.39004624,-0.52610064,0.34833655,-0.52156794,0.6802326,-0.47736114,0.30423045,-0.46954012,0.5709469,-0.38145837,0.40481544,-0.3769653,1.0,0.0161162,0.0,0.0,1.118504,0.5410541,-0.29749388,0.3815111,0.6821004,0.4944837,-0.07845015,0.6293777,0.57633543,0.4762406,-0.007872291,0.6783266,0.5605937,0.40680295,0.02764165,0.6253132,0.5837869,0.39989915,0.016517881,0.60700154,0.76179874,0.99572027,0.19919434,1.0,0.81228805,1.6506802,0.19187194,1.7554462,0.7974546,2.1387584,0.085471466,2.3522227,0.7563962,2.1726446,0.12160831,2.4158905,0.76296043,2.3400052,0.15289947,2.6602478
436.jpg,0.2727267,-0.44552353,0.34798753,-0.52032214,0.39830983,-0.522009,0.44790548,-0.5227217,0.23452473,-0.5174063,0.20834397,-0.5165378,0.18677288,-0.515745,0.552279,-0.48282877,0.20597517,-0.46851838,0.37251332,-0.3638946,0.23765643,-0.3581017,1.0,-0.029040465,0.0,0.0,1.1288705,0.50906396,-0.14187446,0.5090546,0.48889837,0.44677442,-0.043293487,0.4638308,0.29121456,0.43345568,-0.023582794,0.4739997,0.29345265,0.35293785,-0.013194971,0.41042888,0.3369822,0.3483087,0.0048460667,0.39842933,0.8118936,1.0115155,0.22492953,1.0,0.8423745,1.7122132,0.21784161,1.7581477,0.84601957,2.187816,0.12594363,2.4265392,0.77940845,2.2387326,0.1278628,2.4580874,0.9048803,2.3951716,0.26800445,2.704646
504.jpg,0.19666936,-0.3956734,0.3173207,-0.46459776,0.3806609,-0.46596965,0.44501993,-0.46639284,0.18010382,-0.4605424,0.15160963,-0.46053806,0.128099,-0.4619244,0.57342404,-0.42575565,0.16988547,-0.42616498,0.32291606,-0.32008943,0.16248555,-0.32207063,1.0,0.0060044443,0.0,0.0,0.9098313,0.56204224,0.01840204,0.41731414,0.07885835,0.33736455,-0.097457014,0.6545349,-0.122586,0.2739692,-0.1648238,0.71777874,-0.124158554,0.22507499,-0.15515684,0.68773746,-0.06330169,0.23636973,-0.11644621,0.6619843,0.8304539,1.0174005,0.14089377,1.0,0.88534683,1.7054309,0.07109253,1.7270238,0.88996637,2.1388237,-0.026149012,2.3532767,0.84521294,2.1529543,-0.006436443,2.4010568,0.84339756,2.3718188,-0.036832936,2.5797033
505.jpg,0.26617888,-0.43175367,0.37966618,-0.50035244,0.43980432,-0.5010719,0.4998437,-0.5016223,0.23631622,-0.49622858,0.20623472,-0.49711612,0.17873962,-0.4984252,0.6043372,-0.4591877,0.19850394,-0.45909572,0.38992938,-0.3532068,0.21659313,-0.35286498,1.0,-0.023915827,0.0,0.0,0.9036906,0.5296849,0.06479934,0.41025466,0.17421094,0.24539371,-0.08574032,0.64058167,0.001240976,0.17537135,-0.14377736,0.70289207,0.010005614,0.12139766,-0.14628418,0.6699605,0.062982105,0.1392006,-0.10367283,0.6525979,0.8188225,1.0183706,0.18537866,1.0,0.8854792,1.7025008,0.13013692,1.7271601,0.89867485,2.1336868,0.048653506,2.3625054,0.85761994,2.1536732,0.07478719,2.4087358,0.8715716,2.3822575,0.063301146,2.593502
508.jpg,0.3945301,-0.43298984,0.49267155,-0.50228894,0.55067164,-0.5017404,0.59020036,-0.50062406,0.3311827,-0.49948546,0.28503424,-0.4979658,0.25508234,-0.49696243,0.68061846,-0.45548737,0.22655837,-0.45294842,0.5159532,-0.3457608,0.31571636,-0.34215036,1.0,-0.0032608432,0.0,0.0,0.9249857,0.5279744,-0.06297819,0.4204639,0.40154245,0.16735491,-0.06701129,0.62089485,0.2624284,0.071325675,-0.08430634,0.7132521,0.27081752,0.029174922,-0.057685014,0.6903096,0.3109302,0.04757719,-0.03960173,0.65655446,0.80914843,1.0115961,0.21799132,1.0,0.84367985,1.7083819,0.19100179,1.7475635,0.8509458,2.1447592,0.07611566,2.3431911,0.809748,2.1724052,0.07676802,2.389134,0.8332173,2.3945544,0.10417432,2.6068938
512.jpg,0.48423755,-0.44881657,0.54580545,-0.5167604,0.5887153,-0.5164879,0.6177957,-0.5151456,0.41835222,-0.51367253,0.377928,-0.5113784,0.33785486,-0.50762933,0.676735,-0.471177,0.30007166,-0.46306992,0.57250255,-0.36655235,0.40847787,-0.3593716,1.0,0.0021642959,0.0,0.0,1.078565,0.57881427,-0.35894123,0.4031146,0.6601114,0.39077297,-0.08130036,0.6603651,0.54863924,0.33481675,0.0028907808,0.71711785,0.5497534,0.2712509,0.04553312,0.6690555,0.5740879,0.27622998,0.027681863,0.64858854,0.7546309,1.0174978,0.19900163,1.0,0.80556667,1.6981661,0.22515728,1.7338102,0.80700487,2.138654,0.112325795,2.3512058,0.7623324,2.1706314,0.09444616,2.3907192,0.8244861,2.3496375,0.15137719,2.5531666
517.jpg,0.5650897,-0.4512165,0.61871594,-0.5159451,0.64975214,-0.511524,0.68471193,-0.5066227,0.4903051,-0.52182657,0.44001892,-0.52155024,0.396846,-0.519627,0.7158246,-0.46662083,0.33069524,-0.47946066,0.626171,-0.3549777,0.47809008,-0.36174864,1.0,-0.023654247,0.0,0.0,1.2533952,0.32583687,-0.21245252,0.4855016,1.3085806,0.6371527,0.3525104,0.30105132,1.3340266,0.72633755,0.49679136,0.23374903,1.2806563,0.7030514,0.49716172,0.17168002,1.2512519,0.6729343,0.4715038,0.19058329,0.83006793,0.9864259,0.24593149,1.0,0.8788286,1.6700134,0.2402947,1.7440268,0.8458853,2.129216,0.12907232,2.32779,0.8003205,2.1536987,0.117377736,2.3636162,0.8501879,2.3260415,0.16054787,2.5133438
527.jpg,0.55262035,-0.45361078,0.61347175,-0.51358837,0.64106417,-0.5103387,0.67759633,-0.50668836,0.49704438,-0.5158166,0.44873488,-0.5141994,0.40829274,-0.5122349,0.71557313,-0.45982692,0.33562708,-0.46956632,0.61733186,-0.37447262,0.4569675,-0.37504673,1.0,0.026551252,0.0,0.0,1.0964924,0.5270419,-0.24792285,0.46092123,0.87374884,0.59131724,0.11008107,0.6637569,0.79074925,0.61815125,0.2296043,0.6980063,0.7887148,0.5350427,0.24958235,0.6385028,0.7986987,0.52003706,0.22627068,0.6233173,0.80397415,0.9875627,0.24813509,1.0,0.84909075,1.6633905,0.22648789,1.7463989,0.8264061,2.1472392,0.11835681,2.3361464,0.7732568,2.1734693,0.108024664,2.3717437,0.8183845,2.3520157,0.21401344,2.6477478
528.jpg,0.5092341,-0.4463581,0.5720206,-0.51280844,0.6019245,-0.5108272,0.64087147,-0.50885594,0.4485801,-0.50888014,0.40162727,-0.505085,0.3623327,-0.4998503,0.6942369,-0.46191818,0.3003022,-0.45770773,0.58530015,-0.37033814,0.42275077,-0.3648737,1.0,0.037464455,0.0,0.0,1.0702889,0.55651057,-0.2864903,0.42606965,0.72151196,0.5199211,-0.020188333,0.6874294,0.61772233,0.5101849,0.06321052,0.7380871,0.6190666,0.43429527,0.09207411,0.68754846,0.63712656,0.43013465,0.07597916,0.6668184,0.7764808,1.0006795,0.20429416,1.0,0.82425594,1.6765685,0.20387284,1.7516811,0.79127836,2.1862576,0.11590585,2.373886,0.7419027,2.2131512,0.11494081,2.4047108,0.7713008,2.4004257,0.2052174,2.662263
529.jpg,0.49293333,-0.43319815,0.5576402,-0.4970778,0.58870536,-0.495488,0.62795305,-0.49446225,0.43159547,-0.49356052,0.38585097,-0.4904851,0.34651273,-0.4856877,0.6850656,-0.45008373,0.2843867,-0.44274575,0.5720346,-0.35994288,0.4086339,-0.35447896,1.0,0.041956943,0.0,0.0,1.0705614,0.5570802,-0.34152785,0.3696688,0.7033425,0.39822412,-0.12033457,0.67939335,0.60314405,0.34591886,-0.049520396,0.745709,0.5888919,0.28382733,-0.004633944,0.70502776,0.6065891,0.29138863,-0.016732758,0.6799972,0.76755655,1.0128596,0.18623193,1.0,0.78790873,1.6581428,0.19008924,1.7263188,0.77703834,2.1275265,0.07977305,2.343879,0.71670985,2.1525986,0.067134,2.3784306,0.75541794,2.3503938,0.19919153,2.618761
531.jpg,0.48311564,-0.42337692,0.55575067,-0.4847843,0.5907845,-0.48194808,0.62756705,-0.47945803,0.417252,-0.4872801,0.37345257,-0.48633096,0.3304285,-0.48420727,0.68914866,-0.4282733,0.28397703,-0.43015647,0.56614625,-0.3326134,0.39371806,-0.3320892,1.0,0.033765133,0.0,0.0,1.0072935,0.57982206,-0.2915814,0.34008005,0.6737183,0.23635025,-0.18575963,0.6311114,0.5921897,0.14559221,-0.17068432,0.7179084,0.5987065,0.09544396,-0.1298908,0.69944507,0.6058458,0.11876206,-0.12300427,0.67090374,0.7673558,1.005288,0.19752266,1.0,0.8072332,1.6323233,0.1891892,1.7227999,0.7921463,2.0802653,0.06816543,2.322932,0.7466895,2.1040783,0.06255619,2.355239,0.7396422,2.2949479,0.06823395,2.4986172
534.jpg,0.4898929,-0.4251078,0.5616326,-0.47850674,0.5939671,-0.47683465,0.63482577,-0.47537655,0.4316456,-0.47949672,0.38276187,-0.47677478,0.34087813,-0.47325993,0.694842,-0.42539355,0.28426027,-0.42635715,0.57030284,-0.338305,0.3999137,-0.33753026,1.0,0.025605792,0.0,0.0,1.0763189,0.5435619,-0.24533936,0.3345826,0.6872004,0.19097352,-0.17744575,0.61155725,0.5929871,0.09637915,-0.17677315,0.70629966,0.5951711,0.04558495,-0.13883558,0.6881856,0.60342866,0.07104799,-0.12801479,0.6547274,0.78102297,1.0129441,0.20027824,1.0,0.8053093,1.6623403,0.1849939,1.7202752,0.7834188,2.122259,0.07620961,2.2993374,0.7332896,2.153064,0.078997746,2.3325522,0.7742676,2.354526,0.0974814,2.4801087
537.jpg,0.4770698,-0.48081273,0.54912895,-0.54021496,0.5912043,-0.5380062,0.6176168,-0.5354661,0.42149287,-0.53744644,0.38109848,-0.53364813,0.34088764,-0.5311493,0.68186826,-0.48347342,0.30494604,-0.47894084,0.56057477,-0.39397424,0.38914838,-0.39153576,1.0,-0.0038454067,0.0,0.0,1.0927337,0.55858546,-0.21920002,0.3949522,0.685897,0.36641568,-0.06158634,0.65118325,0.58174324,0.32258958,-0.02281687,0.7132276,0.56941295,0.25107965,0.015329429,0.6729975,0.59135795,0.25803658,0.009581589,0.648336,0.7613679,1.015688,0.2071231,1.0,0.80653477,1.6812948,0.18402119,1.7461671,0.79780275,2.1888015,0.10064731,2.3736446,0.7585485,2.2280097,0.10914854,2.4130378,0.80503505,2.3913202,0.21952581,2.6756613
556.jpg,0.4815753,-0.43121362,0.54279816,-0.4900168,0.57724345,-0.49073982,0.614999,-0.49046272,0.4109069,-0.48334977,0.36560413,-0.47771364,0.32530335,-0.4724533,0.6704488,-0.44862542,0.2795608,-0.42586234,0.56812257,-0.34803674,0.40211675,-0.34158915,1.0,0.023943696,0.0,0.0,1.1193463,0.4804228,-0.25356767,0.3729242,1.0139514,0.58763754,-0.111295655,0.65812236,0.91411173,0.6278409,-0.05897261,0.737554,0.8930328,0.55018896,-0.015663842,0.69892496,0.9101564,0.53527063,-0.020917226,0.66984355,0.7757757,1.0060006,0.20497614,1.0,0.82763475,1.6823866,0.17674126,1.7588779,0.779923,2.1763883,0.09364688,2.3638587,0.7231934,2.23156,0.08606724,2.4082484,0.85036486,2.3871753,0.18043552,2.661885
558.jpg,0.44072658,-0.41908434,0.5136555,-0.48239702,0.556134,-0.481661,0.5920273,-0.4800144,0.3814706,-0.47982657,0.33944348,-0.4770783,0.2981894,-0.4723643,0.6708251,-0.43594593,0.26513082,-0.4226393,0.53300226,-0.3390426,0.3683157,-0.3307474,1.0,0.03519425,0.0,0.0,1.1561182,0.548953,-0.21733698,0.3697667,0.8623852,0.5681227,-0.11133003,0.6277389,0.72679687,0.58895147,-0.095201164,0.7070067,0.7129325,0.5129958,-0.05200613,0.6720736,0.73472995,0.5017437,-0.044901375,0.64411765,0.7687641,1.018044,0.20209756,1.0,0.82007897,1.6993355,0.1756402,1.7543471,0.8265987,2.22726,0.052994058,2.3981822,0.77689475,2.287356,0.035367243,2.440176,0.88720196,2.498857,0.1537443,2.6785433
560.jpg,0.36985475,-0.43010336,0.46500298,-0.4886995,0.51883996,-0.4861207,0.56137383,-0.4831546,0.33017987,-0.49251127,0.29303083,-0.49288929,0.26578748,-0.49347863,0.6463699,-0.44107264,0.25529614,-0.45055664,0.46995428,-0.34013358,0.30814427,-0.3462551,1.0,0.016628943,0.0,0.0,1.137985,0.55919,-0.12568201,0.4082553,0.69280523,0.5178936,-0.093403436,0.62961984,0.5541141,0.5077321,-0.09353846,0.6867816,0.52847373,0.4332283,-0.07354432,0.6331396,0.5572668,0.42421693,-0.06325429,0.60661316,0.7871074,1.0142319,0.22415103,1.0,0.8276977,1.6825733,0.21632922,1.7351689,0.8398747,2.1549096,0.096489176,2.3643517,0.7839709,2.2139084,0.087614425,2.4183824,0.92764056,2.3585384,0.20904316,2.6423619
599.jpg,0.11258547,-0.36035746,0.24038137,-0.42306903,0.30316016,-0.4234475,0.37475908,-0.42347136,0.11992364,-0.4249048,0.096270114,-0.42524007,0.07516031,-0.42627797,0.5696791,-0.3820277,0.19253425,-0.39616638,0.2296453,-0.28654057,0.09587608,-0.2874999,1.0,0.016901134,0.0,0.0,0.43819273,0.46919975,0.12359938,0.4516874,-0.4403911,0.17707327,0.2469898,0.75185716,-0.59087384,0.12316772,0.28093946,0.8656672,-0.5553476,0.080433466,0.28375825,0.8333744,-0.5020948,0.09281625,0.29901323,0.78499216,0.8859757,1.0272866,0.07678096,1.0,0.95654595,1.6476172,-0.035028856,1.6839197,0.98653054,2.0654871,-0.13685805,2.24759,0.89624983,2.1187482,-0.108683325,2.2915847,1.1623076,2.2659683,-0.13953312,2.4183035
607.jpg,0.34374353,-0.4134541,0.45988294,-0.47549468,0.5199647,-0.47350758,0.5665712,-0.4705059,0.30985194,-0.47670922,0.2684838,-0.47650453,0.23596698,-0.47649676,0.66948783,-0.42107815,0.23505646,-0.43558073,0.45903817,-0.32362783,0.27779385,-0.33102697,1.0,0.016552007,0.0,0.0,1.1157922,0.55982965,-0.024072269,0.4668622,0.21251845,0.55402404,-0.2801079,0.56750464,-0.015590378,0.57324535,-0.40346202,0.6293417,-0.06064009,0.5241146,-0.42188844,0.5901634,0.0096968515,0.50958824,-0.3700627,0.57084733,0.8189363,0.9998435,0.19247091,1.0,0.8536485,1.6585037,0.12983783,1.7379026,0.8786271,2.099298,0.045287028,2.39815,0.8208722,2.1435053,0.096957095,2.4187682,0.90682167,2.3323944,0.1545494,2.6535423
612.jpg,0.43333128,-0.42670783,0.5149812,-0.4777577,0.56186837,-0.4740653,0.5952658,-0.4706848,0.38571566,-0.48222205,0.34472102,-0.481802,0.3083546,-0.4812269,0.661319,-0.4264741,0.27638838,-0.43848503,0.527424,-0.33736417,0.354958,-0.3416517,1.0,0.043705575,0.0,0.0,1.4936779,0.40097502,-0.20595981,0.43953344,1.1105232,0.671113,-0.27754456,0.40836227,0.9788358,0.7291915,-0.26990032,0.4058145,0.94500864,0.6691502,-0.24590845,0.3330247,0.9666307,0.6452014,-0.23342557,0.32879055,0.74699324,0.99481696,0.18707895,1.0,0.83055323,1.6519822,0.16459522,1.7287548,0.8273574,2.0803654,0.123957306,2.2298493,0.77323097,2.114077,0.14898023,2.2588696,0.80533427,2.2795155,0.17940001,2.4376104
617.jpg,0.52624184,-0.44753516,0.5858413,-0.5105636,0.6138108,-0.50706655,0.64427847,-0.5036349,0.4623285,-0.5154111,0.41722235,-0.5145171,0.3762605,-0.5121963,0.6919487,-0.45541507,0.31583452,-0.46738204,0.5960423,-0.3567704,0.4392278,-0.36003366,1.0,-0.00039266198,0.0,0.0,1.3431127,0.36256436,-0.14074329,0.45828226,1.2349023,0.55946094,-0.12944125,0.7073781,1.1945016,0.63004756,-0.12977116,0.77550495,1.1392039,0.58043444,-0.09712786,0.7219811,1.1316801,0.5564007,-0.085794054,0.6918612,0.780797,0.9937543,0.22291416,1.0,0.8379239,1.6378076,0.20164926,1.7497622,0.829109,2.105832,0.18782568,2.2587693,0.7874162,2.1401987,0.21304601,2.2780557,0.7910353,2.3179383,0.3296575,2.5700285
618.jpg,0.53591096,-0.4786216,0.5885653,-0.5356167,0.6153643,-0.5318449,0.64669037,-0.5278726,0.4703754,-0.5411117,0.4258753,-0.539188,0.38510105,-0.5362324,0.68661726,-0.47870278,0.31969103,-0.49027097,0.6012573,-0.38407946,0.4450696,-0.38890234,1.0,-0.0073068826,0.0,0.0,1.2391434,0.39461088,-0.095459595,0.45380014,1.1460706,0.559745,-0.074863,0.689195,1.1025418,0.6181021,-0.06787144,0.7617771,1.0724112,0.55414385,-0.038836487,0.70529735,1.0685012,0.5321942,-0.02925905,0.6744247,0.7696258,0.99418515,0.22863771,1.0,0.82465065,1.6380206,0.22508872,1.7376511,0.82022554,2.0597813,0.21565965,2.2247286,0.77028066,2.0707624,0.23801525,2.2481635,0.754293,2.2955158,0.3664186,2.541573
620.jpg,0.5332551,-0.46258298,0.5830992,-0.51850677,0.616091,-0.5162339,0.65262586,-0.5132263,0.4691637,-0.5232164,0.42343166,-0.52297276,0.38071206,-0.5210463,0.6883212,-0.46613997,0.30459556,-0.47686148,0.5966354,-0.3716797,0.44295773,-0.37678635,1.0,0.008633919,0.0,0.0,1.1297455,0.45663282,-0.08707863,0.4410592,1.0547292,0.5745437,-0.007245139,0.6549995,0.97144806,0.62824476,0.013429308,0.74005675,0.94396085,0.54911286,0.04906335,0.69505847,0.9564352,0.52877206,0.05451232,0.6627496,0.78921336,0.9959748,0.23802032,1.0,0.85550404,1.6499674,0.24315068,1.7399532,0.8357092,2.080265,0.2043684,2.1906803,0.7691159,2.0919197,0.21553881,2.2106507,0.77043164,2.3464239,0.28076828,2.4092026
624.jpg,0.5196028,-0.4513992,0.5832734,-0.51041657,0.61369616,-0.5078321,0.6527747,-0.505076,0.46511278,-0.5139004,0.41728792,-0.5127897,0.3748298,-0.5112861,0.69619197,-0.45819,0.30471906,-0.46996903,0.5891684,-0.36402154,0.422686,-0.36497664,1.0,0.011383535,0.0,0.0,1.076621,0.5168339,-0.060111046,0.44299075,0.7650177,0.55330175,0.023897072,0.6600076,0.6689365,0.5927921,0.049105827,0.72434807,0.63850564,0.5156996,0.078413166,0.6602456,0.6508675,0.501139,0.08266657,0.6312802,0.8128588,0.99486697,0.2526863,1.0,0.8639867,1.6363358,0.2791096,1.7331544,0.868203,2.067498,0.21220846,2.267415,0.81082577,2.081748,0.22256741,2.28864,0.83482283,2.276422,0.32882255,2.5703943
625.jpg,0.52381426,-0.4485941,0.58802915,-0.50887483,0.6236751,-0.5050687,0.6631608,-0.50126207,0.46632123,-0.5165257,0.4189225,-0.51638365,0.37687743,-0.51520336,0.7078066,-0.45502502,0.30874878,-0.46875238,0.59306717,-0.35947305,0.42826572,-0.3618701,1.0,-0.0017043316,0.0,0.0,1.1039525,0.50939006,-0.07569538,0.4453602,0.7127691,0.55502,-0.0004224392,0.6501866,0.58368677,0.5926371,0.031393547,0.71935034,0.561029,0.5166489,0.061490864,0.6576561,0.58072615,0.5013935,0.06494884,0.6286487,0.8091702,0.99698114,0.2562371,1.0,0.8767557,1.6417828,0.2758693,1.7185014,0.8857379,2.0734928,0.2390115,2.1985433,0.8109437,2.0877962,0.25834605,2.2170353,0.8585065,2.2771497,0.29964685,2.4237916
627.jpg,0.53870946,-0.47078335,0.59126925,-0.5289099,0.624246,-0.52672344,0.660593,-0.5237247,0.48645857,-0.5316819,0.44110507,-0.53113544,0.39662486,-0.52945787,0.69637394,-0.47599596,0.31668848,-0.48809507,0.59667087,-0.38619053,0.44264698,-0.38828817,1.0,-0.011612287,0.0,0.0,1.1539859,0.50352865,-0.07185705,0.4546611,0.74868476,0.5388591,-0.0024653273,0.64304966,0.6227663,0.5814266,0.025822818,0.7182096,0.58278096,0.5117426,0.058526877,0.65622133,0.6059177,0.49517685,0.06299323,0.62423575,0.81783956,0.9942567,0.26401913,1.0,0.88089997,1.6325775,0.2944354,1.7276766,0.8852098,2.0390167,0.24617217,2.205426,0.8054455,2.0518692,0.2737542,2.2254322,0.85536593,2.276925,0.30923775,2.441293
784.jpg,0.5202709,-0.4532709,0.58508223,-0.52073795,0.6180831,-0.5199941,0.6572027,-0.5190426,0.45937175,-0.5213716,0.41049296,-0.52021265,0.36995897,-0.5194425,0.7013162,-0.4786748,0.30961305,-0.47897667,0.59273046,-0.37206948,0.43057948,-0.3724592,1.0,0.002215452,0.0,0.0,1.0596408,0.5766117,-0.11031097,0.52450484,0.87895006,0.37735903,0.024741895,0.4941896,0.8148929,0.3500136,0.09871199,0.4772764,0.8081219,0.2746416,0.10763761,0.4117244,0.8108143,0.27617696,0.100734286,0.40915617,0.76050675,0.9950034,0.20600362,1.0,0.80816567,1.6288658,0.22397402,1.7483573,0.81732386,2.0679712,0.14695235,2.3588254,0.7611872,2.121265,0.14847958,2.385736,0.8363552,2.28053,0.31754738,2.676
831.jpg,0.5067248,-0.40759006,0.57912093,-0.46920907,0.6105843,-0.46677434,0.6510731,-0.4641317,0.44786766,-0.46697536,0.4033587,-0.46430486,0.36145085,-0.4593957,0.7063582,-0.41790205,0.29821068,-0.42017934,0.5833576,-0.32714474,0.41394314,-0.32695448,1.0,0.053256188,0.0,0.0,1.0885962,0.57532734,-0.17333932,0.41799888,0.6471099,0.39600503,-0.06897611,0.71351093,0.5421348,0.35018107,-0.0573687,0.80769664,0.53116226,0.28243694,-0.0143093895,0.76868427,0.558105,0.2905835,-0.00621581,0.7388303,0.7429391,1.0086515,0.17853068,1.0,0.7826992,1.6037046,0.18687597,1.7190144,0.7626242,2.0287962,0.08909553,2.301712,0.70338833,2.066871,0.12745072,2.3151565,0.7442429,2.2662673,0.23868017,2.6278868
835.jpg,0.4970971,-0.3488398,0.5805398,-0.4124027,0.6197265,-0.4111259,0.65482044,-0.40882325,0.44086933,-0.41256782,0.39224368,-0.41027793,0.3476813,-0.40835443,0.7217508,-0.3663404,0.29873714,-0.37497038,0.5817074,-0.2760489,0.39804244,-0.277392,1.0,0.07284847,0.0,0.0,0.9813365,0.5614595,-0.16242513,0.34880346,0.5352415,0.22455685,-0.2535488,0.6467617,0.4315281,0.13676912,-0.32655546,0.7560325,0.45062625,0.07981604,-0.27615613,0.7627571,0.473424,0.10156639,-0.23908368,0.7360889,0.74518794,1.0045385,0.17403,1.0,0.790243,1.5919851,0.18673673,1.6982034,0.759128,2.0003316,0.06564541,2.2805452,0.6956881,2.0324266,0.14655308,2.3523266,0.73433495,2.2522225,0.22636318,2.5991719
836.jpg,0.48871878,-0.34051406,0.57762516,-0.40386385,0.61608475,-0.40286097,0.6520157,-0.4002799,0.43581223,-0.4034674,0.38733098,-0.40108195,0.34075806,-0.39926913,0.72192127,-0.35783923,0.296091,-0.368047,0.5772516,-0.2671065,0.39160672,-0.27024615,1.0,0.071763024,0.0,0.0,0.9538726,0.55608463,-0.19721584,0.32082742,0.51679176,0.19153523,-0.30053505,0.63359493,0.43016475,0.103568055,-0.36132264,0.7302914,0.44803825,0.049830627,-0.32438552,0.7378576,0.4713493,0.07121824,-0.28478009,0.7156821,0.76329166,1.0110651,0.18997082,1.0,0.79045755,1.6104087,0.19160715,1.6962447,0.7719933,1.9965245,0.088350095,2.3059552,0.7084226,2.02405,0.11819818,2.3217747,0.77774596,2.2523396,0.22794302,2.6046534
837.jpg,0.5014694,-0.34512427,0.59175456,-0.40653354,0.6285827,-0.40312272,0.6612603,-0.3982497,0.45139366,-0.41219378,0.40473646,-0.41218224,0.3554715,-0.41164765,0.72855806,-0.35571584,0.30778843,-0.37779137,0.5812288,-0.27086085,0.399291,-0.27460828,1.0,0.074990116,0.0,0.0,0.92496824,0.55597776,-0.19925189,0.3027402,0.49971518,0.16521195,-0.30871388,0.60278165,0.4171999,0.07791758,-0.36888552,0.70049596,0.43523338,0.03498046,-0.33645958,0.7121377,0.4582852,0.057773933,-0.29959673,0.687512,0.76391095,1.0123804,0.19088383,1.0,0.7930566,1.6049048,0.18813911,1.7055594,0.7721774,2.0375798,0.07506243,2.345453,0.69849753,2.0775518,0.10370507,2.363995,0.808421,2.2796042,0.19480535,2.6171055
838.jpg,0.49706018,-0.343002,0.58760846,-0.40510222,0.62630314,-0.40305823,0.661174,-0.39992735,0.44685483,-0.40769607,0.39770642,-0.40635434,0.3508382,-0.40517882,0.7299836,-0.35918933,0.30398425,-0.37773177,0.58183706,-0.27090245,0.39684984,-0.2757092,1.0,0.07157576,0.0,0.0,0.905678,0.54989016,-0.22356719,0.32139853,0.5008532,0.1736105,-0.3197647,0.62399775,0.4121615,0.08527788,-0.3848061,0.7163961,0.42761788,0.03856052,-0.3399309,0.7227971,0.45111227,0.06094554,-0.2979256,0.7008984,0.7598852,1.0043595,0.17864032,1.0,0.8029889,1.6173183,0.17513153,1.7096907,0.78793204,2.026152,0.06268202,2.3687928,0.7225999,2.0664332,0.09656085,2.3848653,0.7916922,2.2660418,0.20694132,2.6686096
839.jpg,0.4891141,-0.35016426,0.57801867,-0.41312748,0.61740357,-0.41110346,0.6532393,-0.4083831,0.4386643,-0.41499102,0.39035386,-0.41331622,0.34442565,-0.4117131,0.726794,-0.36685583,0.29980475,-0.38196895,0.5777574,-0.27839154,0.392462,-0.282051,1.0,0.06529371,0.0,0.0,0.9011202,0.5528638,-0.2268357,0.3162907,0.4707167,0.18127798,-0.32992658,0.62261754,0.38166565,0.091164045,-0.3868918,0.7134061,0.39891085,0.041974384,-0.34302422,0.7196881,0.42479035,0.0642167,-0.30366293,0.69711316,0.7563256,1.0119517,0.17976175,1.0,0.7920498,1.6117625,0.18570046,1.7012686,0.77043134,2.02591,0.06591805,2.3423834,0.70535946,2.0729308,0.09493613,2.3613439,0.8059697,2.2602806,0.22023597,2.6348162
840.jpg,0.48736438,-0.35095692,0.57553154,-0.41434026,0.6157143,-0.41295147,0.6521282,-0.4121134,0.4331173,-0.41175094,0.38260543,-0.41139364,0.3380451,-0.4102168,0.721483,-0.37226924,0.29001236,-0.37711462,0.5799648,-0.2798053,0.39008012,-0.28129146,1.0,0.0693825,0.0,0.0,0.9310981,0.5568783,-0.22274092,0.32767144,0.4634929,0.21279061,-0.30977702,0.63899577,0.36747083,0.12117201,-0.37130505,0.7422169,0.38617623,0.06765147,-0.32925653,0.748384,0.410324,0.08969917,-0.2876567,0.72343063,0.7567533,1.0130183,0.18636766,1.0,0.78832567,1.6057019,0.18245703,1.691072,0.774592,2.0114217,0.07066436,2.3441749,0.7074095,2.058073,0.10074717,2.3631666,0.8092376,2.246922,0.23941492,2.6457224
844.jpg,0.49977311,-0.43191734,0.5691939,-0.5017391,0.6028618,-0.50035554,0.6327873,-0.4966129,0.4413595,-0.49823725,0.39699036,-0.49473625,0.35520828,-0.49088612,0.68870014,-0.45503065,0.3047357,-0.45669994,0.57947403,-0.3528652,0.41052932,-0.3509228,1.0,0.0118483305,0.0,0.0,1.0778323,0.5443044,-0.1826243,0.42827109,0.57363975,0.52230024,-0.1259367,0.75985557,0.42844918,0.52070546,-0.098101035,0.8763289,0.42827892,0.4495168,-0.05788161,0.8345575,0.45325583,0.44514266,-0.056493204,0.795691,0.75390625,1.0085218,0.20405628,1.0,0.77124923,1.6041521,0.19673668,1.7046188,0.7568665,2.0588272,0.110699624,2.297661,0.68630064,2.0919888,0.14422435,2.3226664,0.775285,2.2928329,0.17369227,2.6323278
845.jpg,0.49155334,-0.46556056,0.5618674,-0.53820753,0.5941025,-0.53644,0.6286487,-0.534222,0.43217713,-0.5345513,0.39003173,-0.5315391,0.34796464,-0.52731574,0.6829928,-0.49402463,0.2995348,-0.49023402,0.57051575,-0.38196176,0.406864,-0.3823166,1.0,-0.0093794335,0.0,0.0,1.1200173,0.53613347,-0.15830262,0.4625991,0.66939306,0.6246558,-0.032888513,0.7589187,0.5630068,0.6514571,0.019910911,0.84594464,0.5407331,0.56523293,0.04719368,0.7749244,0.56363976,0.54710263,0.04073014,0.74855584,0.7460682,1.0024282,0.21933538,1.0,0.77766407,1.6342118,0.20483719,1.7260131,0.7668749,2.0996487,0.12999374,2.3189003,0.71378994,2.1395574,0.16217631,2.3514712,0.74844515,2.3269908,0.21182132,2.6673841
851.jpg,0.5218731,-0.40198463,0.57516474,-0.47184974,0.60751206,-0.47116214,0.64629215,-0.47035533,0.44372526,-0.47312066,0.38889822,-0.47207862,0.343974,-0.47011492,0.68273795,-0.43651778,0.27473512,-0.43203443,0.58582944,-0.32224867,0.42952225,-0.31530795,1.0,-0.036342178,0.0,0.0,1.2086114,0.29402712,-0.0017292314,0.49031842,1.2884965,0.6012942,0.48911893,0.17262314,1.3155012,0.69900286,0.61719894,0.08203123,1.2647669,0.6873043,0.60205704,0.032814115,1.2315298,0.6577825,0.5702207,0.054186225,0.798782,0.98682296,0.19567715,1.0,0.8169403,1.6218396,0.1991024,1.722697,0.7970569,2.0502007,0.09161669,2.2883942,0.7240664,2.070643,0.117791474,2.3121774,0.8016369,2.2796972,0.17831361,2.607569
865.jpg,0.48746994,-0.39443702,0.57210815,-0.45815066,0.61746776,-0.45715207,0.6503523,-0.45664233,0.42500094,-0.4606274,0.37665233,-0.46022925,0.33798274,-0.46057615,0.7203849,-0.41589332,0.2940868,-0.42039594,0.57321864,-0.3139062,0.39399174,-0.3162043,1.0,0.04010286,0.0,0.0,1.0172402,0.55339646,-0.25366977,0.38002172,0.51243895,0.23645298,-0.23238926,0.69634223,0.3826674,0.13702254,-0.25656545,0.80653757,0.4140103,0.0795633,-0.21254037,0.7900692,0.4436727,0.10342647,-0.19101003,0.7533859,0.7574475,1.0176743,0.17804444,1.0,0.8121153,1.5854244,0.16127096,1.6954074,0.7782171,2.0469804,0.068682976,2.3000796,0.6973528,2.0881298,0.11700267,2.3345866,0.78906566,2.2713473,0.16310985,2.6054251
870.jpg,0.48219386,-0.35479483,0.57407284,-0.4203699,0.6133707,-0.41711998,0.6497603,-0.4124346,0.42898515,-0.42437366,0.3794978,-0.42303517,0.3295431,-0.42117658,0.71769285,-0.37252894,0.28128913,-0.3881191,0.5709424,-0.28191093,0.38752308,-0.28510788,1.0,0.04201583,0.0,0.0,0.85655314,0.49712035,-0.17342559,0.31202185,0.44196257,0.0917256,-0.35023326,0.5905837,0.32290506,-0.0004137527,-0.41491342,0.67913467,0.34913734,-0.03502354,-0.399158,0.6816427,0.38968727,-0.009262534,-0.36531985,0.66330177,0.7788708,1.0150913,0.19632338,1.0,0.84383583,1.6053398,0.18293881,1.706013,0.8170673,2.0474608,0.08741766,2.287789,0.73789024,2.08451,0.09861713,2.32314,0.8069255,2.2474551,0.16121612,2.5122085
872.jpg,0.47506994,-0.35473624,0.57137877,-0.41869715,0.6160474,-0.41681066,0.647225,-0.41293907,0.42000815,-0.42196596,0.3704844,-0.42182118,0.32655954,-0.4207785,0.71635365,-0.3742199,0.28742075,-0.39005873,0.56808394,-0.28268203,0.37650138,-0.2862844,1.0,0.04056728,0.0,0.0,0.93554914,0.5171463,-0.17341068,0.33543128,0.48609978,0.15429589,-0.31275088,0.6113521,0.38160485,0.066078804,-0.37156898,0.70318913,0.3991312,0.023658259,-0.34650874,0.7051758,0.4299547,0.047401134,-0.3115466,0.6838486,0.78959304,1.0150577,0.2073608,1.0,0.8211248,1.6094774,0.20531714,1.7050728,0.81729466,2.0543542,0.10878561,2.2984529,0.7432925,2.0923707,0.12658311,2.3308096,0.8228631,2.2696085,0.19129623,2.514608
876.jpg,0.48289692,-0.41398612,0.5669683,-0.47785458,0.6084323,-0.47663486,0.6381643,-0.47255737,0.42944515,-0.47895876,0.38415414,-0.47750038,0.34134814,-0.47636074,0.69778657,-0.43198708,0.2997906,-0.43877324,0.5710034,-0.3397641,0.38945895,-0.33631942,1.0,0.031454667,0.0,0.0,1.1023364,0.58336836,-0.2207242,0.42233053,0.6089294,0.42390886,-0.12802866,0.72680986,0.48839846,0.38664418,-0.09913267,0.8239292,0.47411698,0.31130773,-0.05968835,0.7706328,0.50513357,0.31555688,-0.054542016,0.74274546,0.76359415,1.0156255,0.20852363,1.0,0.8027953,1.6140735,0.202735,1.7186638,0.8018597,2.0641723,0.11499086,2.3270228,0.7450033,2.1016898,0.13450253,2.3582926,0.7487835,2.2778358,0.20689894,2.6628706
877.jpg,0.5012659,-0.4551732,0.5776151,-0.52143246,0.6111887,-0.5181782,0.65021837,-0.51602685,0.4468519,-0.52347326,0.40257487,-0.5216012,0.3600625,-0.52070975,0.70644754,-0.47202775,0.31006414,-0.47655317,0.581331,-0.36970603,0.41217646,-0.369958,1.0,0.015284971,0.0,0.0,1.1418927,0.5382142,-0.17857435,0.4424387,0.703877,0.529728,-0.04584666,0.7034987,0.59576875,0.5387816,-0.009437016,0.7768022,0.5784813,0.46631625,0.019675935,0.7293244,0.60236377,0.4576646,0.017535036,0.7021983,0.7656925,1.0194336,0.22117348,1.0,0.80440557,1.6361661,0.23324339,1.7336333,0.8029839,2.1087112,0.14315446,2.3297844,0.7324359,2.150302,0.16707571,2.3695114,0.8134695,2.3305094,0.23685683,2.6580546
897.jpg,0.3477206,-0.41811365,0.4280714,-0.48832157,0.47940367,-0.48900437,0.5221169,-0.48865455,0.30152637,-0.4859892,0.26701573,-0.4847035,0.2439863,-0.48339593,0.6101955,-0.45125556,0.24238577,-0.44241703,0.4515418,-0.33833697,0.30030966,-0.32922485,1.0,0.020140693,0.0,0.0,1.0946865,0.5641185,-0.15648687,0.46603298,0.527931,0.61312896,-0.090661354,0.6155677,0.33935875,0.6427833,-0.0841348,0.6680824,0.34289983,0.5603059,-0.06771678,0.5939537,0.38794965,0.54494745,-0.05610202,0.57004637,0.73381484,1.009171,0.18488331,1.0,0.7690756,1.6560162,0.17054613,1.7549309,0.779438,2.1243527,0.09899052,2.286217,0.70524603,2.1630447,0.122160256,2.3156974,0.7798813,2.3436384,0.1985098,2.5975232
898.jpg,0.27538702,-0.41182438,0.36877537,-0.48042828,0.417774,-0.48203662,0.46945623,-0.48189247,0.2589789,-0.4793386,0.23373812,-0.48074895,0.21316555,-0.48270938,0.57603085,-0.4500919,0.24737588,-0.4522282,0.37277898,-0.32347834,0.24834095,-0.3286308,1.0,0.010248619,0.0,0.0,1.0914631,0.5566491,-0.16751519,0.45097062,0.41599944,0.5838813,-0.123938896,0.6261295,0.21669523,0.604881,-0.13909592,0.7048645,0.21843809,0.51700896,-0.12349326,0.63473016,0.25442725,0.50272566,-0.10508457,0.6004431,0.72660154,1.0155143,0.15676281,1.0,0.7721938,1.6533192,0.15197589,1.737021,0.7966042,2.1109798,0.06535505,2.2957883,0.71936566,2.1478267,0.096347235,2.3274891,0.7865248,2.3400717,0.1528247,2.5113935
968.jpg,0.332581,-0.39811292,0.4482226,-0.4617846,0.5106288,-0.459203,0.5650521,-0.45472685,0.29035378,-0.468784,0.25274786,-0.47053972,0.22051726,-0.47199553,0.65828764,-0.4075796,0.21887629,-0.43086332,0.4476116,-0.31184506,0.26372966,-0.32282442,1.0,0.03957826,0.0,0.0,0.7249695,0.5426468,-0.075295396,0.32696223,-0.03563133,0.28904864,0.15826504,0.78845185,-0.2030377,0.22194962,0.15725571,0.9550326,-0.19334404,0.18258202,0.21992475,0.90136766,-0.14008804,0.20070703,0.23399149,0.849296,0.81093335,1.0149745,0.16437016,1.0,0.8874348,1.6437168,0.16426134,1.7171928,0.89602375,2.0689175,0.08581202,2.2479577,0.8285182,2.111795,0.11340491,2.2819364,0.87145036,2.293349,0.21909323,2.458223
969.jpg,0.3889185,-0.4165189,0.4967601,-0.4786821,0.5555012,-0.4733862,0.60520333,-0.4677122,0.34475443,-0.48924053,0.30512655,-0.49137902,0.26933187,-0.49236512,0.687165,-0.42387906,0.25433525,-0.44728348,0.49883512,-0.32943034,0.30674934,-0.33812648,1.0,0.01733471,0.0,0.0,0.70134056,0.5194135,0.07981435,0.46882415,0.06678337,0.19631848,0.19738133,0.8476957,-0.08252767,0.11221593,0.22404459,0.98062754,-0.05714336,0.06610892,0.23066446,0.95032537,-0.011003333,0.08779113,0.37551466,0.9631338,0.83042246,1.0134827,0.2060582,1.0,0.87694967,1.6552101,0.21133342,1.7288082,0.882381,2.060341,0.11979906,2.268922,0.85059094,2.086031,0.13009338,2.294812,0.7925588,2.2896428,0.3068614,2.5919206
971.jpg,0.40439245,-0.37275955,0.51309025,-0.43356642,0.57454807,-0.43186247,0.620291,-0.428864,0.34498334,-0.44091988,0.2997187,-0.44311723,0.26494843,-0.444971,0.70675325,-0.38498083,0.23002332,-0.4093633,0.5162552,-0.28546295,0.3174823,-0.29607528,1.0,0.051184412,0.0,0.0,0.6555458,0.52693313,0.12534581,0.48459598,0.120029874,0.102869965,0.20941862,0.8337724,0.0023058078,-0.010421812,0.44055963,0.99304813,0.042456307,-0.04775983,0.45001647,0.9800045,0.08874733,-0.017314695,0.45717442,0.92913204,0.812772,1.008573,0.16577348,1.0,0.8839735,1.6265186,0.18475181,1.69821,0.8905557,1.9900234,0.101474546,2.2459908,0.84498835,2.0056763,0.13506393,2.2725363,0.8128515,2.2388766,0.22334713,2.558133
972.jpg,0.4031758,-0.33970633,0.5101383,-0.39978254,0.5688069,-0.39604795,0.6109235,-0.39166898,0.35181636,-0.40976,0.3023077,-0.41338444,0.2679449,-0.41706958,0.6902523,-0.3528678,0.2358804,-0.38500792,0.5032304,-0.26357841,0.3087826,-0.2672631,1.0,0.0614408,0.0,0.0,0.66220564,0.5174675,0.06540591,0.47485244,0.13895658,0.0964142,0.12960365,0.81715643,0.01310487,-0.015853629,0.26489183,0.9772744,0.05646561,-0.05088631,0.2757057,0.9726919,0.10461348,-0.020298513,0.29853228,0.9241344,0.8025468,1.014654,0.15955359,1.0,0.8675812,1.6240194,0.17880328,1.7015932,0.88416487,1.9954681,0.0917807,2.2390034,0.8344994,2.0180438,0.13170545,2.2560513,0.81328607,2.2380333,0.23619738,2.5595243
974.jpg,0.45055234,-0.39103392,0.5471494,-0.4542268,0.6046738,-0.45065728,0.64239305,-0.44585305,0.38447678,-0.45818397,0.3321488,-0.458063,0.29460847,-0.45568436,0.73529595,-0.39562583,0.25271028,-0.4100386,0.5568826,-0.30002975,0.35388258,-0.30321953,1.0,0.027296592,0.0,0.0,0.68822473,0.4819252,-0.046261877,0.4254767,0.2647054,0.0487043,-0.07558011,0.7453351,0.14837246,-0.07916848,-0.06642626,0.8578067,0.177931,-0.10884041,-0.053833976,0.8589057,0.21724127,-0.069111116,-0.039129265,0.82008785,0.7918982,1.0026755,0.16961361,1.0,0.874158,1.6208777,0.1813571,1.7220722,0.8984054,2.0366287,0.07259076,2.3376038,0.8729548,2.0636995,0.09603109,2.360713,0.8354652,2.280649,0.23176703,2.6474984
975.jpg,0.45517027,-0.37113425,0.55705655,-0.43250346,0.6102014,-0.42819586,0.65129775,-0.42374218,0.3965481,-0.43990427,0.3483773,-0.44076684,0.30889007,-0.44082844,0.74243134,-0.37593555,0.26353693,-0.39877394,0.5529384,-0.28024426,0.3605098,-0.2879495,1.0,0.043820847,0.0,0.0,0.7164932,0.49566376,-0.05581921,0.40544564,0.33444697,0.07109919,-0.106224075,0.72883606,0.22893581,-0.05590466,-0.12084996,0.83235145,0.26909694,-0.08777502,-0.09671323,0.8329265,0.31149375,-0.045518186,-0.07799851,0.80103505,0.7859287,1.0032235,0.1803294,1.0,0.86612296,1.612514,0.18586938,1.7179896,0.8859512,2.0193334,0.07576645,2.354244,0.8572094,2.050075,0.09209513,2.3753657,0.824736,2.258815,0.24221353,2.6538177
976.jpg,0.45426208,-0.36163732,0.55413514,-0.42382386,0.6051647,-0.41944993,0.6427823,-0.41451696,0.40080076,-0.43425637,0.35501805,-0.43499577,0.30846637,-0.43506682,0.72399074,-0.36838967,0.2676604,-0.3953634,0.5487687,-0.2776915,0.35359126,-0.28442845,1.0,0.047100153,0.0,0.0,0.7699252,0.49661705,-0.093088,0.40440777,0.38165095,0.0742225,-0.15391016,0.72977775,0.2753874,-0.046755847,-0.16538951,0.8322347,0.32373598,-0.08123292,-0.1466971,0.8289746,0.3658131,-0.04237609,-0.12980649,0.79682,0.77960074,0.9914691,0.18373339,1.0,0.8716749,1.5752257,0.1960628,1.7186846,0.8819004,1.9544263,0.08434975,2.3363962,0.8386077,1.9779387,0.12817602,2.3391833,0.8493014,2.2189152,0.26351866,2.6233397
977.jpg,0.47003835,-0.35036996,0.56605655,-0.410582,0.6113872,-0.40720624,0.6440352,-0.40197283,0.41933373,-0.41645312,0.3730023,-0.41596118,0.32599774,-0.41490087,0.7128653,-0.36185867,0.2855726,-0.38364956,0.5631767,-0.27889907,0.3779406,-0.28461596,1.0,0.060105104,0.0,0.0,0.8024513,0.5333147,-0.16812503,0.3847669,0.43336695,0.11238279,-0.19012958,0.73948383,0.32598764,0.020749874,-0.21073301,0.8473602,0.36763018,-0.015961252,-0.17657654,0.8439843,0.40970525,0.006945476,-0.15519962,0.8106939,0.76997757,0.99599797,0.18926674,1.0,0.8467622,1.6012572,0.20805201,1.7149812,0.8642158,1.9984435,0.08309818,2.3590853,0.8185694,2.0411758,0.103219844,2.3764253,0.8459066,2.2332828,0.25692523,2.6645827
979.jpg,0.49712232,-0.3776458,0.58027685,-0.43989047,0.61371666,-0.43821132,0.6512187,-0.43630064,0.4413839,-0.44364217,0.39489675,-0.44302326,0.34863436,-0.44207558,0.7138336,-0.39242923,0.29783255,-0.40546513,0.5705935,-0.2993717,0.39760873,-0.30116802,1.0,0.057227172,0.0,0.0,0.9280714,0.5577116,-0.17601795,0.41536966,0.53536475,0.22112076,-0.23393893,0.76917416,0.42152625,0.124375984,-0.29043722,0.8845906,0.4549985,0.06888558,-0.2379976,0.8857387,0.47809815,0.091360345,-0.20013316,0.8505108,0.7522809,0.9920796,0.2042967,1.0,0.8178499,1.5835625,0.23186544,1.7090329,0.8504298,1.9930216,0.09712189,2.3663197,0.8213004,2.0365226,0.110178836,2.3846343,0.83365726,2.229781,0.2507066,2.6677501
983.jpg,0.5308303,-0.4417241,0.59945005,-0.50524193,0.6344038,-0.50283337,0.66453975,-0.49959645,0.47029316,-0.5055849,0.42922196,-0.5027133,0.38668996,-0.49998653,0.71116316,-0.451171,0.33386543,-0.45459127,0.6086138,-0.35233143,0.4427076,-0.3540196,1.0,0.026858862,0.0,0.0,1.1806545,0.45825264,-0.21948016,0.4425819,0.97321767,0.6978199,-0.11461268,0.7917485,0.90544105,0.77733684,-0.088418156,0.9115382,0.87173057,0.73472285,-0.032312,0.8757828,0.88638496,0.70679885,-0.03154148,0.83445424,0.78062147,0.99040943,0.24774344,1.0,0.83317333,1.5694461,0.2892402,1.6660388,0.8356713,1.9614304,0.21238552,2.2094443,0.78984547,2.0016658,0.2175059,2.2377338,0.7675497,2.1912906,0.34137592,2.514392
