135.jpg,0.50266546,-0.46244857,0.5724895,-0.5205383,0.6107352,-0.51882344,0.63814676,-0.516683,0.44498146,-0.5182186,0.40064928,-0.5157788,0.35629082,-0.5121435,0.69267607,-0.47641003,0.30937192,-0.4706882,0.5914252,-0.3762975,0.414064,-0.3767755,1.0,0.017950818,0.0,0.0,0.91173995,0.4913879,0.022378957,0.4984437,0.7399284,0.8486516,0.27569738,0.82006776,0.70267767,0.9439657,0.33402455,0.93379194,0.6742504,0.92703104,0.3650898,0.90918154,0.68028075,0.89013404,0.35838765,0.8571196,0.7376428,1.0065254,0.20226602,1.0,0.70870554,1.7873694,0.22387233,1.8141154,0.69597244,2.5020516,0.2773984,2.498605,0.6541781,2.587479,0.3308051,2.569152,0.64957154,2.715724,0.28375915,2.7279253
136.jpg,0.497286,-0.4568091,0.5681488,-0.51556975,0.6077938,-0.51400375,0.6356989,-0.5119286,0.439266,-0.5128791,0.39529178,-0.5104698,0.3510203,-0.50662345,0.69178754,-0.471158,0.3076296,-0.46594477,0.58816284,-0.37051854,0.4081675,-0.37140104,1.0,0.019869221,0.0,0.0,0.9128031,0.49858788,0.026754608,0.49840268,0.7469729,0.86819893,0.27444988,0.8323089,0.7133821,0.9608332,0.3351096,0.9511201,0.768333,1.0240166,0.3635373,0.9245537,0.6883993,0.9106859,0.3538732,0.88632476,0.73771626,1.0040846,0.2006352,1.0,0.70573705,1.7875508,0.22478573,1.8122275,0.68668294,2.5053313,0.28946954,2.4941132,0.65760714,2.5951698,0.34131417,2.5653458,0.62607867,2.7039409,0.28218812,2.716227
137.jpg,0.4959054,-0.46380734,0.57016087,-0.52204907,0.60852665,-0.521262,0.63894194,-0.52049816,0.43543532,-0.5179478,0.39125583,-0.51471305,0.3478064,-0.51178217,0.6967493,-0.47913212,0.3071917,-0.47274387,0.58825445,-0.37696904,0.40250152,-0.3746436,1.0,0.01985728,0.0,0.0,0.9056595,0.49781018,0.038515434,0.49334392,0.74032116,0.86596024,0.28869945,0.825796,0.70523906,0.96351683,0.34955606,0.94157124,0.76317304,1.0179859,0.3837385,0.9140688,0.7477125,0.9637109,0.36772236,0.87623537,0.7342439,1.0056648,0.19958954,1.0,0.6982494,1.7891922,0.2164778,1.8097345,0.67481893,2.4965756,0.28747264,2.4883175,0.64287144,2.5738463,0.3420684,2.5571992,0.622412,2.699523,0.26934755,2.7102594
138.jpg,0.5005368,-0.4664657,0.57674193,-0.52995026,0.6150731,-0.52922046,0.6445909,-0.52733606,0.44313282,-0.5224445,0.3974002,-0.5168346,0.3524844,-0.51350844,0.6999821,-0.4825004,0.31098524,-0.4756859,0.5923684,-0.38302374,0.4053839,-0.37819585,1.0,0.02135149,0.0,0.0,0.9111997,0.5020662,0.021157067,0.5016722,0.7420009,0.8666129,0.27972746,0.82884073,0.71216035,0.9621003,0.3368069,0.9456306,0.7743131,1.0223305,0.36689904,0.91989255,0.68885523,0.91141015,0.36051854,0.86662936,0.74277997,1.0067233,0.2015435,1.0,0.7058606,1.7805487,0.2146953,1.7967386,0.6765075,2.4896536,0.27582705,2.4896846,0.6395705,2.570134,0.3320095,2.5666013,0.59063274,2.6914434,0.26146892,2.7125344
139.jpg,0.5030896,-0.47024405,0.5755973,-0.5314724,0.6135008,-0.53039587,0.6428173,-0.5284255,0.44500387,-0.5272583,0.40154758,-0.5224759,0.35745966,-0.51879704,0.6951106,-0.48547295,0.31266493,-0.47926956,0.59345573,-0.38241467,0.41121155,-0.37862754,1.0,0.015545073,0.0,0.0,0.92324644,0.49673817,0.041871525,0.51053643,0.74731654,0.86941093,0.28892913,0.8362301,0.722346,0.9786372,0.34656528,0.95753026,0.779106,1.0327907,0.3714745,0.930304,0.6925478,0.92558247,0.36387098,0.8904478,0.745844,1.0044405,0.1999409,1.0,0.70744294,1.7882774,0.2262265,1.8041773,0.6784062,2.5009303,0.2752019,2.4991002,0.6392631,2.5798998,0.32729557,2.5742247,0.6001643,2.716099,0.28549868,2.7352812
140.jpg,0.4991088,-0.47034442,0.5727371,-0.5309297,0.6124361,-0.52997255,0.64230096,-0.5282256,0.44127074,-0.5265977,0.39849505,-0.5220916,0.35488582,-0.5188135,0.6957632,-0.4859297,0.31317735,-0.48076552,0.5912896,-0.38323057,0.4075412,-0.38047644,1.0,0.010912063,0.0,0.0,0.93061584,0.48577645,0.046838917,0.50725776,0.7485843,0.8566744,0.29392493,0.8282268,0.72365564,0.96516633,0.35025617,0.94642437,0.69302523,0.95376235,0.3754714,0.91972315,0.6936578,0.9109752,0.36969256,0.86443406,0.74644977,1.0048558,0.1994521,1.0,0.7078854,1.7881612,0.227768,1.8046077,0.683667,2.5004714,0.2816339,2.49875,0.64361954,2.5823584,0.333562,2.577247,0.60927075,2.7090273,0.28101528,2.726535
141.jpg,0.494952,-0.46880713,0.56793636,-0.5268704,0.6071566,-0.5261469,0.6369514,-0.5248687,0.44114694,-0.52289903,0.3967795,-0.5192165,0.355638,-0.5168209,0.6904536,-0.4852083,0.31134248,-0.48074314,0.58691454,-0.38370162,0.40616778,-0.38289583,1.0,0.012581781,0.0,0.0,0.9329251,0.4942873,0.043186195,0.5117743,0.732723,0.848424,0.29463044,0.8117577,0.7021464,0.94975364,0.34498593,0.91475165,0.76754737,1.0117605,0.37026545,0.8993168,0.6757103,0.8925614,0.3659994,0.8494575,0.74525917,1.00609,0.20193999,1.0,0.70447534,1.7942935,0.22136213,1.8139919,0.68090993,2.5205574,0.27803904,2.5195177,0.64015657,2.6039028,0.33187944,2.5976067,0.6151379,2.7292154,0.26956418,2.7438135
142.jpg,0.50064826,-0.4769756,0.5714114,-0.5386148,0.6079906,-0.537624,0.6369392,-0.53531075,0.44270536,-0.5341795,0.39804614,-0.5291579,0.3542127,-0.52497166,0.69059306,-0.491422,0.30827582,-0.48359334,0.59047633,-0.39090627,0.4136108,-0.3878964,1.0,0.018755017,0.0,0.0,0.9096429,0.51788867,0.031982813,0.5228302,0.72882336,0.8858117,0.28181863,0.84966224,0.6929362,0.9787873,0.33367732,0.9671154,0.761805,1.0569104,0.3639784,0.94263554,0.74552155,1.00119,0.35632467,0.9042321,0.7368328,1.0063347,0.19637352,1.0,0.7224187,1.7980609,0.21814884,1.8204958,0.7025194,2.4936516,0.25876504,2.508783,0.6508596,2.5774024,0.3116326,2.575548,0.6694186,2.7259803,0.29743862,2.7489247
143.jpg,0.49402675,-0.4776903,0.5665509,-0.539314,0.60426474,-0.53833336,0.6333733,-0.5360326,0.43667555,-0.5349263,0.39165926,-0.52971715,0.3469685,-0.52551615,0.6886768,-0.49167764,0.30292752,-0.4849505,0.5843,-0.39284772,0.4050953,-0.38964298,1.0,0.021850409,0.0,0.0,0.91019154,0.5172101,0.024780672,0.51987326,0.7397344,0.8770878,0.2838514,0.83839,0.7066805,0.9743363,0.3396605,0.95557004,0.76924974,1.0444398,0.3698281,0.93253994,0.75369626,0.9896118,0.36444393,0.8788039,0.7389411,1.0048872,0.19466771,1.0,0.72146565,1.7971728,0.21666926,1.8217583,0.69222146,2.488035,0.2820937,2.5002186,0.6514925,2.5647323,0.33019662,2.5704982,0.6356416,2.7247803,0.31584996,2.7385106
144.jpg,0.4985033,-0.48228517,0.56902844,-0.54074585,0.6053494,-0.5400903,0.63984025,-0.53923535,0.43705377,-0.53595847,0.391478,-0.53137434,0.34880817,-0.52791035,0.69581604,-0.49734643,0.3016834,-0.48694673,0.58996904,-0.39725104,0.41149497,-0.39291233,1.0,0.011035715,0.0,0.0,0.9222422,0.49459365,0.02072181,0.51456904,0.74786526,0.87522143,0.27221215,0.84233195,0.7155028,0.9748354,0.32276762,0.9579323,0.6881851,0.9603256,0.35855216,0.93398327,0.69245654,0.9212293,0.35476613,0.87965906,0.73425794,1.0125343,0.19531937,1.0,0.7222015,1.8043134,0.21371612,1.8144691,0.68812186,2.503676,0.26975113,2.5122123,0.6406246,2.5925925,0.31585777,2.5945156,0.6714165,2.7193198,0.31328017,2.741773
145.jpg,0.48171476,-0.4746678,0.5562103,-0.53550124,0.5961768,-0.5343894,0.62601006,-0.5323788,0.4279959,-0.5320374,0.38447,-0.52825755,0.34243757,-0.525412,0.6836413,-0.49002075,0.3029075,-0.48676005,0.57447296,-0.39016294,0.39502683,-0.38947496,1.0,0.019201837,0.0,0.0,0.91798884,0.51726615,0.022756588,0.5142473,0.73580635,0.87673706,0.272236,0.84101474,0.69487906,0.9749666,0.32189623,0.9481488,0.7671307,1.0444549,0.35709453,0.9345354,0.67304176,0.9196282,0.35272926,0.8808916,0.7356716,1.00434,0.20019837,1.0,0.7240888,1.806215,0.21699224,1.820724,0.69486326,2.5128808,0.2692088,2.519442,0.6456005,2.6016054,0.32127747,2.5984945,0.67008525,2.7263255,0.32144573,2.7523406
146.jpg,0.48855555,-0.4776802,0.5620294,-0.5409084,0.6010295,-0.53974926,0.63201714,-0.5364431,0.4335845,-0.5388931,0.38995045,-0.5353684,0.34741524,-0.53144205,0.6891497,-0.49351546,0.30422685,-0.48907155,0.5800346,-0.39274532,0.40304497,-0.39204678,1.0,0.007735212,0.0,0.0,0.9238106,0.50741345,0.02225991,0.52595085,0.74312294,0.8822988,0.27518216,0.8454881,0.7014539,0.9800221,0.32656908,0.9541073,0.7811191,1.0501908,0.36038607,0.93853384,0.68029743,0.9245291,0.3559033,0.88436127,0.74585253,1.0016868,0.20753409,1.0,0.73057693,1.8035572,0.21799451,1.8199093,0.6910749,2.5224564,0.28286833,2.5325868,0.6431607,2.6165154,0.33337313,2.6204162,0.6812181,2.7308798,0.31226498,2.7512317
147.jpg,0.4918487,-0.48345903,0.56188154,-0.54606694,0.59977645,-0.54510856,0.62938017,-0.5429504,0.4328443,-0.5427323,0.38878575,-0.5384491,0.34638754,-0.5344707,0.689341,-0.49837428,0.30160922,-0.4919784,0.5814781,-0.39601487,0.4069269,-0.39255065,1.0,0.010622948,0.0,0.0,0.9333184,0.5078815,0.025721403,0.5264452,0.7596771,0.9004047,0.2621488,0.86359644,0.7189839,1.0007111,0.31129837,0.9889389,0.68837905,0.98557156,0.34315926,0.9762818,0.69646657,0.9438829,0.3386076,0.9225305,0.74513793,1.0022867,0.2014532,1.0,0.733687,1.8053632,0.22691469,1.8172771,0.6972188,2.5200589,0.2810776,2.5251894,0.6518485,2.6025941,0.3294817,2.6054661,0.69334656,2.7509673,0.3329075,2.765064
148.jpg,0.50080055,-0.48419535,0.5701424,-0.5488875,0.6066823,-0.5475731,0.6367182,-0.5435743,0.44435325,-0.54762405,0.40037516,-0.5446227,0.35801098,-0.5396799,0.6893097,-0.49946126,0.3078309,-0.49668977,0.5881698,-0.3981188,0.41691673,-0.39672235,1.0,0.0005142539,0.0,0.0,0.9226635,0.48669153,0.029346708,0.5349547,0.723465,0.8687908,0.27552694,0.84519225,0.6854503,0.96056896,0.326078,0.9600533,0.6551642,0.9411656,0.35669723,0.9341361,0.6643164,0.90847534,0.35382813,0.8793665,0.74232167,1.0025526,0.20314607,1.0,0.73034614,1.8036921,0.22272153,1.8190004,0.69499606,2.5158226,0.28551084,2.515182,0.6509704,2.598574,0.33293957,2.5948808,0.6559154,2.742297,0.33117247,2.7571046
149.jpg,0.50225383,-0.4796498,0.5671428,-0.545733,0.6020983,-0.54468447,0.6329761,-0.5415913,0.4422025,-0.54336673,0.39998052,-0.54036194,0.35908255,-0.5347136,0.68545264,-0.49856988,0.3047155,-0.49035364,0.589786,-0.393378,0.421741,-0.3910481,1.0,0.005097211,0.0,0.0,0.915426,0.49986964,0.027556185,0.5378891,0.7320905,0.89364034,0.26932847,0.8664633,0.6941622,0.99683934,0.31966487,0.9854636,0.7701243,1.0382075,0.3482145,0.96993154,0.6708537,0.9369338,0.34431267,0.9171483,0.74045634,1.0028137,0.20001727,1.0,0.7284853,1.8039652,0.22388801,1.8218657,0.6954728,2.517319,0.27425218,2.5206463,0.6499679,2.6028342,0.32671896,2.5971036,0.6602518,2.7458951,0.3294506,2.7599099
150.jpg,0.48860592,-0.47989684,0.5606595,-0.54464364,0.5989209,-0.5441837,0.6289115,-0.54194087,0.43357354,-0.5396083,0.38889223,-0.5348446,0.3459452,-0.53075033,0.6857769,-0.49826163,0.30184853,-0.49043727,0.57892674,-0.3952068,0.4045602,-0.39157256,1.0,0.006333202,0.0,0.0,0.92376804,0.4962892,0.033153944,0.5371435,0.72978956,0.8829217,0.27866805,0.85857534,0.6834365,0.98214865,0.32873192,0.9757226,0.7619402,1.0359185,0.35986602,0.94952077,0.66366816,0.92225385,0.35436997,0.90748376,0.74483913,1.0001266,0.20434459,1.0,0.7310539,1.8053093,0.22502488,1.8288816,0.70043635,2.508956,0.28306353,2.518833,0.6545109,2.5923126,0.33233604,2.5942554,0.6667134,2.7373831,0.34114727,2.7550478
151.jpg,0.4980462,-0.46141225,0.5662554,-0.5281749,0.6024729,-0.52685267,0.63347185,-0.5237517,0.43831614,-0.52610123,0.39606372,-0.523056,0.3541775,-0.5173748,0.6898219,-0.48016968,0.30385628,-0.47454244,0.5859819,-0.37591138,0.41623974,-0.3746956,1.0,0.012082012,0.0,0.0,0.9309744,0.49646717,0.019160911,0.5206614,0.7299651,0.87367004,0.2677129,0.8438375,0.68928045,0.98011917,0.31633216,0.9485407,0.7596136,1.0298009,0.34798092,0.9326863,0.66576606,0.9222958,0.34468234,0.8814402,0.7387535,0.99668086,0.1968004,1.0,0.72678775,1.7880155,0.21911503,1.8113147,0.7011733,2.488543,0.30618477,2.4949868,0.6601874,2.577182,0.36602566,2.5733707,0.68223935,2.696898,0.30960765,2.7107399
152.jpg,0.5117738,-0.47819653,0.5755336,-0.5433683,0.6093657,-0.5420115,0.64118755,-0.5389083,0.4487947,-0.5406434,0.40600985,-0.53760916,0.36297092,-0.53128904,0.6922796,-0.49370798,0.3068311,-0.48662457,0.595541,-0.39151034,0.42809463,-0.3883014,1.0,0.003761531,0.0,0.0,0.9310037,0.4940939,0.02681986,0.53163713,0.7221914,0.8743206,0.27982432,0.8481817,0.6774867,0.9765738,0.33070377,0.9538974,0.7410541,1.0295826,0.36171138,0.9383375,0.66034406,0.9202939,0.35789928,0.88588315,0.7413968,0.99948597,0.20274624,1.0,0.7291016,1.7961928,0.22579063,1.8167168,0.7032615,2.5038247,0.28028184,2.5112748,0.6552248,2.5936785,0.33380184,2.5864615,0.6715031,2.7221663,0.32200262,2.7412112
162.jpg,0.4941719,-0.47254238,0.5610819,-0.5374824,0.6001921,-0.53614706,0.6284421,-0.5338661,0.430115,-0.53600025,0.3878762,-0.5333611,0.34447312,-0.5283571,0.6865106,-0.4896746,0.30086026,-0.48180535,0.5864303,-0.38690737,0.4130909,-0.3837995,1.0,0.01198505,0.0,0.0,0.9128012,0.4949851,0.026906554,0.51670784,0.7212305,0.8661928,0.29173967,0.83473104,0.7494627,1.0051358,0.34632573,0.9372304,0.741104,1.0127405,0.3726863,0.92315716,0.7319221,0.95938104,0.36801744,0.87333703,0.7468409,0.99670464,0.20438386,1.0,0.72976524,1.7872384,0.22766072,1.8145299,0.7193479,2.4932566,0.28248784,2.50438,0.6667285,2.5783677,0.33275834,2.576981,0.6969556,2.7196076,0.30979434,2.733636
163.jpg,0.49433115,-0.47124025,0.56111395,-0.53636086,0.5996632,-0.53522325,0.62842655,-0.5329228,0.4284325,-0.53408706,0.38450864,-0.53089994,0.34013107,-0.52530766,0.6863812,-0.48858112,0.29649457,-0.47758794,0.5863992,-0.38618,0.41219452,-0.38187647,1.0,0.0097100455,0.0,0.0,0.90810937,0.49326852,0.018935107,0.5188668,0.7186312,0.8668141,0.28701258,0.83378917,0.74669224,1.0155342,0.34220812,0.9398426,0.7356729,1.02324,0.36992344,0.92592967,0.7245774,0.9687048,0.36589894,0.87330204,0.7397772,1.0048712,0.19817826,1.0,0.71437895,1.7927711,0.22201553,1.809864,0.69288546,2.49428,0.27882484,2.4925835,0.64175683,2.5763016,0.32245213,2.5608742,0.6898924,2.715745,0.31188038,2.7281423
164.jpg,0.49519163,-0.4717192,0.5614552,-0.5365624,0.5991557,-0.5353589,0.6282435,-0.5328733,0.4311507,-0.53482544,0.38839945,-0.5319229,0.34514055,-0.5263391,0.68585944,-0.4888763,0.29932755,-0.47975412,0.58754605,-0.38660067,0.41432518,-0.38342616,1.0,0.0074485927,0.0,0.0,0.9067471,0.49362725,0.030663606,0.52096105,0.72863513,0.87327635,0.28416073,0.84576714,0.7601767,1.0179675,0.3336116,0.9521817,0.74776644,1.0257897,0.36006886,0.93962896,0.7358559,0.9715371,0.3587453,0.8864304,0.7422803,0.99912965,0.20235087,1.0,0.7192585,1.7868006,0.22069257,1.8106893,0.7016599,2.4872532,0.2596521,2.5006144,0.6447021,2.5723789,0.30321375,2.5711975,0.68044174,2.7112753,0.31940198,2.728152
165.jpg,0.49937233,-0.48365933,0.56505454,-0.5454221,0.6020505,-0.54410154,0.6309385,-0.5416599,0.43495798,-0.54364467,0.39247113,-0.54107016,0.34845355,-0.5355965,0.68715805,-0.49776393,0.3015481,-0.4883461,0.5914245,-0.3979647,0.41785443,-0.39411715,1.0,0.0048837746,0.0,0.0,0.90955496,0.49193355,0.03594448,0.52469313,0.72281766,0.87030864,0.2921863,0.8452641,0.7531062,1.0145419,0.344439,0.9630753,0.7402452,1.0228854,0.36984432,0.93994427,0.7300068,0.9684672,0.36709398,0.8860168,0.7430108,1.0032144,0.20091845,1.0,0.7171788,1.7971627,0.22233886,1.8176148,0.702103,2.4992728,0.27709827,2.5023677,0.65168613,2.5794716,0.32062313,2.570241,0.710966,2.7259028,0.32894933,2.7409403
166.jpg,0.49844056,-0.48085228,0.56072235,-0.53623015,0.5998095,-0.53438,0.62718767,-0.53258526,0.43283576,-0.53563166,0.39191008,-0.5338376,0.34908056,-0.53023064,0.6804593,-0.49101076,0.3009435,-0.48520988,0.5916331,-0.39537755,0.41944587,-0.39124992,1.0,0.015507039,0.0,0.0,0.9110271,0.51295346,0.01997175,0.523356,0.740759,0.8984773,0.2659561,0.8629242,0.77845335,1.0547742,0.3203224,0.987479,0.76112556,1.0651938,0.3464066,0.96418744,0.74710435,1.0092992,0.3415055,0.9226793,0.7411905,1.0057994,0.19510244,1.0,0.7180229,1.8111862,0.221631,1.8222736,0.6904669,2.5043664,0.2666272,2.5112376,0.63991565,2.5920804,0.31213003,2.5814846,0.6802161,2.7242968,0.31227183,2.734932
167.jpg,0.5044691,-0.4753656,0.5656323,-0.53236747,0.60357183,-0.5304819,0.6302579,-0.52861494,0.43910533,-0.53185105,0.39803913,-0.52990377,0.35476777,-0.52593786,0.6816494,-0.4871329,0.3030306,-0.48159418,0.5957722,-0.3908767,0.4252813,-0.38674614,1.0,0.018853733,0.0,0.0,0.9157098,0.5198756,0.036088075,0.5205082,0.74666315,0.8968487,0.2916313,0.8526482,0.70816016,0.99464136,0.35561785,0.9628747,0.7694691,1.068417,0.37975428,0.9484589,0.7550699,1.0126241,0.37257037,0.8974751,0.7399793,1.0042439,0.19744642,1.0,0.72679746,1.8000789,0.22452955,1.8196635,0.7005309,2.513394,0.29221445,2.5141633,0.6556892,2.599589,0.33861,2.585292,0.70985293,2.7245986,0.30542463,2.735654
168.jpg,0.5086705,-0.46257496,0.5724182,-0.52516484,0.6101077,-0.5234103,0.63748515,-0.5206444,0.4433208,-0.5253546,0.40074652,-0.5229984,0.356874,-0.51749295,0.68855625,-0.47863513,0.30451277,-0.47290364,0.59870636,-0.37718523,0.42714444,-0.3756529,1.0,0.014356601,0.0,0.0,0.9088463,0.5052686,0.031260066,0.522009,0.7194899,0.8698623,0.2826382,0.84571016,0.7658163,1.0197657,0.33777007,0.9670044,0.7564007,1.0327015,0.36030245,0.9443881,0.7433868,0.9790892,0.3565609,0.8930323,0.7486194,0.9999141,0.2027972,1.0,0.7225203,1.7885838,0.22636586,1.8118404,0.6850546,2.5047097,0.2715177,2.501766,0.6426806,2.5827096,0.31540325,2.5698621,0.6214303,2.728231,0.30499324,2.744154
169.jpg,0.49691182,-0.45403564,0.5624667,-0.52156097,0.6034259,-0.52007425,0.62994844,-0.5171162,0.4344467,-0.5189191,0.39054072,-0.514548,0.34798488,-0.50963736,0.68230027,-0.47508425,0.30243856,-0.46569806,0.5871418,-0.3686278,0.4124096,-0.36643505,1.0,0.012807824,0.0,0.0,0.91916734,0.5008622,0.03959893,0.52455467,0.7292534,0.8747003,0.28574035,0.8540393,0.6956216,0.9793231,0.3440257,0.97672576,0.7589661,1.0339932,0.3652383,0.9529077,0.6780453,0.9272206,0.3608749,0.8982261,0.7454956,1.0035284,0.20079258,1.0,0.7210503,1.7915976,0.22816394,1.8107426,0.68914086,2.5006037,0.2791524,2.499563,0.64718276,2.5808444,0.3219085,2.5719833,0.62814784,2.7203016,0.31797087,2.7395358
170.jpg,0.50272787,-0.46708202,0.56710404,-0.5335298,0.60692626,-0.53197163,0.63339895,-0.52883905,0.43992773,-0.5321603,0.3957912,-0.52829397,0.35325342,-0.52284527,0.6851656,-0.48532608,0.30569875,-0.47754058,0.5919885,-0.38013166,0.41832352,-0.37876946,1.0,0.00969463,0.0,0.0,0.9226912,0.49771506,0.046848163,0.5259217,0.72742754,0.86762106,0.29677767,0.8529788,0.77335095,1.0136179,0.35364023,0.9694949,0.76257986,1.0239035,0.37583476,0.94572234,0.67396533,0.91640615,0.37138432,0.8941967,0.74957794,1.0006124,0.20978978,1.0,0.72611326,1.7939368,0.2339904,1.8194964,0.6924549,2.5070937,0.27206367,2.5129576,0.65078264,2.5891166,0.31636876,2.583785,0.63915575,2.729958,0.31972313,2.750252
171.jpg,0.50056547,-0.47627294,0.56723887,-0.53858376,0.6071733,-0.5365609,0.6349542,-0.5333516,0.43666995,-0.5390327,0.3930267,-0.5362894,0.3497185,-0.5314229,0.68987846,-0.48954463,0.3033274,-0.4850202,0.5921167,-0.38973588,0.41485846,-0.3901044,1.0,0.00914861,0.0,0.0,0.91428745,0.49970105,0.057174414,0.5292727,0.7280972,0.86943,0.3189848,0.85376054,0.7864995,1.0242516,0.36720452,0.9689751,0.77276766,1.0354465,0.39380908,0.94451916,0.75955564,0.9814622,0.3814524,0.90751594,0.7533702,0.99818873,0.21218671,1.0,0.7333726,1.786115,0.23381503,1.815083,0.7125681,2.4954453,0.29457152,2.4985807,0.6761945,2.5788574,0.3388413,2.5681798,0.64080274,2.718449,0.31336948,2.7362587
172.jpg,0.5115727,-0.4946887,0.5741833,-0.55181724,0.60765445,-0.5511875,0.6385191,-0.5498088,0.45007136,-0.54595107,0.40420032,-0.54058933,0.36130732,-0.5361893,0.68945765,-0.50703824,0.3045288,-0.49547115,0.5980193,-0.4086652,0.42844275,-0.40680286,1.0,0.01299407,0.0,0.0,0.88981086,0.51798433,0.036517337,0.51962173,0.7466505,0.90512574,0.2917384,0.8657503,0.71475613,1.0011494,0.3474627,0.98249227,0.78798205,1.0730804,0.37809578,0.965185,0.76908886,1.0170447,0.36408067,0.92000926,0.7548562,1.0008614,0.21434574,1.0,0.7348483,1.7872206,0.23451649,1.819134,0.7019034,2.519041,0.29460827,2.524118,0.654576,2.5970423,0.33336145,2.5894108,0.66923344,2.736549,0.30722633,2.7433536
173.jpg,0.50955,-0.49072063,0.56875896,-0.5491708,0.5999604,-0.5487019,0.6328672,-0.5474614,0.44457087,-0.54511416,0.40091932,-0.54031545,0.3601249,-0.5364296,0.6844438,-0.50884223,0.29883757,-0.49340084,0.5915577,-0.40422773,0.42657635,-0.40069306,1.0,0.007370084,0.0,0.0,0.9127055,0.50251776,0.044225864,0.5329017,0.7528932,0.89138407,0.27962944,0.86586875,0.72746307,0.9886016,0.3370079,0.9780918,0.7937711,1.0556903,0.36597526,0.9626561,0.7769178,1.0002036,0.3540378,0.9178777,0.75853264,1.0003088,0.20651472,1.0,0.7416144,1.7929664,0.2322619,1.8222854,0.71803564,2.5070972,0.29425782,2.529558,0.66976696,2.5981266,0.3441927,2.6088996,0.6855004,2.7301266,0.31928444,2.756173
174.jpg,0.4950127,-0.4904718,0.5604789,-0.5539056,0.5969528,-0.5532842,0.62914354,-0.5502661,0.43012488,-0.54934025,0.38604355,-0.544971,0.34324142,-0.53844434,0.684875,-0.50556684,0.2912171,-0.492353,0.5865359,-0.40613478,0.4120377,-0.40162537,1.0,0.006487568,0.0,0.0,0.92702067,0.4977343,0.043641467,0.53328985,0.71843874,0.85799056,0.3138657,0.8268454,0.74759334,1.0013019,0.35998416,0.9216982,0.7389098,1.0093176,0.38336274,0.9059717,0.73021567,0.9558714,0.37817448,0.86158335,0.7451604,1.0051032,0.19863251,1.0,0.7321783,1.8206263,0.22524513,1.8391021,0.70848966,2.5321124,0.28446135,2.5420947,0.6556291,2.61089,0.32994366,2.6204789,0.71265405,2.7619033,0.34606513,2.7746773
175.jpg,0.4897083,-0.4967944,0.5529243,-0.562635,0.58957815,-0.56184816,0.6206889,-0.5590251,0.4225836,-0.55913216,0.38009557,-0.55513054,0.33849457,-0.547748,0.6781275,-0.51392394,0.28839594,-0.5010966,0.5813838,-0.4116818,0.40973622,-0.40697926,1.0,-0.007471505,0.0,0.0,0.9311396,0.47774836,0.05128335,0.5430439,0.71937156,0.86052525,0.3104198,0.8355323,0.6762739,0.95500034,0.38209444,0.9386168,0.64414084,0.93712586,0.38438174,0.9228921,0.65607345,0.9057202,0.37945256,0.87112856,0.7394997,1.0015751,0.19708486,1.0,0.7291416,1.813069,0.22460277,1.835639,0.7118721,2.536504,0.28837618,2.536293,0.66007054,2.6263137,0.33487922,2.614927,0.7457674,2.7472448,0.32498625,2.7677312
176.jpg,0.48218578,-0.47889334,0.54359406,-0.54252785,0.57949644,-0.5435149,0.61050904,-0.54273677,0.4175604,-0.53225917,0.3725983,-0.52572715,0.3308946,-0.5209075,0.6664445,-0.50345254,0.27924126,-0.4809868,0.574243,-0.3975623,0.4032867,-0.39043513,1.0,0.0026210782,0.0,0.0,0.94133556,0.47464424,0.031497013,0.53317434,0.72037756,0.8457868,0.27715135,0.82245433,0.6788927,0.9398264,0.33782622,0.91902333,0.6493475,0.92191374,0.3606746,0.9009691,0.65674627,0.8793441,0.3532678,0.85417944,0.7403718,1.0089281,0.19395722,1.0,0.73303896,1.8117183,0.22704585,1.8271952,0.71234584,2.5261617,0.279073,2.5151727,0.6667015,2.6065874,0.3256529,2.5928268,0.71407646,2.7345798,0.3263333,2.7516384
177.jpg,0.4758852,-0.48258585,0.5393676,-0.54518354,0.5764809,-0.5459912,0.6087382,-0.54490906,0.41167536,-0.5344875,0.36636773,-0.52761203,0.3246846,-0.5225691,0.66737926,-0.50417745,0.278066,-0.4816579,0.5713436,-0.40265173,0.3969183,-0.39550194,1.0,0.0078770695,0.0,0.0,0.93969095,0.4782628,0.029491043,0.5384199,0.7318889,0.85907114,0.27217782,0.834865,0.6877919,0.95003,0.33255765,0.9354599,0.65778166,0.93432117,0.3575247,0.9192877,0.66861576,0.9055528,0.3505773,0.8698665,0.73776597,1.0121312,0.18793081,1.0,0.72795665,1.8162303,0.22540662,1.8295403,0.70443594,2.528946,0.28296882,2.5247126,0.66238904,2.6096776,0.33041888,2.603101,0.69710696,2.743097,0.3216608,2.7592893
178.jpg,0.47863454,-0.5036574,0.5414038,-0.5627754,0.5778548,-0.56352985,0.61023545,-0.5637256,0.41425234,-0.553318,0.36989632,-0.547614,0.3300651,-0.54339075,0.66702795,-0.52640533,0.2853634,-0.5007751,0.57190114,-0.4207241,0.40018955,-0.41260576,1.0,0.00021499563,0.0,0.0,0.91926223,0.49663183,0.04916026,0.53859246,0.7508118,0.8797359,0.29081282,0.84691954,0.7176432,0.9815543,0.34810957,0.9583142,0.7750177,1.0296565,0.3735159,0.9326622,0.6896537,0.9217889,0.36628768,0.8792251,0.7448958,1.0058682,0.19986148,1.0,0.72885126,1.8102845,0.22872947,1.8322525,0.70213574,2.5342054,0.28409794,2.5401516,0.65157515,2.626434,0.32542548,2.6199384,0.7026442,2.7441123,0.33618885,2.7749565
179.jpg,0.48144707,-0.50282145,0.54088366,-0.56480354,0.5769317,-0.5660038,0.6094522,-0.56571126,0.41584277,-0.5535955,0.37153882,-0.5467148,0.33153734,-0.5420103,0.6650176,-0.52641594,0.28262025,-0.49915105,0.573373,-0.42154178,0.40443265,-0.4120738,1.0,-0.0033672452,0.0,0.0,0.92025775,0.4837782,0.05321164,0.5430433,0.74668473,0.8719509,0.28415716,0.84953296,0.706026,0.96566755,0.33804375,0.95274675,0.6731949,0.94512236,0.36615568,0.93778014,0.6850442,0.91579187,0.36031753,0.884061,0.7438077,1.009087,0.18977903,1.0,0.73136383,1.8025486,0.21921834,1.8197874,0.7115937,2.5374012,0.28275183,2.538759,0.6651906,2.628586,0.330344,2.620963,0.7022468,2.7578857,0.32140464,2.782732
180.jpg,0.4870661,-0.5028363,0.54354453,-0.56722206,0.5782036,-0.5687018,0.61018354,-0.5686684,0.41943598,-0.555065,0.37568828,-0.5478174,0.33618668,-0.54266715,0.66451997,-0.5291138,0.28441617,-0.49804035,0.57667893,-0.42115936,0.41200358,-0.40992558,1.0,-0.002853962,0.0,0.0,0.91792905,0.49597725,0.061685972,0.5496052,0.75518644,0.8850654,0.2875487,0.86606205,0.7232897,0.986108,0.34168878,0.97828984,0.6892963,0.96762615,0.3677383,0.963736,0.69725794,0.9268618,0.3604515,0.9140319,0.73271847,1.0102003,0.18917945,1.0,0.7268799,1.8233638,0.2217106,1.8308675,0.69554484,2.5472589,0.28173763,2.5379138,0.64745754,2.6330678,0.3178663,2.6170588,0.7130399,2.7587833,0.337581,2.7692285
181.jpg,0.49452266,-0.50084746,0.5513126,-0.5652164,0.58394957,-0.56639737,0.61684245,-0.56571436,0.42643508,-0.5544397,0.38267687,-0.54747623,0.34211016,-0.542163,0.6693589,-0.5258881,0.2859791,-0.49772176,0.58173597,-0.4183587,0.41734555,-0.40838674,1.0,-0.004505047,0.0,0.0,0.9124248,0.5065562,0.0633092,0.55436146,0.7638033,0.91410184,0.28239325,0.89276016,0.73669696,1.0137266,0.3406222,1.0018564,0.7112807,1.0014927,0.36610213,0.9881209,0.71274173,0.9610249,0.35922313,0.93749595,0.74202985,1.0035915,0.19101451,1.0,0.72419614,1.8139466,0.22016051,1.8413444,0.70641875,2.5428963,0.29921412,2.5507932,0.65849483,2.6321678,0.34712213,2.6275573,0.7097652,2.7579443,0.32217738,2.7710214
182.jpg,0.4842518,-0.4902391,0.54324013,-0.5525769,0.5787674,-0.55375266,0.6119362,-0.55318725,0.41933292,-0.54164195,0.37551606,-0.5347429,0.3349206,-0.5297619,0.6677873,-0.5140117,0.2822239,-0.48675916,0.5762462,-0.40896952,0.40737912,-0.40050566,1.0,-0.00340441,0.0,0.0,0.9303182,0.48204988,0.055977326,0.5463593,0.75295144,0.86991745,0.2889461,0.8511649,0.71114784,0.9609525,0.3446965,0.964645,0.68042654,0.94113195,0.36984718,0.9398558,0.6926862,0.9124226,0.36283693,0.8863611,0.738891,1.0097257,0.19420385,1.0,0.72601473,1.8097134,0.22069316,1.8242385,0.6991855,2.5340934,0.28670433,2.525968,0.65300035,2.618354,0.32617095,2.6025238,0.69863576,2.747391,0.32590625,2.7596133
183.jpg,0.5064999,-0.50140846,0.5641129,-0.5581504,0.5975157,-0.55729717,0.6332106,-0.55682087,0.4396424,-0.55465174,0.39781725,-0.5498618,0.3546398,-0.54708004,0.68350744,-0.51679444,0.2935128,-0.5044067,0.5895572,-0.41580006,0.42061785,-0.41165736,1.0,0.007971273,0.0,0.0,0.94304335,0.47842875,0.046753295,0.5305589,0.7452122,0.84819114,0.29310387,0.83568364,0.70843434,0.9371005,0.3532107,0.94283664,0.67340004,0.9137166,0.37937653,0.91481143,0.6814031,0.88575935,0.37281543,0.86397207,0.7510109,1.0094409,0.2064613,1.0,0.7358879,1.8158697,0.23551188,1.8300666,0.72487736,2.5325935,0.29349452,2.5292776,0.6736127,2.6175416,0.33883,2.6091936,0.7532944,2.74758,0.32366616,2.7647877
184.jpg,0.48269868,-0.48057267,0.5477251,-0.5454372,0.58425224,-0.54489756,0.61816686,-0.54198265,0.41724256,-0.5407413,0.37273595,-0.53560203,0.33208075,-0.5297669,0.6761264,-0.49949476,0.28274214,-0.4839297,0.5761344,-0.39818743,0.40261003,-0.3934347,1.0,0.0076169926,0.0,0.0,0.93775195,0.471707,0.03906555,0.52018815,0.728017,0.8196888,0.28983712,0.792368,0.7611591,0.961468,0.34777406,0.8851053,0.75387865,0.9638458,0.36944708,0.85593444,0.7453268,0.9116406,0.36265692,0.81227726,0.7449963,1.0125504,0.19746402,1.0,0.723521,1.8020687,0.2235066,1.8204944,0.70507073,2.5030441,0.28455338,2.5079882,0.6564807,2.5825045,0.32252508,2.5847461,0.7133477,2.7180016,0.33556366,2.7318654
185.jpg,0.4888921,-0.4794371,0.55286795,-0.54348516,0.5881677,-0.5437831,0.6192745,-0.5428517,0.4281111,-0.536433,0.38371748,-0.53115493,0.34309977,-0.52792,0.675635,-0.5037665,0.2901739,-0.48699003,0.577412,-0.3973349,0.41097745,-0.3909787,1.0,0.0011970627,0.0,0.0,0.94706374,0.4488637,0.037435792,0.5105759,0.7217327,0.79569495,0.28787214,0.7751411,0.680332,0.881722,0.34511584,0.8574391,0.6466501,0.85923505,0.36849838,0.8351578,0.65464777,0.8304491,0.36201707,0.7933804,0.75155556,1.0095539,0.20044866,1.0,0.734376,1.7911091,0.22905645,1.8154061,0.71456265,2.5224526,0.2953248,2.5242305,0.6649594,2.6096964,0.34436715,2.6010115,0.7214134,2.7389772,0.3084061,2.7479603
186.jpg,0.48288637,-0.47702953,0.5490866,-0.54242986,0.58601713,-0.5427873,0.6161172,-0.54200286,0.423242,-0.5347916,0.3788679,-0.5294173,0.33885804,-0.52592707,0.6731057,-0.5024826,0.2919262,-0.48457742,0.57480466,-0.39314234,0.40514654,-0.38606173,1.0,0.0033237336,0.0,0.0,0.9315827,0.47664058,0.038600314,0.5194068,0.7216978,0.83809096,0.2893258,0.7978419,0.68508345,0.92865115,0.34986094,0.894578,0.7439802,0.9830411,0.37240836,0.8632395,0.7358275,0.9302134,0.3635873,0.8297534,0.7508906,1.0077467,0.20212728,1.0,0.7316083,1.7856734,0.22970277,1.8134568,0.7050061,2.5002422,0.29090443,2.5171812,0.66090435,2.591296,0.33602735,2.5933166,0.6715935,2.7197633,0.31804702,2.7501965
187.jpg,0.46994507,-0.4734512,0.5399153,-0.5372379,0.58165103,-0.5367389,0.61035544,-0.53617007,0.41158918,-0.5321624,0.36906886,-0.5278093,0.327086,-0.5244706,0.6700054,-0.49679947,0.2889628,-0.48590994,0.5645086,-0.3902736,0.3862344,-0.38584954,1.0,-0.0044421493,0.0,0.0,0.92773926,0.47522008,0.045125205,0.51816905,0.7214235,0.8332005,0.2865232,0.79843116,0.68461937,0.93050116,0.34752688,0.8986512,0.73691154,0.9816492,0.3720283,0.8680531,0.65932417,0.8724657,0.3620221,0.8328457,0.7528408,1.0073963,0.20198986,1.0,0.73289114,1.7888577,0.22974104,1.8182085,0.7087683,2.5027614,0.29490417,2.5140772,0.66380775,2.5883334,0.33888537,2.5871139,0.6721035,2.723871,0.3145836,2.7499309
188.jpg,0.49219823,-0.4880846,0.5593477,-0.5516028,0.5949102,-0.55179,0.62636876,-0.5507633,0.4300957,-0.5449699,0.3842871,-0.53941274,0.3412991,-0.534784,0.68214154,-0.50876486,0.29181576,-0.49341035,0.5826849,-0.40127194,0.4078988,-0.3952695,1.0,0.00050258,0.0,0.0,0.9223073,0.48300454,0.051679254,0.5277056,0.7436828,0.8687922,0.27904132,0.83963436,0.7098505,0.9716063,0.33951712,0.9467821,0.6816606,0.95993745,0.36247075,0.9220512,0.6864671,0.91825664,0.35667434,0.8709836,0.7513427,1.0124207,0.20118515,1.0,0.7339779,1.799608,0.23451638,1.8167739,0.711476,2.4932406,0.2885441,2.5032387,0.66283834,2.5797336,0.32674024,2.5783365,0.70920336,2.7187154,0.33931255,2.7469103
189.jpg,0.48494253,-0.48043913,0.5572462,-0.54295945,0.59598714,-0.54266524,0.6299371,-0.54116386,0.42500064,-0.53823435,0.3789125,-0.5336842,0.33625072,-0.53007525,0.68596125,-0.49990386,0.29046345,-0.4896035,0.5795501,-0.39332578,0.3985737,-0.38958865,1.0,-0.0024743048,0.0,0.0,0.9187156,0.47933286,0.039525516,0.5119695,0.73517126,0.8673094,0.26513022,0.8312834,0.69632125,0.95752645,0.3243626,0.9307492,0.7558998,1.0096943,0.35243288,0.9151246,0.7424106,0.9552906,0.3446114,0.8649405,0.7494386,1.0064578,0.19781476,1.0,0.7363109,1.7903484,0.22479102,1.8168621,0.71018606,2.5200007,0.30093986,2.5192957,0.660962,2.6017387,0.34063908,2.5872884,0.7305648,2.7354488,0.3190086,2.7336915
190.jpg,0.4766976,-0.46193707,0.5484991,-0.52354455,0.58842295,-0.5229434,0.6224412,-0.5237856,0.41903436,-0.52093923,0.37420687,-0.51886684,0.33307925,-0.51804453,0.6818589,-0.48835728,0.291779,-0.48277873,0.57131416,-0.37603453,0.395701,-0.3728161,1.0,0.0015409072,0.0,0.0,0.920914,0.48703694,0.039488107,0.5191835,0.7471731,0.8741238,0.2765979,0.82998186,0.7140659,0.9721716,0.32958245,0.93278724,0.7754131,1.014539,0.35458678,0.9153166,0.76096255,0.9605265,0.34887204,0.8634997,0.74678826,1.0095419,0.2035358,1.0,0.73412204,1.8021693,0.23152523,1.8197542,0.71304995,2.5088503,0.29535142,2.5178745,0.6656636,2.5933514,0.33471298,2.591002,0.73231083,2.7340555,0.34697852,2.7500727
191.jpg,0.5020108,-0.4615515,0.56887454,-0.52720267,0.60505915,-0.527534,0.6358918,-0.52746034,0.4417176,-0.5261872,0.39753917,-0.52480775,0.35643616,-0.52406,0.6880077,-0.49532875,0.30606773,-0.4898031,0.5842621,-0.37354922,0.42129853,-0.37204808,1.0,-0.007513648,0.0,0.0,0.9168912,0.4833111,0.053472,0.5423247,0.72158915,0.86080444,0.2931733,0.8297396,0.68187034,0.9535092,0.34802768,0.92933244,0.7403047,1.0126315,0.36953428,0.9142158,0.66232777,0.90488106,0.36398223,0.8642923,0.75543904,1.0065136,0.21132362,1.0,0.7303451,1.8043469,0.23452178,1.8232918,0.70685667,2.5214982,0.28868127,2.5311828,0.65623313,2.607791,0.3332065,2.6012528,0.6721033,2.7514436,0.3269168,2.767888
192.jpg,0.48864907,-0.44240084,0.5570381,-0.5086015,0.5941349,-0.50709474,0.62552387,-0.50539106,0.43282408,-0.50880504,0.3923096,-0.5074121,0.3507106,-0.50651383,0.6787359,-0.47665513,0.2995739,-0.47712374,0.5771147,-0.36240107,0.40592322,-0.36411524,1.0,-0.00514941,0.0,0.0,0.9214701,0.47900325,0.052737422,0.5409874,0.72370046,0.8677282,0.2804465,0.8311931,0.6862448,0.9554454,0.3351723,0.93161833,0.7454783,1.0023328,0.35959673,0.9131092,0.6634823,0.90651745,0.35417968,0.8595887,0.7525395,1.0080956,0.20668453,1.0,0.735466,1.8070534,0.22887869,1.8307984,0.70823073,2.519118,0.29825854,2.5336413,0.6658608,2.6081655,0.3483989,2.6144512,0.68793434,2.735885,0.32216123,2.7590573
193.jpg,0.50749665,-0.43786538,0.571605,-0.5045584,0.60633683,-0.5031678,0.6364264,-0.50189775,0.44670933,-0.5051245,0.40527895,-0.5035952,0.36305094,-0.50270903,0.6875165,-0.47292814,0.3070543,-0.4735042,0.5896824,-0.3576676,0.42198122,-0.35976928,1.0,-0.0023223935,0.0,0.0,0.92152214,0.49094802,0.042845692,0.5283107,0.7411154,0.88074803,0.2844131,0.83290577,0.7038258,0.9811037,0.3411473,0.94006807,0.7678195,1.0233699,0.36698326,0.92410696,0.6802472,0.9267973,0.36143917,0.8674824,0.75949997,1.004376,0.2124496,1.0,0.7394233,1.793672,0.22963159,1.8155426,0.7215868,2.5041254,0.29844537,2.5163758,0.67240036,2.5945704,0.34528315,2.592115,0.69432175,2.7282035,0.31698442,2.7437837
194.jpg,0.5094937,-0.43495816,0.5714138,-0.5038251,0.6062675,-0.5028003,0.6349648,-0.501309,0.44879544,-0.50361073,0.40796843,-0.50165844,0.3660829,-0.49967808,0.6866005,-0.47176886,0.30816764,-0.47110656,0.5899722,-0.35549724,0.425451,-0.356817,1.0,-0.0043485733,0.0,0.0,0.92113644,0.48621187,0.03965143,0.5380493,0.7352468,0.8720892,0.28091022,0.83884203,0.6936607,0.9598014,0.33560315,0.95494163,0.6675086,0.9546222,0.36370713,0.9294845,0.67429215,0.9137432,0.35846204,0.8736922,0.7531434,1.0065573,0.2069122,1.0,0.73489064,1.7902135,0.23313978,1.809758,0.70917106,2.527822,0.29186618,2.5257668,0.6567498,2.6111286,0.32928845,2.5984206,0.6953988,2.7538664,0.33075485,2.7664907
195.jpg,0.49472776,-0.4178748,0.56232643,-0.4876186,0.59944826,-0.48675057,0.63025117,-0.4858292,0.43792093,-0.48645,0.39655647,-0.4845296,0.35554987,-0.48294038,0.6820313,-0.4590651,0.30623215,-0.4568396,0.5788717,-0.34092867,0.41251183,-0.34037182,1.0,-0.002076829,0.0,0.0,0.9109313,0.488915,0.03378436,0.52900845,0.726249,0.8632614,0.26537153,0.81429833,0.68860006,0.9599743,0.32065645,0.923051,0.7497038,1.0136094,0.34961686,0.9062702,0.73834646,0.96142775,0.3441223,0.85461026,0.744776,1.0042051,0.20201942,1.0,0.72758275,1.7959208,0.2272267,1.8064969,0.68160987,2.5122707,0.27078545,2.5076077,0.6320485,2.596379,0.31177372,2.5778635,0.6722575,2.731313,0.29171014,2.756021
196.jpg,0.50788873,-0.41836807,0.57127476,-0.4901849,0.6067419,-0.48931733,0.6367352,-0.48692077,0.44714367,-0.4901194,0.40686268,-0.48836493,0.36432436,-0.48543563,0.68772906,-0.45910555,0.30870384,-0.4599167,0.5881326,-0.3426113,0.42486513,-0.34376773,1.0,0.013542791,0.0,0.0,0.9133499,0.5065208,0.039135188,0.5394838,0.73664176,0.88154703,0.27200708,0.8350424,0.70263547,0.9826449,0.3262787,0.9375597,0.7598165,1.0361049,0.35075524,0.9207071,0.676706,0.92518604,0.3463323,0.8689128,0.74635565,1.0073216,0.197257,1.0,0.73618114,1.7954314,0.22545265,1.8039815,0.6829978,2.520256,0.27516857,2.5110497,0.633704,2.6090608,0.31509477,2.5825355,0.68581367,2.7389257,0.2964206,2.758072
197.jpg,0.5078674,-0.41052166,0.571331,-0.481982,0.6066501,-0.4816262,0.6381087,-0.48001415,0.44669208,-0.47947308,0.4060485,-0.47675678,0.36405054,-0.4730977,0.6880468,-0.45283705,0.3085045,-0.4488405,0.5886013,-0.3362815,0.42406425,-0.3356585,1.0,0.013879542,0.0,0.0,0.92246383,0.494002,0.037469093,0.51716316,0.72935325,0.8515159,0.2853136,0.80154306,0.7464118,0.9888297,0.3436712,0.9003074,0.74582547,0.99364257,0.3671724,0.8713717,0.66485715,0.8852655,0.35929093,0.83496326,0.73997283,1.0046978,0.20264848,1.0,0.73097324,1.7804663,0.2193695,1.8064417,0.70668805,2.486505,0.27907416,2.4959075,0.6591514,2.578175,0.33735648,2.5762537,0.69940454,2.7044866,0.29155853,2.730959
198.jpg,0.5019787,-0.40000165,0.5711231,-0.4727959,0.60860735,-0.47260845,0.64009917,-0.46987715,0.4423961,-0.47248524,0.40006137,-0.47082108,0.35883448,-0.46855634,0.69386375,-0.44425476,0.3084032,-0.4471069,0.5857215,-0.32688123,0.41827306,-0.32916632,1.0,0.009295303,0.0,0.0,0.92549634,0.48359168,0.044358265,0.52006024,0.73270476,0.85125685,0.2778582,0.81408566,0.7014875,0.9409023,0.3337921,0.9098848,0.7560719,0.9929492,0.35724163,0.8937708,0.6722486,0.88126445,0.35251683,0.84467125,0.7435172,1.007185,0.20387214,1.0,0.7320721,1.7859124,0.2252509,1.7986625,0.701776,2.485314,0.27972618,2.4886343,0.65044737,2.577062,0.326718,2.5630538,0.6869324,2.702145,0.30335262,2.7296615
199.jpg,0.4921899,-0.40628275,0.562371,-0.4781489,0.60293853,-0.47826195,0.6343756,-0.47525778,0.4351064,-0.47886992,0.3910967,-0.47636992,0.35236606,-0.47472623,0.688738,-0.4458816,0.3087559,-0.4519956,0.5800162,-0.3326894,0.4097614,-0.3359663,1.0,0.010148827,0.0,0.0,0.9315613,0.47677317,0.03883086,0.5198552,0.7367934,0.848062,0.28017697,0.8057731,0.69822776,0.9358225,0.3382788,0.90274006,0.6641969,0.9154795,0.36233875,0.8849657,0.6693723,0.87496436,0.35643736,0.8366831,0.74585986,1.0035315,0.20627292,1.0,0.73077625,1.7919576,0.22409439,1.8143259,0.7028813,2.5056996,0.2846679,2.5096078,0.6553667,2.601264,0.3357806,2.5893774,0.67528534,2.7255733,0.30471382,2.7514052
200.jpg,0.49858144,-0.39271438,0.5690136,-0.46675816,0.606939,-0.46675435,0.6408803,-0.46402103,0.44160008,-0.46799785,0.39888698,-0.46797183,0.35832512,-0.4671398,0.69561505,-0.43324387,0.30748534,-0.44553447,0.5813603,-0.3194602,0.41642216,-0.32398623,1.0,0.013201355,0.0,0.0,0.9086919,0.477093,0.030126281,0.51855445,0.7153461,0.83851105,0.26567405,0.7953786,0.682994,0.9305861,0.32074794,0.897441,0.65020204,0.9118518,0.34712827,0.8781628,0.6524315,0.8687199,0.34136426,0.83040506,0.73698646,1.0081296,0.19542888,1.0,0.7304282,1.7921498,0.21866176,1.8157917,0.69658655,2.5081751,0.29339367,2.5113847,0.6527944,2.5925772,0.33250383,2.585394,0.71540415,2.73363,0.34895757,2.7463474
201.jpg,0.5109357,-0.39261135,0.5765065,-0.46879718,0.6143857,-0.46958765,0.65043074,-0.4676897,0.44791272,-0.468271,0.40681297,-0.4681384,0.36570087,-0.46734753,0.70129126,-0.43950704,0.3095773,-0.4439172,0.592062,-0.32069,0.42769617,-0.32361937,1.0,0.0138550075,0.0,0.0,0.92351013,0.49701738,0.026307343,0.52728677,0.7429616,0.8754585,0.26887554,0.83033806,0.7128031,0.9682141,0.3307125,0.9313625,0.7787805,1.0248349,0.3576893,0.914804,0.7662428,0.9732717,0.35120818,0.8618389,0.7444403,1.0133281,0.1989928,1.0,0.72708076,1.8168287,0.2219795,1.835867,0.70415634,2.5276299,0.26582384,2.5450299,0.6544208,2.6126888,0.3141903,2.6225402,0.6588003,2.7625093,0.32535586,2.7893822
202.jpg,0.4872246,-0.39762804,0.5599635,-0.47828,0.59749,-0.4792502,0.63145924,-0.47879413,0.42899084,-0.47433558,0.38640794,-0.47503743,0.34653243,-0.47575396,0.6863705,-0.4430568,0.3009952,-0.44352433,0.57455623,-0.32878077,0.40217948,-0.3275189,1.0,0.019499782,0.0,0.0,0.9040621,0.49876344,0.01797289,0.5159213,0.7209077,0.8487464,0.2644147,0.81994355,0.6867889,0.95031625,0.32549065,0.92011887,0.6530825,0.9342321,0.3564529,0.9063057,0.65613973,0.8906975,0.3487871,0.8533039,0.7229657,1.0139159,0.19319677,1.0,0.71919465,1.8044134,0.21330637,1.823194,0.69114876,2.5227425,0.27730542,2.521657,0.64558333,2.6096182,0.32308346,2.601953,0.67640096,2.7581878,0.32854486,2.7614012
203.jpg,0.5176628,-0.3907506,0.5838917,-0.47376025,0.6196351,-0.474567,0.6564523,-0.47367814,0.4559027,-0.4709519,0.4134928,-0.47118822,0.37252074,-0.47203624,0.70373905,-0.44216108,0.3102103,-0.44369707,0.5955999,-0.3203659,0.42980844,-0.32134956,1.0,0.016075375,0.0,0.0,0.9019156,0.50972384,0.027240781,0.5166801,0.7365438,0.86577034,0.27797788,0.81817937,0.71093327,0.96571624,0.3427078,0.92402333,0.6786697,0.94848144,0.3674778,0.9073093,0.6800685,0.9078231,0.35772178,0.8557547,0.73032135,1.012323,0.19745429,1.0,0.72275996,1.8163681,0.21893166,1.8358214,0.6994034,2.546903,0.27638304,2.5569992,0.64787334,2.6421545,0.32679287,2.6414309,0.68100184,2.7858243,0.32419688,2.8137763
204.jpg,0.51158327,-0.37630758,0.580141,-0.46163508,0.6157645,-0.46322212,0.653428,-0.46410817,0.45173106,-0.45874077,0.4100044,-0.45998687,0.3687435,-0.46217296,0.70293367,-0.4360009,0.30681145,-0.43359387,0.58938444,-0.30569422,0.4258656,-0.305803,1.0,0.023547987,0.0,0.0,0.90321946,0.5120658,0.019717675,0.5138091,0.73878205,0.8650109,0.26617026,0.81139505,0.710533,0.95901364,0.33149737,0.9181765,0.6761191,0.93662995,0.35536492,0.8981124,0.6811313,0.90564406,0.34585506,0.8455363,0.7244647,1.0120771,0.19407596,1.0,0.7142306,1.8286091,0.21303394,1.8433872,0.7148705,2.5446699,0.26512882,2.555248,0.6559406,2.6369965,0.31522304,2.6379461,0.6790955,2.7973547,0.3201271,2.81109
205.jpg,0.51238453,-0.36578834,0.58185476,-0.4519319,0.61520016,-0.45386592,0.6526819,-0.45579794,0.4541086,-0.4492171,0.41096804,-0.45151028,0.37086597,-0.45502248,0.7046076,-0.43056932,0.30822727,-0.4301595,0.59099114,-0.29537892,0.4264036,-0.29734895,1.0,0.02155228,0.0,0.0,0.9042467,0.51162404,0.025953956,0.5234241,0.7379984,0.8646127,0.27690297,0.8200533,0.7044977,0.9574182,0.34151313,0.9291918,0.67114365,0.93432313,0.36562827,0.9085201,0.6777407,0.90273076,0.35592708,0.8553614,0.7232087,1.0107083,0.19419697,1.0,0.7193549,1.827974,0.21760237,1.8460759,0.7232695,2.547055,0.26314965,2.5583553,0.66993475,2.6329098,0.30919915,2.6301723,0.67998284,2.8118439,0.32143417,2.8213413
206.jpg,0.5048611,-0.3457801,0.5732203,-0.4292364,0.6070886,-0.4318973,0.64472705,-0.43492147,0.44497058,-0.42499593,0.4028469,-0.42790082,0.36322254,-0.4303838,0.6974572,-0.41360742,0.30213717,-0.40879312,0.5872648,-0.2747652,0.42015174,-0.27528927,1.0,0.031132624,0.0,0.0,0.9122104,0.4925,0.013204745,0.5176097,0.7237307,0.842804,0.25257242,0.8069037,0.6851725,0.9314504,0.3110114,0.91018015,0.6498998,0.90497977,0.32950863,0.88760376,0.6572851,0.8631181,0.32244688,0.8386878,0.7202411,1.0131129,0.18607014,1.0,0.712487,1.8123423,0.21564962,1.8274747,0.72743285,2.5315666,0.26395947,2.530903,0.6743736,2.62528,0.31575274,2.614596,0.710438,2.7838202,0.31477052,2.7811584
4284.jpg,0.485431,-0.45730123,0.55003643,-0.5070137,0.58565474,-0.5050754,0.61992437,-0.50377196,0.42778477,-0.5038952,0.3847545,-0.49946895,0.34582472,-0.49532261,0.67728657,-0.46258014,0.29328042,-0.45397004,0.57454306,-0.3755508,0.40088433,-0.37177697,1.0,0.0063661123,0.0,0.0,0.97228616,0.4397971,-0.04367017,0.4929692,0.698327,0.7630601,0.21934485,0.77036184,0.6457869,0.8623211,0.26179168,0.85989803,0.60763866,0.83320194,0.30480146,0.8316227,0.61100924,0.7906207,0.30420554,0.7898121,0.76292765,1.0104756,0.22634594,1.0,0.7671283,1.7515225,0.25023708,1.7799757,0.7618154,2.452109,0.286817,2.456833,0.7219038,2.527044,0.344782,2.528277,0.7433566,2.7117746,0.32398665,2.7211254
4285.jpg,0.4868379,-0.45759556,0.5525972,-0.5070543,0.58821565,-0.50529283,0.62311816,-0.5040365,0.42878905,-0.50455886,0.38576016,-0.5005908,0.34656125,-0.49649283,0.67900485,-0.4636706,0.29410174,-0.45567146,0.57619745,-0.37548465,0.40186146,-0.37303388,1.0,0.008064303,0.0,0.0,0.97164106,0.4230394,-0.041442778,0.49269012,0.6928073,0.7641364,0.21161488,0.77912045,0.652934,0.870802,0.24426578,0.8736801,0.609081,0.84158516,0.2926894,0.8451963,0.6093371,0.7886375,0.29342112,0.8007397,0.7637572,1.0091705,0.22650616,1.0,0.77038044,1.7540686,0.25236872,1.7833581,0.7603919,2.4560742,0.2866524,2.462687,0.7198906,2.535142,0.34691507,2.5378053,0.75128216,2.7160342,0.32402423,2.7221162
4286.jpg,0.4918222,-0.44653913,0.56040865,-0.49994072,0.5958621,-0.4977898,0.63227814,-0.49496663,0.43446946,-0.49865565,0.39047533,-0.49490926,0.35121563,-0.48979983,0.6881127,-0.4546248,0.29894522,-0.44739607,0.579653,-0.36696112,0.40686923,-0.3650881,1.0,0.017871795,0.0,0.0,0.9662027,0.44455522,-0.050413176,0.49264115,0.6859218,0.77766496,0.20815434,0.7853417,0.64466226,0.8813695,0.24256076,0.87785524,0.6019237,0.852026,0.29104152,0.85105747,0.60383534,0.80611706,0.2913422,0.8073744,0.7632908,1.0115368,0.22439848,1.0,0.765572,1.7673371,0.2533782,1.7810473,0.7582043,2.4238596,0.2924317,2.4334044,0.7222755,2.4892187,0.35536775,2.49899,0.7488715,2.6910672,0.33058497,2.6986022
4287.jpg,0.4953572,-0.44489312,0.5590894,-0.49622568,0.5944525,-0.49473357,0.6299801,-0.49284074,0.43624943,-0.49415413,0.39328036,-0.4905164,0.35382316,-0.48594606,0.68478096,-0.45482525,0.29850203,-0.44599882,0.581874,-0.36663917,0.4121377,-0.36434734,1.0,0.014668689,0.0,0.0,0.95835626,0.44843176,-0.04824852,0.49332017,0.6939996,0.7762795,0.21127513,0.785139,0.65409124,0.8784365,0.24223006,0.8815837,0.6090334,0.8508678,0.29107124,0.8524905,0.6093838,0.80683863,0.29171902,0.80707055,0.7559797,1.0117111,0.21995768,1.0,0.763749,1.7642429,0.25214204,1.7825376,0.756997,2.43381,0.2875978,2.4449744,0.7216697,2.501095,0.35263813,2.5129585,0.7446998,2.6973052,0.32352376,2.709765
4288.jpg,0.4861183,-0.45375335,0.55298525,-0.50242454,0.5889162,-0.5009949,0.6245701,-0.5003054,0.42810738,-0.5005134,0.38447604,-0.4967076,0.34533545,-0.49311274,0.68080133,-0.46206763,0.294628,-0.453374,0.5766797,-0.37033594,0.40259424,-0.36898208,1.0,0.01168442,0.0,0.0,0.96271926,0.43642512,-0.052088354,0.48667085,0.69372934,0.7672133,0.21876884,0.7731694,0.64912885,0.86822194,0.2643796,0.8612109,0.6069787,0.8391772,0.30768296,0.83096004,0.6100152,0.7957331,0.30514053,0.78822213,0.7574402,1.0117074,0.22598378,1.0,0.76409215,1.7668912,0.2443616,1.7823311,0.761106,2.4326434,0.29290077,2.4438448,0.7226229,2.5042627,0.35010657,2.5191522,0.74847585,2.6978679,0.33996317,2.7039454
4293.jpg,0.4912872,-0.45713973,0.555126,-0.51302713,0.59054506,-0.5123109,0.62602085,-0.5104213,0.42925388,-0.50721985,0.38478035,-0.5019877,0.34417427,-0.4970687,0.6804185,-0.47006732,0.2923627,-0.45452225,0.5802713,-0.37535235,0.40672216,-0.36898673,1.0,0.007555598,0.0,0.0,0.95836896,0.44939858,-0.057188407,0.5033068,0.68800336,0.76776785,0.2208263,0.77174586,0.63303494,0.86268914,0.26861084,0.8597396,0.58607215,0.8331895,0.3139444,0.8231971,0.59465516,0.7930302,0.3097094,0.7864078,0.7525803,1.0103682,0.21936591,1.0,0.7599817,1.773744,0.23398791,1.7888423,0.75182366,2.4345047,0.28498042,2.4379406,0.71229875,2.499713,0.33871406,2.503328,0.7431433,2.7050393,0.3166497,2.7095506
4294.jpg,0.50172174,-0.4649204,0.55937326,-0.5145332,0.5926644,-0.51399285,0.62911355,-0.51293486,0.43562576,-0.5112841,0.3932418,-0.5070166,0.3533921,-0.50311583,0.6774687,-0.47558782,0.29533836,-0.4621741,0.5858627,-0.38236776,0.41647092,-0.37682962,1.0,0.014495011,0.0,0.0,0.94844407,0.46660104,-0.050132666,0.5214753,0.69953024,0.80252254,0.2212392,0.8064387,0.6545939,0.9113466,0.27100453,0.9036077,0.6097271,0.87936974,0.31264275,0.8789918,0.61527556,0.8298054,0.30646738,0.82988256,0.7641556,1.0075891,0.23065558,1.0,0.76715934,1.7688286,0.24235348,1.7844085,0.75698113,2.4445162,0.2883098,2.4463806,0.71172327,2.5155456,0.3389545,2.5147903,0.7591615,2.7165885,0.3224262,2.7194242
4295.jpg,0.4965263,-0.4641811,0.55597454,-0.51590633,0.5913297,-0.51526797,0.62697256,-0.51461583,0.43236965,-0.511388,0.38887942,-0.5063192,0.34931377,-0.50193083,0.6777497,-0.4751868,0.29332346,-0.46051043,0.58319825,-0.3802638,0.4117461,-0.3742431,1.0,0.013634214,0.0,0.0,0.94544303,0.47705618,-0.050523676,0.5232046,0.6880582,0.80558,0.2235953,0.8067228,0.6436114,0.9131175,0.2790591,0.9010805,0.6000282,0.8809615,0.3205936,0.87549824,0.6060679,0.8307873,0.31219766,0.82725483,0.76769274,1.0084873,0.23277032,1.0,0.7704261,1.7699367,0.24157338,1.7853009,0.75828725,2.4486723,0.28780556,2.4470143,0.7131614,2.518124,0.34074125,2.514997,0.7524513,2.7228105,0.31798118,2.723955
4296.jpg,0.50880593,-0.46413136,0.5639979,-0.51703423,0.5956101,-0.51589686,0.6318175,-0.51560014,0.4429696,-0.5137841,0.40025356,-0.5098856,0.36192232,-0.5054572,0.6773191,-0.47422305,0.29765642,-0.46176624,0.588334,-0.38029683,0.42187333,-0.37579596,1.0,0.012526819,0.0,0.0,0.9563069,0.46153492,-0.04939755,0.50813866,0.7040008,0.8063434,0.20948732,0.812032,0.65816873,0.91280127,0.2635823,0.9104758,0.61400723,0.88405484,0.3063762,0.8881317,0.6196921,0.84180164,0.2990705,0.8372494,0.7538703,1.0107248,0.21732861,1.0,0.75484383,1.7915957,0.24077079,1.7936084,0.75016505,2.4509819,0.2919064,2.4636447,0.7031463,2.5250835,0.3470353,2.540612,0.7401247,2.720158,0.32018217,2.7280877
4297.jpg,0.49966148,-0.4722599,0.5602061,-0.52836746,0.59282714,-0.52693397,0.6281428,-0.52634007,0.4323865,-0.5227036,0.39072904,-0.5182994,0.35025978,-0.5121218,0.6819358,-0.48286805,0.29386914,-0.468449,0.58355826,-0.3872977,0.41409302,-0.38342842,1.0,0.010861751,0.0,0.0,0.95251274,0.4643841,-0.031128837,0.52103484,0.6899368,0.80218303,0.23820846,0.8065889,0.645227,0.9104869,0.29652265,0.9017958,0.60524887,0.8771078,0.33465236,0.8763352,0.6097239,0.82297254,0.3246899,0.8264825,0.76332307,1.0070378,0.23087558,1.0,0.7703549,1.7646346,0.2500312,1.7803001,0.75852096,2.43804,0.28985175,2.448509,0.718855,2.5062919,0.3436622,2.5167468,0.735976,2.7172115,0.3168065,2.7286527
4302.jpg,0.5220467,-0.46868384,0.5770394,-0.5247407,0.6062104,-0.52433765,0.64013964,-0.5243402,0.4584067,-0.52082366,0.41564125,-0.5170627,0.3755387,-0.51331145,0.68417186,-0.4867524,0.30710945,-0.4722445,0.599313,-0.38430125,0.43639177,-0.37950557,1.0,0.0025800935,0.0,0.0,0.9502392,0.4643823,-0.032606047,0.520679,0.6601608,0.7981039,0.2291099,0.8012109,0.73423445,0.89454854,0.2808462,0.89199233,0.7357139,0.9012455,0.32175398,0.8645181,0.57673824,0.82298875,0.31632483,0.81714064,0.76484764,1.0045177,0.23214456,1.0,0.76416075,1.7866733,0.24651626,1.806552,0.7485099,2.4663696,0.2906997,2.470539,0.7115551,2.535131,0.34590003,2.5382574,0.7370846,2.742526,0.31092635,2.74835
4303.jpg,0.5205923,-0.45609966,0.57781285,-0.51731426,0.60683924,-0.517907,0.64218336,-0.5178439,0.45656937,-0.5123447,0.41378108,-0.5084137,0.37241468,-0.50509995,0.6880012,-0.48174062,0.30520505,-0.46810937,0.5976,-0.37190285,0.43456897,-0.36710778,1.0,0.0006751359,0.0,0.0,0.9422811,0.4715529,-0.043290768,0.52012694,0.6560906,0.8058118,0.22238357,0.81546736,0.6025177,0.9149157,0.2761703,0.9097176,0.5574894,0.88224715,0.31925792,0.8824296,0.564608,0.8339135,0.31251577,0.8342415,0.7638729,1.0028263,0.23254113,1.0,0.76165015,1.780609,0.24101308,1.7969388,0.7478734,2.463747,0.28232667,2.4584367,0.7139708,2.5351236,0.3383264,2.5224593,0.7336571,2.7328115,0.31430966,2.733498
4304.jpg,0.4968588,-0.45362407,0.56175107,-0.5146774,0.59481686,-0.5150483,0.6271219,-0.51518863,0.43776914,-0.51052,0.3953065,-0.5069542,0.35677865,-0.5040507,0.6817189,-0.4804653,0.30312136,-0.46705797,0.5837662,-0.3711943,0.41612452,-0.36638996,1.0,0.0017954338,0.0,0.0,0.9551283,0.45755088,-0.04844935,0.5117172,0.6523923,0.80882674,0.21059541,0.81814647,0.61686283,0.9220824,0.25677735,0.9168187,0.57489306,0.8868027,0.29809842,0.88794893,0.5738741,0.8227909,0.29385096,0.8377411,0.7574314,1.00658,0.22622424,1.0,0.7582259,1.7849394,0.2376163,1.8005952,0.7434017,2.4731395,0.28412154,2.4662395,0.7090735,2.5445054,0.33828384,2.5300996,0.730882,2.7453177,0.3119022,2.7453966
4305.jpg,0.52108073,-0.46337616,0.5787378,-0.52290356,0.6096403,-0.52323246,0.64421827,-0.5220236,0.4545628,-0.51838815,0.41379163,-0.5154124,0.3707678,-0.51183784,0.68619335,-0.4849682,0.30764672,-0.47363338,0.6004893,-0.37986413,0.43554017,-0.37527317,1.0,-0.00037012325,0.0,0.0,0.96046484,0.47320813,-0.04321112,0.52112716,0.70041573,0.82175547,0.22933418,0.8206581,0.6540025,0.93898714,0.2840129,0.92000353,0.61390907,0.9082847,0.32663843,0.8903316,0.6177818,0.8523941,0.31854686,0.8392258,0.7677832,1.009844,0.23409607,1.0,0.760653,1.7843114,0.23962015,1.8003229,0.73628557,2.4700353,0.2760034,2.4740932,0.694389,2.544493,0.32629567,2.5446396,0.7351821,2.7449698,0.3096253,2.7491772
4306.jpg,0.5234116,-0.4549236,0.57979226,-0.5161149,0.6089075,-0.5170556,0.6418711,-0.5165273,0.45808744,-0.5106783,0.4180231,-0.5077982,0.37524873,-0.5048553,0.68433005,-0.4815485,0.31111148,-0.47029638,0.6001119,-0.37342432,0.43922022,-0.36887127,1.0,-0.0002975739,0.0,0.0,0.9559389,0.4712225,-0.04332776,0.51168996,0.69215256,0.8185045,0.22750437,0.81435925,0.64879894,0.9348259,0.28300077,0.9189666,0.7569397,0.9378411,0.32468358,0.89084893,0.611598,0.84573746,0.31711146,0.8395971,0.7642222,1.0066012,0.23077494,1.0,0.75768226,1.7796551,0.24544159,1.795365,0.73482955,2.4621322,0.282876,2.4707077,0.6974604,2.5412116,0.33272293,2.5456433,0.7281078,2.7355604,0.31294534,2.743121
4320.jpg,0.48930612,-0.47112486,0.55864155,-0.53864753,0.596388,-0.5381917,0.6273976,-0.5350138,0.43319693,-0.53575325,0.39092538,-0.53227407,0.349871,-0.526441,0.6857922,-0.49256814,0.30349404,-0.48365,0.58185464,-0.3852292,0.4108131,-0.38059986,1.0,-0.0009448163,0.0,0.0,0.97010994,0.47492826,-0.027015483,0.5328033,0.7198185,0.8271549,0.22741106,0.8382231,0.6615866,0.9365136,0.27691337,0.95095134,0.62671435,0.90870094,0.31447554,0.92147976,0.6360845,0.8566451,0.30787992,0.8679427,0.76578647,1.0082333,0.22926521,1.0,0.7566591,1.7865667,0.23825039,1.7888538,0.73846376,2.4834034,0.27487254,2.475687,0.67573047,2.5571332,0.31290334,2.5483787,0.73029155,2.7537715,0.32472986,2.7507086
4321.jpg,0.49290356,-0.45508164,0.5590363,-0.5213394,0.59606874,-0.52124393,0.62616265,-0.51930505,0.43613258,-0.51793396,0.3942524,-0.5148848,0.3542347,-0.5102986,0.68176067,-0.48141927,0.3039907,-0.47119582,0.5835875,-0.37166908,0.41415665,-0.36721805,1.0,0.004657547,0.0,0.0,0.9683196,0.47594482,-0.046508335,0.52081865,0.7173812,0.8184647,0.21431722,0.83242023,0.6650581,0.92641014,0.26718983,0.94137204,0.62969506,0.8968567,0.3054756,0.91012067,0.6387964,0.84689826,0.29881302,0.85802966,0.75509065,1.00868,0.21877402,1.0,0.75049675,1.7747093,0.22987433,1.7893045,0.742495,2.4787943,0.27599707,2.4883575,0.6897023,2.5635622,0.32437798,2.5675356,0.71817327,2.7483056,0.3119397,2.74997
4322.jpg,0.49958336,-0.46247232,0.5667298,-0.52890503,0.6019719,-0.52844083,0.6326154,-0.5258657,0.44238764,-0.5254475,0.40040419,-0.5225985,0.35909307,-0.5174068,0.6865517,-0.4850562,0.30748406,-0.477076,0.58672637,-0.37850267,0.42065722,-0.37487313,1.0,0.0031216692,0.0,0.0,0.9663066,0.47698185,-0.033536017,0.5319979,0.7186559,0.83215576,0.22623685,0.84093595,0.6670924,0.9381175,0.27879992,0.95203346,0.6342837,0.9110275,0.31484684,0.92118293,0.64380246,0.86262935,0.30809602,0.8681524,0.7570063,1.011107,0.2199903,1.0,0.7511414,1.7881758,0.23518232,1.7947713,0.7442133,2.4878843,0.27830312,2.4985034,0.6961133,2.56912,0.32636625,2.576084,0.7103372,2.7598479,0.32070276,2.7646654
4323.jpg,0.4889149,-0.45619404,0.5563899,-0.5211984,0.5935569,-0.52080345,0.62397426,-0.5191095,0.4322275,-0.51758087,0.3902452,-0.51392597,0.3500924,-0.51005185,0.681821,-0.4820877,0.30159095,-0.47216693,0.58027977,-0.37145367,0.4076953,-0.36735457,1.0,0.0029401362,0.0,0.0,0.97208405,0.47052866,-0.05121149,0.5166524,0.7215222,0.81862783,0.20876463,0.82949764,0.6691111,0.925776,0.26001045,0.93726647,0.6335733,0.89612216,0.2999155,0.9078757,0.64169955,0.84547645,0.29361573,0.85598844,0.7583441,1.0100795,0.2188935,1.0,0.74781317,1.7769951,0.23269565,1.7846282,0.74227303,2.4829865,0.27471495,2.48931,0.691004,2.5691376,0.32193735,2.5701313,0.7153099,2.7498405,0.31203026,2.7512305
4324.jpg,0.48097783,-0.4576107,0.54915816,-0.5249192,0.588493,-0.5247839,0.6184816,-0.5229903,0.42518264,-0.5217095,0.38363698,-0.5181859,0.34395722,-0.51363164,0.6782671,-0.48398736,0.30028203,-0.4735589,0.57608235,-0.37340742,0.40248254,-0.36882964,1.0,0.006551907,0.0,0.0,0.9583927,0.49074543,-0.033049423,0.5297224,0.7276203,0.8433864,0.22327031,0.8471402,0.6773862,0.9462274,0.27724412,0.95421547,0.6389815,0.9147433,0.3138138,0.9239498,0.64794695,0.8674946,0.30756697,0.8723896,0.74823236,1.012908,0.21011639,1.0,0.75055885,1.8033926,0.23891474,1.8127966,0.7277063,2.49487,0.26768166,2.5016966,0.6707639,2.5739114,0.30980772,2.5733435,0.7215585,2.7654483,0.3108535,2.766392
4325.jpg,0.4950175,-0.46642357,0.5621705,-0.53390926,0.59870315,-0.5335917,0.62958205,-0.5308366,0.43883115,-0.53065234,0.39730388,-0.5277137,0.356686,-0.52212644,0.685188,-0.48961726,0.30652815,-0.48120013,0.58456707,-0.3815178,0.41671622,-0.37716088,1.0,0.0043774075,0.0,0.0,0.9568747,0.4939836,-0.027697364,0.53334415,0.72881854,0.85119754,0.23193617,0.8470656,0.67654055,0.95327026,0.28683895,0.95635694,0.6400121,0.92142415,0.32254624,0.9261843,0.64955467,0.87421346,0.31504926,0.8732496,0.7510346,1.0125657,0.21623373,1.0,0.7499993,1.8058034,0.23913644,1.8153397,0.73283577,2.502732,0.27472156,2.5099103,0.68070394,2.5853465,0.3174404,2.5887563,0.7202942,2.7715046,0.31829768,2.7754223
4329.jpg,0.4929267,-0.46866181,0.56069434,-0.53624946,0.59692574,-0.5354737,0.6284531,-0.53287864,0.43414372,-0.53370327,0.39413366,-0.5310964,0.3535944,-0.5248879,0.6863918,-0.49153492,0.30587465,-0.48269325,0.5831099,-0.38308382,0.4186322,-0.37982756,1.0,-4.7687854e-07,0.0,0.0,0.9654046,0.47492358,-0.025765326,0.52617776,0.72980624,0.8249412,0.23045887,0.82814395,0.677248,0.9301139,0.28216454,0.9350123,0.64683276,0.9001326,0.3167738,0.90358865,0.6560244,0.8525886,0.31090415,0.85366637,0.75713396,1.01273,0.22325268,1.0,0.75443846,1.7974337,0.24161197,1.8115331,0.7403075,2.5015168,0.2833831,2.5114105,0.69438964,2.5872467,0.33279884,2.5959744,0.7214217,2.7746096,0.31175497,2.780827
4330.jpg,0.5000034,-0.46209797,0.5658883,-0.52981067,0.6000384,-0.5292152,0.6333349,-0.5266959,0.43814978,-0.5265705,0.39682183,-0.5241212,0.35550934,-0.5182421,0.68728423,-0.48605576,0.30213463,-0.47673637,0.58798814,-0.37683588,0.42233717,-0.37261972,1.0,0.0028159502,0.0,0.0,0.9611374,0.48131365,-0.045182515,0.5252443,0.7226629,0.82777816,0.21896438,0.82967937,0.6732011,0.930929,0.27156717,0.93879074,0.64015037,0.903151,0.30995467,0.910631,0.64642924,0.85507596,0.30348364,0.8585545,0.760084,1.0104465,0.22892648,1.0,0.7592487,1.7780789,0.24074177,1.7844023,0.74657196,2.4810803,0.2765946,2.4894536,0.69049567,2.5653923,0.3199025,2.569809,0.7191576,2.7521892,0.33334494,2.7525187
4331.jpg,0.48575264,-0.47053418,0.5553524,-0.5368363,0.5927472,-0.5357231,0.6257843,-0.53293264,0.42647025,-0.5348223,0.3867037,-0.5320348,0.34577525,-0.5256671,0.68711185,-0.49036515,0.30110514,-0.48298776,0.57947546,-0.3849821,0.4114852,-0.38119572,1.0,0.0041442844,0.0,0.0,0.96004915,0.4879413,-0.034180272,0.52540773,0.71621495,0.83669496,0.22905448,0.83713275,0.6632567,0.9410594,0.28168204,0.948611,0.62978697,0.91172105,0.31776828,0.92011154,0.6386488,0.8643728,0.31008017,0.8668103,0.75722605,1.013147,0.22360273,1.0,0.7506939,1.7892386,0.24048395,1.7998153,0.74018866,2.4976082,0.28352043,2.5066216,0.68937045,2.585802,0.33196098,2.5927014,0.7258899,2.769693,0.31980994,2.773213
4332.jpg,0.49501783,-0.46140233,0.56213015,-0.5293879,0.5969587,-0.5287554,0.63093185,-0.52616286,0.43306366,-0.5263956,0.39217058,-0.523886,0.3515453,-0.51777893,0.68645906,-0.4847174,0.30082905,-0.47625118,0.58405966,-0.37615508,0.41811284,-0.3722129,1.0,0.0074211084,0.0,0.0,0.959846,0.49030972,-0.043135267,0.5244668,0.7131499,0.8302238,0.22122099,0.83255875,0.65793175,0.9333149,0.27364913,0.9413276,0.6228351,0.90381175,0.30912155,0.9115431,0.6325886,0.856514,0.30214113,0.8594155,0.7540744,1.0121818,0.21993648,1.0,0.75053376,1.7810926,0.23598081,1.7932482,0.7413426,2.4854662,0.2817981,2.4947355,0.691342,2.570083,0.33147484,2.576708,0.7228897,2.758636,0.3180161,2.7644696
4333.jpg,0.49176148,-0.4714924,0.55840725,-0.5393308,0.5938562,-0.53884006,0.6291369,-0.5361278,0.42747265,-0.5359297,0.386432,-0.53311247,0.34582183,-0.5266459,0.6842836,-0.49447855,0.2952915,-0.48237914,0.58195317,-0.38599086,0.4132914,-0.379272,1.0,-0.004282158,0.0,0.0,0.9548671,0.47832617,-0.049102124,0.5257988,0.6984028,0.83058643,0.20845535,0.83343637,0.6507382,0.94025826,0.26150048,0.9425216,0.6154551,0.91056734,0.3003939,0.9162529,0.6216381,0.85846686,0.29376423,0.8639027,0.75630337,1.0104434,0.22139844,1.0,0.7541624,1.7852144,0.23682322,1.7852951,0.7448377,2.4903865,0.2753136,2.4976733,0.69173884,2.571478,0.32012063,2.5745757,0.715888,2.766237,0.3233691,2.7675598
4334.jpg,0.48585442,-0.4758576,0.5535452,-0.54382956,0.5898018,-0.5433708,0.62358475,-0.5407202,0.42248523,-0.54087657,0.38220608,-0.5376614,0.3417822,-0.5312052,0.68291354,-0.49806255,0.29535797,-0.4864603,0.5778404,-0.39047143,0.4087009,-0.38376176,1.0,-0.0051597217,0.0,0.0,0.9562887,0.47783014,-0.045726474,0.5326143,0.70460385,0.8329897,0.21094342,0.83462465,0.6572466,0.94345057,0.26618633,0.9421631,0.6216371,0.9142653,0.3041599,0.9164731,0.62818754,0.8623936,0.29708034,0.86501646,0.75857115,1.0104622,0.22225684,1.0,0.75786686,1.7847265,0.24059734,1.7838712,0.7448561,2.487244,0.27501306,2.4917395,0.69501215,2.5653038,0.31978747,2.567209,0.71374243,2.7639856,0.32424575,2.7670774
4338.jpg,0.4956085,-0.5055973,0.5561969,-0.55866456,0.5892552,-0.5574373,0.6224525,-0.5559192,0.43008667,-0.5563929,0.39066496,-0.55366784,0.3518303,-0.549251,0.67724127,-0.5138058,0.29862002,-0.49996132,0.58547014,-0.41752318,0.4186085,-0.41090128,1.0,-0.007885388,0.0,0.0,0.9678192,0.4755325,-0.035760667,0.5339845,0.70403403,0.815594,0.2273006,0.81397545,0.66039836,0.9225481,0.2817568,0.9159946,0.61978954,0.8900265,0.31563595,0.8876749,0.62512684,0.83970195,0.3089558,0.8382322,0.75270164,1.0138776,0.21373242,1.0,0.7533435,1.7877597,0.24044375,1.79964,0.74273926,2.4860926,0.28026006,2.5032945,0.6896298,2.5706456,0.33223996,2.583351,0.7244998,2.7580042,0.31627277,2.770748
4339.jpg,0.49756548,-0.5113039,0.55819225,-0.5613206,0.5939227,-0.5594634,0.62617636,-0.5577769,0.43527707,-0.5590721,0.39637333,-0.55561304,0.3587158,-0.5525052,0.6810794,-0.51919657,0.30545136,-0.5077612,0.5870922,-0.42590013,0.42143694,-0.42000952,1.0,-0.008108169,0.0,0.0,0.9622669,0.45487013,-0.041593898,0.5313395,0.8336674,0.79540163,0.21973081,0.8183034,0.64678425,0.92257446,0.277307,0.9118114,0.6103449,0.8908043,0.31475547,0.8839812,0.6135433,0.84567887,0.30891857,0.8364271,0.762206,1.010303,0.22029972,1.0,0.7471283,1.8151877,0.23821658,1.8184127,0.7420311,2.496901,0.2820691,2.505403,0.6879123,2.575571,0.33705547,2.58078,0.73692554,2.77002,0.30187216,2.7760649
4340.jpg,0.50151,-0.5068211,0.5585506,-0.56303227,0.59263057,-0.5618822,0.6230923,-0.5608304,0.43610796,-0.560148,0.39755544,-0.55678296,0.35870934,-0.55161774,0.674993,-0.52208793,0.30511564,-0.5055517,0.5896322,-0.42040017,0.42665225,-0.41233972,1.0,-0.0095527535,0.0,0.0,0.97012484,0.44334915,-0.03148151,0.53584176,0.82966197,0.781665,0.23038763,0.8077931,0.64105314,0.9156492,0.2851833,0.9012107,0.6052235,0.879078,0.3235215,0.8682043,0.60689956,0.8239724,0.31720513,0.82232165,0.76158935,1.0050192,0.22292952,1.0,0.7501898,1.8098625,0.24513818,1.821856,0.7470757,2.506332,0.28439635,2.5035129,0.70356137,2.5847466,0.3435506,2.5832288,0.7309192,2.7772937,0.30919752,2.7774167
4341.jpg,0.48508286,-0.48983225,0.54731405,-0.54282093,0.5832396,-0.5413758,0.6163083,-0.540354,0.42396018,-0.53985363,0.38637367,-0.5369469,0.34807533,-0.53375137,0.67248565,-0.5017791,0.29878142,-0.49197003,0.5778345,-0.40835053,0.41015258,-0.40296355,1.0,0.0032040465,0.0,0.0,0.9636697,0.47182626,-0.051505286,0.52071637,0.69076616,0.81060064,0.22572652,0.80441815,0.6545668,0.913682,0.28238252,0.8971937,0.6132009,0.8764899,0.3214859,0.8585873,0.6167639,0.8303808,0.31542787,0.81973916,0.75747633,1.005371,0.2205223,1.0,0.7541878,1.7970278,0.24360228,1.8089029,0.7402404,2.4787517,0.27712536,2.4781284,0.6960984,2.5485,0.32817146,2.547473,0.73897696,2.7573988,0.30647415,2.7580488
4342.jpg,0.49683,-0.49569067,0.559073,-0.55553496,0.5921456,-0.5540352,0.62823117,-0.5514274,0.43438318,-0.55315673,0.39486772,-0.55085844,0.355947,-0.5451576,0.6804112,-0.505612,0.29962993,-0.49765065,0.5845395,-0.40598285,0.41311607,-0.40158504,1.0,-0.00510298,0.0,0.0,0.97057474,0.47823554,-0.027422104,0.53263676,0.7043163,0.8117219,0.22126085,0.8233893,0.6616234,0.91766495,0.2752976,0.9252734,0.62285006,0.88293576,0.31109884,0.89669615,0.6281616,0.8322966,0.304282,0.8456274,0.76095366,1.0100274,0.22015308,1.0,0.75977904,1.805746,0.24203336,1.8061734,0.74855995,2.4913664,0.28749347,2.4925072,0.70057744,2.5657227,0.33539936,2.5636616,0.73783106,2.7702057,0.32452723,2.7664018
4343.jpg,0.48995367,-0.48961017,0.5540123,-0.55270916,0.58678883,-0.55123854,0.6224701,-0.5481349,0.42832386,-0.550211,0.38747308,-0.54780257,0.34876877,-0.5417479,0.6788862,-0.50104594,0.29498214,-0.49268728,0.57973075,-0.39993823,0.40806425,-0.39472577,1.0,-0.0041056504,0.0,0.0,0.9666021,0.48961902,-0.04930015,0.5295538,0.7014602,0.83806396,0.2252873,0.84012306,0.65813583,0.94654405,0.2839811,0.94054383,0.62078965,0.912106,0.3221335,0.91234636,0.6260355,0.8601404,0.31417853,0.8606272,0.76238036,1.0069596,0.21929958,1.0,0.75359046,1.8241619,0.24303132,1.8259805,0.73771447,2.5148518,0.2842098,2.5124469,0.70051795,2.5865493,0.33490804,2.581696,0.72567344,2.7961335,0.31795505,2.8016124
4344.jpg,0.48926497,-0.47211003,0.5506523,-0.52906984,0.5843464,-0.52801853,0.6216282,-0.52660227,0.42518714,-0.5261621,0.38537323,-0.52367914,0.3467193,-0.51944876,0.67746305,-0.48750037,0.29242787,-0.4756748,0.57803655,-0.38865602,0.41103655,-0.38103503,1.0,0.0062993495,0.0,0.0,0.96058065,0.49347058,-0.050360624,0.5180504,0.72242063,0.8269063,0.22063303,0.8133937,0.6754463,0.93251973,0.27254242,0.9180688,0.63518465,0.8994918,0.30840996,0.8805374,0.64019024,0.8501859,0.30401587,0.83810425,0.757361,1.0018297,0.21383001,1.0,0.7562504,1.7863322,0.23881964,1.8012061,0.7439845,2.4886394,0.27423498,2.4835536,0.70761013,2.5628939,0.3262929,2.5520203,0.7275959,2.7570899,0.31182283,2.7552717
4345.jpg,0.48611587,-0.4597275,0.55256087,-0.5267048,0.5875182,-0.5258954,0.6220747,-0.52328414,0.42665944,-0.52489704,0.38779828,-0.52327114,0.34886852,-0.51718485,0.680993,-0.4819941,0.29929754,-0.47561333,0.57818186,-0.37524903,0.4082207,-0.36970735,1.0,0.011096847,0.0,0.0,0.95979065,0.4947185,-0.04410159,0.5248316,0.7150494,0.83662754,0.22754526,0.821974,0.67086554,0.9420208,0.27881068,0.9269097,0.63388413,0.90885866,0.31434444,0.8949606,0.63882077,0.85887116,0.30925575,0.84633213,0.7584814,1.0057395,0.22198175,1.0,0.7534224,1.805827,0.2434459,1.8082505,0.73378986,2.4906013,0.27663872,2.4831288,0.6967758,2.565172,0.32199645,2.5561728,0.72941744,2.7717505,0.32119912,2.7635338
4346.jpg,0.5094789,-0.46413493,0.5655565,-0.52896994,0.59657973,-0.5276524,0.6346019,-0.52509296,0.44239894,-0.52780986,0.40337205,-0.52643955,0.36373332,-0.5219447,0.6802611,-0.48348102,0.3017233,-0.48103157,0.5908313,-0.3763789,0.4246732,-0.37259907,1.0,0.003534732,0.0,0.0,0.9646277,0.48646855,-0.04466612,0.5243062,0.72500134,0.8278694,0.22157206,0.8239532,0.6787963,0.93414724,0.27412492,0.93324375,0.6403337,0.8986584,0.3086827,0.90144306,0.64548993,0.84854305,0.30375382,0.84936076,0.7597856,1.0029976,0.22035189,1.0,0.7612659,1.7951516,0.24138816,1.8022825,0.74210626,2.4920194,0.2777369,2.4877012,0.7045394,2.5692868,0.3215882,2.5666811,0.7260358,2.7654636,0.32746908,2.7635953
4347.jpg,0.506657,-0.4630643,0.5660941,-0.5282718,0.59766114,-0.52681017,0.6359508,-0.5242135,0.4426725,-0.5269264,0.40338898,-0.5255806,0.3644682,-0.52097005,0.6840637,-0.4817918,0.3036016,-0.48022032,0.5897637,-0.37443203,0.42342114,-0.37166592,1.0,0.0041159815,0.0,0.0,0.96259,0.48556885,-0.04558181,0.522538,0.72147316,0.82090604,0.226703,0.8112147,0.6748623,0.92576516,0.27967727,0.9179548,0.63546693,0.8899174,0.3150311,0.88522106,0.640325,0.83913994,0.3098023,0.8344878,0.759783,1.001445,0.22003068,1.0,0.7617547,1.7910347,0.24246272,1.8020952,0.745135,2.4803813,0.28402054,2.4761646,0.7131008,2.5551887,0.33209088,2.5499933,0.7286683,2.7543204,0.3161205,2.753106
4348.jpg,0.5085448,-0.46565068,0.56691927,-0.531715,0.59888613,-0.5306053,0.63722044,-0.52840567,0.44411403,-0.5300601,0.4057312,-0.5288283,0.36510387,-0.5246694,0.6842055,-0.48734164,0.30465293,-0.48399112,0.59062475,-0.37923762,0.42432415,-0.3760811,1.0,-0.0015600615,0.0,0.0,0.9596718,0.48334372,-0.047400653,0.5197224,0.7189774,0.819035,0.22792867,0.8051588,0.6740502,0.92768353,0.28381494,0.90886754,0.6304773,0.88819987,0.3212313,0.8726624,0.63363737,0.83681834,0.31482035,0.8226895,0.7605026,1.0027612,0.22271198,1.0,0.7585513,1.7888055,0.24314679,1.8059616,0.74681866,2.469719,0.28584224,2.4807818,0.70614964,2.5326784,0.34467527,2.5472813,0.73834014,2.753907,0.3170805,2.7595122
4349.jpg,0.49534386,-0.47111186,0.5592818,-0.53487504,0.59279215,-0.53335613,0.6298707,-0.53025955,0.43532336,-0.53443545,0.39712343,-0.5336867,0.35779855,-0.5290244,0.68145585,-0.48642802,0.3038008,-0.48671252,0.5825004,-0.38400212,0.41239443,-0.383391,1.0,0.0046854727,0.0,0.0,0.9602215,0.48139304,-0.04991513,0.514439,0.7294344,0.8127789,0.22598633,0.79910505,0.6855644,0.9172666,0.28188676,0.90220726,0.639877,0.8795266,0.31968412,0.86578566,0.6435638,0.831269,0.31322426,0.8171748,0.7578805,1.0028665,0.22228213,1.0,0.7574617,1.7840155,0.24430618,1.7998598,0.7447125,2.4725244,0.28755763,2.4762337,0.7123217,2.5441837,0.34403735,2.5427542,0.7361933,2.7412586,0.31918064,2.7486694
4350.jpg,0.48157907,-0.47550872,0.55109054,-0.54072064,0.5855381,-0.53928226,0.62160146,-0.5361749,0.4229316,-0.53912663,0.38303718,-0.5375742,0.34415174,-0.5317429,0.6804997,-0.49084854,0.29640824,-0.48706916,0.5750641,-0.38818935,0.40123686,-0.38599232,1.0,0.007138514,0.0,0.0,0.9632272,0.48074234,-0.048443325,0.51733536,0.7319181,0.8048861,0.22799537,0.7987328,0.6844617,0.9072586,0.27798134,0.8944903,0.641678,0.8735791,0.314722,0.85414106,0.6458026,0.8257896,0.3098007,0.8134708,0.7623738,1.0017171,0.22148052,1.0,0.7658665,1.7926484,0.24866745,1.8054345,0.7534342,2.4867616,0.29116085,2.4926152,0.7206675,2.565448,0.34680608,2.5706778,0.74831426,2.7596467,0.3328505,2.7642872
4351.jpg,0.5018323,-0.48391634,0.5636656,-0.5483508,0.5962418,-0.5463099,0.6351309,-0.5429309,0.43794745,-0.5468733,0.39771366,-0.5443825,0.35765788,-0.53878677,0.6834592,-0.49803516,0.29689214,-0.49341425,0.5860767,-0.39491567,0.41487038,-0.39223173,1.0,0.00021779175,0.0,0.0,0.97502404,0.4821889,-0.041408252,0.52322084,0.72015744,0.82530075,0.23753963,0.8235603,0.6742941,0.9359282,0.29620633,0.9238519,0.6374259,0.9034795,0.33279833,0.89477336,0.6448849,0.84955615,0.32322177,0.84527147,0.7680842,1.0072818,0.22535536,1.0,0.7662207,1.8143264,0.25399467,1.8103662,0.7520047,2.496314,0.3019014,2.4900377,0.71724904,2.5743408,0.34489343,2.5657196,0.74903345,2.7732434,0.33577737,2.7724504
4352.jpg,0.49072075,-0.47777146,0.5552951,-0.5389277,0.5876283,-0.5384851,0.6242898,-0.53703254,0.4298204,-0.53579056,0.38831827,-0.53205585,0.34764448,-0.5276236,0.676703,-0.4952456,0.28956324,-0.4859198,0.5784026,-0.3886139,0.4056538,-0.38759437,1.0,-0.000788217,0.0,0.0,0.97860354,0.46144465,-0.058180053,0.5252207,0.7089406,0.8259601,0.20791154,0.82616633,0.66487074,0.9427324,0.26307186,0.92921835,0.6228528,0.9039483,0.30150595,0.9000313,0.62770414,0.846861,0.29376325,0.84925383,0.7683843,1.0055003,0.2250808,1.0,0.76322967,1.7914687,0.24813277,1.800454,0.75029767,2.4944685,0.28264025,2.4932878,0.7151681,2.567233,0.32950088,2.5675719,0.74020815,2.7704248,0.3184385,2.7701745
4353.jpg,0.486391,-0.48765746,0.55268586,-0.5496953,0.5849737,-0.5492255,0.620841,-0.5474024,0.42634264,-0.54449683,0.38423058,-0.5403941,0.34313086,-0.5347283,0.6738465,-0.50278425,0.28698942,-0.4901371,0.5752144,-0.39899737,0.40318194,-0.39606595,1.0,0.0076184818,0.0,0.0,0.9630266,0.4864644,-0.053623628,0.5193841,0.7106264,0.8542234,0.21464483,0.8428653,0.6701491,0.96718657,0.2673996,0.94561857,0.62686074,0.9315431,0.30525556,0.9210435,0.63066643,0.8767515,0.29726368,0.8668355,0.759301,1.0057737,0.22148809,1.0,0.7585021,1.7911689,0.2458885,1.8023762,0.74419653,2.492728,0.28300032,2.484124,0.706726,2.5660317,0.3224338,2.5588434,0.73659575,2.771678,0.33336052,2.7564342
4354.jpg,0.4994925,-0.5012524,0.5608023,-0.559679,0.592731,-0.5579852,0.6291933,-0.55494076,0.43591565,-0.5555889,0.3936834,-0.55052733,0.3510228,-0.5437765,0.67931753,-0.5074417,0.29131326,-0.49601412,0.58366627,-0.41065305,0.4141713,-0.40666777,1.0,0.007418427,0.0,0.0,0.95462155,0.49544695,-0.03594932,0.5312336,0.7204979,0.833264,0.23680998,0.8307996,0.66998273,0.9413179,0.29255322,0.9350382,0.6290217,0.9076843,0.32483867,0.907689,0.6384408,0.8580809,0.31528458,0.8548879,0.759226,1.0044342,0.22291839,1.0,0.7665744,1.794798,0.25005034,1.8059932,0.74634653,2.496208,0.28854915,2.4963346,0.70642203,2.5658267,0.32673663,2.5718436,0.74258834,2.7797089,0.3471862,2.771312
4355.jpg,0.4964748,-0.49939588,0.5605755,-0.557647,0.59261966,-0.55572057,0.6280789,-0.55269635,0.43410638,-0.55429804,0.39088294,-0.5500508,0.34879124,-0.54412,0.6788127,-0.5070819,0.2934131,-0.49765697,0.58167595,-0.4092932,0.41007325,-0.4057987,1.0,0.0061293077,0.0,0.0,0.95711464,0.48781893,-0.022986755,0.5285565,0.73140365,0.8302878,0.23982967,0.8261944,0.68310535,0.9391027,0.2929042,0.92699367,0.64193577,0.905865,0.32502112,0.897734,0.6516644,0.8639334,0.31608564,0.84695184,0.75752425,1.0051877,0.22253476,1.0,0.76726043,1.8036019,0.25813237,1.7997663,0.7579613,2.4841042,0.29749784,2.4667003,0.71827656,2.5611641,0.33936512,2.5409758,0.7464751,2.7573805,0.3309468,2.745947
4358.jpg,0.50313395,-0.5197746,0.56696826,-0.580536,0.5990978,-0.57877,0.6329281,-0.57596576,0.43999568,-0.5782973,0.3989838,-0.57551795,0.3588648,-0.569895,0.69120425,-0.52797246,0.30472985,-0.51652586,0.5915741,-0.4282818,0.42200136,-0.4222076,1.0,-0.011743999,0.0,0.0,0.9707207,0.46190938,-0.004650611,0.54507476,0.69319093,0.8085189,0.25957885,0.8044593,0.6556644,0.9101148,0.31404483,0.8926596,0.6186423,0.8746066,0.3491749,0.8613189,0.6250757,0.8296769,0.3370656,0.8153855,0.7666141,1.01109,0.22990997,1.0,0.77160275,1.8173355,0.26837534,1.8216698,0.77790666,2.504149,0.32220685,2.5305088,0.73096585,2.5926776,0.379519,2.613419,0.7639918,2.7828724,0.3490073,2.7949572
4359.jpg,0.4879111,-0.51320463,0.554213,-0.577165,0.5907106,-0.5758582,0.6205729,-0.5723164,0.4251188,-0.57349217,0.38345104,-0.5689952,0.3399883,-0.56181145,0.6836223,-0.5209911,0.29585767,-0.5051725,0.58058625,-0.4222845,0.40943906,-0.4168008,1.0,0.0020251842,0.0,0.0,0.97032607,0.4756835,-0.015098723,0.5327035,0.7165018,0.82288265,0.23221467,0.8251521,0.6661866,0.9342555,0.28476822,0.92393,0.628058,0.90081674,0.31808788,0.89703393,0.6358231,0.84905875,0.31081232,0.84677106,0.76347,1.0043902,0.22907926,1.0,0.76155496,1.7907432,0.26754647,1.7993499,0.77775294,2.4949548,0.31735516,2.5075405,0.729449,2.5766592,0.36091357,2.5870445,0.75074345,2.770054,0.36109814,2.7781847
4360.jpg,0.48896617,-0.5086605,0.55458224,-0.57495254,0.5898576,-0.573951,0.6201778,-0.5706713,0.42877188,-0.5684919,0.38595784,-0.5624562,0.34336805,-0.5549286,0.6807503,-0.52040994,0.29546556,-0.5012454,0.57973987,-0.42016876,0.41268477,-0.41372713,1.0,0.00053345715,0.0,0.0,0.960448,0.48636487,-0.009235562,0.541115,0.706584,0.831383,0.24317059,0.8346137,0.6526986,0.9382755,0.2969358,0.9344927,0.6142219,0.9044646,0.32650378,0.9057794,0.6241156,0.85434055,0.31870326,0.85482574,0.7597775,1.003567,0.22711866,1.0,0.7717832,1.8046428,0.2669184,1.8188962,0.7814224,2.5161726,0.32435957,2.5208397,0.7341414,2.613096,0.37140808,2.6015687,0.7668803,2.784737,0.35918134,2.792336
4361.jpg,0.48922217,-0.49629682,0.55449814,-0.5524678,0.58744246,-0.5509292,0.61999637,-0.5487854,0.42874476,-0.54853415,0.3844831,-0.5433845,0.34416923,-0.5381378,0.6794581,-0.50509065,0.2919623,-0.49103,0.5792052,-0.40566292,0.40908375,-0.4014428,1.0,0.0049752668,0.0,0.0,0.9635181,0.48248944,-0.035722088,0.5227651,0.72033507,0.8132876,0.22015467,0.80919945,0.67154837,0.92271334,0.2741842,0.9140589,0.62833005,0.88801533,0.30717444,0.8870537,0.6352952,0.8364308,0.299233,0.83547693,0.75590837,1.0022708,0.2257739,1.0,0.77056444,1.7791305,0.26753956,1.7878417,0.7834126,2.4861584,0.31938303,2.4838672,0.74171984,2.5743022,0.36979792,2.5690243,0.75927657,2.754109,0.358156,2.7522492
4362.jpg,0.48586783,-0.49469784,0.551853,-0.5520445,0.5856818,-0.55075765,0.6218387,-0.5481614,0.4242116,-0.54746395,0.37986842,-0.542503,0.33944604,-0.53631604,0.6781457,-0.50166494,0.28660983,-0.4898094,0.5767399,-0.40494165,0.40076613,-0.39999872,1.0,0.006726039,0.0,0.0,0.9718186,0.47600862,-0.029548468,0.5326702,0.7131797,0.80411345,0.22179462,0.8046358,0.65980846,0.9139704,0.2734158,0.9068685,0.6182745,0.87659997,0.3078416,0.8777109,0.62927294,0.82525516,0.30098358,0.8294739,0.7617092,1.0029343,0.22325212,1.0,0.774613,1.795493,0.26162565,1.8073188,0.7907093,2.502604,0.32325876,2.5123165,0.7469196,2.5978968,0.37451506,2.5956993,0.7720176,2.7581022,0.36914805,2.7707772
