2763.jpg,8.001442,1.6488932,9.579093,1.1664212,9.605979,1.0532727,9.680397,0.8976309,9.595769,1.2504396,9.617681,1.2153512,9.653878,1.171533,9.312576,-0.22735427,9.197915,0.23087114,6.5733438,1.256508,6.537475,1.4098003,1.0,-1.8402919,0.0,-0.0,-9.0541315,-3.7283196,-9.13909,-0.50096536,-13.126943,1.4300163,-12.956302,1.9470006,-15.211843,2.3044786,-15.194634,2.6982749,-14.264271,2.5814106,-14.363495,2.8329997,-13.661447,2.260922,-13.649484,2.5242379,-22.920414,-0.5656589,-22.519503,1.0,-33.38629,8.3136835,-33.093624,9.01432,-38.4906,-0.54387164,-38.134914,0.5178962,-37.065304,-2.0048356,-36.298306,-1.1003939,-46.476017,-1.8617524,-45.56142,-0.92818063
2764.jpg,7.851758,1.8143289,9.522021,1.2566882,9.566257,1.1432477,9.63616,0.99140126,9.524644,1.3545059,9.560335,1.3131281,9.602016,1.2685661,9.245599,-0.24917941,9.115909,0.2634177,6.50976,1.3704265,6.4527297,1.5633277,1.0,-1.944273,0.0,-0.0,-9.137278,-3.9697301,-9.206918,-1.110193,-13.171381,1.4731519,-13.082763,2.1438339,-15.2885,2.414168,-15.277574,2.9198995,-14.2819195,2.7143662,-14.35844,3.0705388,-13.657141,2.3768835,-13.6387825,2.7557726,-23.03092,-0.7436191,-22.604853,1.0,-33.141174,8.685823,-33.046608,9.286816,-38.653927,-0.6884402,-38.331295,0.48531815,-37.376728,-2.2576609,-36.548073,-1.1823919,-46.607746,-2.0802305,-45.75608,-1.0483576
2765.jpg,8.496196,1.8255893,10.168314,1.2898804,10.228835,1.1565409,10.289838,0.98505634,10.1361685,1.3896443,10.163429,1.3504885,10.206357,1.3048853,9.718119,-0.25296354,9.592027,0.22543076,6.874543,1.3864901,6.827805,1.5533609,1.0,-2.1020162,0.0,-0.0,-9.70839,-4.256897,-9.915004,-1.122734,-14.204678,1.4567342,-13.991746,2.2280133,-16.506733,2.4715996,-16.34562,3.090305,-15.366315,2.8091621,-15.388557,3.277332,-14.673614,2.434465,-14.646977,3.031034,-24.556498,-0.78417784,-24.085396,1.0,-35.206455,9.255774,-34.94112,10.038074,-40.98091,-0.66854143,-40.581833,0.50679815,-39.52027,-2.3639317,-38.943943,-1.3818015,-49.461266,-2.0520647,-48.475567,-1.004515
2766.jpg,7.9325085,2.0739665,9.497454,1.4952904,9.519592,1.3497571,9.55551,1.1627607,9.519458,1.6131793,9.540875,1.5688682,9.56776,1.51944,9.049408,-0.2628392,8.963439,0.32445988,6.366179,1.5658518,6.325832,1.7529678,1.0,-2.2970173,0.0,-0.0,-9.324227,-4.4784107,-9.591207,-1.2865964,-13.248684,1.7705352,-13.37376,2.525084,-15.28856,2.8639493,-15.430654,3.3929768,-14.196633,3.1961052,-14.455973,3.6173096,-13.55551,2.779947,-13.789271,3.3591201,-22.796469,-0.9927861,-22.51276,1.0,-32.562557,10.331304,-32.525692,11.027106,-38.14647,-0.71596396,-37.9312,0.64256936,-36.79298,-2.588581,-36.390236,-1.3240113,-46.1514,-2.343414,-45.51841,-0.99222547
2767.jpg,9.131678,2.3804388,11.027489,1.6980858,11.067356,1.5362301,11.142623,1.3209724,11.0376,1.8154315,11.059209,1.7648529,11.090004,1.70921,10.661085,-0.33017245,10.459489,0.38051468,7.4995375,1.832827,7.4685163,2.0495405,1.0,-2.6523645,0.0,-0.0,-10.780304,-5.35665,-10.475321,-1.3379164,-15.567052,1.8498088,-15.039393,2.5868635,-17.977251,3.0736206,-17.700783,3.4899645,-16.757656,3.5228522,-16.619411,3.9200532,-15.997833,3.0462952,-15.712033,3.4152803,-27.311121,-0.97319776,-26.908026,1.0,-38.22726,11.379156,-38.356678,11.9019575,-44.75887,-0.7939339,-44.701504,0.46854717,-43.09798,-2.8841906,-42.828022,-1.8005216,-53.380424,-2.5461938,-53.138844,-1.3649887
2768.jpg,7.6862764,2.3350053,9.165528,1.764044,9.225523,1.5718546,9.317632,1.3376263,9.155907,1.8968953,9.187629,1.8500882,9.240448,1.7898526,8.946942,-0.24519914,8.787367,0.39255264,6.2106175,1.8170034,6.1745954,2.0128205,1.0,-2.449622,0.0,-0.0,-9.001911,-5.203211,-8.951327,-1.5508436,-13.225809,1.6679304,-12.705386,2.6428933,-15.331582,2.9173107,-14.921861,3.7755895,-14.34064,3.3715668,-14.030671,4.002114,-13.69006,2.9139977,-13.384162,3.5203168,-22.988758,-0.9713228,-22.711119,1.0,-32.266705,11.59906,-32.285748,12.314544,-37.980858,-0.78336906,-37.76472,0.57016444,-36.7495,-2.9499218,-36.32301,-1.7332908,-45.63426,-2.484594,-45.068607,-1.2868352
2769.jpg,7.5924115,2.328652,9.107444,1.7413765,9.172526,1.5449508,9.2682,1.310797,9.089892,1.876344,9.118903,1.8272417,9.171323,1.7615005,8.847159,-0.2639428,8.708015,0.35102814,6.136399,1.8035576,6.098231,2.0055158,1.0,-2.4530518,0.0,-0.0,-8.809433,-5.2794495,-8.816944,-1.6158944,-12.848475,1.5595047,-12.455684,2.5220106,-15.012889,2.8051622,-14.703071,3.4928317,-14.054328,3.2628438,-13.835606,3.8965013,-13.397228,2.8420002,-13.186365,3.3969755,-22.717638,-0.9432301,-22.447237,1.0,-31.490438,11.411751,-31.661903,12.208857,-37.262283,-0.6348692,-37.08729,0.5327244,-36.01054,-2.7189794,-35.740837,-1.7304914,-44.583385,-2.3167431,-44.329376,-1.3623228
2770.jpg,7.5890646,2.4683611,9.085681,1.8331043,9.140496,1.6437471,9.208448,1.4093441,9.075441,1.9641182,9.109223,1.9131948,9.161706,1.8524065,8.750039,-0.22055973,8.624328,0.45324892,6.1111584,1.9291971,6.088264,2.1280358,1.0,-2.553796,0.0,-0.0,-8.682041,-5.5601187,-8.685096,-1.6566433,-12.799633,1.7138584,-12.358592,2.7233663,-14.95135,2.9937568,-14.582705,3.8886452,-13.986308,3.4723794,-13.731551,4.1615424,-13.333207,3.0140858,-13.096873,3.6788006,-22.2905,-1.0637403,-21.983261,1.0,-31.041355,12.135601,-31.11718,12.83903,-36.66491,-1.0129005,-36.46598,0.42769465,-35.43129,-3.2591555,-35.090324,-1.9954884,-44.169296,-2.812022,-43.64944,-1.466731
2771.jpg,7.603732,2.3611465,9.126901,1.7542584,9.183029,1.5717821,9.273563,1.3452656,9.113399,1.8766439,9.137768,1.8255723,9.185767,1.7589248,8.834808,-0.2256223,8.711879,0.38669086,6.157997,1.8335445,6.1269,2.0246882,1.0,-2.5199518,0.0,-0.0,-8.675662,-5.2365317,-8.731389,-1.5065418,-12.822231,1.7244462,-12.453276,2.770792,-14.956747,2.9645126,-14.637959,3.7643201,-13.996038,3.4316552,-13.885798,4.0402303,-13.351192,2.9645126,-13.184898,3.7497277,-22.419436,-0.98044866,-22.222256,1.0,-31.254782,11.59302,-31.435265,12.388098,-36.966213,-0.90890175,-36.89693,0.3983589,-35.70178,-3.0143976,-35.49131,-1.8467723,-44.48987,-2.6686106,-44.176067,-1.354344
2907.jpg,8.173475,2.3102427,9.70878,1.680386,9.7268715,1.5247335,9.768733,1.3237646,9.739542,1.8047584,9.765167,1.7541434,9.802167,1.6952722,9.298518,-0.25579172,9.266842,0.30786923,6.5792775,1.7492085,6.5481224,1.9369416,1.0,-2.453366,0.0,-0.0,-9.494328,-4.8483224,-9.567629,-1.0230525,-13.58797,2.2146297,-13.885889,3.0009274,-15.602683,3.341972,-16.002928,3.841733,-14.46166,3.7129774,-14.911101,4.0314474,-13.816526,3.2825005,-14.196016,3.75945,-23.363647,-0.9030226,-23.10369,1.0,-32.868336,11.403891,-33.048035,11.947154,-38.734802,-0.65268457,-38.9158,0.4890661,-37.382717,-2.782335,-37.33383,-1.8382525,-47.03117,-2.2973132,-46.846207,-1.0581113
2908.jpg,7.2238774,2.1711264,8.579544,1.595579,8.600998,1.4534203,8.64577,1.2711222,8.603855,1.7029078,8.629186,1.652078,8.666806,1.5918615,8.2585535,-0.18631883,8.226133,0.30863532,5.824196,1.6578988,5.7985435,1.8156328,1.0,-2.2421737,0.0,-0.0,-8.273388,-4.4027386,-8.437502,-0.83464515,-11.835381,2.0502121,-12.122896,2.788522,-13.683687,3.0592313,-13.983938,3.5596423,-12.729364,3.4086046,-13.115788,3.699266,-12.1446295,3.0274062,-12.50534,3.454705,-20.672234,-0.8510124,-20.468328,1.0,-29.076344,10.5820465,-29.224997,11.15291,-34.259285,-0.63445646,-34.43664,0.55380267,-33.07597,-2.570026,-32.99306,-1.5405884,-41.64208,-2.1164162,-41.416153,-0.8316855
2909.jpg,7.75991,2.1366565,9.267382,1.553893,9.2884245,1.4234334,9.32905,1.2568065,9.293074,1.6624695,9.319532,1.6106496,9.355575,1.553427,8.882934,-0.121645205,8.842166,0.3259495,6.2491145,1.6192999,6.220762,1.780595,1.0,-2.1606126,0.0,-0.0,-9.008836,-4.3930755,-9.165571,-0.80191875,-13.008863,1.7829067,-13.111138,2.5850751,-14.990464,2.841617,-15.206945,3.458225,-13.807875,3.166929,-14.235942,3.673439,-13.185818,2.7816017,-13.532254,3.4081163,-22.381712,-0.8424634,-22.110636,1.0,-31.724346,10.369488,-31.713692,10.9196415,-37.17341,-0.5905525,-37.13951,0.580325,-35.922707,-2.4810252,-35.633118,-1.4508572,-45.075764,-2.1048665,-44.474655,-1.0412531
2910.jpg,8.210624,2.2552142,9.790132,1.6519941,9.810322,1.5055263,9.856902,1.317872,9.821518,1.7790225,9.849856,1.7310635,9.889004,1.6774187,9.408592,-0.18622892,9.379999,0.35288444,6.5932026,1.7002996,6.5644464,1.8847921,1.0,-2.2790678,0.0,-0.0,-9.842708,-4.592994,-10.004466,-0.8475826,-14.085208,2.003335,-14.289519,2.8731213,-16.200682,3.071344,-16.484837,3.660889,-15.001254,3.4061275,-15.496125,4.032284,-14.322599,3.0245583,-14.788581,3.629129,-24.123386,-0.82830447,-23.791752,1.0,-34.187313,10.923805,-34.19268,11.455146,-40.398037,-0.6429812,-40.30196,0.5869306,-39.023087,-2.6399295,-38.82206,-1.4818225,-48.66112,-2.1533074,-48.31668,-0.82488275
2911.jpg,7.119858,2.2450068,8.282367,1.6621441,8.312486,1.4722614,8.359498,1.2514912,8.307221,1.8084596,8.341986,1.7668835,8.388146,1.7172602,7.958602,-0.35788846,7.9344234,0.36398032,5.670596,1.7027683,5.6601024,1.9082613,1.0,-2.486555,0.0,-0.0,-7.996992,-4.5804157,-8.115605,-1.0900294,-11.344785,2.1348338,-11.525582,2.9173791,-13.098277,3.1886928,-13.3242235,3.7216587,-12.210858,3.574895,-12.494219,3.8970137,-11.652876,3.1666296,-11.906786,3.6485722,-19.751478,-0.98137546,-19.552351,1.0,-27.784405,11.063925,-27.906923,11.587234,-32.824883,-0.6751844,-32.978313,0.5827398,-31.67965,-2.7129292,-31.650812,-1.623007,-39.78535,-2.3144088,-39.44481,-1.1314785
2912.jpg,7.703154,2.3213172,9.000512,1.7236534,9.0331955,1.5357994,9.088036,1.3108929,9.028096,1.866341,9.067678,1.8203866,9.122053,1.7658855,8.652069,-0.34989226,8.641698,0.3604431,6.0924673,1.7578244,6.0725574,1.9522661,1.0,-2.443752,0.0,-0.0,-8.923075,-4.7608204,-9.045676,-1.1090839,-12.584326,2.2413063,-12.645106,2.9957592,-14.496902,3.371349,-14.667081,3.8809366,-13.445671,3.7415879,-13.6625395,4.0566154,-12.811849,3.30944,-12.9921055,3.7814934,-21.721365,-1.0287098,-21.433327,1.0,-30.47834,11.503967,-30.607292,11.957233,-35.98097,-0.5265057,-36.144394,0.62967134,-34.655655,-2.6386344,-34.57604,-1.683597,-43.695835,-2.33806,-43.415447,-1.1186103
2913.jpg,8.140329,2.1684513,9.487662,1.6101499,9.521663,1.429023,9.571976,1.217314,9.522701,1.7427335,9.573139,1.6933835,9.63765,1.6335951,9.054175,-0.35611856,9.071128,0.26085636,6.4541864,1.6444427,6.43814,1.8213171,1.0,-2.4157743,0.0,-0.0,-9.34105,-4.6052194,-9.205336,-1.1407807,-13.051982,2.0745883,-12.786417,2.7851844,-15.07742,3.167387,-15.021367,3.6332288,-13.947894,3.541993,-13.96661,3.8603146,-13.29435,3.1293328,-13.30623,3.6002846,-22.601315,-0.8535597,-22.299109,1.0,-31.785072,11.00186,-31.826672,11.370541,-37.570107,-0.5120968,-37.524193,0.4811366,-36.328964,-2.5387304,-36.109505,-1.6450781,-45.45397,-2.1313636,-45.068058,-1.1355149
2914.jpg,7.1565557,2.2704859,8.505997,1.6518149,8.524767,1.4827158,8.561566,1.2675066,8.52568,1.7839622,8.541602,1.7409497,8.5658455,1.6898034,8.138885,-0.32324445,8.07671,0.3104211,5.7759156,1.7195721,5.7494736,1.9092939,1.0,-2.5262873,0.0,-0.0,-8.143557,-4.973684,-8.203106,-1.1073904,-11.59083,2.134792,-11.558523,2.931794,-13.470443,3.2840154,-13.468379,3.7844317,-12.621474,3.6921704,-12.6674795,4.0356092,-11.985978,3.2463942,-12.118921,3.780432,-20.316635,-0.9779326,-20.099512,1.0,-28.229416,11.450576,-28.44382,11.894964,-33.62933,-0.46090147,-33.605385,0.5319318,-32.450855,-2.643383,-32.25688,-1.7323465,-40.640766,-2.4855442,-40.367344,-1.4583752
2915.jpg,7.202485,2.2530286,8.40706,1.6421391,8.439737,1.4494258,8.475596,1.2387667,8.429261,1.7834452,8.477603,1.7234654,8.533239,1.6513304,7.987517,-0.3816215,8.020569,0.19563283,5.749032,1.681205,5.719852,1.886199,1.0,-2.638427,0.0,-0.0,-8.073441,-4.7356772,-8.126279,-1.0845531,-11.217808,2.2140963,-11.211912,3.0655398,-12.941624,3.319818,-13.048949,3.8652973,-12.020386,3.7192197,-12.1244135,4.0865507,-11.436831,3.273599,-11.565917,3.8422968,-19.733023,-0.97930855,-19.543756,1.0,-27.460785,11.285835,-27.669178,11.768281,-32.730682,-0.4794824,-32.807003,0.60668826,-31.742294,-2.5786455,-31.616415,-1.521852,-39.568115,-2.2251961,-39.443226,-0.986668
3071.jpg,8.041785,2.274676,9.609995,1.6341822,9.687518,1.4275485,9.779792,1.1915517,9.554587,1.7909396,9.582078,1.747391,9.635221,1.6903304,9.298936,-0.36824048,9.157701,0.4061906,6.6088576,1.7459645,6.5558863,2.0060966,1.0,-2.5549548,0.0,-0.0,-8.832649,-4.69875,-9.134276,-1.455768,-12.850879,2.2379732,-12.778502,2.5513647,-15.010646,3.3296487,-14.956622,3.2874868,-14.079191,3.7200322,-14.123224,3.525739,-13.451394,3.2698348,-13.49662,3.289001,-23.088083,-1.0111133,-22.80452,1.0,-31.37508,10.7841015,-31.734911,11.553333,-37.21781,-0.4945111,-36.745335,0.92183644,-36.083103,-2.6240532,-35.28144,-1.4562063,-45.047733,-2.243982,-44.29503,-0.97256947
3072.jpg,6.9397497,2.6467752,8.273037,1.9023404,8.325972,1.7231745,8.410618,1.4941413,8.253475,2.0296118,8.276678,1.9649603,8.32293,1.8879633,8.022173,-0.18661226,7.9301553,0.44274062,5.7647157,2.031219,5.7001185,2.2771764,1.0,-2.81493,0.0,-0.0,-7.358648,-5.168406,-7.722989,-1.6955855,-10.742315,2.3322937,-10.908607,2.726614,-12.769006,3.5219252,-12.919799,3.6091626,-11.945281,4.007338,-11.963075,3.887565,-11.353879,3.5630596,-11.3911295,3.62545,-19.571325,-1.097287,-19.403217,1.0,-26.785357,11.465227,-27.101835,12.305073,-31.728699,-0.51579577,-31.460815,1.1121017,-30.73727,-2.8731618,-30.356628,-1.5265559,-38.556305,-2.648993,-38.047684,-1.1865863
3073.jpg,7.534036,2.8343308,8.959262,1.9875333,9.014472,1.7703348,9.10171,1.4974887,8.943362,2.1568103,8.970634,2.1014931,9.0241995,2.028823,8.644466,-0.3882695,8.584694,0.47298816,6.2251415,2.1606998,6.1926947,2.4799945,1.0,-3.1573403,0.0,-0.0,-7.9660645,-5.805503,-8.27727,-1.8554133,-11.600637,2.527576,-11.772827,2.9382017,-13.680038,3.8428738,-13.880841,3.8571687,-12.795845,4.385119,-12.897852,4.173935,-12.173678,3.8732429,-12.264593,3.906972,-21.251175,-1.4156387,-21.04741,1.0,-29.016771,13.095804,-29.342297,14.041562,-34.26897,-0.43008912,-33.854977,1.1484132,-33.33615,-2.9594202,-32.63366,-1.7416917,-41.52011,-2.732896,-40.946644,-1.4108641
3074.jpg,6.517278,2.8691032,7.8425174,2.0690107,7.893349,1.8889714,7.9604325,1.6531825,7.8208222,2.2154634,7.8543954,2.1482997,7.8964405,2.0775714,7.617227,-0.17837238,7.49128,0.5923214,5.4350677,2.1923907,5.374891,2.4595268,1.0,-2.8894286,0.0,-0.0,-7.204397,-5.392954,-7.610824,-1.7458386,-10.413962,2.6080296,-10.751166,2.8582847,-12.327921,3.840337,-12.6628275,3.7864342,-11.516107,4.374189,-11.929975,4.053649,-10.949467,3.8860025,-11.160259,3.7990258,-19.113136,-1.2102505,-18.888346,1.0,-26.130545,12.456123,-26.329802,13.155351,-30.80912,-0.37030128,-30.481443,1.0748656,-29.852083,-2.925227,-29.296968,-1.730389,-37.394627,-2.7362993,-36.76687,-1.4304374
3075.jpg,7.2149734,2.9342875,8.594437,2.0929265,8.643994,1.8983916,8.724022,1.6505969,8.578916,2.2421768,8.604738,2.1737564,8.65433,2.0903485,8.291996,-0.18642078,8.217726,0.51596874,5.9959683,2.2420855,5.9377327,2.5240397,1.0,-3.0793388,0.0,-0.0,-7.6682773,-5.628635,-8.000825,-1.7302675,-11.166021,2.738026,-11.350644,3.023044,-13.126083,4.011678,-13.378857,3.9362981,-12.275397,4.543318,-12.354162,4.2255588,-11.677814,4.0306387,-11.775414,3.959626,-20.388443,-1.4477793,-20.191633,1.0,-27.892488,12.904366,-28.202038,13.975681,-33.004986,-0.7163622,-32.5861,1.1686051,-32.140125,-3.2633064,-31.461418,-1.7881157,-40.091705,-2.7415562,-39.27759,-1.0537598
3076.jpg,7.653081,2.6451542,9.140795,1.8214628,9.205335,1.5788348,9.275551,1.2745998,9.082781,2.0219967,9.102468,1.9778903,9.133842,1.9268425,8.820719,-0.6750102,8.631257,0.36989656,6.3450565,1.9656916,6.288648,2.3278666,1.0,-3.2842016,0.0,-0.0,-8.3261595,-6.099965,-8.548964,-1.7668805,-11.705224,2.5281699,-11.755133,3.1366348,-13.728884,3.9563107,-13.958454,3.9938982,-12.911126,4.4434714,-12.955696,4.635675,-12.298323,3.8847582,-12.448854,4.0682487,-21.338078,-1.5208064,-21.103683,1.0,-29.296719,13.216095,-29.578007,14.022296,-34.586216,-0.7642493,-34.231285,1.1163952,-33.647327,-3.2949424,-33.155773,-1.8708268,-41.833015,-2.8163378,-41.077328,-1.187275
3077.jpg,8.115346,2.8793542,9.64856,2.0372608,9.700679,1.8230679,9.790449,1.5568823,9.649252,2.1965342,9.683429,2.1370206,9.747567,2.060856,9.330384,-0.303776,9.309555,0.49398613,6.7004128,2.225043,6.6698437,2.5341303,1.0,-3.142317,0.0,-0.0,-8.711083,-5.637045,-8.918394,-1.8071488,-12.527583,2.7088382,-12.8776,2.9915195,-14.722808,4.0107193,-15.0840845,3.9385238,-13.759016,4.5385695,-14.186861,4.214881,-13.096388,4.0055437,-13.342137,3.939493,-23.004025,-1.4445909,-22.616173,1.0,-31.39185,13.063589,-31.63448,13.978096,-37.070206,-0.5125027,-36.558613,1.0983543,-35.9663,-3.1166625,-35.09045,-1.8886391,-44.85227,-2.737003,-44.07745,-1.4429141
3193.jpg,7.010212,2.7997432,8.440591,1.9601692,8.509854,1.7304462,8.591784,1.4490097,8.409381,2.118041,8.459892,2.0454023,8.52405,1.959582,8.251485,-0.46709412,8.123867,0.26896653,5.8891225,2.103919,5.8124824,2.397506,1.0,-3.2920449,0.0,-0.0,-7.3931227,-5.9793806,-8.001297,-1.4624774,-10.929222,2.2867026,-11.276158,2.8431737,-12.955377,3.6379135,-13.356316,3.803949,-12.119834,4.131886,-12.590686,4.099541,-11.515776,3.6433847,-11.78785,3.8081315,-19.91475,-1.4685932,-19.841675,1.0,-27.261791,12.745919,-27.856379,13.75733,-32.621487,-0.69820637,-32.369637,0.80766827,-31.65409,-3.1527157,-31.193663,-1.9080735,-39.497448,-2.667394,-39.028355,-1.4088398
3194.jpg,7.329999,2.6390414,8.793321,1.8587215,8.86144,1.6159978,8.955363,1.3259263,8.765607,2.029697,8.794372,1.9740602,8.84923,1.9008207,8.545088,-0.5499697,8.45359,0.34316337,6.034765,1.9938806,6.007796,2.3004339,1.0,-3.2933092,0.0,-0.0,-7.841951,-5.7882195,-8.235655,-1.6478164,-11.63627,2.3459055,-11.628123,2.9178798,-13.765457,3.7146046,-13.851866,3.9003155,-12.94586,4.214061,-13.13863,4.179053,-12.322344,3.7109387,-12.308951,3.857206,-21.037611,-1.4450607,-20.886246,1.0,-28.79019,12.9831,-29.20069,13.818243,-34.329628,-0.8402625,-34.15528,0.88366544,-33.175278,-3.3410034,-32.817314,-2.0228128,-41.600147,-2.7528265,-41.068897,-1.234098
3195.jpg,7.424632,2.3938537,8.910352,1.7072593,8.978085,1.50042,9.0735445,1.2502586,8.886263,1.848799,8.918151,1.7962883,8.977455,1.7272025,8.674483,-0.4137167,8.586175,0.34333938,6.109106,1.8230987,6.0767035,2.0821617,1.0,-2.8356302,0.0,-0.0,-8.053245,-5.0687904,-8.416416,-1.5523483,-11.919836,2.0610156,-12.069268,2.5248413,-14.084183,3.2719533,-14.2628765,3.4057605,-13.243295,3.717503,-13.570461,3.661029,-12.626518,3.2649636,-12.7776,3.392921,-21.340197,-1.117401,-21.202774,1.0,-29.17514,11.496715,-29.617846,12.126484,-34.7682,-0.42230597,-34.482147,0.83520806,-33.456013,-2.6467671,-32.880627,-1.6861006,-41.878414,-2.3943813,-41.650803,-1.4603268
3196.jpg,6.3345885,2.9281802,7.5138693,2.033975,7.568094,1.7795439,7.6462693,1.4709053,7.4895706,2.219106,7.509763,2.1548615,7.5530367,2.073675,7.2830367,-0.58284515,7.2196503,0.33270428,5.2719555,2.1891978,5.2281895,2.535054,1.0,-3.771155,0.0,-0.0,-6.2596,-6.5517464,-6.813578,-2.016586,-9.464077,2.3730795,-9.725748,3.0309393,-11.2675085,3.8827336,-11.563937,4.1576843,-10.628887,4.4376163,-10.925475,4.498442,-10.1096945,3.8903408,-10.248338,4.146037,-17.19599,-1.7001648,-17.160204,1.0,-23.668478,14.187683,-24.045265,15.1815,-28.288788,-0.9102387,-28.057734,0.8407049,-27.32497,-3.6658232,-26.943178,-2.318904,-34.258568,-3.3167403,-33.8431,-1.8815852
3197.jpg,6.4433575,2.5439045,7.6447644,1.7844234,7.6963205,1.5881352,7.7775993,1.3357416,7.627609,1.9275274,7.650392,1.8699995,7.6972413,1.7988143,7.4358587,-0.40880835,7.3708224,0.31643057,5.3825054,1.9138657,5.3342934,2.1949558,1.0,-3.1393003,0.0,-0.0,-6.4127584,-5.488875,-6.994188,-1.6991353,-9.665869,2.0740976,-10.044749,2.5963817,-11.505742,3.3411028,-11.849685,3.57184,-10.851092,3.8160412,-11.204361,3.8731866,-10.318272,3.3398829,-10.720836,3.565412,-17.62799,-1.3469366,-17.45138,1.0,-24.10955,11.909671,-24.404161,12.9321995,-28.827623,-0.60489845,-28.420261,1.0003691,-27.809694,-2.9320602,-27.24405,-1.6222018,-34.83438,-2.7559025,-34.209694,-1.5137945
3198.jpg,6.731001,2.5712154,7.9964037,1.8085356,8.054248,1.5936204,8.140259,1.3293016,7.9736705,1.9660246,7.9964423,1.9101921,8.043878,1.8389632,7.7666855,-0.44468796,7.688891,0.3175351,5.613491,1.9283099,5.5574217,2.2221477,1.0,-3.19172,0.0,-0.0,-6.8266377,-5.610044,-7.3743014,-1.722618,-10.23419,2.0280442,-10.59647,2.6369057,-12.189507,3.3092754,-12.485386,3.6302943,-11.48165,3.7881167,-11.81464,3.9370582,-10.913563,3.3320684,-11.108209,3.6160896,-18.583286,-1.333242,-18.433863,1.0,-25.378727,12.2077465,-25.82232,13.09668,-30.331749,-0.492594,-30.072063,0.96730775,-29.269484,-2.8724911,-28.847286,-1.6839854,-36.6444,-2.6452386,-36.282673,-1.5601611
3199.jpg,6.6349835,2.7436135,7.928064,1.9399903,7.9917326,1.6953522,8.07528,1.40574,7.899371,2.1061876,7.926642,2.0417557,7.978582,1.9554238,7.703184,-0.53852993,7.6132684,0.34339145,5.458574,2.0695617,5.433522,2.3750398,1.0,-3.4170463,0.0,-0.0,-7.023145,-6.0200424,-7.2500567,-1.7311969,-10.489588,2.2218635,-10.517992,2.8893409,-12.332206,3.5584939,-12.422458,3.7897375,-11.647861,4.0938005,-11.813729,4.1239357,-11.102457,3.6330183,-11.101605,3.8566165,-18.918274,-1.4879936,-18.829725,1.0,-25.546352,13.247252,-26.04808,14.014652,-30.475624,-0.66633254,-30.331104,0.89625436,-29.554577,-3.2257993,-29.2088,-2.0004325,-36.953445,-2.7282143,-36.643612,-1.322892
3200.jpg,6.8324986,2.322028,8.21043,1.7187365,8.257462,1.5240394,8.340535,1.2793705,8.199232,1.8566662,8.214783,1.8068208,8.244678,1.746865,8.079984,-0.399884,7.9342785,0.29619354,5.5952306,1.7375659,5.5536313,1.9641949,1.0,-2.7383466,0.0,-0.0,-7.7201357,-5.4647818,-7.930873,-1.5148537,-11.258026,2.1583161,-11.210945,2.8804898,-13.184654,3.4042935,-13.148081,3.9625766,-12.291012,3.8417754,-12.402668,4.2766967,-11.698315,3.360956,-11.773456,3.818785,-19.943245,-1.2333896,-19.663307,1.0,-27.42113,11.95842,-27.528002,12.893187,-32.741398,-0.67327464,-32.455948,0.80165654,-31.55305,-2.8104193,-31.06798,-1.6363616,-39.476196,-2.7290301,-38.90123,-1.4686809
3201.jpg,7.294076,2.411783,8.796395,1.7714218,8.833515,1.6090739,8.910309,1.3914711,8.79597,1.8912762,8.814241,1.8388721,8.845587,1.7759202,8.576355,-0.22879207,8.433375,0.3797494,6.0198417,1.8282655,5.9787745,2.0301428,1.0,-2.6181796,0.0,-0.0,-8.138679,-5.234242,-8.356731,-1.2870864,-12.026919,1.919306,-11.912882,2.9614055,-14.124363,3.143864,-14.0108385,3.8784645,-13.221433,3.5648365,-13.254198,4.1417847,-12.576213,3.1151254,-12.593908,3.705246,-21.331533,-1.0750133,-21.154882,1.0,-29.374449,11.572873,-29.655655,11.945156,-34.905308,-0.5862131,-34.91098,0.72732264,-33.631287,-2.7250545,-33.39497,-1.6820664,-41.967255,-2.3878489,-41.675243,-1.233521
3337.jpg,8.039942,2.4181902,9.699444,1.7585458,9.7464075,1.5824383,9.79518,1.3616568,9.710663,1.8789077,9.752315,1.8229764,9.803883,1.7573771,9.29426,-0.28261814,9.205456,0.35806677,6.4445086,1.8512673,6.4050145,2.049008,1.0,-2.679308,0.0,-0.0,-9.613922,-5.4192214,-9.639124,-1.5805526,-13.453579,2.2923126,-13.68914,3.0616639,-15.66361,3.5549707,-15.942773,4.0236564,-14.650054,3.9842234,-15.002834,4.2699003,-13.960685,3.4937007,-14.272221,3.9932625,-23.850567,-1.2251507,-23.48978,1.0,-33.495106,12.152247,-33.506042,12.93576,-39.50248,-0.9493497,-39.324097,0.51021683,-38.05692,-3.2370675,-37.749626,-1.9498056,-47.612083,-2.8243399,-47.062748,-1.5312923
3338.jpg,6.9791803,2.291957,8.329864,1.6273339,8.378396,1.4320761,8.427771,1.1887405,8.302093,1.7749182,8.323144,1.7313948,8.357328,1.6807747,7.976522,-0.47290906,7.844298,0.29076666,5.6608,1.7299844,5.6188965,1.9550663,1.0,-3.0390632,0.0,-0.0,-7.7700334,-5.7328634,-7.915714,-1.67048,-10.963553,2.1180656,-11.147877,2.7547688,-12.825253,3.383356,-13.027317,3.8761044,-12.051554,3.8591802,-12.33906,4.1560597,-11.468733,3.3616078,-11.730012,3.6764314,-19.63152,-1.4899457,-19.428093,1.0,-27.504503,12.126609,-27.582941,13.170442,-32.78131,-1.0648,-32.674545,0.69893867,-31.71239,-3.3624926,-31.430218,-1.7686749,-39.78089,-3.083521,-39.302338,-1.5283755
3339.jpg,7.960187,2.4971983,9.547522,1.773343,9.59548,1.5815895,9.643437,1.3400762,9.551972,1.9186009,9.589206,1.8650013,9.638939,1.8029695,9.111818,-0.3665065,9.033365,0.3028833,6.4007874,1.885189,6.358114,2.1153505,1.0,-2.9266117,0.0,-0.0,-9.273775,-5.678511,-9.284199,-1.3808233,-13.080169,2.187297,-13.111294,2.9544473,-15.275986,3.4810863,-15.420588,4.070949,-14.314423,3.9161074,-14.578598,4.322078,-13.619236,3.40928,-13.823905,3.8267748,-23.226671,-1.3420528,-22.908865,1.0,-32.61863,12.534759,-32.682766,13.277895,-38.538006,-0.93494874,-38.473877,0.6600145,-37.334892,-3.3262398,-37.029118,-1.8332759,-46.607197,-3.0538943,-46.252037,-1.5789237
3340.jpg,7.191575,2.5534441,8.660658,1.855813,8.685695,1.674282,8.720295,1.4423275,8.684507,2.0013099,8.709775,1.9513667,8.737762,1.8979973,8.28583,-0.32604882,8.201874,0.4511423,5.7623568,1.9304785,5.737125,2.1510892,1.0,-2.8076375,0.0,-0.0,-8.55973,-5.4956427,-8.719346,-1.2844583,-11.873335,2.2873497,-12.110322,3.220307,-13.825671,3.577165,-14.099917,4.247572,-12.968733,4.009354,-13.211791,4.4957013,-12.3165655,3.5197122,-12.619739,4.191248,-21.002703,-1.3259809,-20.733358,1.0,-29.60469,12.580066,-29.697504,13.03956,-35.193466,-0.9936823,-35.195778,0.7632143,-34.179005,-3.4904804,-33.88942,-1.8543129,-42.60718,-2.9437754,-42.181625,-1.2034979
3341.jpg,7.5544786,2.4389775,8.999422,1.7800494,9.063211,1.5731946,9.145033,1.3154095,8.969774,1.9371297,8.995636,1.8885299,9.044197,1.8283476,8.748751,-0.4492461,8.582357,0.3288164,6.0997167,1.8239605,6.052595,2.0603356,1.0,-3.0609205,0.0,-0.0,-8.789346,-5.873726,-8.887925,-1.8135016,-12.4229965,2.2660668,-12.406339,3.018959,-14.503635,3.5726748,-14.476664,4.2095656,-13.656799,4.0526805,-13.731176,4.4817004,-13.010891,3.5490456,-13.076605,3.9757905,-21.994871,-1.5487995,-21.671045,1.0,-30.695253,12.692658,-30.69672,13.703313,-36.2733,-1.1647447,-36.220387,0.8493027,-35.438374,-3.7172906,-35.027966,-1.843031,-44.019226,-3.0931656,-43.454918,-1.2654727
3342.jpg,7.1940093,2.7300005,8.622662,1.9000198,8.647731,1.6996789,8.683153,1.4403695,8.634131,2.0668182,8.651234,2.0107,8.674088,1.9495925,8.206698,-0.45935386,8.130419,0.3408734,5.8188944,2.0427556,5.7852144,2.299827,1.0,-3.2275503,0.0,-0.0,-8.17586,-6.0410314,-8.40761,-1.5540186,-11.70836,2.3952081,-11.630277,3.3312206,-13.620704,3.806017,-13.543566,4.536126,-12.783867,4.279341,-12.79538,4.8239837,-12.168031,3.737129,-12.161025,4.4600306,-20.474785,-1.6527046,-20.221928,1.0,-28.82939,13.5432005,-28.726843,14.496735,-33.990257,-0.986993,-33.994156,0.8486884,-33.055046,-3.6945908,-32.764313,-1.9536383,-40.99842,-3.1888306,-40.575863,-1.4679395
3343.jpg,7.119467,2.5673451,8.534094,1.8099315,8.58093,1.6345222,8.638379,1.3976164,8.522773,1.940064,8.558498,1.8808221,8.604719,1.8142682,8.249294,-0.35691488,8.183069,0.3730991,5.9463863,1.9486711,5.8907413,2.2279494,1.0,-2.8560793,0.0,-0.0,-7.714458,-5.5663195,-7.7627773,-1.6692911,-11.326553,2.0451841,-11.137869,2.7724173,-13.2083845,3.3547266,-12.99157,3.7339926,-12.249842,3.753006,-12.16986,4.1745872,-11.6819105,3.270269,-11.558768,3.6404946,-20.397284,-1.2563393,-20.015497,1.0,-28.072952,12.170312,-28.110186,12.789698,-33.05124,-0.7820192,-32.693962,1.1273165,-32.01023,-3.0376027,-31.516628,-1.6499859,-40.179382,-2.8653364,-39.348,-1.2440939
3344.jpg,7.2503405,2.676614,8.608626,1.8551267,8.664209,1.6071244,8.743985,1.3154941,8.590276,2.030287,8.617958,1.9707415,8.67196,1.8890878,8.302132,-0.60135883,8.241497,0.28264567,5.9800267,2.027335,5.9576993,2.3539598,1.0,-3.4571433,0.0,-0.0,-7.5233946,-6.160385,-8.146993,-0.92141205,-11.094714,2.1432958,-11.280612,2.998571,-13.081701,3.5827415,-13.265279,4.060045,-12.271734,4.008663,-12.328957,4.347833,-11.682736,3.5237648,-11.764488,3.985853,-20.116625,-1.6549013,-19.776909,1.0,-27.662275,12.854435,-27.881731,14.181425,-32.90584,-0.8300813,-32.42215,1.0400233,-31.93019,-3.3679981,-31.34092,-1.899012,-40.05833,-2.997226,-39.186855,-1.5111506
3345.jpg,6.7719946,2.7411103,8.05742,1.9002831,8.125828,1.6776291,8.198688,1.3904493,7.987425,2.0917962,8.001334,2.041042,8.033502,1.9824866,7.7967362,-0.59584355,7.616283,0.38700625,5.6491256,2.0211453,5.5854974,2.3922553,1.0,-3.416351,0.0,-0.0,-7.0635104,-6.307007,-7.337954,-1.7789083,-10.419283,2.2921503,-10.530888,2.9281802,-12.205979,3.7541208,-12.223861,3.989671,-11.382351,4.2089767,-11.486506,4.24367,-10.848213,3.66834,-10.994811,3.8965864,-18.870365,-1.622258,-18.553244,1.0,-25.885164,13.26473,-26.004078,14.227082,-30.762947,-0.79683965,-30.309362,1.308778,-29.803978,-3.396365,-29.249073,-1.7826697,-37.28135,-3.3759906,-36.428368,-1.7940832
3346.jpg,7.8050427,2.7469661,9.263835,1.8939859,9.3216505,1.6395258,9.406703,1.3436182,9.250416,2.0732865,9.281364,2.0119734,9.339667,1.928769,8.944939,-0.6028342,8.883512,0.29569945,6.4362965,2.0843565,6.41875,2.411479,1.0,-3.5119758,0.0,-0.0,-8.116633,-6.2986026,-8.766743,-0.91714084,-11.880938,2.372813,-12.011604,3.109958,-13.951442,3.8583705,-14.079336,4.2039275,-13.012074,4.325483,-13.061202,4.479238,-12.382762,3.7795768,-12.448262,4.106456,-21.750122,-1.7805614,-21.35908,1.0,-29.565668,13.317489,-29.76621,14.55927,-35.266468,-0.8872252,-34.79547,1.157978,-34.12663,-3.466072,-33.573097,-1.8257952,-42.8886,-3.311789,-41.84474,-1.7045035
3347.jpg,7.2239547,3.0381641,8.597167,2.141113,8.6612215,1.8792095,8.745,1.5623201,8.565333,2.3333569,8.592521,2.269521,8.643099,2.188427,8.326912,-0.5435788,8.2297325,0.45852053,5.9752607,2.2956998,5.9396443,2.6528146,1.0,-3.5908382,0.0,-0.0,-7.6723747,-6.682876,-7.857392,-2.1989672,-11.143379,2.5116744,-11.144168,3.287139,-13.092408,4.116041,-13.05779,4.4582806,-12.152571,4.6302295,-12.192565,4.771135,-11.561324,4.018049,-11.622443,4.3722353,-20.083187,-1.6564682,-19.836372,1.0,-27.607138,14.755835,-27.808874,15.6194,-32.781372,-0.8800384,-32.380493,1.0066797,-31.764992,-3.7744503,-31.19641,-2.2586863,-39.590218,-3.289331,-38.99897,-1.8071945
3348.jpg,7.7686386,2.75761,9.272437,1.9543539,9.339431,1.7219795,9.4261675,1.440914,9.239508,2.1235273,9.270602,2.0661001,9.3265,1.992981,8.973709,-0.46096936,8.870909,0.44295222,6.4060674,2.1060696,6.3659773,2.4227803,1.0,-3.1473475,0.0,-0.0,-8.446331,-5.929167,-8.462202,-1.907881,-12.293514,2.2347093,-12.256009,2.8698232,-14.465746,3.6059966,-14.305387,3.8932347,-13.438522,4.08617,-13.471891,4.187906,-12.783935,3.5927563,-12.846663,3.857687,-22.003311,-1.4049673,-21.629644,1.0,-30.163706,13.088616,-30.300852,13.860362,-35.735584,-0.79503554,-35.352074,0.80163145,-34.506725,-3.30688,-33.92262,-2.1056707,-43.207783,-2.9876058,-42.50266,-1.6927066
3349.jpg,7.263504,2.762808,8.692398,1.9401585,8.744891,1.7246356,8.807506,1.4462409,8.653279,2.1028633,8.677348,2.045493,8.715297,1.9779905,8.380362,-0.4563482,8.263059,0.3955485,6.0669465,2.0933788,6.002793,2.416979,1.0,-3.2965715,0.0,-0.0,-7.9153113,-6.1949725,-7.927804,-1.8918688,-11.245476,2.4154227,-11.264337,3.1847825,-13.24609,3.879135,-13.173785,4.207643,-12.356723,4.4073777,-12.384148,4.8173623,-11.752396,3.8435354,-11.8721895,4.245947,-20.285755,-1.5103189,-19.998451,1.0,-27.64384,13.0379095,-27.841454,13.993872,-32.913498,-0.8672474,-32.582577,1.0020039,-31.935888,-3.3267426,-31.489454,-1.8035926,-39.9025,-3.0233326,-39.225967,-1.4381618
3350.jpg,7.5846767,3.0885968,9.073791,2.1608603,9.120746,1.9184321,9.181755,1.6025151,9.059525,2.3365278,9.088991,2.2711346,9.129146,2.1948724,8.737142,-0.5221943,8.660657,0.41498876,6.324583,2.3455806,6.271824,2.685932,1.0,-3.5786114,0.0,-0.0,-8.334185,-7.0101633,-8.374232,-2.2997532,-11.83229,2.640367,-11.900657,3.5350652,-13.957363,4.26363,-13.914966,4.6302147,-13.019477,4.884546,-13.08582,5.3387213,-12.380443,4.2816315,-12.424668,4.7301183,-21.382006,-1.7420918,-20.98702,1.0,-29.116886,14.702883,-29.306293,15.600726,-34.551353,-0.92004573,-34.227818,1.0063999,-33.44813,-3.7393951,-33.02354,-2.294327,-41.81993,-3.4074676,-41.18532,-1.7997451
3351.jpg,6.546234,2.8894436,7.8718176,2.005032,7.9171824,1.7669446,7.9787393,1.4579694,7.853463,2.1880198,7.8729067,2.1325796,7.8992434,2.069399,7.615359,-0.6872123,7.4884534,0.3158311,5.445164,2.1592505,5.4001365,2.4944296,1.0,-3.786688,0.0,-0.0,-7.2956743,-7.1638813,-7.452136,-2.147736,-10.508837,2.6368096,-10.6265135,3.3342507,-12.391159,4.243581,-12.439187,4.4111814,-11.639447,4.8230495,-11.763501,5.1021295,-11.067464,4.229556,-11.308968,4.4739666,-18.952751,-1.9168397,-18.628069,1.0,-25.98762,14.7052145,-26.141178,15.609683,-30.776615,-1.014349,-30.453543,1.0770845,-29.88933,-3.8863893,-29.448513,-2.2907534,-37.274014,-3.57197,-36.642097,-1.8995242
3352.jpg,6.163567,3.6455238,7.372736,2.5044298,7.4228606,2.271935,7.488576,1.9629707,7.351044,2.690001,7.383008,2.5959382,7.4276414,2.496282,7.159755,-0.44214997,7.0579915,0.49536684,5.2014313,2.77527,5.137776,3.152478,1.0,-4.0909343,0.0,-0.0,-6.31903,-7.376831,-7.0329547,-1.0581641,-9.573744,2.8958395,-9.578001,3.8014297,-11.26612,4.628289,-11.384357,5.0483294,-10.545225,5.1840878,-10.47511,5.4229474,-10.045925,4.5831842,-9.957441,5.01404,-17.161833,-1.8604912,-17.048038,1.0,-23.588696,16.009277,-23.894741,16.786474,-27.877937,-0.8073939,-27.793709,1.0433345,-27.06195,-4.1530285,-26.834133,-2.5952742,-33.907566,-3.6315975,-33.658993,-1.9533335
3353.jpg,7.3231325,2.9744837,8.674275,2.1226754,8.719469,1.9270906,8.798762,1.6774012,8.670551,2.264806,8.6987295,2.1930614,8.752555,2.1049674,8.38036,-0.20788202,8.32798,0.4736635,6.09315,2.302707,6.0458193,2.592379,1.0,-3.1395876,0.0,-0.0,-7.577604,-5.7333255,-7.794253,-1.8319405,-11.314359,2.5018828,-11.213372,3.114644,-13.278056,3.9530826,-13.137644,4.1896305,-12.310863,4.389714,-12.253754,4.455572,-11.713525,3.8654058,-11.669715,4.1128097,-20.38508,-1.3176925,-20.054546,1.0,-27.939884,13.3243265,-28.014668,14.139641,-33.10082,-0.45937183,-32.622013,1.013952,-32.083206,-3.0739915,-31.425283,-1.9033456,-39.995667,-2.8069096,-39.392967,-1.591685
3354.jpg,7.172393,2.9107816,8.485712,2.06482,8.534728,1.8561069,8.614155,1.5981712,8.47787,2.2112534,8.504424,2.1420887,8.55769,2.053683,8.1981945,-0.27714264,8.149563,0.41343525,5.9614697,2.257626,5.917512,2.5528822,1.0,-3.1234765,0.0,-0.0,-7.276532,-5.7788143,-7.5930357,-1.9011006,-10.918248,2.400179,-10.816114,3.0734124,-12.844495,3.841467,-12.668443,4.1463704,-11.893061,4.277099,-11.804384,4.424248,-11.314523,3.77371,-11.248446,4.0801277,-19.678581,-1.3687221,-19.416906,1.0,-27.01068,13.062019,-27.135286,14.008432,-32.03866,-0.53104335,-31.62456,1.1001137,-31.161097,-3.125828,-30.62469,-1.7998694,-38.867203,-2.7048888,-38.207283,-1.2972108
3499.jpg,9.099077,2.743526,10.94655,2.0606732,11.003731,1.835258,11.066321,1.5465184,10.937927,2.2240796,10.968756,2.175243,11.008364,2.1204336,10.487731,-0.49835733,10.308085,0.5098586,7.224597,2.106926,7.2033386,2.3466277,1.0,-3.1403005,0.0,-0.0,-11.003787,-6.3054447,-11.075688,-1.7546353,-15.694564,2.218205,-15.424644,3.4177864,-18.157553,3.7203841,-17.988886,4.6080737,-16.813501,4.2236,-16.906717,4.878148,-16.012388,3.6481168,-16.065195,4.5094514,-26.751982,-1.2659742,-26.584564,1.0,-37.86001,14.223837,-38.185974,14.555178,-44.747066,-0.91022277,-44.98213,0.37365323,-43.314724,-3.5197766,-43.32137,-2.3939378,-54.065105,-2.95384,-53.880802,-1.5212568
3500.jpg,8.135312,2.3560555,9.596187,1.7314085,9.621407,1.5289109,9.664277,1.2903106,9.623137,1.8810202,9.6477995,1.8264774,9.685302,1.7623144,9.167279,-0.44199488,9.13054,0.22942655,6.4827595,1.7856685,6.458645,1.9835571,1.0,-2.807414,0.0,-0.0,-9.527059,-5.343855,-9.70265,-1.2305048,-13.660102,1.9431726,-13.71768,3.0962842,-15.818687,3.1643047,-15.876579,4.038029,-14.667397,3.5885797,-14.893536,4.267712,-13.999267,3.1271284,-14.216947,3.9537516,-23.299198,-1.1980256,-23.038763,1.0,-32.912247,12.190081,-33.0165,12.806464,-38.747574,-0.98593456,-38.622707,0.41287854,-37.577396,-3.2373762,-37.246708,-1.9794387,-47.118576,-2.6619384,-46.641926,-1.260169
3501.jpg,8.493075,2.5846288,10.188146,1.9103941,10.235417,1.7179067,10.289448,1.4668165,10.184064,2.047253,10.20832,1.9955668,10.240481,1.9385427,9.7397375,-0.42153218,9.581511,0.44067502,6.793427,1.9842025,6.771982,2.193604,1.0,-3.018493,0.0,-0.0,-9.969316,-5.9024086,-10.052015,-1.564326,-14.366246,2.1195788,-14.182586,3.2209344,-16.645525,3.4430096,-16.512402,4.25548,-15.467931,3.9261193,-15.568654,4.544538,-14.758888,3.4210267,-14.800599,4.2409678,-24.693577,-1.3394544,-24.459208,1.0,-34.619053,13.31314,-34.80555,13.988207,-40.902977,-1.068557,-40.958538,0.47027734,-39.54265,-3.589274,-39.41334,-2.2160969,-49.530075,-3.1174128,-49.23116,-1.511013
3502.jpg,8.721068,3.1245387,10.538698,2.227172,10.616172,1.93064,10.713277,1.6173675,10.55158,2.433866,10.6326885,2.3401558,10.743044,2.2250698,10.179179,-0.53592324,10.0963125,0.2878529,7.0790687,2.3807638,7.0666213,2.706515,1.0,-3.3885293,0.0,-0.0,-10.419336,-6.273557,-10.967683,-0.54203284,-15.300169,2.1252291,-14.626275,3.244177,-17.79165,3.5237195,-17.38105,4.0873723,-16.554922,4.0274854,-15.95912,4.3259535,-15.805454,3.5967858,-15.165354,4.066313,-26.413595,-1.3705119,-26.398489,1.0,-36.199043,13.743593,-36.99886,14.48973,-42.856647,-0.38346303,-42.787422,0.86594135,-41.740124,-3.012183,-41.40223,-2.044501,-51.854103,-2.4385378,-51.817024,-1.2294507
3503.jpg,9.516989,3.4098618,11.479179,2.4235296,11.571298,2.1662152,11.666504,1.8430704,11.44763,2.5942214,11.527044,2.5023518,11.626652,2.3944042,11.064841,-0.4380897,10.942788,0.4062661,7.858183,2.5903156,7.817924,2.9078202,1.0,-3.7380702,0.0,-0.0,-11.019764,-6.751445,-11.701851,-0.7074157,-16.166504,2.1689243,-15.677535,3.2684395,-18.816078,3.7013934,-18.676826,4.043868,-17.58443,4.2333193,-17.08105,4.540957,-16.769281,3.6989834,-16.329792,4.0243497,-28.132904,-1.5123078,-28.145058,1.0,-38.422264,14.6426935,-39.290596,15.376066,-45.956535,-0.6093964,-45.940163,0.65439487,-44.668648,-3.441508,-44.32958,-2.3665032,-55.301117,-2.8142774,-55.163097,-1.52566
3504.jpg,8.184102,3.4974704,9.825981,2.4896321,9.888662,2.268931,9.976422,1.9635828,9.802717,2.6543486,9.84235,2.576106,9.89947,2.4910603,9.528149,-0.3018001,9.4163885,0.5955739,6.8541193,2.6954434,6.795155,3.0412498,1.0,-3.8158433,0.0,-0.0,-9.042134,-6.617367,-9.9066105,-1.0124712,-13.366065,2.255801,-13.603128,3.0113087,-15.717801,3.836064,-16.157356,3.908002,-14.630453,4.404725,-14.983327,4.4999447,-13.926049,3.8385606,-14.091899,3.936869,-23.684238,-1.4904958,-23.571308,1.0,-32.495003,15.007827,-33.05179,15.409269,-38.48451,-0.48612833,-38.27714,0.748904,-37.468483,-3.4565418,-36.916515,-2.3899124,-46.682354,-2.9724116,-46.297333,-1.8959846
3505.jpg,7.421614,2.9654992,8.88286,2.0669217,8.944213,1.8208659,9.034777,1.5199726,8.8714905,2.2325623,8.907645,2.1617198,8.972247,2.067993,8.637386,-0.5173934,8.572688,0.32653368,6.131038,2.2584524,6.1004143,2.5758915,1.0,-3.4826899,0.0,-0.0,-7.9673657,-6.240643,-8.170591,-1.6668937,-12.075708,2.2399356,-11.862684,3.1287217,-14.174156,3.620683,-14.028684,4.0539584,-13.325484,4.1734924,-13.043222,4.426152,-12.710548,3.6707935,-12.421868,4.0979958,-21.16286,-1.5157087,-21.07814,1.0,-29.008139,14.0572815,-29.455702,14.734372,-34.548603,-0.89525986,-34.299706,0.65084183,-33.477753,-3.6344,-33.06033,-2.32605,-41.830338,-3.1268654,-41.399094,-1.7053828
3506.jpg,7.535773,2.6326628,9.001861,1.8627863,9.063098,1.6472889,9.149258,1.39092,8.990123,2.0115604,9.029361,1.9494787,9.096117,1.8693885,8.729534,-0.3864643,8.668296,0.341386,6.210549,2.0039442,6.1652904,2.2828634,1.0,-2.9594183,0.0,-0.0,-8.123266,-5.3444743,-8.375471,-1.3478975,-12.427254,1.8594898,-12.041745,2.8306587,-14.588626,3.0590975,-14.203063,3.5900886,-13.727791,3.5165958,-13.4080305,3.8600829,-13.09626,3.0934758,-12.769392,3.594146,-21.720089,-1.169767,-21.576717,1.0,-29.695864,12.361939,-30.143114,12.910088,-35.446762,-0.57071245,-35.201572,0.689279,-34.31182,-2.9271276,-33.901806,-1.9103234,-42.89602,-2.5295963,-42.59347,-1.4168621
3507.jpg,8.089534,2.5868843,9.678981,1.8536431,9.744315,1.6542559,9.836427,1.4058454,9.6613655,1.995714,9.70036,1.9398234,9.768398,1.868622,9.40323,-0.35176575,9.323111,0.38211748,6.6799827,1.9714592,6.633382,2.2500708,1.0,-2.9143865,0.0,-0.0,-8.921788,-5.2648106,-9.042009,-1.5860386,-13.429414,1.9637374,-13.078767,2.648221,-15.730726,3.1344907,-15.332225,3.4737263,-14.762066,3.5997024,-14.536397,3.7285967,-14.080352,3.1705675,-13.853886,3.4481697,-23.505262,-1.2073703,-23.347204,1.0,-32.26799,12.062842,-32.658215,12.611299,-38.501205,-0.5748233,-38.23492,0.7295574,-37.20527,-2.8960958,-36.68604,-1.8443184,-46.354218,-2.4102643,-46.07756,-1.2734047
3511.jpg,6.760477,3.1746902,8.093457,2.2948966,8.173508,1.9988942,8.274595,1.6788663,8.069756,2.5045056,8.121835,2.413487,8.202382,2.302494,7.9405723,-0.44937345,7.8244395,0.34649882,5.5750523,2.4026146,5.5173874,2.7353544,1.0,-3.6069498,0.0,-0.0,-7.4883976,-6.431191,-8.6556,-0.93446326,-11.194991,2.252641,-11.396952,3.0142324,-13.191913,3.6191938,-13.500216,3.7530477,-12.410879,4.1215568,-12.544126,4.300936,-11.836795,3.663762,-11.814922,3.8227313,-20.046886,-1.5549648,-19.990019,1.0,-27.13791,14.1838665,-27.668589,14.964757,-32.50271,-0.5746253,-32.231674,0.833795,-31.50237,-3.3249617,-31.0336,-2.1919477,-39.688908,-2.9022398,-39.292355,-1.5042984
3512.jpg,6.995478,3.2115352,8.426411,2.2308338,8.467932,1.9112563,8.524833,1.565554,8.42783,2.4554594,8.474961,2.3696399,8.531516,2.2625422,8.06606,-0.65974087,7.991526,0.31673208,5.7915144,2.489243,5.7607207,2.853271,1.0,-3.8676717,0.0,-0.0,-7.518933,-6.8549523,-8.485507,-0.79152375,-11.253216,2.34645,-11.529899,3.3921998,-13.2375965,3.7921255,-13.562978,4.344049,-12.409248,4.334985,-12.67645,4.607289,-11.829742,3.8365536,-11.964032,4.109448,-19.987644,-1.755103,-19.969524,1.0,-27.224749,14.930319,-27.800797,15.938023,-32.430683,-0.7298215,-32.19629,0.93261844,-31.514292,-3.7014642,-31.135132,-2.417526,-39.62764,-2.8360755,-39.22838,-1.2016611
3513.jpg,6.7034497,3.0235236,8.036666,2.140509,8.092982,1.9288889,8.16206,1.6540394,8.009119,2.2855592,8.047205,2.2067454,8.097794,2.1177623,7.767293,-0.351313,7.6525874,0.37610584,5.609157,2.3099804,5.5369797,2.6053803,1.0,-3.381217,0.0,-0.0,-7.206801,-5.8176613,-7.701433,-1.4361646,-10.675504,2.1896505,-10.950982,3.051077,-12.584593,3.427815,-12.945402,3.8875563,-11.735886,3.899202,-12.057941,4.148738,-11.174028,3.4724634,-11.292241,3.8858478,-18.907791,-1.3600487,-18.794325,1.0,-25.854683,12.858386,-26.251396,13.746352,-30.663488,-0.31135103,-30.392864,0.9991216,-29.845917,-2.8604276,-29.402042,-1.8666824,-37.291843,-2.442207,-36.74278,-1.1974498
3514.jpg,7.492813,2.9101648,8.983338,2.0989115,9.066089,1.834004,9.167604,1.5430262,8.95771,2.2828522,9.014895,2.1990678,9.099787,2.095447,8.747249,-0.39650947,8.632145,0.33534062,6.1912656,2.2141802,6.1291666,2.508777,1.0,-3.2454379,0.0,-0.0,-8.419332,-5.876263,-9.446863,-0.9413933,-12.468721,2.0574775,-12.517206,2.6855958,-14.64898,3.3840797,-14.988893,3.3981066,-13.695324,3.8401225,-13.982844,3.7154636,-13.039573,3.3933296,-12.94599,3.4973123,-21.954777,-1.339138,-21.857996,1.0,-30.306694,12.808161,-30.709148,13.754644,-35.70744,-0.17982012,-35.343555,1.1336479,-34.627502,-2.7547698,-33.990562,-1.6934127,-43.603195,-2.455782,-42.988186,-1.2835519
3515.jpg,7.9253473,3.6097376,9.536207,2.4884043,9.591749,2.166541,9.655535,1.7845324,9.518511,2.7057,9.57025,2.6117098,9.633229,2.4988568,9.158027,-0.7710461,9.056525,0.30879158,6.572835,2.7297642,6.516815,3.1373384,1.0,-4.325249,0.0,-0.0,-8.492328,-7.7760024,-9.427933,-1.1984259,-12.848643,2.508681,-12.939137,3.373805,-14.971259,4.180869,-15.384522,4.2153606,-13.985114,4.7543497,-14.189362,4.902932,-13.34381,4.1806493,-13.344137,4.3362794,-22.535378,-2.0062878,-22.39417,1.0,-31.111088,16.654034,-31.44294,17.506199,-36.7073,-0.64551693,-36.377815,0.8995151,-35.717064,-3.9696164,-35.125576,-2.6143355,-44.642326,-3.6126332,-44.117615,-2.2084134
3516.jpg,7.883632,3.1071608,9.506934,2.2654555,9.590586,1.9847393,9.70422,1.6722696,9.496486,2.4617414,9.558676,2.377357,9.653531,2.272457,9.292758,-0.37213257,9.176152,0.38436863,6.414792,2.3844297,6.3681493,2.694537,1.0,-3.1700776,0.0,-0.0,-9.393737,-6.047503,-10.35304,-0.8577706,-13.869835,2.340761,-13.753756,2.952563,-16.141737,3.735339,-16.373428,3.6776721,-15.077807,4.185033,-15.110125,4.2602973,-14.398837,3.7001328,-14.200189,3.7918956,-24.191307,-1.2315632,-24.027258,1.0,-33.069477,13.695393,-33.53509,14.388065,-39.069576,-0.15982218,-38.79033,1.0053059,-37.989613,-2.9482248,-37.336002,-1.9885074,-47.600437,-2.7350333,-47.209095,-1.711488
3517.jpg,8.228572,3.3003755,9.901309,2.3060443,9.970787,2.0090342,10.045923,1.6704836,9.87729,2.503419,9.940882,2.4104514,10.018064,2.297767,9.522245,-0.62460124,9.411071,0.27756417,6.809955,2.5131023,6.760703,2.8485363,1.0,-3.905717,0.0,-0.0,-9.226883,-6.9518027,-10.036541,-0.8368877,-13.638655,2.3182068,-13.350392,3.324621,-15.8856945,3.8324947,-15.929524,4.00594,-14.888025,4.388916,-14.837026,4.590232,-14.2042465,3.8534203,-13.951578,4.08801,-24.016888,-1.718585,-23.943567,1.0,-32.704212,14.988814,-33.39217,15.77475,-39.23175,-0.81510967,-38.99858,0.7102284,-38.21435,-3.722385,-37.643833,-2.453522,-47.397076,-2.9675956,-46.97615,-1.3395218
3518.jpg,7.568378,3.2245362,9.084553,2.2910905,9.164581,2.003147,9.254207,1.6777861,9.052642,2.4902356,9.110202,2.399893,9.190322,2.2894926,8.799486,-0.5342704,8.689522,0.34102514,6.256849,2.4507346,6.19885,2.7780008,1.0,-3.7098703,0.0,-0.0,-8.431384,-6.6240406,-9.440507,-0.994667,-12.570297,2.3663838,-12.568644,3.078424,-14.672657,3.8365343,-14.9932995,3.8449278,-13.722191,4.3365126,-13.84711,4.440695,-13.095147,3.8116074,-12.992322,3.9508264,-22.00804,-1.6075288,-21.903486,1.0,-30.13586,14.426618,-30.574013,15.236454,-35.64558,-0.4805357,-35.393124,0.9677106,-34.641838,-3.362206,-34.119987,-2.211306,-43.59898,-2.9984186,-43.143875,-1.7306517
3519.jpg,8.018152,3.5725725,9.633556,2.459131,9.687854,2.1416278,9.755701,1.7597876,9.621483,2.6690443,9.669448,2.5777836,9.728613,2.467976,9.2592945,-0.7638406,9.156853,0.30553502,6.6761284,2.720514,6.6237564,3.1144085,1.0,-4.2878695,0.0,-0.0,-8.544155,-7.6822996,-9.416129,-1.1410427,-12.807725,2.3236196,-12.792654,3.4807389,-15.030123,4.0331016,-15.239761,4.23943,-14.051282,4.623993,-14.190705,4.868295,-13.387829,4.045304,-13.374092,4.29369,-22.778471,-1.8550274,-22.703762,1.0,-31.060833,16.268448,-31.717766,17.110048,-37.15864,-0.86814743,-37.02102,0.653405,-36.142803,-4.0800505,-35.7605,-2.7815063,-44.89795,-3.2502525,-44.5973,-1.613811
3520.jpg,7.1658154,2.9480073,8.636806,2.0757346,8.705282,1.7963971,8.78521,1.5009595,8.622235,2.27189,8.677685,2.1854088,8.755669,2.078154,8.295693,-0.4748466,8.19303,0.29072517,5.8537045,2.2686348,5.8099585,2.57016,1.0,-3.1190214,0.0,-0.0,-8.121599,-5.8191433,-9.073775,-0.775055,-12.149625,2.037928,-11.960123,2.7527025,-14.212864,3.3235278,-14.288748,3.4502447,-13.349164,3.7939534,-13.219583,3.9913087,-12.73255,3.3757925,-12.395341,3.5441928,-21.24709,-1.3994325,-21.07431,1.0,-29.027454,12.827154,-29.405415,13.899323,-34.329247,-0.38784572,-33.942955,1.0524541,-33.348846,-2.918659,-32.679974,-1.7743652,-41.99167,-2.5818827,-41.267475,-1.278191
3521.jpg,7.2869883,3.1533077,8.7429,2.1677506,8.792304,1.914895,8.845717,1.6112322,8.724103,2.3416917,8.769879,2.2563484,8.826842,2.1572669,8.356142,-0.5071738,8.262104,0.30968395,6.0615954,2.4056702,6.00555,2.7392313,1.0,-3.6833675,0.0,-0.0,-7.719419,-6.4599757,-8.769317,-0.912086,-11.746442,2.120934,-11.894083,3.1075087,-13.846333,3.5244205,-14.158854,3.744436,-12.969168,4.0219054,-13.107398,4.292384,-12.343891,3.5587552,-12.361701,3.814939,-20.820564,-1.6387295,-20.659477,1.0,-28.71251,13.949956,-29.089808,14.877852,-33.942158,-0.5044601,-33.600548,1.0671638,-32.97644,-3.3539033,-32.348877,-2.044956,-41.38029,-3.0772872,-40.835777,-1.7577183
3522.jpg,7.7741714,2.6947718,9.336678,1.8851012,9.398591,1.6711679,9.492138,1.4072713,9.326439,2.0409749,9.364584,1.9814979,9.430076,1.9046124,9.047834,-0.4239945,8.981352,0.3688121,6.383877,2.0515542,6.3551574,2.347381,1.0,-3.0776646,0.0,-0.0,-8.520231,-5.638308,-8.656297,-1.770545,-12.791165,1.9734108,-12.509478,2.8024988,-15.010473,3.2306566,-14.675776,3.6161826,-14.005222,3.7184227,-13.797182,3.8945024,-13.343358,3.2743163,-13.156012,3.623237,-22.626755,-1.2709932,-22.321259,1.0,-31.210283,12.51076,-31.373165,13.470062,-36.83526,-0.6537875,-36.394173,0.855081,-35.640656,-3.174911,-35.0256,-1.9910306,-44.425613,-2.7777262,-43.628174,-1.4740281
3817.jpg,6.803518,2.8485293,8.148833,2.0686512,8.201783,1.7630668,8.264194,1.4373106,8.1566,2.308424,8.204493,2.237911,8.276053,2.145315,7.9599,-0.557477,7.9268537,0.29847556,5.498939,2.108027,5.4473147,2.4623656,1.0,-3.4269445,0.0,-0.0,-7.711928,-6.085659,-8.152188,-2.039995,-11.694574,1.7188812,-11.626175,2.6491935,-13.607287,3.0250354,-14.113766,3.1771104,-12.680341,3.5614073,-12.999538,3.7087805,-12.1151,3.1805592,-12.422144,3.2648723,-20.20502,-1.4259179,-20.256573,1.0,-28.009758,13.105822,-28.57986,14.32721,-33.298786,-0.48954317,-32.967514,0.83555967,-32.26688,-2.9497766,-31.65574,-1.828608,-40.49682,-2.5794666,-40.100178,-1.2872941
3818.jpg,6.522811,3.3651824,7.870172,2.4505067,7.9097786,2.0728924,7.9499717,1.6738541,7.868637,2.7830036,7.901478,2.716198,7.936695,2.6343734,7.610887,-0.7610032,7.522737,0.5415936,5.106955,2.449156,5.103399,2.9286983,1.0,-4.270812,0.0,-0.0,-7.692527,-7.4584785,-7.9623485,-2.214199,-11.638149,1.8862222,-11.474227,3.2533495,-13.542211,3.5238373,-13.795018,4.1832724,-12.639503,4.199174,-12.782467,4.4646072,-12.102376,3.758542,-11.970542,3.9591267,-19.856335,-1.9848309,-19.957752,1.0,-27.650902,15.686034,-28.198942,16.733486,-32.68647,-0.68165773,-32.525967,0.8762936,-31.793272,-3.6765854,-31.329777,-2.3767319,-39.648705,-3.1499567,-39.276745,-1.760625
3819.jpg,6.1657014,3.3308654,7.3794394,2.3563697,7.433343,1.9835906,7.491635,1.6035867,7.3707967,2.6918843,7.416868,2.6075904,7.4856634,2.4996982,7.1421895,-0.8285677,7.1023526,0.35567665,5.0084023,2.4745522,4.9704413,2.9287512,1.0,-4.2043347,0.0,-0.0,-6.907625,-7.4125957,-7.5139017,-2.120764,-10.434115,2.2288773,-10.604498,2.957859,-12.117237,3.7443037,-13.024705,3.6518588,-11.318087,4.3478007,-11.81252,4.0079894,-10.817697,3.8664122,-11.216784,3.777463,-17.907528,-1.9533652,-18.036062,1.0,-25.224579,15.858351,-25.592825,16.796837,-29.656178,-0.8075689,-29.503473,0.91371614,-28.67577,-3.6904979,-28.298513,-2.2514596,-35.96438,-3.5610573,-35.676003,-2.1239967
3820.jpg,7.104394,3.3903081,8.5253525,2.457567,8.599736,2.1771824,8.687859,1.8680451,8.496912,2.6428463,8.553255,2.5427623,8.635635,2.4180036,8.283926,-0.27925706,8.188483,0.42776224,5.8551702,2.6012278,5.813026,2.9115734,1.0,-3.4959326,0.0,-0.0,-8.069474,-6.276522,-8.512516,-1.5072826,-12.089727,2.421591,-12.100673,3.0876606,-14.062709,3.7098892,-14.574922,3.6005428,-13.124413,4.2269683,-13.409865,4.120254,-12.502229,3.7708201,-12.878311,3.6465523,-20.796,-1.514549,-20.844719,1.0,-28.99337,14.820767,-29.551802,15.141962,-34.298164,-0.35242808,-34.154488,0.6392806,-33.1981,-3.137797,-32.82749,-2.2508066,-41.38833,-2.7905154,-41.3373,-1.8332291
3821.jpg,5.778075,3.0720923,6.930417,2.1746125,6.9818015,1.9679437,7.0500875,1.6982673,6.9104066,2.3257008,6.9435034,2.2532582,6.9905643,2.170714,6.725181,-0.25371712,6.630496,0.46555272,4.8475966,2.3320074,4.8028545,2.635571,1.0,-3.3221478,0.0,-0.0,-6.3631773,-5.8680634,-6.8510137,-1.5984861,-9.466337,2.3167443,-9.511409,2.9435954,-11.0585,3.4086695,-11.381939,3.6230564,-10.360817,3.9577286,-10.630633,3.8882222,-9.87475,3.5532093,-10.106152,3.6635265,-16.369127,-1.4884945,-16.45542,1.0,-22.864422,13.332699,-23.202488,13.975336,-27.394451,-0.97219247,-27.021526,0.36509526,-26.365017,-3.4579828,-25.90913,-2.2959983,-33.286087,-2.8032746,-32.701973,-1.5481018
3822.jpg,5.8843894,3.0502908,7.0672035,2.1797533,7.1222296,1.921413,7.1945815,1.596877,7.0428057,2.3683593,7.073243,2.3095107,7.116261,2.2395382,6.902621,-0.486615,6.7906313,0.5070314,4.9253993,2.312491,4.8937173,2.6562843,1.0,-3.55131,0.0,-0.0,-6.615257,-6.1246195,-7.260208,-1.5423384,-9.7636595,2.5030527,-10.107839,2.8805542,-11.417012,3.6619601,-12.222049,3.3150105,-10.692015,4.2418356,-11.1498165,3.9025848,-10.210882,3.785364,-10.722395,3.4484985,-16.760824,-1.6938368,-16.904707,1.0,-23.5204,13.746109,-23.987514,14.623896,-28.21856,-0.9692564,-27.859207,0.45691136,-27.152023,-3.5332322,-26.740803,-2.31603,-34.265686,-3.1019733,-33.732006,-1.7295525
3823.jpg,6.575001,3.1305509,7.905767,2.3040547,7.9791346,2.059657,8.074707,1.7745974,7.888095,2.4703002,7.9396415,2.3872344,8.018505,2.2831845,7.716289,-0.22224091,7.6101003,0.4759902,5.403603,2.3733554,5.3554697,2.6533484,1.0,-3.3071523,0.0,-0.0,-7.348006,-5.9649787,-7.8634486,-1.619099,-11.352383,1.8925015,-11.450846,2.6325326,-13.205068,3.142327,-14.072151,3.126548,-12.414725,3.6490586,-12.770865,3.699948,-11.86157,3.2519631,-12.258028,3.2149675,-19.391623,-1.3555231,-19.514488,1.0,-27.248962,13.192934,-27.702295,13.650849,-32.33381,-0.47055244,-32.140774,0.5845031,-31.26746,-2.909547,-30.902912,-1.9931421,-39.21918,-2.5260136,-39.061584,-1.5131096
3824.jpg,6.8224635,2.9889488,8.242825,2.1653056,8.307743,1.9127092,8.379862,1.6267124,8.2236185,2.328254,8.281839,2.2490506,8.352257,2.1498852,8.0295,-0.35715201,7.899227,0.38107425,5.6610975,2.2961998,5.6169186,2.5895147,1.0,-3.3572211,0.0,-0.0,-7.9640784,-5.800007,-8.387943,-1.6405104,-11.720584,2.385404,-12.11691,2.8499274,-13.615226,3.4677389,-14.640802,3.24621,-12.750646,3.991291,-13.243277,3.7664783,-12.175684,3.5736802,-12.729378,3.3477626,-20.01607,-1.4711562,-20.066477,1.0,-27.917707,13.47054,-28.495222,14.129267,-33.243706,-0.4986636,-32.984135,0.6205235,-32.144012,-3.0671017,-31.580854,-2.1239607,-40.195988,-2.499285,-39.98036,-1.5687833
3825.jpg,6.118198,3.1163266,7.360918,2.2835965,7.4265785,2.0696256,7.499278,1.8013511,7.331619,2.431385,7.38281,2.3555498,7.448914,2.2669644,7.183873,-0.16538984,7.0637655,0.5080043,5.0978627,2.3809094,5.041941,2.6655092,1.0,-3.2951486,0.0,-0.0,-7.014928,-5.7307367,-7.479116,-1.5679867,-10.482553,2.3585062,-10.587176,2.8996527,-12.218881,3.4018955,-12.954307,3.2971942,-11.44817,3.9180331,-11.812299,3.7699037,-10.907981,3.5094166,-11.327851,3.356334,-17.87747,-1.4427036,-17.963894,1.0,-25.022562,13.374062,-25.409395,13.83535,-29.928967,-0.6393947,-29.610441,0.4979082,-28.815475,-3.0563686,-28.305534,-2.1172228,-36.196953,-2.5866594,-35.868607,-1.5319222
4186.jpg,6.8355956,2.1717913,8.315664,1.581377,8.3494005,1.439414,8.394208,1.260422,8.315638,1.7172122,8.34009,1.668622,8.366764,1.6174498,7.9910383,-0.13024552,7.8833,0.3895619,5.505404,1.6191663,5.4518976,1.8064429,1.0,-2.4108222,0.0,-0.0,-8.128489,-4.3903112,-8.392467,-1.1149058,-12.181802,1.4236307,-11.81923,2.1182008,-13.930593,2.4156625,-13.776585,2.765515,-13.117418,2.766508,-13.027594,3.015838,-12.53697,2.4149134,-12.493983,2.7957435,-20.899366,-0.9138497,-20.676268,1.0,-29.016865,10.147233,-29.2577,10.72246,-34.206497,-0.6724188,-34.225586,0.65832645,-33.021297,-2.587014,-32.757442,-1.4696571,-41.18099,-2.391082,-40.847187,-1.1430176
4187.jpg,7.43264,2.2271678,8.710158,1.6436335,8.751256,1.4673132,8.80845,1.2561367,8.708954,1.7824337,8.740731,1.7294817,8.787968,1.6681001,8.312645,-0.32255694,8.309898,0.2558398,5.9472976,1.6720505,5.893452,1.854772,1.0,-2.519622,0.0,-0.0,-8.331532,-4.5186744,-8.488373,-0.9376175,-12.26578,1.4981999,-11.908424,2.406,-14.067824,2.5588698,-13.876266,3.068053,-13.149744,2.918631,-13.044083,3.476226,-12.562265,2.548096,-12.48303,3.0869975,-21.010187,-1.0091792,-20.779844,1.0,-29.177935,10.472618,-29.460196,11.201921,-34.61394,-0.8491814,-34.670803,0.6344809,-33.687866,-2.9736953,-33.450157,-1.582347,-41.848743,-2.4866154,-41.51424,-0.9660953
4188.jpg,7.764413,2.13039,9.100695,1.5350072,9.140454,1.3492292,9.17919,1.140773,9.11083,1.67708,9.160504,1.622799,9.218645,1.5604473,8.585233,-0.41634172,8.645264,0.18274012,6.1973495,1.58588,6.1545186,1.7960402,1.0,-2.5961006,0.0,-0.0,-8.649783,-4.524454,-8.837153,-0.8048288,-12.721251,1.4654387,-12.439273,2.3731694,-14.57137,2.5030644,-14.459848,3.1776845,-13.64245,2.8622649,-13.646241,3.3927832,-13.037195,2.494884,-13.07653,3.0140254,-21.823975,-1.0543603,-21.60235,1.0,-30.601446,10.401504,-30.730612,11.072066,-36.0076,-0.7007141,-35.96884,0.7546097,-34.823406,-2.7553995,-34.458252,-1.3921938,-43.205654,-2.4871306,-42.78329,-1.259703
4189.jpg,7.377013,2.324232,8.650463,1.7036259,8.690659,1.5139451,8.735794,1.2968078,8.660413,1.8482409,8.706862,1.7881035,8.765776,1.7184886,8.20681,-0.35398555,8.251892,0.25240448,5.9027166,1.7425154,5.8634205,1.9545205,1.0,-2.6815307,0.0,-0.0,-8.226894,-4.789051,-8.4179325,-0.9730295,-12.13096,1.5513728,-11.820508,2.524362,-13.8932085,2.6548293,-13.766014,3.1939979,-13.027185,3.0358334,-12.963756,3.6165059,-12.4554825,2.6516528,-12.424248,3.217607,-20.888313,-1.1291459,-20.686981,1.0,-29.224495,11.14341,-29.351244,11.792473,-34.492256,-0.6693185,-34.508495,0.72577333,-33.3881,-2.8287077,-33.188026,-1.4691964,-41.540928,-2.476236,-41.240795,-1.0899913
4190.jpg,6.9240413,2.2823021,8.354809,1.6716194,8.381149,1.5218743,8.431876,1.3278923,8.361244,1.8135952,8.381008,1.7673246,8.405967,1.714065,8.033252,-0.174595,7.9554973,0.39775953,5.5634837,1.7035084,5.5164104,1.8949993,1.0,-2.5105681,0.0,-0.0,-8.294618,-4.527068,-8.507588,-1.167433,-12.339833,1.5677836,-11.826505,2.430325,-14.11392,2.590619,-13.794098,3.014743,-13.248301,2.9490855,-13.063114,3.488732,-12.68892,2.5898578,-12.54298,3.0912035,-21.082191,-0.9903968,-20.909798,1.0,-29.16407,10.68093,-29.455317,11.333217,-34.47101,-0.66030556,-34.54899,0.69648474,-33.337048,-2.6824298,-33.17589,-1.4111378,-41.434,-2.480021,-41.20784,-1.1835485
4191.jpg,7.395356,2.1590784,8.642541,1.5895433,8.676726,1.4196787,8.733585,1.2098927,8.650617,1.7350692,8.679082,1.6897948,8.722556,1.6371528,8.278693,-0.36452606,8.275953,0.25291216,5.905315,1.6053165,5.8576107,1.7993064,1.0,-2.562919,0.0,-0.0,-8.272009,-4.5329905,-8.528207,-0.9068339,-12.304731,1.4349139,-11.944229,2.3215487,-14.038424,2.465197,-13.892804,2.9770002,-13.1198225,2.7937357,-13.095917,3.378567,-12.578374,2.4371917,-12.571493,2.9827769,-21.187239,-1.0465182,-21.022379,1.0,-29.491219,10.629163,-29.716208,11.262047,-34.813736,-0.5816148,-34.91529,0.6929731,-33.60763,-2.5946941,-33.478893,-1.3854387,-41.80337,-2.378094,-41.55571,-1.175523
4192.jpg,7.286345,2.1800354,8.86596,1.551518,8.903423,1.4120697,8.985754,1.2241526,8.868625,1.6664554,8.898463,1.615422,8.946345,1.5535998,8.648908,-0.21292157,8.571095,0.30621132,5.9519515,1.6157057,5.910302,1.8141464,1.0,-2.3018892,0.0,-0.0,-8.72555,-4.4618244,-8.986271,-0.9654594,-13.175542,1.5619605,-12.658267,2.303503,-15.257014,2.52749,-14.707818,2.917337,-14.345532,2.8972404,-14.059076,3.3781629,-13.682701,2.5585704,-13.5040245,2.985228,-22.342508,-0.87346303,-22.065706,1.0,-30.595045,10.012918,-30.856352,10.878168,-36.278763,-0.6580321,-36.146633,0.7281708,-35.00899,-2.509313,-34.680805,-1.3443667,-43.712524,-2.3002863,-43.19547,-1.0481004
4193.jpg,8.502544,2.235633,10.358054,1.6016841,10.418881,1.4464197,10.527243,1.2400964,10.351408,1.7192875,10.383766,1.6728956,10.441096,1.6136812,10.0378275,-0.24594913,9.936318,0.33675286,6.8726263,1.6707962,6.831944,1.8793684,1.0,-2.399855,0.0,-0.0,-10.548303,-4.621779,-10.637816,-1.1501063,-15.650902,1.5245354,-14.925293,2.2879698,-17.91006,2.5445728,-17.14401,2.9417913,-16.730534,2.9190366,-16.34888,3.2277846,-16.029373,2.5639849,-15.557837,2.9932723,-26.502043,-0.93687105,-26.150122,1.0,-36.374256,10.343957,-36.497494,10.863798,-43.16649,-0.60004914,-42.894897,0.80897444,-41.76785,-2.532806,-41.254578,-1.3992984,-51.82961,-2.1604378,-51.23773,-0.96435016
4194.jpg,8.042067,2.2322206,9.730106,1.5702629,9.780961,1.4037527,9.881052,1.1794538,9.720653,1.7078226,9.745757,1.6676685,9.79063,1.618884,9.497762,-0.38214764,9.350944,0.295062,6.467536,1.6455885,6.425623,1.8770578,1.0,-2.4941978,0.0,-0.0,-9.841362,-4.796913,-9.972028,-1.1282598,-14.59646,1.4277595,-13.978409,2.2484846,-16.752743,2.4668665,-16.115332,2.9317632,-15.636222,2.8437238,-15.344378,3.2203126,-14.979423,2.4907916,-14.59137,2.9764798,-24.893015,-1.0252603,-24.575718,1.0,-34.10731,10.470545,-34.329163,11.047383,-40.53564,-0.6368258,-40.29147,0.7869319,-39.259197,-2.6080892,-38.790142,-1.4754851,-48.74171,-2.221866,-48.26306,-0.9957257
4459.jpg,7.036685,2.6007547,8.529219,1.8193744,8.572978,1.5384113,8.6199,1.2422363,8.531624,2.0547068,8.578651,1.9885889,8.627125,1.9062352,8.151867,-0.51086146,8.086012,0.32702672,5.5560803,1.9404861,5.522523,2.2652836,1.0,-2.7851415,0.0,-0.0,-8.052112,-5.280363,-8.914543,-1.4672655,-12.436713,1.842435,-12.621635,2.4325998,-14.45799,2.9988964,-14.969412,3.0834925,-13.513123,3.4938045,-14.031831,3.2888207,-12.945572,3.1331935,-13.354516,3.096175,-21.31503,-1.0872713,-21.42126,1.0,-29.446968,11.960174,-29.916265,12.354493,-34.82518,-0.28081313,-34.615223,0.66834265,-33.79737,-2.6900303,-33.47484,-1.7598164,-42.426136,-2.2978215,-42.224308,-1.2441742
4460.jpg,7.826879,2.6010094,9.51445,1.8726499,9.567945,1.6191143,9.626888,1.3342899,9.522254,2.0636709,9.576735,2.0043511,9.637447,1.9321004,9.17361,-0.38305488,9.076701,0.3818901,6.2554474,1.9342527,6.222435,2.21798,1.0,-2.709934,0.0,-0.0,-9.000752,-5.2659388,-9.663584,-1.5222554,-13.485559,1.5884501,-13.456034,2.3274236,-15.753167,2.725224,-16.088734,2.9622962,-14.724022,3.2051334,-15.037086,3.1628847,-14.065517,2.8768406,-13.966333,2.9813044,-23.7308,-1.0713264,-23.841871,1.0,-32.346634,11.606623,-33.090805,12.125776,-38.673767,-0.42042515,-38.476116,0.5808156,-37.35669,-2.6272974,-36.98538,-1.695391,-47.11115,-2.1347103,-46.85428,-1.0300566
4461.jpg,9.987861,2.524874,12.175663,1.8152775,12.245003,1.5496671,12.325635,1.2829825,12.204771,2.028381,12.2932,1.962829,12.385315,1.8833559,11.737707,-0.35701337,11.635597,0.4030447,7.8938575,1.9045151,7.9023867,2.2049818,1.0,-2.7110734,0.0,-0.0,-12.127582,-5.062611,-13.9543085,-0.92567456,-18.204348,1.7430717,-18.030842,2.3006244,-21.0887,2.8872259,-21.483364,2.927143,-19.831274,3.3314157,-20.243809,3.1032832,-18.987436,2.974676,-19.261213,2.9265,-31.39459,-1.0104241,-31.344557,1.0,-43.203068,11.355109,-43.753082,11.613017,-50.86228,-0.19393136,-50.57904,0.65122885,-49.28476,-2.4059525,-48.759293,-1.6194048,-61.78106,-2.0411117,-61.531445,-1.1609707
4462.jpg,8.006189,2.6069298,9.627278,1.866826,9.700097,1.601639,9.780877,1.3246233,9.621488,2.0631735,9.674973,1.9871659,9.751701,1.8936766,9.337437,-0.4142547,9.193709,0.28044206,6.4706454,2.0106072,6.414116,2.262615,1.0,-2.7564073,0.0,-0.0,-9.289723,-5.1408296,-9.953839,-1.0388259,-14.027085,2.0225482,-14.01411,2.450034,-16.254816,3.069789,-16.736229,3.0349765,-15.221501,3.5024016,-15.695072,3.2335377,-14.572779,3.150073,-14.923171,3.0601528,-23.993143,-0.99369085,-24.128174,1.0,-33.151535,11.818968,-33.878944,12.25064,-38.958942,-0.33082464,-38.921314,0.66719025,-37.605263,-2.5943503,-37.42571,-1.7582327,-47.570614,-2.333004,-47.40946,-1.313701
4463.jpg,7.3281035,2.5064287,8.831634,1.7931112,8.90876,1.5581778,8.994488,1.3052667,8.8099,1.9616647,8.86967,1.8941635,8.951957,1.8074179,8.57247,-0.38243577,8.45773,0.31704432,6.014717,1.9044378,5.9588294,2.1680095,1.0,-2.7033672,0.0,-0.0,-8.19146,-5.1649613,-8.732846,-1.1568174,-12.320726,1.6799158,-12.523103,2.1504636,-14.4146595,2.7292397,-15.31752,2.678184,-13.45329,3.161423,-14.041594,2.9225237,-12.844739,2.8102086,-13.377172,2.7573798,-21.668789,-0.9770968,-21.772675,1.0,-29.77186,11.373677,-30.437456,11.691743,-35.10994,-0.4109163,-35.060017,0.6598449,-33.947147,-2.574968,-33.814384,-1.6708333,-42.772453,-2.277164,-42.605877,-1.2454027
4464.jpg,6.8078427,2.645362,8.274398,1.8765756,8.3253,1.57158,8.376038,1.2463819,8.268419,2.149357,8.310654,2.0940545,8.357484,2.0239527,8.000095,-0.6252528,7.8950706,0.31799227,5.3690495,1.934923,5.331932,2.3143964,1.0,-3.07289,0.0,-0.0,-7.9169407,-5.63237,-8.433049,-1.2014841,-11.978808,1.7457958,-11.978643,2.5439007,-14.019981,3.0225704,-14.412232,3.2559042,-13.039563,3.5423548,-13.407803,3.4668124,-12.439455,3.1620176,-12.735479,3.2376769,-20.861609,-1.1711102,-21.007458,1.0,-28.705912,12.54865,-29.265186,13.298602,-33.96019,-0.38763186,-33.93411,0.7793127,-32.947872,-2.7178223,-32.912186,-1.7615339,-41.38477,-2.4916382,-41.174934,-1.3359112
972.jpg,5.1410723,2.503216,6.13774,1.8560404,6.1747227,1.6258682,6.2319946,1.3770365,6.1372943,2.0161788,6.1556726,1.9544356,6.1889806,1.8778528,5.9719934,-0.380293,5.914082,0.32889205,4.1167397,1.9794143,4.112213,2.1966414,1.0,-2.8740098,0.0,-0.0,-6.096554,-5.517663,-6.1732435,-0.72880095,-8.892985,1.2151208,-8.733199,2.7596748,-10.274208,2.4490817,-10.123527,3.5835829,-9.388074,2.9527035,-9.287872,3.9888818,-8.991257,2.5566916,-8.902078,3.474791,-15.561131,-1.156431,-15.389453,1.0,-21.401909,12.261655,-21.644505,13.0684595,-25.348099,-0.87410015,-25.240616,0.7179714,-24.643288,-3.1474867,-24.335133,-1.6698315,-30.78065,-3.0208924,-30.457273,-1.5935013
973.jpg,5.007114,2.605627,6.000063,1.9364201,6.040987,1.6842616,6.101915,1.4194831,5.990969,2.1173635,6.007296,2.0501292,6.039881,1.966246,5.861139,-0.42283976,5.7898984,0.32378194,4.0139136,2.0422585,4.0026584,2.2773552,1.0,-3.094976,0.0,-0.0,-5.8996186,-5.9122033,-5.969885,-0.8434946,-8.567743,1.4094756,-8.452166,2.878526,-9.870798,2.723687,-9.839269,3.7560194,-9.097434,3.2568357,-9.046008,4.163276,-8.705329,2.8257077,-8.661079,3.6212244,-15.125076,-1.2322874,-14.924901,1.0,-20.826677,12.992063,-20.943584,13.835216,-24.6405,-0.798302,-24.48168,0.5159766,-23.952156,-3.1450572,-23.607916,-1.9309794,-29.842518,-3.212229,-29.47786,-2.0700388
974.jpg,5.1119833,2.2968564,6.1062064,1.7145239,6.1483107,1.4960564,6.2121243,1.2634233,6.099064,1.8635573,6.119715,1.8005027,6.159447,1.720903,5.957325,-0.35434878,5.9055076,0.28155982,4.100353,1.8069781,4.089376,2.0045278,1.0,-2.7787974,0.0,-0.0,-6.1020837,-5.109845,-6.010848,-0.67140675,-8.830384,1.320547,-8.645688,2.4999645,-10.194249,2.4425979,-10.019619,3.521854,-9.353856,2.9023561,-9.269994,3.696689,-8.959954,2.5163794,-8.888697,3.199133,-15.496704,-1.0495466,-15.315977,1.0,-21.314728,11.246208,-21.558146,12.026882,-25.180557,-0.7476848,-25.105776,0.6957172,-24.354149,-2.776787,-24.112288,-1.5093384,-30.482693,-2.746378,-30.263441,-1.3829944
975.jpg,4.8624763,2.360284,5.8288794,1.8054357,5.8689017,1.5809989,5.93034,1.3426712,5.8229985,1.9676301,5.8417864,1.9081216,5.876319,1.8331125,5.7155647,-0.31722498,5.6500187,0.32589802,3.9297943,1.8242513,3.9038746,2.0575974,1.0,-2.8778117,0.0,-0.0,-5.9192233,-5.321769,-5.893607,-0.67021376,-8.499675,1.4368677,-8.413302,2.793714,-9.774201,2.5804696,-9.722939,3.667384,-9.03778,3.0360744,-9.032433,3.8573122,-8.660027,2.649023,-8.654939,3.5932672,-14.887947,-1.1836782,-14.65971,1.0,-20.512306,11.869668,-20.596758,12.7756815,-24.309134,-0.798289,-24.162899,0.67515606,-23.642635,-2.9356015,-23.316195,-1.5675672,-29.487434,-2.9688811,-29.064425,-1.659275
976.jpg,4.9575214,2.7800975,5.9312506,2.0913868,5.9675417,1.8641891,6.028613,1.6014609,5.928306,2.2460623,5.9477935,2.1772149,5.9837117,2.0897684,5.794205,-0.2186876,5.7295933,0.4047666,4.012443,2.153682,3.9922783,2.3844361,1.0,-3.0696297,0.0,-0.0,-5.844343,-5.8915687,-6.126727,-1.5511535,-8.504851,1.4821683,-8.621602,2.9673522,-9.749125,2.8110533,-9.885287,4.0348616,-8.884442,3.3259826,-9.162192,4.302843,-8.53124,2.8681293,-8.737849,4.001043,-14.930788,-1.206562,-14.753684,1.0,-20.613134,13.540047,-20.693558,14.209002,-24.432037,-0.5336219,-24.257666,0.6193123,-23.643133,-2.9085002,-23.265089,-1.8576369,-29.39211,-3.2313445,-29.126978,-2.22067
977.jpg,4.945472,2.4682624,5.921016,1.857962,5.951408,1.6611232,5.9955587,1.4313525,5.919993,1.9862965,5.943689,1.9246974,5.983386,1.8503263,5.696029,-0.23050135,5.6393504,0.41472638,3.975177,1.9367216,3.95754,2.1289198,1.0,-2.683176,0.0,-0.0,-5.7542086,-5.1128106,-5.8349934,-0.6535173,-8.380321,1.236475,-8.342909,2.7268543,-9.559705,2.4202898,-9.586654,3.7017422,-8.766424,2.8799891,-8.827636,3.8892446,-8.414044,2.480167,-8.469707,3.4216015,-14.738376,-1.0091057,-14.525931,1.0,-20.399168,11.663542,-20.386229,12.4482565,-24.115446,-0.72900367,-23.906918,0.59249496,-23.403294,-2.7733614,-23.032734,-1.559452,-29.190914,-2.8274446,-28.841246,-1.5834405
978.jpg,5.2266884,2.130845,6.324441,1.5851448,6.371317,1.3930562,6.4321923,1.1898184,6.319999,1.7138535,6.3598394,1.6530943,6.4181147,1.5757419,6.159562,-0.22928092,6.1384034,0.38132146,4.284711,1.6735414,4.2580276,1.9044093,1.0,-2.3636978,0.0,-0.0,-6.1657677,-4.44019,-6.176298,-0.4776062,-8.908038,1.1664251,-8.67552,2.0948026,-10.266918,2.2000203,-10.296214,2.7092876,-9.409996,2.53064,-9.413764,2.8990734,-9.026165,2.2330804,-8.964991,2.7121038,-15.862693,-0.8454506,-15.612119,1.0,-21.566517,9.769458,-21.709223,10.286382,-25.656738,-0.31526622,-25.391714,0.87923735,-24.869164,-1.9854492,-24.458551,-1.0371597,-30.96828,-2.0421376,-30.391405,-1.0038898
979.jpg,5.3591595,2.1778777,6.4913936,1.56402,6.53722,1.3704172,6.5892677,1.1614051,6.493792,1.6891975,6.5352564,1.6159952,6.5972347,1.5284393,6.26203,-0.24815795,6.2629066,0.3533945,4.4084587,1.7491728,4.3916807,1.9664862,1.0,-2.3499408,0.0,-0.0,-6.479077,-4.3595695,-6.3895984,-0.35531276,-9.113644,1.5580943,-8.874151,2.184599,-10.491202,2.5024722,-10.4949255,2.7332654,-9.650929,2.8206763,-9.721456,2.9229202,-9.218734,2.5022268,-9.093149,2.7548013,-15.893374,-0.90333986,-15.710744,1.0,-21.911158,10.110308,-21.963812,10.578296,-26.024593,-0.3736812,-25.792637,0.77954155,-25.109245,-2.1208503,-24.737394,-1.1326163,-31.369944,-2.1520257,-30.893955,-1.1511409
980.jpg,4.828223,2.5359325,5.8541718,1.7977116,5.8995876,1.539404,5.948379,1.2836717,5.853208,2.0232685,5.898845,1.9401472,5.964987,1.8404015,5.672366,-0.4581293,5.669046,0.3026722,3.8808258,1.961302,3.8689563,2.2783175,1.0,-2.9731288,0.0,-0.0,-5.8850055,-5.4730835,-6.1460066,-0.58471453,-8.389909,1.4772972,-8.267862,2.495655,-9.67309,2.7405698,-9.934122,2.9041243,-8.862727,3.1275585,-9.022794,3.3394647,-8.46792,2.759738,-8.434613,2.973622,-14.932453,-1.273058,-14.819701,1.0,-20.457952,11.931231,-20.49583,12.951694,-24.270151,-0.7424935,-23.759706,0.9893185,-23.417742,-2.9825792,-22.736105,-1.5545075,-29.515694,-2.7733207,-28.822472,-1.1802735
981.jpg,4.427267,2.8128858,5.356636,2.0599687,5.3923874,1.8052906,5.443258,1.5549132,5.357266,2.235119,5.392601,2.1258733,5.4434166,1.9964637,5.1715064,-0.29862416,5.1231074,0.34748533,3.612194,2.2601979,3.594998,2.5116541,1.0,-3.0670996,0.0,-0.0,-5.1382813,-5.857935,-5.3360972,-1.4928837,-7.478691,1.7393086,-7.5047264,2.8009706,-8.677006,3.0022302,-9.060559,3.4683855,-7.993276,3.488641,-8.307443,3.7740338,-7.620584,3.0716953,-7.690645,3.5392098,-13.223903,-1.2590998,-13.218269,1.0,-18.187063,13.080567,-18.252974,13.637696,-21.501749,-0.82138574,-21.240913,0.57500917,-20.713417,-3.115985,-20.316662,-1.8391693,-25.960377,-3.0243435,-25.713114,-1.7983968
982.jpg,5.307636,2.2793636,6.396909,1.7028017,6.4261346,1.5474042,6.4762497,1.3581842,6.4045796,1.7897729,6.4222693,1.7252403,6.452839,1.6442406,6.1932554,-0.10331765,6.164263,0.3572211,4.327049,1.8234781,4.320456,1.9869999,1.0,-2.348874,0.0,-0.0,-6.4936266,-4.5883346,-6.427944,-0.7535711,-9.2101,1.2351662,-9.07658,2.397381,-10.5925665,2.2712924,-10.4582205,3.2255878,-9.579753,2.6721823,-9.621879,3.4572945,-9.16733,2.351635,-9.1311655,3.0684717,-16.09384,-0.88225454,-15.773142,1.0,-22.181986,10.406925,-22.015194,11.121915,-26.142076,-0.5755837,-25.776089,0.7312079,-25.142838,-2.3626864,-24.593418,-1.1928042,-31.656546,-2.485017,-30.843773,-1.3729633
983.jpg,4.9574466,2.1478906,6.008687,1.5976864,6.0385528,1.4481583,6.0837407,1.2592967,6.021485,1.6833625,6.045231,1.626244,6.077884,1.5562997,5.7874594,-0.14880793,5.791809,0.35973352,4.070177,1.7151166,4.0533605,1.893041,1.0,-2.2489974,0.0,-0.0,-5.976922,-4.345055,-5.988342,-0.6162816,-8.506396,1.2257043,-8.422281,2.1698937,-9.793972,2.2010314,-9.733744,2.7702713,-8.914636,2.5591595,-8.974441,3.239422,-8.533046,2.252685,-8.523623,2.843817,-14.881762,-0.8767752,-14.574117,1.0,-20.407465,9.747297,-20.335014,10.520077,-24.062984,-0.5689569,-23.70178,0.7723248,-23.155216,-2.3757844,-22.670017,-1.1301267,-29.203737,-2.1515887,-28.34818,-0.9963125
984.jpg,4.9411764,2.3723145,5.978406,1.7118179,6.0154877,1.4886302,6.065127,1.2570128,5.9812565,1.8599986,6.016698,1.7839354,6.069034,1.6899352,5.7512455,-0.37285754,5.7503424,0.28871673,4.0297832,1.8774182,4.0072985,2.1450372,1.0,-2.8230722,0.0,-0.0,-5.9596252,-5.2521214,-5.9514174,-0.71762997,-8.487519,1.1538233,-8.183314,2.4098222,-9.832898,2.3966494,-9.6058855,3.0386827,-9.025606,2.7915592,-8.818492,3.2938545,-8.625686,2.4685295,-8.271368,3.1189713,-15.056615,-1.1947377,-14.84916,1.0,-20.519514,11.396114,-20.573025,11.993454,-24.378407,-0.61547565,-24.021051,0.7428175,-23.5198,-2.6932952,-22.997213,-1.5344021,-29.500599,-2.657858,-28.667757,-1.5814298
985.jpg,5.152942,2.414893,6.229612,1.6928711,6.270351,1.4889934,6.322937,1.2642618,6.2358546,1.8055288,6.2721753,1.7223076,6.330253,1.6180544,5.9648705,-0.3050133,5.976518,0.3138981,4.2186465,1.9446213,4.2057514,2.1685538,1.0,-2.7653818,0.0,-0.0,-5.982407,-5.1089234,-5.9685564,-0.65256256,-8.555949,1.084041,-8.269451,2.35484,-9.916939,2.334574,-9.799114,3.0060818,-9.014205,2.714429,-8.832928,3.2788599,-8.607505,2.3897953,-8.383925,3.0719724,-15.182586,-1.108708,-15.010161,1.0,-20.66997,11.173692,-20.766571,11.815734,-24.41777,-0.5933211,-23.985256,0.95159745,-23.518011,-2.6059113,-22.818893,-1.4260962,-29.671429,-2.6585948,-28.840225,-1.5377644
986.jpg,5.519306,2.4585211,6.723142,1.7599236,6.7506986,1.5804043,6.788019,1.3576257,6.7473025,1.8606694,6.781979,1.7902478,6.8235774,1.7042985,6.411539,-0.22288243,6.4458604,0.3526811,4.5114417,1.9482101,4.5033445,2.1759584,1.0,-2.6873205,0.0,-0.0,-6.704803,-5.2852473,-6.620684,-0.7781439,-9.350153,0.9375522,-9.287613,2.4781709,-10.8295555,2.2334948,-10.742165,3.218079,-9.880023,2.63551,-9.931146,3.5158458,-9.460988,2.3025825,-9.398988,3.235996,-16.667177,-1.1664139,-16.405256,1.0,-22.801409,11.186205,-22.858694,11.648458,-26.901848,-0.7008747,-26.565765,0.68316954,-25.993284,-2.7326574,-25.581877,-1.4244157,-32.834476,-2.4676542,-32.06124,-1.2290944
987.jpg,5.4928303,2.4796658,6.5648923,1.8126755,6.603243,1.6038722,6.6652107,1.3641425,6.566414,1.9514309,6.583667,1.8893629,6.615218,1.8101488,6.3636436,-0.3046671,6.315933,0.33358526,4.4534745,1.9452747,4.4426813,2.1653535,1.0,-2.9690034,0.0,-0.0,-6.592076,-5.5931106,-6.5364113,-1.1755877,-9.427493,1.2999609,-9.588944,2.6320126,-10.910733,2.547543,-11.236943,3.3566592,-9.922219,3.028048,-10.271952,3.907476,-9.481792,2.639953,-9.831396,3.4416208,-16.524286,-1.2132941,-16.27404,1.0,-22.640425,12.0078745,-22.708435,12.683983,-26.688826,-0.8662891,-26.535158,0.4978051,-25.65619,-2.983091,-25.403336,-1.7769463,-32.398952,-2.6106613,-31.96781,-1.4184152
988.jpg,5.6655345,2.449981,6.8179936,1.785744,6.8481784,1.6024777,6.8854704,1.3725258,6.8369756,1.8982521,6.869828,1.8382413,6.9111953,1.7675611,6.525063,-0.2597715,6.486294,0.39487115,4.5630903,1.9069096,4.558882,2.107426,1.0,-2.8681388,0.0,-0.0,-6.8593745,-5.3371143,-6.7203665,-0.92201805,-9.510262,1.2529491,-9.522753,2.502513,-11.015573,2.5347507,-11.020396,3.223652,-10.042466,2.9355807,-10.162822,3.7006416,-9.618132,2.5615306,-9.654002,3.2329009,-16.745321,-1.1488912,-16.528444,1.0,-23.227257,11.864974,-23.340372,12.492733,-27.447815,-0.8123122,-27.331926,0.5968298,-26.429169,-2.8118026,-26.220726,-1.5704256,-33.479412,-2.8219886,-32.8719,-1.6262176
989.jpg,4.6599,2.3114552,5.587991,1.6347462,5.6261525,1.4062078,5.6752553,1.1688558,5.582582,1.7954187,5.611625,1.7263508,5.658776,1.6366838,5.4083,-0.5058989,5.3934035,0.2730272,3.8351774,1.7756898,3.8140047,2.0695555,1.0,-3.0453126,0.0,-0.0,-5.303891,-5.439525,-5.379481,-0.8233267,-7.600868,1.2566481,-7.5515027,2.3514805,-8.7906,2.4166398,-8.951098,2.9451172,-8.083102,2.8000126,-8.101842,3.178115,-7.7520194,2.4722917,-7.712594,2.998096,-13.56942,-1.2654996,-13.408359,1.0,-18.578327,11.147442,-18.683199,11.818669,-22.00867,-0.8119155,-21.620136,0.7251445,-21.208801,-2.7668467,-20.658705,-1.5435326,-26.72366,-2.7640896,-26.059404,-1.6266807
