1000.jpg,0.54923433,-0.33179492,0.62959254,-0.39129585,0.6658685,-0.3892045,0.7123866,-0.38605943,0.47942773,-0.39508256,0.42776984,-0.39545438,0.37902516,-0.39714605,0.76609105,-0.3465056,0.30135062,-0.35988915,0.6311395,-0.25854382,0.44895512,-0.2655068,1.0,0.021954723,0.0,0.0,1.1949903,0.08444422,0.066432536,0.08436159,1.2658956,0.05940773,0.029893357,0.0519545,1.3599087,0.03705201,-0.038517177,0.00721628,1.2804301,0.01973284,0.015803315,-0.007584612,1.2191101,0.033165727,0.07137275,0.011752755,0.8630793,0.992324,0.2122069,1.0,0.7982286,1.7363636,0.24732244,1.7533497,0.8163705,2.3871388,0.29714063,2.4239182,0.7674082,2.454308,0.3365608,2.4917946,0.7508011,2.6449869,0.30936223,2.64761
1003.jpg,0.5130135,-0.3290831,0.5892902,-0.38862652,0.62802935,-0.38752738,0.67765814,-0.38529092,0.43922037,-0.38845685,0.3890677,-0.38770372,0.33948624,-0.38745555,0.74061203,-0.34503862,0.26241904,-0.3438556,0.6010067,-0.25461695,0.42165944,-0.25962418,1.0,0.036909513,0.0,0.0,1.169043,0.056346994,0.08756834,0.053333763,1.2269642,-0.0006919511,-0.046342887,-0.013236446,1.3522764,-0.02164429,-0.1285579,-0.07757499,1.2877896,-0.031605948,-0.080293566,-0.0821541,1.2200083,-0.015878072,-0.02298407,-0.051888682,0.8177187,0.9986364,0.15815878,1.0,0.75217074,1.7361735,0.20852327,1.7523072,0.71811396,2.3803375,0.20370366,2.4059489,0.6456052,2.4479814,0.2487022,2.4736404,0.71588916,2.6325107,0.25380227,2.6405976
1006.jpg,0.5062433,-0.30277637,0.5862671,-0.36609012,0.6245718,-0.3640009,0.66291434,-0.36246285,0.43512374,-0.36617264,0.3829108,-0.3647678,0.33227554,-0.36414498,0.7312866,-0.32448885,0.25730285,-0.32253718,0.6010433,-0.22714134,0.418966,-0.23060164,1.0,0.06108305,0.0,0.0,1.0327101,0.13568628,-0.014762025,0.02279528,1.1885966,0.0045168875,-0.08393686,-0.088777296,1.3036951,-0.06220201,-0.1633436,-0.15569483,1.2561332,-0.08117887,-0.099221095,-0.1536713,1.1987123,-0.05042514,-0.028613927,-0.1153355,0.8038073,1.0006309,0.14883676,1.0,0.74571854,1.7310458,0.21874687,1.7292616,0.67880267,2.3606822,0.18504083,2.322201,0.594498,2.4210582,0.21443334,2.3863626,0.6466306,2.6158297,0.21588694,2.607247
1008.jpg,0.49664047,-0.30284548,0.5709379,-0.36464712,0.60875666,-0.36293715,0.64855504,-0.3607881,0.43120068,-0.36414582,0.38020742,-0.36306924,0.33284304,-0.361988,0.72406286,-0.32128978,0.25403005,-0.32094118,0.5907226,-0.22825618,0.41733178,-0.23344538,1.0,0.050874017,0.0,0.0,1.0583354,0.11636521,-0.023686653,0.02954405,1.1988822,-0.02015153,-0.07268172,-0.109207794,1.3186804,-0.092578776,-0.18212433,-0.19609103,1.2628204,-0.113180384,-0.11687479,-0.19302471,1.2009299,-0.080114774,-0.036689103,-0.15037972,0.78305453,1.0043858,0.12189379,1.0,0.71375304,1.7293478,0.17620236,1.7169201,0.62821937,2.3830242,0.1775848,2.2792976,0.54935855,2.4451225,0.21522878,2.3409708,0.5800348,2.6324546,0.18523318,2.5442653
1010.jpg,0.5280714,-0.28483796,0.60184205,-0.3469514,0.6402678,-0.34572637,0.6799819,-0.34338415,0.45435634,-0.34711847,0.4018121,-0.34641385,0.35004094,-0.3448877,0.74678123,-0.307013,0.25981626,-0.30688038,0.62325174,-0.20746872,0.44042844,-0.21362337,1.0,0.06167147,0.0,0.0,1.0977768,0.09224625,-0.011596916,-0.008739538,1.2364212,-0.054842133,-0.08023522,-0.13706762,1.3432087,-0.13608357,-0.18176888,-0.21573372,1.2772937,-0.15735273,-0.11522762,-0.20865309,1.2163514,-0.12330165,-0.03835208,-0.16693865,0.79426014,1.0084039,0.12512547,1.0,0.74257976,1.7219393,0.19248436,1.6952153,0.65996367,2.3771303,0.2111078,2.2255583,0.60306746,2.4350677,0.23392944,2.259993,0.59318393,2.6262407,0.22734423,2.4996924
1014.jpg,0.5206389,-0.30216756,0.59216654,-0.36325762,0.62954247,-0.36090866,0.672017,-0.3563313,0.44732633,-0.36697295,0.39594302,-0.36805975,0.34677404,-0.36870915,0.7360899,-0.318741,0.25390396,-0.3320312,0.6132351,-0.22567621,0.42084533,-0.2326786,1.0,0.0569349,0.0,0.0,1.1575696,0.06384374,-0.013744571,-0.050898694,1.2852526,-0.16955808,-0.07669682,-0.20999032,1.3234801,-0.28072166,-0.14595065,-0.29727918,1.2791115,-0.29170668,-0.106058426,-0.29280663,1.2362506,-0.24955148,-0.043840084,-0.24557376,0.78751475,1.0102288,0.116753265,1.0,0.7567077,1.7269634,0.21585567,1.7009761,0.65601856,2.3766196,0.21907574,2.2266097,0.60587895,2.4348469,0.25095204,2.2574167,0.615403,2.646264,0.22542132,2.5140455
1197.jpg,0.48835322,-0.29885143,0.5655331,-0.35827407,0.60357386,-0.3564817,0.6445109,-0.35426202,0.41715407,-0.35953006,0.3662334,-0.35918197,0.32038477,-0.35863465,0.7282925,-0.31371656,0.24497204,-0.31345093,0.5895996,-0.22477841,0.40645635,-0.2300557,1.0,0.054281905,0.0,0.0,1.1111019,0.09277461,-0.027413528,0.090965584,1.2317051,-0.041629322,-0.10112113,-0.03900138,1.2852318,-0.116477735,-0.18336374,-0.091296054,1.2248075,-0.13468206,-0.11751428,-0.10049261,1.1849988,-0.1017066,-0.056378987,-0.07509323,0.76600575,1.0159149,0.09321718,1.0,0.6979016,1.7830822,0.14916371,1.7233446,0.6291935,2.4298217,0.17293999,2.2693193,0.5540596,2.496411,0.22206716,2.3154263,0.60822195,2.6659462,0.16441186,2.5305922
1202.jpg,0.54191095,-0.30058372,0.62574774,-0.36025926,0.6680617,-0.35715288,0.7062906,-0.35343167,0.46564257,-0.36073476,0.41129217,-0.35884684,0.35847983,-0.35533625,0.77799934,-0.31328928,0.28335196,-0.31597212,0.64261127,-0.22467034,0.4372959,-0.23012912,1.0,0.05633275,0.0,0.0,1.0839034,0.15364257,-0.03897071,0.067109585,1.1820344,0.07003457,-0.035790518,0.020681486,1.2820865,0.0074076704,-0.12752977,0.006868969,1.2443227,-0.020471588,-0.040495146,0.004564655,1.1796482,0.010327961,0.02938194,0.019918345,0.8148372,1.0131613,0.14637479,1.0,0.7381584,1.7647535,0.19210064,1.7227894,0.6504752,2.40552,0.20170909,2.279738,0.56084836,2.4712176,0.24736547,2.3321023,0.64881426,2.6431298,0.21294999,2.534086
1203.jpg,0.5290884,-0.3199129,0.60873485,-0.37702045,0.65628797,-0.3747274,0.6901121,-0.37253237,0.45273978,-0.3764267,0.39940864,-0.37550482,0.3480907,-0.3751694,0.7623661,-0.3319618,0.28072488,-0.33186084,0.63246006,-0.24443944,0.43074054,-0.24885798,1.0,0.048472863,0.0,0.0,1.0725212,0.15704033,0.018128093,0.07582537,1.1983054,0.05325588,-0.04460791,0.047485,1.2881615,-0.01474955,-0.1272124,0.021959266,1.2533047,-0.04035574,-0.08335353,0.016131157,1.1940486,-0.01060686,-0.010444366,0.030157674,0.8174657,1.0079141,0.14699343,1.0,0.75957537,1.7523382,0.22186244,1.7274435,0.691428,2.3889468,0.22722003,2.320163,0.6337343,2.442103,0.26020524,2.3739817,0.64330524,2.644012,0.23299767,2.5827258
1205.jpg,0.53571856,-0.33470702,0.6121633,-0.39377666,0.652695,-0.3919077,0.6916419,-0.3893167,0.45230567,-0.3908864,0.39842474,-0.38799435,0.3472457,-0.38567993,0.75735265,-0.34868035,0.27174222,-0.34230596,0.6338308,-0.25839213,0.43901452,-0.26241773,1.0,0.033089723,0.0,0.0,1.1817255,0.078460164,0.017456839,0.04887985,1.2427169,0.029084101,-0.011529267,0.05024339,1.3296993,-0.009679337,-0.12784536,0.03431691,1.2588203,-0.02765388,-0.04934274,0.035712652,1.1977177,-0.0051476923,0.042333674,0.050324436,0.8043586,1.0091468,0.12066416,1.0,0.7545984,1.7646403,0.19933443,1.7582117,0.70398116,2.4480593,0.17878889,2.440993,0.60270745,2.550249,0.18624076,2.5227077,0.80420244,2.662979,0.27635035,2.675038
1206.jpg,0.51640123,-0.32165983,0.60667384,-0.38279283,0.6482796,-0.3808796,0.6894807,-0.37773964,0.44513637,-0.38065895,0.3901323,-0.37806094,0.33911264,-0.37538916,0.7609288,-0.33516967,0.2695139,-0.33363757,0.61673087,-0.24682063,0.41725373,-0.24948229,1.0,0.033492297,0.0,0.0,1.183525,0.1067309,-0.019255616,0.07951485,1.2188618,0.058900036,-0.027919687,0.0740483,1.3459783,0.02566325,-0.15268125,0.054617535,1.2625144,0.0037937285,-0.06202439,0.058391042,1.1908318,0.021968726,0.038710695,0.07495472,0.8227342,1.0065278,0.1380247,1.0,0.7793918,1.7642937,0.19518258,1.7614557,0.7193776,2.4278383,0.19886126,2.441701,0.6220651,2.5194857,0.21646173,2.5091903,0.81975687,2.6481838,0.29086593,2.6648865
1209.jpg,0.5640209,-0.31564134,0.6421624,-0.3774069,0.67425376,-0.37397292,0.71393794,-0.37004668,0.49238554,-0.37766826,0.4381416,-0.3749034,0.3877572,-0.37173095,0.7670464,-0.33013877,0.30254498,-0.33142263,0.64194167,-0.23726809,0.45174944,-0.24196813,1.0,0.019216195,0.0,0.0,1.1742809,0.15440153,-0.102176525,0.12035648,1.2367125,0.1545408,-0.004067868,0.1376211,1.368355,0.1266361,-0.08109983,0.12335257,1.2810763,0.097493194,0.04693423,0.12094216,1.2063545,0.10865043,0.12105199,0.13403946,0.8375037,0.9941681,0.19070223,1.0,0.8034876,1.7450045,0.22185682,1.7585338,0.7949522,2.378269,0.29821298,2.4161074,0.72618955,2.4463863,0.33048213,2.4764686,0.82846797,2.6163404,0.35750303,2.6296544
1210.jpg,0.5803493,-0.31128326,0.6602266,-0.36981657,0.69322497,-0.3668303,0.73631024,-0.36219335,0.5169298,-0.3729757,0.46560302,-0.37372717,0.4182411,-0.37423092,0.78570336,-0.32177877,0.32448295,-0.3359086,0.6553955,-0.23898816,0.4708657,-0.24514113,1.0,0.022816472,0.0,0.0,1.2083021,0.18090297,-0.08903263,0.17940806,1.2531137,0.17338096,0.0018027385,0.18186556,1.3883079,0.15164103,-0.044545114,0.1681672,1.2869936,0.12970367,0.05692392,0.15150595,1.2029926,0.14122072,0.11670112,0.16251394,0.8654531,0.9962566,0.2312831,1.0,0.86612356,1.7563499,0.25363052,1.7604164,0.8327266,2.3867927,0.32577193,2.4279685,0.7592701,2.4533749,0.36362907,2.4934468,0.8858235,2.6249542,0.4289147,2.6349638
1211.jpg,0.5762282,-0.28847894,0.65971476,-0.34570625,0.69330597,-0.34288412,0.7305657,-0.33876258,0.51317,-0.3502809,0.46111497,-0.35105765,0.41286147,-0.35231543,0.7872873,-0.3011666,0.3242208,-0.3162957,0.6552332,-0.22078268,0.46513844,-0.22549908,1.0,0.028960196,0.0,0.0,1.2017685,0.21819182,-0.1172954,0.2259659,1.2960764,0.20156959,-0.008210682,0.21115132,1.4305342,0.18147866,-0.05383892,0.18959278,1.3250216,0.15915176,0.038498197,0.16793822,1.2432029,0.16854677,0.09741173,0.17786278,0.8879272,0.9851062,0.2413096,1.0,0.8915839,1.7265087,0.2593649,1.7469741,0.8786831,2.3287666,0.34335008,2.382164,0.8100327,2.3790412,0.39410016,2.433316,0.9061824,2.581062,0.42165378,2.6023853
1215.jpg,0.5944822,-0.35416475,0.6644207,-0.40920162,0.69649565,-0.40640038,0.74024683,-0.40221304,0.5250773,-0.41566175,0.473245,-0.41717818,0.42346483,-0.4184015,0.7827179,-0.35807526,0.33206916,-0.3802406,0.66486543,-0.27633098,0.4802508,-0.28411317,1.0,0.01919674,0.0,0.0,1.2243943,0.27429006,-0.038372204,0.35987407,1.3678449,0.28114265,-0.025231788,0.33588666,1.4675087,0.26530913,-0.026693227,0.3340805,1.4049834,0.2238307,0.007272231,0.26620102,1.3289323,0.2244619,0.032926295,0.26237804,0.8945673,0.9743003,0.25422174,1.0,0.92735976,1.7157229,0.3272945,1.7610047,0.893909,2.300338,0.3691464,2.4257047,0.8191623,2.3514209,0.42009002,2.495054,1.0119591,2.573619,0.4982339,2.654222
1216.jpg,0.62476844,-0.36471304,0.6806986,-0.4164974,0.71950346,-0.4111217,0.7609828,-0.40590432,0.5575146,-0.4307844,0.5015174,-0.43284252,0.44976166,-0.4331289,0.78743744,-0.36405674,0.3415406,-0.39413697,0.6768161,-0.28242365,0.5040518,-0.2946135,1.0,0.0050366316,0.0,0.0,1.2034478,0.24723105,0.028978068,0.32618436,1.3683515,0.26783583,0.034659505,0.34294352,1.4652811,0.26890597,-0.002786302,0.34444198,1.4056575,0.23433736,0.019363651,0.30140978,1.3274393,0.23014177,0.047184117,0.2993678,0.9061507,0.97139204,0.2674594,1.0,0.92186457,1.7179937,0.33841085,1.7813311,0.8866628,2.2905712,0.38161567,2.4325294,0.8105044,2.3456,0.43321744,2.503351,1.0386828,2.569123,0.48192444,2.657464
1217.jpg,0.5850523,-0.36334175,0.6583857,-0.41790128,0.6909911,-0.41307366,0.73623526,-0.4081217,0.51831174,-0.4292333,0.46490017,-0.43007466,0.417139,-0.4291313,0.7781185,-0.36615187,0.32908222,-0.39144558,0.65592843,-0.28178197,0.46981254,-0.29207486,1.0,0.017410068,0.0,0.0,1.195422,0.2607328,-0.016977288,0.30001947,1.3969578,0.30280256,0.0033038962,0.32611704,1.4849247,0.2902713,-0.024901414,0.3550593,1.4338361,0.25593305,0.029175399,0.31016487,1.3638666,0.2567033,0.06953293,0.30055636,0.905256,0.9705095,0.26984343,1.0,0.9007473,1.7283205,0.3459252,1.7880024,0.8847685,2.29526,0.38116103,2.465035,0.8101881,2.3507612,0.43365175,2.5326328,1.039155,2.5778458,0.49905697,2.6956568
1222.jpg,0.573991,-0.39063108,0.6445339,-0.449134,0.6766017,-0.44529015,0.7053814,-0.44007358,0.5083596,-0.451529,0.45891815,-0.44978377,0.41228506,-0.44661734,0.74991494,-0.3931107,0.33927682,-0.40260413,0.6492162,-0.31013978,0.4636842,-0.3104252,1.0,0.005613056,0.0,0.0,1.1990955,0.25756067,-0.051529456,0.36168185,1.3346254,0.34451866,-0.00795716,0.40377617,1.4140337,0.3700143,0.005413375,0.43421027,1.3716791,0.3445922,0.04406387,0.36666146,1.3132138,0.33078673,0.061858192,0.35323384,0.8612142,0.96894926,0.25705332,1.0,0.81689334,1.7577932,0.29987413,1.7865366,0.81940234,2.409166,0.3656749,2.4670374,0.7624266,2.4899242,0.40127823,2.5423443,0.9012811,2.634499,0.4270179,2.6634448
1224.jpg,0.52569,-0.39594895,0.59883404,-0.45567262,0.6388322,-0.45173368,0.66659975,-0.44904363,0.46601215,-0.45572343,0.41923976,-0.4553281,0.3750973,-0.4543019,0.71769094,-0.40748486,0.31536123,-0.41176498,0.61514443,-0.3176134,0.42864674,-0.3203525,1.0,0.009957848,0.0,0.0,1.2477765,0.34221753,-0.05666618,0.39071736,1.350983,0.4215098,-0.0287202,0.46066368,1.4040918,0.44321632,-0.046710286,0.50090724,1.3606746,0.41485864,0.009179549,0.45457873,1.3146672,0.4036278,0.042066403,0.43937317,0.82495946,0.9946541,0.22585502,1.0,0.78723073,1.770444,0.27733693,1.7814888,0.7663006,2.4652734,0.3442326,2.4754422,0.70940524,2.542941,0.35868794,2.5505245,0.76076823,2.7213483,0.40889746,2.7227435
1720.jpg,0.5378648,-0.31288025,0.61794674,-0.3724329,0.6579424,-0.36976525,0.69182223,-0.36726668,0.4652457,-0.37328058,0.41123244,-0.3710798,0.36127636,-0.36891583,0.7483399,-0.33166668,0.29574037,-0.3338122,0.6258127,-0.23906192,0.42239136,-0.24202932,1.0,0.0076343887,0.0,0.0,1.1131946,0.17208461,0.04865742,0.097018935,1.1204114,0.20686169,0.12808035,0.16132407,1.2361919,0.21436687,0.0727368,0.16260472,1.1508534,0.19575101,0.13839394,0.15611535,1.0732805,0.19384767,0.19157518,0.16126098,0.853315,1.0021116,0.19971924,1.0,0.811845,1.73653,0.30606765,1.7321213,0.80241257,2.363937,0.3013198,2.3691566,0.7306301,2.4252503,0.327939,2.4281106,0.7589228,2.623941,0.3550386,2.6190965
1723.jpg,0.52525693,-0.3103365,0.6124,-0.37446862,0.64700574,-0.37184787,0.69001925,-0.368573,0.46201396,-0.37469184,0.40918058,-0.37315506,0.35990632,-0.36959696,0.74881124,-0.33269784,0.2871648,-0.33312178,0.6136575,-0.23526026,0.422148,-0.24029915,1.0,0.009899292,0.0,0.0,1.1435784,0.1475143,0.027460778,0.11834994,1.1169009,0.17224489,0.10476989,0.12370707,1.2212849,0.15899178,0.055814963,0.103154354,1.1106921,0.13182838,0.13891134,0.088257246,1.0340688,0.1382619,0.19405968,0.10018625,0.83987445,1.0054022,0.18890463,1.0,0.7928467,1.7506453,0.26202017,1.7396865,0.7456514,2.3821974,0.25973883,2.3667448,0.6915254,2.4437916,0.29324502,2.419559,0.697061,2.643844,0.33397457,2.6293797
1727.jpg,0.5315069,-0.31138766,0.61538774,-0.37670982,0.65332466,-0.37472066,0.6963282,-0.3713503,0.46129403,-0.37274638,0.40771806,-0.36962324,0.35748208,-0.36546427,0.75573903,-0.33484265,0.28366384,-0.32749048,0.6219218,-0.23662183,0.4319708,-0.23758246,1.0,0.017900655,0.0,0.0,1.0875428,0.11953936,0.045985762,0.0889859,1.0838684,0.15276682,0.15544397,0.09280647,1.1879216,0.12788539,0.08687506,0.06399434,1.1035869,0.103542335,0.14953579,0.053913094,1.0244684,0.11468221,0.20960619,0.0714444,0.8481257,1.0013899,0.19321913,1.0,0.799725,1.7548623,0.27850878,1.7315744,0.761414,2.4206467,0.22323453,2.3534293,0.70336276,2.488043,0.24857214,2.4144208,0.7520638,2.6809444,0.2787734,2.6077163
1729.jpg,0.51812613,-0.32401067,0.5987572,-0.38671714,0.64099205,-0.3847052,0.680828,-0.38262343,0.4474306,-0.3860162,0.39592862,-0.38441882,0.34912413,-0.38307682,0.74844307,-0.3460468,0.28133318,-0.34306467,0.6166374,-0.24931853,0.42352435,-0.25379393,1.0,0.02506972,0.0,0.0,1.0400711,0.12841065,0.029464453,0.050376266,1.0428615,0.0974515,0.13151711,0.053309787,1.1307192,0.054178823,0.13183156,0.025623426,1.064132,0.037923247,0.19308218,0.014873575,0.99245125,0.05612656,0.23125072,0.031200629,0.85434395,1.002184,0.21642162,1.0,0.799288,1.7393454,0.3051557,1.7146609,0.7816628,2.3893054,0.22351812,2.3258216,0.7277512,2.4470966,0.25215727,2.3908038,0.7304433,2.6624904,0.30315715,2.582499
1731.jpg,0.50588465,-0.31647515,0.5913533,-0.37846652,0.6314707,-0.37709475,0.6731888,-0.37561992,0.4349263,-0.3778268,0.38292402,-0.37732688,0.3350956,-0.3776508,0.74098486,-0.34099355,0.27272624,-0.34001842,0.60548025,-0.24494071,0.41192308,-0.24789704,1.0,0.03119929,0.0,0.0,0.9987119,0.1941539,0.07690541,0.09683027,1.0541744,0.084619716,0.13492848,0.057732645,1.149892,0.018167745,0.10951034,0.0052146995,1.1129223,-0.0066207144,0.13900366,-0.0036758613,1.0356593,0.014675085,0.19962984,0.0171748,0.83539885,1.0115118,0.19917282,1.0,0.7873523,1.7567471,0.2994394,1.7424759,0.78458714,2.400773,0.23494734,2.397535,0.73628867,2.451597,0.25560015,2.4538293,0.73435915,2.6747868,0.33169523,2.6524715
1733.jpg,0.5258692,-0.3055873,0.60269386,-0.36420205,0.63974524,-0.36290127,0.6824438,-0.3609387,0.45408016,-0.36594114,0.4043392,-0.3661392,0.3572064,-0.3673837,0.7488903,-0.32490745,0.28053752,-0.32717016,0.62271804,-0.23474564,0.431754,-0.2396863,1.0,0.038557418,0.0,0.0,0.98315895,0.22775896,0.15881315,0.16465572,1.0852133,0.057425395,0.22824486,0.019996133,1.1681681,-0.024234116,0.1674997,-0.03805617,1.1543193,-0.05382085,0.1747326,-0.050729785,1.0988166,-0.025102787,0.25038406,-0.030056039,0.8577938,1.0049975,0.21690726,1.0,0.8046812,1.7418082,0.28283918,1.742349,0.80800766,2.368349,0.28075215,2.3920927,0.7573996,2.4268236,0.31199548,2.4609737,0.76806605,2.632706,0.37531024,2.6276891
1734.jpg,0.5357523,-0.29512388,0.61018056,-0.35780102,0.6482614,-0.3572162,0.682551,-0.35459265,0.45929962,-0.35572085,0.40754724,-0.35465506,0.3582376,-0.35197142,0.7491943,-0.3180627,0.27781317,-0.31325653,0.6293417,-0.2254504,0.43839702,-0.22547197,1.0,0.055011,0.0,0.0,0.9534065,0.23411539,0.15552059,0.091727614,1.0891861,0.022141848,0.27689186,-0.02597388,1.1880556,-0.06441927,0.21714409,-0.0872885,1.1722403,-0.0965245,0.23222826,-0.10108867,1.1067661,-0.06317519,0.2866964,-0.075778246,0.85669047,1.0028188,0.20473458,1.0,0.8374998,1.7558191,0.26086006,1.7477884,0.82352144,2.3660386,0.2791605,2.3788164,0.7518356,2.4181046,0.32509407,2.4398625,0.77814174,2.6207106,0.34663188,2.6217146
1735.jpg,0.53436834,-0.28495023,0.605393,-0.3481527,0.63828516,-0.34783295,0.6804697,-0.34591803,0.46166268,-0.345907,0.40852794,-0.34496823,0.36078206,-0.3434209,0.7440579,-0.30936855,0.27284735,-0.30630395,0.6214478,-0.21613768,0.4431706,-0.21776503,1.0,0.06287693,0.0,0.0,0.9766701,0.2379432,0.15660875,0.08555456,1.1526849,-0.019055083,0.36299816,-0.0760179,1.203154,-0.09603231,0.19123025,-0.09666237,1.1825688,-0.12355637,0.20819381,-0.10694129,1.1441528,-0.09474385,0.25190842,-0.08102519,0.84509504,0.9997747,0.19689941,1.0,0.81364673,1.7355971,0.24557683,1.7487932,0.83231926,2.3691444,0.28290793,2.3968325,0.7784179,2.427493,0.33780316,2.465877,0.79109067,2.6044855,0.34220216,2.6246026
1737.jpg,0.5287234,-0.29484546,0.60503995,-0.35485584,0.63842076,-0.35235485,0.6756552,-0.35018915,0.46502066,-0.35867643,0.40990362,-0.35987163,0.35975954,-0.36025015,0.73973465,-0.3175552,0.26684818,-0.32342994,0.61093867,-0.21831563,0.42248076,-0.22726806,1.0,0.046835948,0.0,0.0,0.9629025,0.17300865,0.15554696,0.06855891,1.1872498,-0.08774979,0.19075306,-0.09574222,1.2623001,-0.17090045,0.16398694,-0.15768918,1.2302907,-0.1934707,0.1787756,-0.16710646,1.1862925,-0.16131857,0.21677658,-0.14187114,0.8409243,1.0031677,0.19496907,1.0,0.81945723,1.7573441,0.23176712,1.7608057,0.8488522,2.3745763,0.31062248,2.3990834,0.80325186,2.4290051,0.3770723,2.4631703,0.8028648,2.6334498,0.35817954,2.641602
1738.jpg,0.5420523,-0.28692266,0.61167485,-0.34377792,0.6490072,-0.34282205,0.6953214,-0.34084746,0.47899866,-0.34676015,0.4265041,-0.34832248,0.37610117,-0.34889752,0.7530939,-0.31048563,0.2720619,-0.3167325,0.6191027,-0.21249515,0.43327886,-0.21829066,1.0,0.04070504,0.0,0.0,1.0479357,0.10431623,0.07058085,0.04871517,1.2417793,-0.109790936,0.13024189,-0.121340066,1.325997,-0.19359687,0.106860384,-0.19023101,1.2642214,-0.21536522,0.1312304,-0.1943089,1.2155724,-0.18385342,0.1612825,-0.16572571,0.84373885,0.99736196,0.18760982,1.0,0.8361694,1.7352186,0.2459389,1.7502894,0.90474874,2.3583345,0.3501547,2.3926249,0.85291773,2.4142444,0.41203,2.4450812,0.8656653,2.6215432,0.37878317,2.6191497
1739.jpg,0.54257673,-0.31361735,0.61202884,-0.37148213,0.64703864,-0.36934894,0.6896581,-0.36634508,0.4779599,-0.37375936,0.4258632,-0.37370858,0.37471223,-0.37334886,0.74923426,-0.33071303,0.27100548,-0.33611324,0.62101066,-0.2395966,0.4361211,-0.2424242,1.0,0.023513664,0.0,0.0,1.0300066,0.0793599,0.09336012,0.06516039,1.2487009,-0.15524288,0.12624708,-0.12885298,1.3316777,-0.23858616,0.09570905,-0.21712905,1.265755,-0.25762236,0.1167431,-0.22621253,1.212924,-0.22774008,0.14723238,-0.19255613,0.8236344,0.99448055,0.17722026,1.0,0.8224533,1.749986,0.24650697,1.7623397,0.90498096,2.3598833,0.3528703,2.4046004,0.85801286,2.4225924,0.4169997,2.4619987,0.8722886,2.6322358,0.3983717,2.6497273
1741.jpg,0.5476327,-0.28850028,0.6070289,-0.35175896,0.65039736,-0.3516432,0.6986491,-0.35120186,0.46890894,-0.35079917,0.41189298,-0.35062474,0.36012292,-0.35054848,0.7609594,-0.31861472,0.26089245,-0.3162013,0.628976,-0.21931525,0.44782692,-0.21943727,1.0,0.020975368,0.0,0.0,1.097952,-0.0330831,0.060972854,-0.01586684,1.2373911,-0.17768404,0.10810125,-0.15427446,1.2920561,-0.24501158,0.06024861,-0.22223055,1.2278084,-0.25400722,0.095381394,-0.21295442,1.179039,-0.21979524,0.13368295,-0.17664094,0.8557679,0.97340524,0.1752957,1.0,0.8209749,1.7091327,0.25465053,1.7547944,0.8846514,2.3096526,0.36783776,2.37684,0.8238059,2.3803887,0.43040475,2.4474578,0.9397616,2.5645347,0.3979106,2.6100929
1744.jpg,0.57986504,-0.2920903,0.6363129,-0.34955767,0.6804165,-0.34824714,0.7288685,-0.34687665,0.5027339,-0.35359105,0.4448758,-0.35509583,0.3909048,-0.3564602,0.78114337,-0.31916898,0.27417126,-0.32870707,0.65019304,-0.22495538,0.47080317,-0.23059769,1.0,0.021310432,0.0,0.0,1.1077253,-0.044676427,0.08510681,-0.039264083,1.2777874,-0.21774925,0.08417629,-0.18139887,1.3252518,-0.29386488,0.040817045,-0.2549738,1.2542762,-0.30516693,0.06356078,-0.24866974,1.1985397,-0.26558724,0.109664865,-0.21225657,0.88145417,0.97319925,0.19992639,1.0,0.84886587,1.6768836,0.2737643,1.7564445,0.8276259,2.2385807,0.38813642,2.3932824,0.7657752,2.3068817,0.43167347,2.4666586,0.98997843,2.488626,0.44848666,2.6379905
1891.jpg,0.5520367,-0.31093115,0.6012465,-0.36508614,0.63949406,-0.36166087,0.684762,-0.3571484,0.47391552,-0.36946782,0.42165685,-0.3690191,0.37450808,-0.36904588,0.74503374,-0.31899083,0.26525214,-0.3324074,0.63128096,-0.23923804,0.45005834,-0.24712403,1.0,0.018647043,0.0,0.0,1.139499,-0.10138273,0.015414007,-0.094852604,1.2573429,-0.26961982,-0.013951841,-0.28665805,1.3156161,-0.3438211,-0.08540406,-0.36682135,1.2414327,-0.35591874,-0.036583368,-0.36513683,1.1901238,-0.319373,0.015366134,-0.32245126,0.822974,0.99125594,0.15328078,1.0,0.8032632,1.730066,0.2281028,1.747981,0.77135277,2.3826985,0.2861103,2.3941638,0.7034172,2.451549,0.33187604,2.4636717,0.8304837,2.6508873,0.33209756,2.646679
1892.jpg,0.554555,-0.29157236,0.61270505,-0.34744272,0.64816463,-0.34572762,0.6920068,-0.3426995,0.47860524,-0.34882468,0.42608935,-0.348252,0.37593576,-0.34808487,0.75545716,-0.3100393,0.27268654,-0.3165532,0.6412097,-0.22005326,0.45733917,-0.2254816,1.0,0.016299753,0.0,0.0,1.1565492,-0.07015384,0.015168075,-0.07927032,1.2865133,-0.23178747,-0.009876848,-0.24847421,1.3328613,-0.31121972,-0.07764633,-0.32814574,1.2522807,-0.32258895,-0.012459549,-0.32218587,1.1945122,-0.28077266,0.03108082,-0.28174356,0.84731597,0.9912869,0.16327474,1.0,0.82235986,1.7386522,0.23990543,1.7449794,0.8000921,2.3632724,0.32218057,2.3663914,0.751763,2.4290159,0.35820845,2.4309683,0.85545015,2.6281,0.36760008,2.6139648
1896.jpg,0.592371,-0.32146224,0.6440353,-0.37273824,0.68337536,-0.37012833,0.72940236,-0.36740562,0.51770896,-0.38160172,0.45968112,-0.3839061,0.4058641,-0.38520092,0.7711264,-0.33554485,0.29774138,-0.3499519,0.6593455,-0.24818885,0.47867152,-0.26024717,1.0,0.020796964,0.0,0.0,1.1332042,0.02502122,0.030239306,-0.043800436,1.3052279,-0.16373518,-3.3214495e-05,-0.19767803,1.3392371,-0.2538527,0.011679047,-0.2549087,1.3128041,-0.2725184,0.031940304,-0.26467606,1.2723589,-0.23263273,0.051581696,-0.22501016,0.90184534,0.97989017,0.21152319,1.0,0.9166391,1.7080306,0.29864812,1.7429013,0.84705305,2.3045666,0.37966284,2.364094,0.76805735,2.3716872,0.4397462,2.4301991,0.99745494,2.5873468,0.4184607,2.627073
1897.jpg,0.6120832,-0.30704358,0.65767646,-0.36256114,0.6994672,-0.35938722,0.74178296,-0.35564566,0.5390529,-0.37077942,0.4855938,-0.3729395,0.4317011,-0.3757905,0.7768367,-0.32477045,0.31860524,-0.3411492,0.6712192,-0.23630552,0.5040365,-0.24469937,1.0,0.026282692,0.0,0.0,1.0931213,0.08652263,0.05578684,0.005505977,1.2807143,-0.12135441,0.075862005,-0.17665099,1.3403225,-0.22308964,0.06498869,-0.25160044,1.3168306,-0.24169917,0.07711581,-0.25843793,1.2585819,-0.1991482,0.10083497,-0.22921224,0.9049019,0.97967374,0.22065946,1.0,0.9304745,1.6920408,0.31420138,1.7395309,0.8639465,2.2855992,0.38946795,2.3698924,0.7805344,2.360731,0.45734626,2.4452016,1.0417111,2.5591245,0.44191772,2.620099
1899.jpg,0.5801323,-0.30558997,0.636025,-0.35867682,0.67754406,-0.35589325,0.7250182,-0.3528103,0.5011275,-0.3676229,0.44465935,-0.37011015,0.39383292,-0.37107548,0.77560586,-0.31873462,0.29876786,-0.3373127,0.6539419,-0.2326637,0.4772665,-0.2438916,1.0,0.03125193,0.0,0.0,1.0911443,0.08566682,-0.016992968,0.03212938,1.2452328,-0.06640221,0.036515698,-0.13490592,1.3047911,-0.16597988,0.018525064,-0.20915556,1.2687471,-0.18410143,0.045280654,-0.21797486,1.2145238,-0.13940999,0.07460621,-0.18213408,0.90368223,0.97320056,0.21500175,1.0,0.9193324,1.6796553,0.31200263,1.7428777,0.8616672,2.2740622,0.37192616,2.3933403,0.7665549,2.3459485,0.43642002,2.4551218,1.0250882,2.5359468,0.46353373,2.6251817
1904.jpg,0.5656648,-0.3011695,0.6302284,-0.35801375,0.6610247,-0.35539058,0.70609826,-0.35116303,0.4905256,-0.3629544,0.43384522,-0.36381793,0.38461134,-0.36518267,0.76547116,-0.31301728,0.28659505,-0.32621026,0.64400786,-0.23106194,0.46506754,-0.23682202,1.0,0.05254371,0.0,0.0,1.016023,0.14113238,-0.052450355,0.13766357,1.171151,0.004948269,-0.0415028,-0.015369654,1.2368724,-0.057727154,-0.074424185,-0.054283492,1.2139195,-0.08352825,-0.040262535,-0.07558398,1.1608993,-0.05648883,-0.0005137368,-0.054983288,0.85327953,0.9794019,0.1730428,1.0,0.871009,1.7236946,0.22409831,1.7477952,0.90938467,2.3645558,0.30550817,2.3908389,0.8310491,2.4386945,0.38620257,2.462698,0.97758174,2.6049376,0.3464214,2.6132934
1905.jpg,0.55299515,-0.31029192,0.6321136,-0.36844325,0.6695805,-0.36535877,0.70430934,-0.36024967,0.4815585,-0.37319118,0.42986792,-0.3748552,0.38116252,-0.37583178,0.772224,-0.32234633,0.2993088,-0.33731642,0.642622,-0.24016367,0.44609922,-0.24647586,1.0,0.051370483,0.0,0.0,1.0273073,0.16954187,-0.03259348,0.10555722,1.1311387,0.027239762,-0.07632047,0.029808931,1.2127341,-0.03920678,-0.104504295,-0.010731606,1.1896026,-0.06533015,-0.058141004,-0.0323989,1.127081,-0.040269133,-0.019040005,-0.013106328,0.8468306,0.98469234,0.17955591,1.0,0.8544461,1.7369654,0.2299465,1.7508324,0.8768369,2.3864033,0.30044118,2.3875685,0.8024179,2.4634655,0.3722434,2.4535923,0.93535745,2.623437,0.34282267,2.6112618
1907.jpg,0.5438736,-0.31484878,0.621552,-0.37248784,0.6550875,-0.36972797,0.7057344,-0.36588877,0.47973725,-0.37661138,0.42383578,-0.37611946,0.37361553,-0.3744471,0.76388294,-0.32706782,0.29008695,-0.33680212,0.62469506,-0.24020453,0.43701822,-0.24870525,1.0,0.046749692,0.0,0.0,1.0494324,0.20725495,-0.05378579,0.13600406,1.116442,0.092267916,-0.09292535,0.08234603,1.1716614,0.031566173,-0.11851275,0.04116784,1.1411202,0.005050315,-0.072980024,0.01566602,1.0923778,0.024271524,-0.021055292,0.032806233,0.8140315,0.99026394,0.16620535,1.0,0.79567903,1.7384056,0.21145166,1.7526046,0.7835903,2.4155335,0.25366262,2.4021688,0.71440953,2.5033145,0.31952628,2.4821117,0.8832906,2.6187985,0.24504875,2.610203
1909.jpg,0.52842206,-0.33140755,0.6083887,-0.38956538,0.64390594,-0.38692054,0.6833102,-0.38361162,0.45614588,-0.3869843,0.40338635,-0.3835624,0.35649067,-0.37901363,0.74374473,-0.34298545,0.28396973,-0.33878672,0.61747736,-0.25746673,0.42311674,-0.25948325,1.0,0.02267955,0.0,0.0,1.0551338,0.1470321,-0.12425104,0.13187681,1.093538,0.16676848,-0.10598466,0.15027785,1.1279538,0.1325579,-0.14748082,0.13072918,1.0611402,0.102538705,-0.058064558,0.11915967,1.0086805,0.11632204,-0.0026724485,0.12945287,0.79314786,0.9925541,0.1462635,1.0,0.75462276,1.7497401,0.2034717,1.7509651,0.7404115,2.4107702,0.24710931,2.4189308,0.66742426,2.4982042,0.2903774,2.4961708,0.8526838,2.6362383,0.3172696,2.6114373
1910.jpg,0.53443986,-0.3332095,0.6127813,-0.38930613,0.64887244,-0.3861399,0.684524,-0.38256335,0.45966098,-0.3884554,0.4053534,-0.38499656,0.35733178,-0.3806779,0.74434006,-0.34254336,0.2828798,-0.3394211,0.6213378,-0.25913218,0.4227275,-0.260898,1.0,0.021003487,0.0,0.0,1.063302,0.14161737,-0.15082754,0.14988342,1.08815,0.1739704,-0.118748724,0.16924497,1.1442729,0.15447421,-0.18355514,0.1544878,1.0616009,0.12661587,-0.08514946,0.14720787,0.9962067,0.13833836,-0.01679103,0.15840563,0.8027178,0.99508387,0.14250965,1.0,0.7558693,1.7510144,0.21411468,1.7592429,0.74683344,2.420539,0.22754063,2.4176514,0.6814753,2.5043275,0.25973442,2.4955137,0.8000429,2.6394744,0.32604486,2.605003
1911.jpg,0.5343663,-0.33458266,0.6089097,-0.39047512,0.6460027,-0.38754177,0.6843995,-0.3841477,0.45574015,-0.3873217,0.40100196,-0.38228256,0.35224563,-0.376752,0.7412202,-0.3437174,0.27900678,-0.33383307,0.6227062,-0.26226094,0.4202205,-0.26085207,1.0,0.018894607,0.0,0.0,1.0593309,0.15218478,-0.15559402,0.14554475,1.0783179,0.18793592,-0.12812728,0.1752756,1.1524342,0.17440432,-0.20220695,0.16583712,1.0725297,0.15179776,-0.10298299,0.15922692,1.003908,0.15791422,-0.026152723,0.17017278,0.80442363,0.99461395,0.13908337,1.0,0.7608277,1.7458557,0.22442156,1.739818,0.7199318,2.3986,0.19583134,2.3899162,0.6431731,2.4826112,0.22823793,2.457129,0.79694825,2.6211033,0.28792346,2.5947676
1914.jpg,0.50309193,-0.36940005,0.58341056,-0.42299408,0.6276507,-0.42148215,0.65854216,-0.41921854,0.4345433,-0.4214266,0.3887596,-0.41886425,0.34179038,-0.4146379,0.7221067,-0.3758614,0.29040402,-0.3667908,0.5981021,-0.29047212,0.40055135,-0.29036415,1.0,-0.00012881424,0.0,0.0,1.0704801,0.25380093,-0.16069715,0.25342736,1.0751024,0.3022341,-0.14205168,0.2502662,1.0687582,0.30839172,-0.18290487,0.23891197,0.99962777,0.27089733,-0.10501012,0.21138017,0.96396875,0.26880717,-0.051957414,0.22121154,0.7694796,1.0017512,0.12941965,1.0,0.7275843,1.7632666,0.2409596,1.7503946,0.6826229,2.451001,0.23312628,2.3953927,0.5952517,2.534229,0.2580039,2.4635427,0.7160337,2.6868484,0.18235366,2.648573
1915.jpg,0.51356167,-0.3777202,0.59374815,-0.42877656,0.64075047,-0.426488,0.67166746,-0.42329973,0.44228628,-0.42907915,0.3961771,-0.4268036,0.3483303,-0.42314285,0.7315835,-0.3768255,0.29439637,-0.3739273,0.60890764,-0.29850122,0.40460056,-0.30005538,1.0,-0.0040552285,0.0,0.0,1.0784161,0.18021241,-0.13386478,0.2140184,1.0819432,0.2862613,-0.11798062,0.26203617,1.1118855,0.32974273,-0.15648457,0.26719546,1.0198932,0.30915183,-0.07928381,0.24000251,0.97111434,0.29649734,-0.026659217,0.2419476,0.7881223,0.9991548,0.13722062,1.0,0.74452376,1.7685294,0.25390142,1.7446312,0.6913384,2.4608898,0.25120404,2.3904264,0.60959613,2.5474536,0.2782733,2.4657822,0.7027419,2.6888275,0.19275865,2.6316495
1916.jpg,0.5148397,-0.40499657,0.59361833,-0.4561497,0.64016384,-0.45404962,0.6705374,-0.45073503,0.44511583,-0.45593217,0.3988037,-0.4533359,0.35213557,-0.44930676,0.72886014,-0.40185302,0.2998553,-0.39898428,0.60993224,-0.32233265,0.40849245,-0.32390237,1.0,-0.016948128,0.0,0.0,1.0386457,0.17455526,-0.092263795,0.26780465,1.0825208,0.31176382,-0.08550598,0.2924234,1.1494955,0.36825207,-0.11041755,0.30019966,1.0728692,0.35245878,-0.059071157,0.25416934,1.0182582,0.3340231,-0.017898086,0.25352862,0.77732617,0.9977694,0.14053768,1.0,0.74800646,1.8002763,0.2749638,1.7705307,0.6952773,2.4987488,0.28488478,2.4125502,0.63566583,2.5811434,0.32600805,2.4822226,0.7278315,2.7352045,0.22083399,2.6588976
1917.jpg,0.5249256,-0.40640524,0.59667766,-0.46175113,0.6418759,-0.4599719,0.6717497,-0.45710877,0.45504227,-0.4599563,0.41090733,-0.45656243,0.36271426,-0.45156592,0.721261,-0.40856323,0.30971375,-0.40541443,0.6174997,-0.32471967,0.424451,-0.32648227,1.0,-0.010847241,0.0,0.0,1.07032,0.25901666,-0.12342139,0.3544976,1.0985918,0.3514714,-0.103097774,0.32976004,1.1398797,0.37925166,-0.115782805,0.33988187,1.0779471,0.34387004,-0.059576143,0.28389344,1.0381149,0.33187276,-0.024273882,0.27988178,0.7748822,1.0058107,0.15706144,1.0,0.7514274,1.7962304,0.30351976,1.7482679,0.71066046,2.5048814,0.28241327,2.396489,0.63770616,2.585871,0.30374956,2.4710093,0.7053107,2.7370646,0.23806256,2.6323786
1924.jpg,0.49463385,-0.4152572,0.5694766,-0.47264877,0.6087126,-0.47129318,0.6398073,-0.46843442,0.42579907,-0.4678261,0.38032562,-0.46303344,0.3342369,-0.45657068,0.7041092,-0.42346522,0.28148547,-0.41332245,0.5906321,-0.33650744,0.40025055,-0.33302483,1.0,-0.020346105,0.0,0.0,1.1642407,0.29901925,-0.06791867,0.4157998,1.1482892,0.45577654,-0.03990795,0.5139646,1.2029898,0.5034074,-0.0557622,0.5490546,1.1646852,0.46936142,-0.02783682,0.50699073,1.1174434,0.44671538,0.0045669223,0.49528813,0.7675513,1.006365,0.16404311,1.0,0.75650275,1.7972533,0.25103408,1.7904577,0.6730439,2.4840567,0.26652116,2.4713058,0.59730554,2.5712175,0.29071864,2.5437372,0.76088864,2.7088795,0.3319755,2.6900706
2000.jpg,0.51294196,-0.35719308,0.59860826,-0.41141543,0.6400705,-0.4085838,0.6722763,-0.40411755,0.4482787,-0.4116545,0.4000209,-0.40941095,0.3496025,-0.40525502,0.7364835,-0.35883296,0.29630983,-0.36298275,0.6046384,-0.27853787,0.4079488,-0.28150502,1.0,0.025529692,0.0,0.0,1.110872,0.3265966,-0.12083325,0.31697586,1.204115,0.39748707,-0.12746291,0.33244008,1.2895439,0.4139125,-0.1831547,0.33999082,1.2283996,0.3836263,-0.103908785,0.31954342,1.1625831,0.3692234,-0.047032602,0.31698295,0.775389,1.0052994,0.15458368,1.0,0.72055435,1.7683283,0.23914605,1.7646625,0.652026,2.4012299,0.28967303,2.4295616,0.5907043,2.4750566,0.31054872,2.5001316,0.6692298,2.629539,0.30559847,2.6369915
2005.jpg,0.56598926,-0.30308262,0.64855796,-0.36006707,0.68078434,-0.35638905,0.72633135,-0.35188067,0.50543773,-0.3640015,0.45105663,-0.36243334,0.40247273,-0.35961074,0.77817446,-0.310589,0.31400308,-0.32397816,0.6403305,-0.22899766,0.45216295,-0.23482826,1.0,0.038693834,0.0,0.0,1.1857097,0.17150593,-0.13376641,0.16238967,1.2532803,0.21404575,-0.034573756,0.170667,1.381,0.2121818,-0.095148444,0.16308701,1.2570997,0.19414216,0.033340536,0.16074742,1.1749609,0.1962471,0.096953295,0.17115204,0.82779557,0.984144,0.1694567,1.0,0.77997935,1.7346423,0.24105415,1.7476928,0.800781,2.371604,0.36929485,2.4041064,0.78786814,2.4254506,0.42639145,2.4738467,0.7169095,2.6180775,0.4002593,2.6277828
2007.jpg,0.5863032,-0.30012357,0.6689455,-0.35587078,0.70408124,-0.3528982,0.7487165,-0.34933415,0.5210951,-0.3617362,0.469459,-0.3625208,0.4215242,-0.36368686,0.80039394,-0.3117774,0.3376428,-0.32856777,0.66330755,-0.22595264,0.47816205,-0.23481928,1.0,0.03252679,0.0,0.0,1.1650932,0.13156214,-0.054089308,0.12266092,1.2506459,0.13690248,0.007671053,0.14675201,1.3818982,0.12432991,-0.07039503,0.11943704,1.2962626,0.10428189,0.027326783,0.10649861,1.2240232,0.111706205,0.09868309,0.12242299,0.8734689,0.9687185,0.215961,1.0,0.82777154,1.6945747,0.28657642,1.7404402,0.87527025,2.3096185,0.42463621,2.3905323,0.8506116,2.370784,0.48263395,2.4648411,0.8445728,2.5687854,0.4478272,2.6078765
2008.jpg,0.59014064,-0.29679605,0.67148924,-0.3562849,0.70654595,-0.3543119,0.74501,-0.352724,0.5230028,-0.3594866,0.47185868,-0.35986447,0.42304316,-0.3618565,0.7985586,-0.31772256,0.34445152,-0.32992885,0.66695195,-0.22460699,0.48364407,-0.23124614,1.0,0.03653872,0.0,0.0,1.1522444,0.11287852,-0.016124927,0.12365795,1.2441742,0.081310056,-0.035084568,0.14560336,1.3794599,0.06922878,-0.066789225,0.10662733,1.3022531,0.045988344,-0.006281961,0.07895217,1.2288986,0.054703392,0.043989208,0.092754506,0.8786519,0.9654392,0.22838518,1.0,0.8279884,1.6888511,0.3185823,1.7443316,0.9144299,2.2806714,0.44670838,2.383902,0.8874208,2.3375266,0.48627293,2.4552653,0.9000241,2.533371,0.49718386,2.6103005
2014.jpg,0.5514083,-0.30210748,0.63839966,-0.35998052,0.67185014,-0.35723543,0.71693325,-0.3541006,0.48886073,-0.3647448,0.42875287,-0.3661742,0.3765663,-0.3673348,0.77404785,-0.3248014,0.282899,-0.33637315,0.6363231,-0.22372064,0.45011592,-0.23317589,1.0,0.026537048,0.0,0.0,1.1028664,0.041397743,0.0080023315,0.0257523,1.3174355,-0.08544084,-0.042032298,-0.0773298,1.426158,-0.16069253,-0.14175223,-0.1364778,1.3553033,-0.17414911,-0.083860345,-0.14244069,1.2949734,-0.13800798,-0.021204596,-0.11155369,0.8705832,0.9706084,0.18419464,1.0,0.8120729,1.6809205,0.29225853,1.7453334,0.8698286,2.2854264,0.4256769,2.3930972,0.82894564,2.3588948,0.46423936,2.476404,0.90026146,2.5136695,0.4443863,2.617905
2017.jpg,0.5758841,-0.30718765,0.63206804,-0.36247426,0.67225313,-0.35884568,0.7164353,-0.3547431,0.508503,-0.36928114,0.4533226,-0.37020722,0.40449885,-0.37057644,0.7539786,-0.32058874,0.29517588,-0.33686048,0.6410827,-0.23350695,0.47547027,-0.24437404,1.0,0.041081067,0.0,0.0,1.1154487,0.057722602,-0.052978504,-0.049434252,1.3274502,-0.13918865,-0.08038071,-0.15953052,1.4199401,-0.21877,-0.17665957,-0.22815661,1.362409,-0.23594502,-0.10997148,-0.2240349,1.3008533,-0.20423481,-0.036551498,-0.19082183,0.8667289,0.9825793,0.19745806,1.0,0.80686975,1.7100629,0.3051965,1.738629,0.79528123,2.3257036,0.41477013,2.353016,0.7683909,2.3911276,0.45564094,2.4176536,0.7965661,2.5677786,0.42998862,2.57662
2018.jpg,0.5674138,-0.29371223,0.6266256,-0.35235816,0.6640297,-0.3494593,0.70824456,-0.34585705,0.49729457,-0.3573278,0.44282234,-0.35866043,0.39195624,-0.36052233,0.7488549,-0.3080628,0.2857803,-0.32537463,0.6394479,-0.2207581,0.46207628,-0.22907637,1.0,0.039026044,0.0,0.0,1.1193173,0.03868285,0.0010820867,-0.05744497,1.3130909,-0.15448977,-0.116842516,-0.18639056,1.4294008,-0.2276297,-0.22700816,-0.25368676,1.3812577,-0.24274771,-0.16094998,-0.24985285,1.3103032,-0.21239857,-0.089460514,-0.21166433,0.8794475,0.9829736,0.21202567,1.0,0.81124884,1.7202526,0.32346618,1.7436149,0.8441018,2.362762,0.43174016,2.3874578,0.82547945,2.4308608,0.47201222,2.450218,0.8144414,2.6133416,0.43998247,2.6111813
2022.jpg,0.5530276,-0.30269268,0.6028261,-0.36357182,0.64023936,-0.36044613,0.679003,-0.35555935,0.46870232,-0.36705324,0.41472703,-0.36661974,0.35797673,-0.36562306,0.7300796,-0.31795144,0.2547723,-0.3308529,0.6411852,-0.22993737,0.4566019,-0.23354717,1.0,0.025169134,0.0,0.0,1.1288978,-0.053437606,-0.0026634769,-0.1048195,1.317303,-0.2768153,-0.1810338,-0.29884145,1.4137896,-0.35989517,-0.29642045,-0.38793397,1.3516815,-0.37091768,-0.25137538,-0.4012555,1.2927586,-0.33522367,-0.17407188,-0.3537498,0.8437723,0.9907445,0.19467232,1.0,0.8140483,1.7182872,0.2920565,1.7374152,0.7390183,2.3608267,0.3285035,2.3878381,0.67636806,2.4330897,0.35862714,2.466523,0.8537302,2.5806284,0.43749356,2.5900736
2180.jpg,0.5022961,-0.31699833,0.5653091,-0.3759206,0.60714257,-0.3745858,0.65037537,-0.3728684,0.41555834,-0.37526464,0.36551437,-0.37498233,0.30898386,-0.3752081,0.71602,-0.33493894,0.22610547,-0.33674273,0.6049858,-0.24545974,0.4070458,-0.24907595,1.0,0.018856797,0.0,0.0,1.1850339,-0.07230795,-0.037556596,-0.07182632,1.3497894,-0.26961213,-0.18537262,-0.22444035,1.4090226,-0.35967225,-0.2741041,-0.31239086,1.3427707,-0.36955914,-0.23426512,-0.32659915,1.2927743,-0.32735234,-0.155773,-0.2687491,0.7844577,1.0190605,0.12034171,1.0,0.746048,1.7553831,0.19991021,1.7229859,0.6546195,2.4029522,0.26918286,2.2820306,0.5918342,2.4758863,0.30943403,2.3312063,0.64302963,2.6391845,0.33278087,2.5344832
2182.jpg,0.52357936,-0.31029812,0.58426934,-0.36662865,0.6244746,-0.36390463,0.6686259,-0.36171314,0.4359501,-0.3694511,0.38555846,-0.36920014,0.3307417,-0.36879954,0.7339994,-0.3214063,0.24510495,-0.3294787,0.6142955,-0.23905554,0.42187527,-0.24096297,1.0,0.023077937,0.0,0.0,1.2142055,-0.061712448,-0.028557753,-0.03159933,1.3598045,-0.22964749,-0.14454883,-0.18293233,1.4243642,-0.31143072,-0.24715263,-0.25463697,1.3492384,-0.31760278,-0.17874008,-0.26017427,1.2907089,-0.2759564,-0.109572254,-0.21982823,0.7792751,1.0161642,0.113319136,1.0,0.7417974,1.7538712,0.20675103,1.7392012,0.6369885,2.417257,0.2379349,2.3392777,0.5550772,2.499104,0.25987425,2.401879,0.6903551,2.6465259,0.26671696,2.5528429
2183.jpg,0.5140938,-0.31422257,0.57766944,-0.37360236,0.61641777,-0.37116167,0.6594945,-0.36931983,0.43067357,-0.37366477,0.3774391,-0.37228113,0.32562366,-0.37128502,0.7286373,-0.32972354,0.23620605,-0.32855254,0.60875624,-0.24117672,0.41583517,-0.24212001,1.0,0.023133166,0.0,0.0,1.1978583,-0.06383664,-0.04653529,-0.024955574,1.3519174,-0.21399592,-0.15830384,-0.16727516,1.4137753,-0.28173137,-0.24813464,-0.22421998,1.3424034,-0.29062584,-0.17168309,-0.21984427,1.2900124,-0.2578967,-0.10721491,-0.18019405,0.77087384,1.0165519,0.09450742,1.0,0.7269975,1.7620449,0.20295988,1.747342,0.622679,2.41364,0.22953977,2.3594003,0.5509313,2.487812,0.24799299,2.4244716,0.64761585,2.662327,0.2758494,2.5911272
2184.jpg,0.50670373,-0.2973666,0.5801258,-0.36237124,0.61995786,-0.36128417,0.66084856,-0.36082104,0.4283568,-0.35960034,0.37601918,-0.35760677,0.3249426,-0.3564551,0.72794104,-0.32512492,0.24467401,-0.31783795,0.60758275,-0.22438198,0.4163165,-0.22488879,1.0,0.028996797,0.0,0.0,1.1888467,-0.00857517,-0.08244948,-0.028348075,1.3537711,-0.16283502,-0.16673984,-0.12682131,1.4159721,-0.22951591,-0.25762936,-0.18633848,1.3523554,-0.24368615,-0.19285814,-0.18783063,1.3023983,-0.21107993,-0.11696171,-0.15333056,0.77993745,1.0101366,0.11787161,1.0,0.7291763,1.766644,0.21066962,1.7511957,0.6550455,2.4066966,0.23993084,2.3756537,0.62507206,2.4829488,0.28855053,2.4418805,0.6533896,2.6393664,0.25131017,2.627179
2185.jpg,0.49730816,-0.30659345,0.5676815,-0.36907765,0.60577714,-0.36844555,0.6430065,-0.3659,0.42144987,-0.3670958,0.37118185,-0.36649737,0.321636,-0.36329308,0.70834255,-0.3273804,0.24258871,-0.3221931,0.5983837,-0.23425084,0.41829428,-0.23759772,1.0,0.019831175,0.0,0.0,1.1909416,-0.020945275,-0.10538328,-0.024584029,1.3437334,-0.13024566,-0.20331345,-0.11507344,1.4211702,-0.18793224,-0.26770857,-0.15481706,1.3363031,-0.2027752,-0.19774798,-0.15760864,1.2805438,-0.17209642,-0.13503705,-0.13244076,0.7754676,1.0057833,0.124516316,1.0,0.70471495,1.7551705,0.19873871,1.7465677,0.61371166,2.4211771,0.23175502,2.4232023,0.56166875,2.495376,0.2649771,2.5013223,0.69953704,2.6374176,0.30794868,2.649019
2186.jpg,0.5273432,-0.31260455,0.58956283,-0.37278244,0.6245947,-0.37091884,0.6670871,-0.36685324,0.4461867,-0.37299204,0.39261666,-0.3718618,0.3422357,-0.3696285,0.71952355,-0.33242828,0.2522769,-0.3289183,0.61494195,-0.242647,0.44211084,-0.24476509,1.0,0.014464178,0.0,0.0,1.1826401,-0.02330169,-0.039418913,-0.004630893,1.3276625,-0.101038925,-0.15140839,-0.07609424,1.4478931,-0.1436154,-0.22882994,-0.1080507,1.3679471,-0.15276664,-0.16506672,-0.111501314,1.2969056,-0.123204276,-0.11032524,-0.09026934,0.79486966,1.0031121,0.14552107,1.0,0.7221718,1.7364477,0.2148729,1.7475456,0.6497238,2.4138074,0.26846245,2.4170165,0.6098625,2.4849753,0.30844367,2.4892075,0.6925638,2.632152,0.29138225,2.643815
2188.jpg,0.5278598,-0.31732398,0.6012078,-0.38039678,0.63741326,-0.3785852,0.6817345,-0.37685642,0.44856176,-0.3813372,0.39856496,-0.37998167,0.3476375,-0.37984568,0.7429869,-0.33718944,0.27151737,-0.3348424,0.6176601,-0.24163456,0.43581447,-0.2445841,1.0,0.020653602,0.0,0.0,1.2020776,0.024878833,-0.13611685,0.049011145,1.2450576,0.011211544,-0.084273234,0.0065531386,1.379202,-0.020909166,-0.14589712,-0.017322782,1.2941504,-0.031579863,-0.0332297,-0.01975895,1.2169298,-0.0096434895,0.034907516,-0.0020636148,0.8180843,1.0039067,0.1631598,1.0,0.7474243,1.740441,0.24017824,1.7544148,0.68342906,2.4034195,0.3005289,2.413175,0.6619022,2.4732769,0.35659143,2.487511,0.6753171,2.6436858,0.33477187,2.6535015
2189.jpg,0.5399132,-0.316376,0.61281246,-0.38020003,0.6468749,-0.37766525,0.68946177,-0.37440595,0.46074054,-0.37788817,0.4043922,-0.3747692,0.35427654,-0.3704342,0.75133044,-0.33272243,0.27411926,-0.32774547,0.6270453,-0.23835672,0.43892452,-0.23800915,1.0,0.012534023,0.0,0.0,1.215501,0.03643493,-0.19161361,0.09558121,1.2831961,0.04439616,-0.09429044,0.05848605,1.4087669,0.025870986,-0.14613955,0.03518287,1.3134457,0.010493886,-0.026365275,0.014427442,1.2358947,0.02380443,0.044248875,0.027973631,0.8326609,1.0080816,0.16936386,1.0,0.7595219,1.7534498,0.24281365,1.7623119,0.7355155,2.4033434,0.30524758,2.4304504,0.69722724,2.4645312,0.36770168,2.4990473,0.7289728,2.6488454,0.36274776,2.6647658
2190.jpg,0.52708954,-0.303835,0.60100144,-0.36531782,0.63488483,-0.3631464,0.68018556,-0.3601457,0.455774,-0.36262375,0.40007484,-0.35969678,0.35099474,-0.356246,0.73770744,-0.32022774,0.2689501,-0.31649506,0.6102439,-0.23012319,0.42823565,-0.23057339,1.0,0.019597266,0.0,0.0,1.2193631,0.07658544,-0.21725588,0.1523006,1.2807198,0.09383312,-0.09895011,0.11053506,1.4125555,0.08256842,-0.14209479,0.09332818,1.3021618,0.06664651,-0.0064581716,0.0714718,1.218423,0.07783068,0.05697103,0.08305426,0.8262826,1.0024343,0.1617765,1.0,0.7436271,1.7558142,0.2426863,1.7766937,0.7416916,2.39503,0.3130075,2.4375238,0.7064563,2.4517972,0.379129,2.5028777,0.7355025,2.6481009,0.36080343,2.6704752
2191.jpg,0.5505049,-0.28869557,0.63150454,-0.34921733,0.6652318,-0.34606898,0.7090269,-0.34231055,0.4716639,-0.34945503,0.41325107,-0.34773803,0.35967103,-0.3443072,0.76921207,-0.30244976,0.28234103,-0.30729085,0.63368493,-0.21210556,0.4356352,-0.21551737,1.0,0.026736606,0.0,0.0,1.190149,0.10613903,-0.1350496,0.16062056,1.3135215,0.13417047,-0.11023281,0.19801229,1.4545944,0.11834456,-0.18844363,0.16768406,1.3574324,0.10643217,-0.08219493,0.14956266,1.2644495,0.117659435,0.001480854,0.16373852,0.8689004,1.001147,0.18475656,1.0,0.8037103,1.7438194,0.26756898,1.7609863,0.7703415,2.3557615,0.3690761,2.404985,0.7333217,2.412568,0.42873222,2.4770315,0.79979914,2.6231751,0.39564818,2.6382785
2192.jpg,0.5559194,-0.29427513,0.639483,-0.34813404,0.6739409,-0.34520704,0.7179096,-0.34086666,0.48450273,-0.3491055,0.42802763,-0.34729373,0.3754162,-0.34451538,0.7727969,-0.29935646,0.2968756,-0.30571315,0.63729817,-0.22072898,0.4386743,-0.22143093,1.0,0.031166276,0.0,0.0,1.2216702,0.124966264,-0.13265386,0.16111903,1.3565361,0.15101159,-0.09220601,0.20836875,1.4904416,0.13789353,-0.18427739,0.18286555,1.3763083,0.12521602,-0.07588654,0.18046616,1.2813698,0.13325676,0.018349104,0.19756906,0.8777719,0.9889821,0.19696283,1.0,0.82143694,1.6890116,0.27757344,1.7180201,0.8273992,2.2788503,0.38024876,2.369692,0.77218395,2.3426228,0.43653104,2.442097,0.8557793,2.5548923,0.4276669,2.5922902
2194.jpg,0.56989706,-0.30239865,0.6501996,-0.3556416,0.68232495,-0.3532692,0.72787213,-0.34982857,0.49851745,-0.3605612,0.44099176,-0.36060956,0.39019305,-0.35952026,0.7735722,-0.31202617,0.30915758,-0.32233253,0.64261293,-0.2229269,0.44987246,-0.2275199,1.0,0.028885731,0.0,0.0,1.1927143,0.14849833,-0.15632823,0.22257976,1.3810215,0.19901319,-0.17045282,0.2748754,1.5292096,0.1850794,-0.25117168,0.2601832,1.4401401,0.16790059,-0.1525514,0.25616574,1.3336762,0.17049001,-0.07214307,0.26824948,0.893289,0.98285955,0.20492737,1.0,0.8782147,1.691862,0.28870544,1.7515408,0.85416675,2.27304,0.41652867,2.4177437,0.8120653,2.3420386,0.47909027,2.493649,0.9061783,2.5486221,0.45606366,2.630151
2195.jpg,0.57925725,-0.31383666,0.64826244,-0.36757708,0.69172597,-0.3646678,0.73498434,-0.3619582,0.51315504,-0.37594357,0.45489863,-0.3778023,0.40380988,-0.37864846,0.77182424,-0.32526588,0.31141484,-0.34299082,0.6399454,-0.23569417,0.4603186,-0.23956154,1.0,0.039967548,0.0,0.0,1.2957108,0.20294063,-0.18143106,0.28431004,1.4606173,0.23099217,-0.19693112,0.3096184,1.5570008,0.20741697,-0.28956476,0.3033268,1.4679722,0.18305118,-0.20385586,0.29035133,1.3866254,0.1901887,-0.12885875,0.29750425,0.8699844,0.98125446,0.206192,1.0,0.87522984,1.6780438,0.30002418,1.7487488,0.8502747,2.234471,0.4193284,2.4186704,0.80475366,2.3028708,0.483484,2.4932325,0.9129251,2.513145,0.48325443,2.6336455
2197.jpg,0.58619505,-0.32306835,0.6599661,-0.3795342,0.6947238,-0.37747496,0.74047357,-0.37519613,0.5196868,-0.384478,0.46139827,-0.38516665,0.40876564,-0.38502878,0.7776103,-0.33900115,0.32146117,-0.35433987,0.65196025,-0.2504282,0.4684733,-0.2523237,1.0,0.018165985,0.0,0.0,1.1962702,0.18845452,-0.120139025,0.25001052,1.4314618,0.26003465,-0.20509474,0.33582294,1.5644696,0.26619643,-0.30406305,0.35208303,1.513827,0.2530374,-0.23007268,0.3445879,1.4257216,0.2504882,-0.16419959,0.34465393,0.9008458,0.97059524,0.22822872,1.0,0.92918766,1.6501445,0.3244994,1.7574689,0.85668606,2.185046,0.42732495,2.4201484,0.80534494,2.2456744,0.48568872,2.4866195,0.93780535,2.4722977,0.5019906,2.6464443
2198.jpg,0.579353,-0.34752792,0.6585697,-0.4065009,0.6888406,-0.40292734,0.73089045,-0.39843917,0.5155021,-0.41224366,0.45746613,-0.41258872,0.40740174,-0.41316405,0.7731744,-0.3572761,0.32717007,-0.38116005,0.64721614,-0.2723931,0.45752063,-0.27614594,1.0,0.011673586,0.0,0.0,1.2281231,0.18786757,-0.12902658,0.26135424,1.4529909,0.28180608,-0.25277868,0.3954115,1.5494697,0.2951175,-0.33187717,0.41771844,1.4887044,0.280448,-0.27139363,0.39361066,1.4113795,0.27274245,-0.2166924,0.38984117,0.8930352,0.97335315,0.2386125,1.0,0.90663666,1.6537477,0.3372879,1.7657773,0.85710126,2.1919794,0.43426502,2.4397712,0.80326957,2.248512,0.46941313,2.5151699,0.9204885,2.4911091,0.50583184,2.6597745
2199.jpg,0.598925,-0.35394016,0.6766374,-0.4110571,0.7065016,-0.4068949,0.7480575,-0.40171173,0.5357802,-0.41732913,0.47822985,-0.41775975,0.42789936,-0.41825607,0.78969157,-0.3604729,0.34069556,-0.38521773,0.6671504,-0.27752095,0.4793857,-0.28226832,1.0,-0.0061936807,0.0,0.0,1.214286,0.16173166,-0.13134474,0.26842782,1.4608926,0.27752334,-0.25769842,0.40554953,1.5787836,0.3138384,-0.3388433,0.4362684,1.5334169,0.30875093,-0.270386,0.41073045,1.4631276,0.29682082,-0.21656604,0.40364617,0.9088895,0.9651458,0.2710668,1.0,0.9384604,1.6384879,0.347919,1.748708,0.8522674,2.175124,0.4441801,2.4086661,0.7826632,2.2425761,0.49104688,2.5017295,1.0028983,2.4671512,0.5050972,2.6195047
381.jpg,0.50186044,-0.3775618,0.5814985,-0.4382179,0.6146389,-0.43583322,0.6516322,-0.43237114,0.43539754,-0.43657377,0.38633955,-0.43361285,0.33832943,-0.42868343,0.71138054,-0.38665852,0.2778094,-0.3886934,0.5898672,-0.29836792,0.40416443,-0.29873678,1.0,0.0023243844,0.0,0.0,1.1854129,0.28733683,-0.10588418,0.28747794,1.2681565,0.39182296,-0.13301563,0.40445444,1.3082359,0.41039518,-0.16535309,0.46454254,1.2434467,0.3844581,-0.09351269,0.44424978,1.1944901,0.37159026,-0.050245773,0.4282729,0.78818417,1.0141419,0.17519692,1.0,0.7543662,1.7866377,0.21694127,1.7551141,0.6895813,2.474286,0.24215963,2.4240663,0.614754,2.5626557,0.25766507,2.5039842,0.7106613,2.7155254,0.3660183,2.6630304
383.jpg,0.5051366,-0.35105038,0.588821,-0.40451252,0.6272023,-0.40208435,0.66628766,-0.3985851,0.43455392,-0.40593976,0.38434207,-0.40353116,0.33588362,-0.40033042,0.7415331,-0.34762675,0.2823657,-0.3551587,0.6024041,-0.26514474,0.40029103,-0.26702076,1.0,0.025612136,0.0,0.0,1.1787087,0.18696427,-0.09962874,0.18637711,1.2937988,0.27344126,-0.14970618,0.32406765,1.369634,0.31613642,-0.20237504,0.36115712,1.2786403,0.30986112,-0.10397917,0.35651296,1.2111766,0.2916327,-0.04489047,0.34898856,0.81897473,1.0170889,0.1760938,1.0,0.771991,1.7864124,0.21245147,1.7627201,0.69020534,2.490968,0.17075995,2.4203064,0.613489,2.5856602,0.187218,2.506909,0.7342729,2.7205229,0.18245308,2.6445968
385.jpg,0.4904752,-0.35136953,0.584649,-0.40979192,0.6285837,-0.40737385,0.66278183,-0.4037515,0.42034835,-0.40906122,0.37296945,-0.4061158,0.32193702,-0.4029372,0.7345174,-0.35706073,0.27436343,-0.35527346,0.5913314,-0.2684665,0.3837682,-0.26859334,1.0,0.0178972,0.0,0.0,1.1829958,0.15298912,-0.07808567,0.1083823,1.2234448,0.16769178,-0.08438175,0.18907887,1.3320564,0.17489204,-0.15950984,0.20344631,1.2169617,0.15955137,-0.04370512,0.20915821,1.1463704,0.16010469,0.034050222,0.21561316,0.8132787,1.010012,0.1621302,1.0,0.76347864,1.7643015,0.22152688,1.7334518,0.6999376,2.4265249,0.16932222,2.391153,0.64180434,2.5006433,0.1946227,2.462029,0.7057355,2.6734233,0.25378522,2.6105387
386.jpg,0.5136624,-0.35925984,0.59905076,-0.4153643,0.6398514,-0.4106846,0.6759006,-0.4058919,0.438139,-0.41936097,0.39084202,-0.41823384,0.34167784,-0.41492647,0.7479712,-0.3541152,0.29053524,-0.3595647,0.6125759,-0.2654467,0.4066685,-0.2700154,1.0,0.027966,0.0,0.0,1.2308748,0.18607217,-0.063963175,0.12340493,1.248093,0.16592321,-0.06369878,0.19067079,1.3148863,0.1412529,-0.12967904,0.19639438,1.1928885,0.10955885,-0.018234525,0.19285776,1.1362222,0.12008465,0.052734934,0.19699349,0.8114153,1.0131093,0.16042356,1.0,0.77712977,1.7622564,0.23914403,1.7374136,0.70743716,2.4318547,0.19258165,2.4167712,0.64224744,2.5186234,0.21435012,2.4921315,0.72257715,2.6721988,0.26920617,2.6458516
387.jpg,0.5233912,-0.350069,0.6105638,-0.40700483,0.65191674,-0.40281096,0.6899559,-0.39796752,0.4482497,-0.41047084,0.40072104,-0.4091159,0.35103336,-0.40546715,0.75841373,-0.34783968,0.29816404,-0.35243285,0.6215124,-0.26279366,0.4144861,-0.26597244,1.0,0.028734138,0.0,0.0,1.1667022,0.1329977,-0.08251901,0.11166853,1.2387075,0.15650328,-0.09266782,0.18849526,1.3379858,0.14716429,-0.14936481,0.1988215,1.2407049,0.12748155,-0.032516275,0.19390206,1.1743984,0.13387772,0.03528872,0.19832018,0.81683403,1.0066215,0.16309154,1.0,0.77154416,1.759804,0.25676942,1.7409722,0.7382558,2.427499,0.22883618,2.408728,0.6749025,2.504787,0.23991762,2.4776175,0.7092924,2.656088,0.30049163,2.6479175
388.jpg,0.5373011,-0.34396893,0.6243157,-0.40206805,0.6632021,-0.39868444,0.70659333,-0.39420888,0.46321708,-0.40281773,0.41232848,-0.39979762,0.36152238,-0.3945649,0.7743104,-0.34018245,0.30110452,-0.34363294,0.6340708,-0.25577334,0.42647272,-0.25777602,1.0,0.03800735,0.0,0.0,1.1828065,0.15112658,-0.09394788,0.16346213,1.2905605,0.14520697,-0.09629472,0.20399022,1.3602284,0.11833538,-0.1495614,0.18535143,1.2793803,0.09400223,-0.05281713,0.1624885,1.2207546,0.105056,0.008433885,0.17083684,0.8490298,1.0012566,0.182047,1.0,0.80248404,1.7502604,0.27075025,1.7354921,0.7435968,2.3862934,0.2706292,2.3881977,0.6826353,2.450448,0.2878609,2.4605567,0.7439708,2.6184778,0.3645597,2.62226
389.jpg,0.52327794,-0.32204288,0.60929817,-0.38149738,0.6489474,-0.37971583,0.68776095,-0.37648717,0.4522483,-0.37549475,0.40264755,-0.3706821,0.35307848,-0.36548135,0.7583493,-0.32870147,0.29787144,-0.3210874,0.62568045,-0.24094717,0.41800627,-0.23782584,1.0,0.05582874,0.0,0.0,1.1135148,0.21798047,-0.1031971,0.18687633,1.2172878,0.16033176,-0.09399378,0.22035922,1.3117126,0.10157035,-0.12196689,0.19017331,1.2499919,0.06533287,-0.040552426,0.15342736,1.1923275,0.08439755,0.012650218,0.16527954,0.82830113,1.0034426,0.17612478,1.0,0.778542,1.737771,0.24619879,1.7326672,0.7410009,2.3789895,0.27012724,2.3813813,0.67932844,2.455121,0.29707193,2.4452229,0.76827747,2.6123548,0.36700565,2.6227756
390.jpg,0.52158827,-0.32187977,0.60856974,-0.38062853,0.6468873,-0.37821108,0.6848216,-0.37460846,0.4516675,-0.3787055,0.40101913,-0.37566456,0.3502024,-0.3716543,0.7551853,-0.32777908,0.289573,-0.32829922,0.61847323,-0.24179006,0.41774082,-0.24204119,1.0,0.05315978,0.0,0.0,1.1118418,0.17781723,-0.12302523,0.16960302,1.2129655,0.093405254,-0.06546128,0.17887732,1.3413955,0.053251237,-0.12776092,0.14715092,1.2730348,0.03095879,-0.029388435,0.11842561,1.2053202,0.049921334,0.043200217,0.13005322,0.8284605,1.0111508,0.17774639,1.0,0.79899144,1.742435,0.269296,1.7435011,0.7584048,2.3897278,0.27398705,2.4043162,0.69729674,2.4800842,0.30358726,2.4888127,0.84627914,2.616716,0.41159672,2.6363926
391.jpg,0.48114765,-0.33903366,0.56695694,-0.39775336,0.6098417,-0.3955191,0.6437033,-0.39180428,0.41282603,-0.39508694,0.3677849,-0.39154196,0.31867364,-0.38769996,0.7225641,-0.34205288,0.27247453,-0.34204847,0.58495617,-0.2574224,0.3898332,-0.2608807,1.0,0.046843,0.0,0.0,1.1206251,0.11289907,-0.116743386,0.10968253,1.1773604,0.041304044,-0.09596012,0.10167301,1.2872988,0.0020468717,-0.16054496,0.0857621,1.2216518,-0.01946077,-0.041915584,0.071240485,1.158744,0.00274146,0.025751771,0.08170885,0.789378,1.0060421,0.14099191,1.0,0.7301178,1.7413249,0.2109763,1.7272203,0.7055985,2.3787866,0.28317475,2.3710196,0.6640447,2.4567535,0.32689542,2.4358408,0.72920626,2.6107001,0.32269353,2.611247
393.jpg,0.5259272,-0.3480714,0.6039035,-0.4073441,0.64085,-0.40518975,0.6811391,-0.4011603,0.4517093,-0.40441382,0.3989587,-0.4015129,0.34825125,-0.395987,0.74149746,-0.35915866,0.28001493,-0.35507262,0.6163871,-0.2714545,0.43004632,-0.2739685,1.0,0.020331364,0.0,0.0,1.1269983,0.0571637,0.01071186,0.061115883,1.2694789,-0.02549867,0.0058000283,0.007548946,1.4215125,-0.07960911,-0.104279734,-0.003728625,1.3499218,-0.09819907,-0.015732232,-0.011295254,1.26823,-0.0694511,0.05957985,-0.00014123313,0.83019096,0.9968765,0.17559838,1.0,0.7735352,1.7223948,0.2464626,1.7228785,0.7867037,2.3704157,0.32790452,2.3759103,0.7449555,2.4502203,0.3833931,2.450324,0.80626774,2.6106281,0.3746151,2.6125896
394.jpg,0.53301543,-0.36432394,0.6046224,-0.4253275,0.64210266,-0.4238855,0.6799199,-0.4220287,0.45457596,-0.42108163,0.40267262,-0.41756374,0.35172442,-0.41501737,0.73538196,-0.3819109,0.2786425,-0.37169227,0.6209996,-0.28719202,0.4363743,-0.28969926,1.0,0.0005441698,0.0,0.0,1.1856946,-0.0058055846,0.10362516,0.050628074,1.3277489,-0.07947002,0.012340086,-0.019443395,1.4581591,-0.12750107,-0.096513554,-0.043490767,1.3881346,-0.14359619,-0.039140064,-0.05271212,1.3146739,-0.11741056,0.034002736,-0.040180914,0.8382419,0.99853617,0.19632038,1.0,0.77663684,1.7275316,0.2743198,1.7284026,0.809257,2.3668523,0.3668369,2.4006565,0.75586766,2.4365077,0.4108784,2.473293,0.867511,2.62733,0.44865656,2.6510177
395.jpg,0.5367461,-0.3556207,0.6108669,-0.4132144,0.64614666,-0.41082203,0.6913796,-0.40744218,0.4622155,-0.41448992,0.41427588,-0.4133699,0.36283454,-0.41236877,0.74226063,-0.36864045,0.28746888,-0.37031403,0.6229091,-0.2776566,0.44113815,-0.28323245,1.0,0.015172737,0.0,0.0,1.1630051,0.010552176,0.054661322,0.057301145,1.3537562,-0.10412354,-0.015360466,-0.033093363,1.4618543,-0.15559493,-0.079447895,-0.06900461,1.4051341,-0.16971514,-0.029906854,-0.08505281,1.3391976,-0.14245024,0.016154287,-0.067966305,0.8423035,1.0012964,0.19447406,1.0,0.78099084,1.7191226,0.27223226,1.730759,0.8095249,2.383183,0.340246,2.413633,0.75710666,2.46223,0.3849859,2.4954572,0.87847304,2.622808,0.41349083,2.646264
516.jpg,0.5110062,-0.2917198,0.58234274,-0.34909725,0.6209083,-0.3460089,0.66600746,-0.34149057,0.4358567,-0.3522479,0.3830038,-0.35186377,0.3330998,-0.35030854,0.74112326,-0.3116582,0.24562709,-0.31253147,0.6058339,-0.21763104,0.42230278,-0.22453456,1.0,0.036495917,0.0,0.0,1.0663427,0.005988859,-0.081498444,0.0060457545,1.1114035,-0.113664836,-0.07623517,-0.07479251,1.1206785,-0.18870689,-0.11437037,-0.09322115,1.0719644,-0.19825353,-0.037986275,-0.11183355,1.0296468,-0.16265836,0.006270928,-0.09468103,0.8162743,1.0016055,0.13956417,1.0,0.72263074,1.7514311,0.25018775,1.768082,0.7120121,2.392129,0.30573255,2.4054048,0.70548177,2.462364,0.3545228,2.4765375,0.7209509,2.6372564,0.36583802,2.636717
517.jpg,0.5220145,-0.29693386,0.5969561,-0.35615468,0.6422926,-0.3527819,0.67471373,-0.34726202,0.44737357,-0.3584893,0.39698577,-0.35820377,0.3462609,-0.3559596,0.7547699,-0.31274018,0.2771357,-0.32111365,0.6154893,-0.22405116,0.42471007,-0.23043324,1.0,0.0339395,0.0,0.0,1.0887725,0.030954346,-0.048411287,0.06685527,1.0725228,-0.0504321,-0.010479195,0.022242278,1.0856526,-0.10759186,-0.022411505,-0.016400866,1.0285693,-0.11874017,0.041390605,-0.038644075,0.9807111,-0.087502375,0.08379084,-0.019502724,0.82425666,1.009759,0.16618513,1.0,0.7412009,1.7328191,0.25146863,1.7369158,0.69832987,2.3899398,0.29132584,2.378739,0.6958992,2.4562032,0.34018892,2.4536524,0.6636023,2.619392,0.30420566,2.6154928
518.jpg,0.48440236,-0.3208113,0.5673364,-0.38235274,0.6128222,-0.38095373,0.6507244,-0.38001618,0.41067785,-0.37890458,0.360337,-0.37733406,0.3137098,-0.3756695,0.7238594,-0.34161282,0.2596813,-0.33497283,0.58717555,-0.2498755,0.38557097,-0.25301644,1.0,0.021295603,0.0,0.0,1.0341235,0.04721638,-0.050401337,0.052528434,1.000777,0.019059611,0.0085817855,0.07774768,1.0221887,-0.022563929,-0.033411164,0.07573867,0.9790217,-0.031623825,0.052565925,0.06815776,0.9319673,-0.004416757,0.110712305,0.075218886,0.79542434,1.0068753,0.1425384,1.0,0.69546145,1.7623564,0.22330785,1.7722278,0.6500951,2.426895,0.23048869,2.4298387,0.62157845,2.4923718,0.26380837,2.500546,0.6836766,2.6676328,0.33849365,2.6768584
520.jpg,0.5306576,-0.33289653,0.61986965,-0.38989097,0.65620154,-0.387263,0.6993182,-0.383463,0.46387756,-0.39014506,0.40873432,-0.38782796,0.358984,-0.3846532,0.7646216,-0.3408376,0.28896448,-0.3432223,0.6220845,-0.25403047,0.41831112,-0.25664124,1.0,0.010187161,0.0,0.0,1.0997605,0.12908353,-0.0673546,0.21917742,1.090971,0.1607878,0.019707507,0.27948448,1.1403946,0.15159377,-0.025449306,0.29465652,1.0323861,0.12689589,0.06190687,0.27523106,0.97555465,0.13448432,0.11925407,0.27461183,0.82829684,1.010222,0.1634672,1.0,0.72177964,1.7753137,0.22570549,1.7710071,0.6503948,2.4480696,0.24052891,2.4460018,0.61702305,2.5133896,0.28545117,2.517496,0.6608421,2.7198746,0.33817178,2.7204664
522.jpg,0.49510875,-0.36564097,0.57385206,-0.42919937,0.6141168,-0.42742708,0.6524805,-0.42451265,0.42362952,-0.42481095,0.3750883,-0.4207234,0.33010682,-0.4170043,0.7203473,-0.3837752,0.2713221,-0.37726867,0.5944554,-0.29223675,0.3965151,-0.29215667,1.0,-0.024829285,0.0,0.0,1.108351,0.28071368,-0.05205504,0.34235343,1.0602849,0.27816528,-0.014074909,0.417867,1.0511049,0.2924138,-0.02828656,0.44809663,0.9880585,0.25532746,0.025021771,0.40280628,0.96116716,0.25072318,0.05867022,0.39109024,0.8048746,1.0158283,0.15692851,1.0,0.6959789,1.8082616,0.1953033,1.8028842,0.61860377,2.4753249,0.25060683,2.445432,0.58861214,2.5405354,0.28423008,2.5038927,0.6514999,2.7202065,0.3053619,2.7030876
524.jpg,0.48714322,-0.3844459,0.56804246,-0.4455487,0.60975677,-0.4425015,0.649735,-0.43845755,0.41951853,-0.44478455,0.37130535,-0.4412618,0.3259516,-0.43725088,0.71827286,-0.39688498,0.2671502,-0.39715242,0.5864786,-0.3089609,0.38777158,-0.31235,1.0,-0.024701891,0.0,0.0,1.0801214,0.28897047,-0.031904202,0.33580193,1.0650457,0.37980127,-0.070560366,0.533717,1.0640874,0.40703055,-0.08668804,0.5980307,0.99838895,0.36861935,-0.033777937,0.5565093,0.9758405,0.35743222,-0.0053403694,0.5375459,0.7892632,1.0176467,0.1619235,1.0,0.7058634,1.8067857,0.19012278,1.7760849,0.6296456,2.489832,0.23439609,2.408426,0.5886306,2.5536551,0.29011604,2.4608994,0.6303353,2.7577205,0.2321886,2.6808867
689.jpg,0.58478343,-0.33942303,0.65315926,-0.3969199,0.68352103,-0.39372036,0.71473235,-0.38922986,0.5108207,-0.39716575,0.45775452,-0.39478898,0.4072732,-0.3900053,0.75836104,-0.34852165,0.32596895,-0.35038206,0.6622372,-0.26740023,0.4722499,-0.26781505,1.0,0.025801342,0.0,0.0,1.0632263,0.26659182,0.095545985,0.26397076,1.1853445,0.41675863,0.1650932,0.3423338,1.2674801,0.43797907,0.135346,0.37171045,1.2167755,0.40470642,0.16509283,0.33758286,1.1587933,0.39145166,0.19392787,0.32924607,0.87749994,0.98191667,0.2448827,1.0,0.8653789,1.6884518,0.35350573,1.749803,0.8413328,2.2014468,0.46251377,2.37517,0.7900421,2.2497804,0.49805057,2.4360876,0.9327709,2.4614756,0.49816313,2.59862
691.jpg,0.5744602,-0.33848077,0.64853036,-0.3944254,0.68006045,-0.39008573,0.7168685,-0.38513637,0.49995607,-0.39661372,0.44439244,-0.39455578,0.3936779,-0.39013734,0.7654598,-0.3429834,0.31334457,-0.34984687,0.6545214,-0.26374772,0.4546151,-0.26854533,1.0,0.019062622,0.0,0.0,1.0998566,0.21740416,0.06729131,0.1371599,1.1821,0.33605358,0.13875562,0.2590643,1.2574229,0.3772408,0.12188288,0.29823256,1.1878452,0.34518945,0.18081008,0.27776828,1.1313528,0.3280677,0.21069978,0.26880682,0.8909733,0.98397404,0.24652655,1.0,0.8796064,1.6639177,0.35739285,1.7486103,0.8086744,2.1737397,0.47677585,2.372235,0.74229884,2.22705,0.52350396,2.4356494,0.91494906,2.4165034,0.5201924,2.5902328
697.jpg,0.584514,-0.3252385,0.6584501,-0.38189355,0.69170886,-0.37790984,0.7368265,-0.37343273,0.5152684,-0.3883138,0.45871076,-0.38803756,0.40874436,-0.38614875,0.7797511,-0.33877155,0.31792638,-0.3504239,0.6585053,-0.24988589,0.4652585,-0.25772932,1.0,0.0060106064,0.0,0.0,1.1643558,0.15630247,0.10027107,0.064921714,1.1462349,0.15250014,0.21318144,0.075615995,1.1957028,0.14551274,0.21269311,0.06253848,1.1136738,0.121535905,0.28124937,0.057015743,1.0569968,0.124632664,0.3188097,0.067798555,0.8979423,0.98762745,0.24998885,1.0,0.8243796,1.7441632,0.33643007,1.757464,0.7717815,2.349464,0.45140862,2.3914251,0.7293406,2.4213262,0.4921381,2.4561949,0.7936169,2.5796268,0.45381922,2.605852
698.jpg,0.57326144,-0.29128894,0.66114634,-0.34623808,0.69763017,-0.34287757,0.7425107,-0.3387652,0.50982106,-0.3547543,0.4582749,-0.35686997,0.40707725,-0.35859033,0.7951364,-0.30364853,0.32028443,-0.32529077,0.6550389,-0.21678652,0.45854697,-0.22824296,1.0,0.026837375,0.0,0.0,1.1282747,0.12077917,0.062783346,0.057377297,1.1633927,0.16170672,0.1895523,0.08671075,1.2478806,0.15145664,0.18983455,0.07841042,1.1410877,0.12697686,0.27105266,0.057570297,1.0710859,0.13441998,0.30592847,0.06737788,0.9023346,0.98596597,0.25169903,1.0,0.8390871,1.729208,0.3166639,1.7371502,0.8641401,2.3559442,0.4400224,2.3743906,0.8241886,2.422499,0.4788551,2.429993,0.8647304,2.576021,0.46976376,2.5974252
699.jpg,0.5665894,-0.30702814,0.6452257,-0.36559412,0.68420815,-0.3627464,0.7325732,-0.35847458,0.5018061,-0.36875734,0.44863734,-0.36994275,0.40115348,-0.371165,0.788395,-0.3206708,0.30780655,-0.33394593,0.65087223,-0.23431946,0.45862418,-0.24300197,1.0,0.01976752,0.0,0.0,1.1635005,0.12372961,0.07476161,0.04619036,1.1584574,0.1279796,0.18228155,0.053432588,1.2334414,0.11664126,0.18660076,0.037527792,1.1338695,0.09505404,0.25179657,0.031785313,1.0719576,0.10170596,0.2923473,0.044220645,0.8806932,0.99425316,0.22737768,1.0,0.8066532,1.7461123,0.311961,1.7492824,0.7631082,2.3677018,0.41057175,2.3759086,0.7228102,2.4331083,0.44806838,2.4371479,0.7791367,2.6055958,0.42761654,2.6093981
700.jpg,0.55937606,-0.30079818,0.63168854,-0.3585884,0.68123245,-0.35509095,0.722209,-0.35121334,0.49364835,-0.36899677,0.43370408,-0.37036785,0.38181603,-0.37054792,0.77188855,-0.31659698,0.28337926,-0.33585894,0.62370366,-0.22014135,0.44349134,-0.23351133,1.0,0.04717773,0.0,0.0,1.081003,0.1606778,0.055354442,0.063929245,1.0699596,0.11526278,0.11658054,0.04462684,1.16186,0.087170474,0.08915478,0.02301034,1.1013653,0.06546447,0.14631239,0.01523103,1.0333358,0.0778787,0.19180979,0.0312111,0.86093515,0.9904615,0.20200944,1.0,0.79791296,1.7291315,0.2697026,1.7414173,0.77225393,2.3881233,0.3520328,2.4050164,0.7222357,2.4615142,0.3816012,2.46625,0.79305536,2.6109471,0.40867847,2.6159682
702.jpg,0.5052723,-0.32263455,0.586208,-0.38309342,0.6257942,-0.38172582,0.67595315,-0.37948743,0.43425646,-0.38406304,0.38397813,-0.38466164,0.33481237,-0.3853482,0.7438115,-0.34028372,0.2557801,-0.3423324,0.6005243,-0.2475016,0.40853018,-0.25443158,1.0,0.02616652,0.0,0.0,0.98770916,0.13734317,0.036911566,0.06875968,1.0122823,0.074430965,0.06792816,0.008632005,1.1010154,0.026538644,0.034887277,-0.037803892,1.0426127,0.011222875,0.079089634,-0.04691754,0.9771816,0.028888574,0.12352762,-0.022636779,0.8162162,0.9903563,0.15663873,1.0,0.76744986,1.7592547,0.24600546,1.7707486,0.72400707,2.4200866,0.32343674,2.4484346,0.6590558,2.4938176,0.34005547,2.5147676,0.7570472,2.6382275,0.3839828,2.6520362
708.jpg,0.51804394,-0.30704546,0.5906151,-0.37198693,0.6235242,-0.3711787,0.6680873,-0.36804372,0.4509061,-0.37100458,0.39611885,-0.36933655,0.34716994,-0.36713463,0.74365413,-0.32982042,0.2685045,-0.32689747,0.60501933,-0.23262785,0.42782256,-0.2355116,1.0,0.043217324,0.0,0.0,0.9530334,0.1659885,0.051549703,0.057972655,1.0942516,-0.05890524,0.05483543,-0.13976786,1.164437,-0.13065363,0.009342369,-0.2119856,1.1344118,-0.14564292,0.039740205,-0.21014261,1.0850173,-0.11362637,0.08314202,-0.18075247,0.7825628,1.0059997,0.12382436,1.0,0.74738383,1.7585447,0.21014395,1.7065084,0.6636286,2.4360945,0.2020872,2.2272139,0.5854216,2.5170498,0.2357659,2.2583938,0.6643309,2.6569672,0.22194494,2.5123615
709.jpg,0.5167993,-0.29002443,0.5917498,-0.34996346,0.6288773,-0.34908652,0.6705788,-0.34571543,0.44319174,-0.35171223,0.38707778,-0.35180968,0.33686924,-0.3501493,0.7502614,-0.31263998,0.25916967,-0.31359354,0.6079574,-0.21604267,0.41808045,-0.22087388,1.0,0.051379804,0.0,0.0,0.9793774,0.13450995,0.023141038,0.053660024,1.0981036,-0.05929407,0.0711723,-0.16006505,1.1639327,-0.14449619,0.033422537,-0.22410743,1.1230642,-0.16153532,0.06254311,-0.223837,1.069445,-0.12688443,0.104924805,-0.19577563,0.7803359,1.0005028,0.10795576,1.0,0.7593084,1.7572904,0.2306221,1.7105138,0.6974082,2.4073048,0.21907166,2.2501192,0.62419736,2.4793391,0.23388821,2.2836237,0.67943525,2.6476872,0.2235885,2.5155716
881.jpg,0.54554105,-0.32012683,0.6138142,-0.37068602,0.6502043,-0.36826766,0.6937907,-0.36635143,0.4740823,-0.37567726,0.4185922,-0.376325,0.3647766,-0.3773007,0.75695276,-0.33940172,0.26628354,-0.34745228,0.6335659,-0.24542308,0.43543854,-0.2529516,1.0,0.016123578,0.0,0.0,1.1346915,-0.04915935,0.0016349249,-0.116675645,1.1350044,-0.27759114,-0.04820116,-0.29264644,1.1655428,-0.38086757,-0.06351587,-0.3575968,1.1330204,-0.3964225,-0.045172825,-0.3538316,1.0860264,-0.34719896,0.013051336,-0.32804283,0.90315884,0.98640496,0.20360151,1.0,0.8407026,1.6899595,0.2867046,1.7741325,0.8534359,2.3042781,0.34729335,2.467535,0.79323494,2.3824153,0.42077354,2.555649,1.0191879,2.5800612,0.42831162,2.667499
883.jpg,0.53816545,-0.30267036,0.6026642,-0.3587546,0.64584184,-0.35740855,0.6894901,-0.35627252,0.45490244,-0.36294758,0.40218315,-0.36376733,0.34757495,-0.3642855,0.75614154,-0.33340353,0.2515042,-0.3343966,0.6303041,-0.23137797,0.43388346,-0.23514965,1.0,0.01906946,0.0,0.0,1.1256503,-0.009653774,0.019685615,-0.08752466,1.1274235,-0.24041271,0.035338163,-0.25151798,1.1435099,-0.32545435,0.021330127,-0.28808552,1.1078349,-0.34008345,0.043376993,-0.29913723,1.0685885,-0.30366212,0.072586045,-0.2782221,0.89531106,0.99010384,0.19815226,1.0,0.8391446,1.7181599,0.29331774,1.7700732,0.8496383,2.3317986,0.37667263,2.4250758,0.7984205,2.3847883,0.4398024,2.498737,0.9782534,2.5958624,0.45763335,2.6480737
885.jpg,0.5123128,-0.30032066,0.5834348,-0.35214582,0.61774844,-0.35108924,0.65883964,-0.34957743,0.44570833,-0.3514838,0.39051113,-0.3505347,0.33767682,-0.3489875,0.7445676,-0.3241391,0.24560238,-0.318332,0.60444,-0.22081037,0.41870365,-0.22620092,1.0,0.025854917,0.0,0.0,1.1164858,0.021363486,-0.029453052,-0.009319038,1.0941304,-0.16554819,0.024554627,-0.18311167,1.1131943,-0.25018656,0.005137353,-0.2631929,1.0617213,-0.2631152,0.036161713,-0.26502913,1.0143356,-0.22395994,0.07415917,-0.22628571,0.8520099,0.9994825,0.15965758,1.0,0.7930128,1.7255138,0.24437672,1.7463498,0.78120506,2.392989,0.29469505,2.4122565,0.7239485,2.472125,0.36090076,2.4970336,0.88219374,2.6157386,0.35482812,2.6286685
887.jpg,0.49809384,-0.31118035,0.56711036,-0.3702068,0.60225123,-0.36910787,0.6389257,-0.36558303,0.42883748,-0.3702889,0.3766992,-0.36946887,0.33093876,-0.3679359,0.72034544,-0.32907555,0.24780232,-0.32812095,0.5925057,-0.23637593,0.4114053,-0.24026997,1.0,0.020769797,0.0,0.0,1.0340037,0.067646936,-0.030322757,0.05595145,1.0385131,-0.090286665,-0.013237273,-0.11845098,1.0835292,-0.16809267,-0.05991992,-0.1924414,1.0353913,-0.18086995,-0.016517734,-0.20100616,0.98380125,-0.14909309,0.03157409,-0.1686679,0.8440192,0.99604857,0.181629,1.0,0.7687974,1.7415861,0.25591558,1.7620486,0.7533222,2.4083967,0.3298102,2.4249249,0.7005109,2.478255,0.37608743,2.503611,0.8160462,2.6376128,0.3803235,2.6340349
888.jpg,0.4933254,-0.30899984,0.5673226,-0.36576578,0.602531,-0.3625376,0.64533293,-0.35782456,0.42758894,-0.37051007,0.3744513,-0.37072033,0.32877403,-0.37071192,0.7234043,-0.32131392,0.24530669,-0.32993683,0.58697325,-0.235174,0.3973264,-0.24016729,1.0,0.028950261,0.0,0.0,1.029482,0.08642222,-0.0066994326,0.052182954,1.0455873,-0.06410034,0.00043910672,-0.11438463,1.0874262,-0.1373343,-0.047428414,-0.17401564,1.046076,-0.1550976,-0.010582961,-0.18362701,0.99783623,-0.12708934,0.033768855,-0.1590873,0.84611225,0.99234563,0.1741824,1.0,0.7746959,1.7355652,0.25702244,1.7553215,0.71293175,2.3882244,0.3004431,2.399854,0.6759922,2.4536016,0.3375521,2.4673724,0.79201007,2.6254358,0.37335885,2.6068866
892.jpg,0.48705798,-0.3214901,0.5612397,-0.37785432,0.59829766,-0.37580365,0.6446192,-0.3728857,0.41086406,-0.37818402,0.35938087,-0.37655243,0.31394216,-0.3758763,0.7231393,-0.33630663,0.23937312,-0.33353847,0.587648,-0.2490521,0.39742056,-0.25538307,1.0,0.018369425,0.0,0.0,1.0282156,0.11557296,0.030677935,0.11404818,0.9670748,0.036380623,0.019083802,0.047909185,1.0094631,-0.024572358,-0.0358713,-0.011034661,0.95332915,-0.033764824,0.0015927366,-0.03638313,0.8987335,-0.00923841,0.050316587,-0.01237484,0.8258137,0.9937193,0.17271009,1.0,0.75952387,1.7632669,0.23102804,1.7579443,0.6806514,2.4254754,0.24996547,2.4294896,0.6150514,2.5135193,0.26774886,2.5016856,0.7560692,2.650897,0.36282688,2.632896
895.jpg,0.5084222,-0.31836218,0.59719074,-0.3763594,0.6414711,-0.37408993,0.6805315,-0.37067515,0.4391157,-0.37553582,0.38576025,-0.373394,0.33411774,-0.37019858,0.7558378,-0.3301689,0.2660753,-0.3350114,0.6089344,-0.24311611,0.40336648,-0.24994917,1.0,0.023902176,0.0,0.0,1.0485086,0.15736745,0.03376187,0.1435519,1.020493,0.09445183,0.074297376,0.10707033,1.0599642,0.048652604,0.018001784,0.065017365,0.99649864,0.026441157,0.04460089,0.034769665,0.9448305,0.04544248,0.09558749,0.04887724,0.85651124,1.0077789,0.18195465,1.0,0.7908112,1.7759063,0.22126982,1.7385803,0.6639739,2.4311206,0.26161036,2.348006,0.5899963,2.5036867,0.27441466,2.3935776,0.7302075,2.6868753,0.33152384,2.6066523
897.jpg,0.5063316,-0.3080632,0.58668566,-0.36792588,0.6274431,-0.36627376,0.6720906,-0.36363,0.43263933,-0.36277527,0.38247117,-0.3599974,0.3353367,-0.35783342,0.7387289,-0.32715228,0.26716152,-0.3206829,0.6029825,-0.23729883,0.4053718,-0.23806024,1.0,0.024356365,0.0,0.0,1.0485361,0.12366116,-0.008280576,0.11891026,1.0133628,0.121836126,0.030029051,0.14641535,1.0424029,0.090452805,-0.015645882,0.11938765,0.97619903,0.068120375,0.03197214,0.089850076,0.9287037,0.08301793,0.08210931,0.09795402,0.8359116,1.0130563,0.17842925,1.0,0.7664725,1.7815499,0.20953082,1.7369859,0.6703173,2.4366894,0.277515,2.2917469,0.5968219,2.5074525,0.3055131,2.3448408,0.7364647,2.6800528,0.3387311,2.5475628
902.jpg,0.5122263,-0.33664078,0.5880477,-0.39545137,0.6281326,-0.3935081,0.6663848,-0.39079124,0.43827763,-0.39046672,0.38808972,-0.38663885,0.3414785,-0.3831968,0.7316527,-0.35078594,0.27656054,-0.34152928,0.60803336,-0.2619313,0.40820563,-0.26270178,1.0,0.009736862,0.0,0.0,1.0670217,0.15225244,-0.0011666057,0.14897743,1.0175593,0.16201001,0.053988364,0.21338855,1.0258403,0.16236542,0.018578982,0.20501034,0.9569957,0.1354534,0.06312735,0.17220132,0.91570145,0.138313,0.10463557,0.1761092,0.8267782,1.0139179,0.17812605,1.0,0.7655687,1.7784655,0.24847794,1.7314354,0.67915803,2.4420319,0.25638708,2.3464599,0.60895646,2.521612,0.28431556,2.40606,0.72403204,2.676489,0.30246592,2.6057436
903.jpg,0.5280291,-0.34900498,0.60675794,-0.40150502,0.64702517,-0.398375,0.68213487,-0.3940841,0.45173615,-0.40221724,0.40111727,-0.39929077,0.3502719,-0.395062,0.74332875,-0.3498869,0.28140128,-0.34968463,0.62459725,-0.27067593,0.41363716,-0.27247682,1.0,-0.004241168,0.0,0.0,1.0881957,0.12445776,0.027438369,0.14692308,1.0625348,0.17700493,0.047771994,0.25953376,1.1090025,0.20060618,-0.015444978,0.26822886,1.0006397,0.1952255,0.04831989,0.2581382,0.94473493,0.19362591,0.1042679,0.2610083,0.82688206,1.0072716,0.1529349,1.0,0.7755106,1.7682872,0.2523694,1.7393531,0.714516,2.4364066,0.23471807,2.3850589,0.6345302,2.5247068,0.25280797,2.4612231,0.76247865,2.6611369,0.27103367,2.6330044
904.jpg,0.5066455,-0.32792738,0.58992946,-0.387751,0.63368994,-0.38534814,0.6707313,-0.3816777,0.43113717,-0.383549,0.38037664,-0.37865552,0.33057976,-0.37409312,0.7378301,-0.34046462,0.26944345,-0.33307937,0.6067901,-0.25500068,0.3954569,-0.25415906,1.0,0.0049904115,0.0,0.0,1.0801094,0.21499789,-0.0306022,0.19640927,1.0508282,0.24004948,0.021259349,0.27991274,1.0920867,0.2723618,-0.030625282,0.28606355,1.0114648,0.26331764,0.04045978,0.27465096,0.9596041,0.2542001,0.0926037,0.27967227,0.82896113,1.010868,0.15552309,1.0,0.78503984,1.7673261,0.25847024,1.7436829,0.698072,2.4134698,0.22789845,2.3901334,0.61577445,2.4932735,0.2475359,2.4493253,0.7541345,2.6609159,0.32506585,2.6439965
908.jpg,0.5324576,-0.37956,0.60416245,-0.43609765,0.6449305,-0.4312457,0.67737687,-0.42584568,0.45577812,-0.43512586,0.40707585,-0.4303388,0.35968363,-0.42588618,0.73751813,-0.37885165,0.29370704,-0.37923798,0.62220514,-0.29976717,0.42086568,-0.301975,1.0,-0.0055062603,0.0,0.0,1.0481837,0.26633954,0.039899524,0.26236644,1.0246024,0.36211562,0.06101042,0.40343338,1.0375487,0.38826942,0.033177722,0.43797937,0.98504686,0.36592573,0.07086537,0.40610602,0.9539963,0.35741633,0.10725436,0.39280197,0.8327383,1.0021268,0.18987629,1.0,0.78807026,1.7739288,0.2662906,1.7694972,0.80933887,2.4298446,0.35501966,2.449744,0.75003237,2.5123408,0.38009256,2.5286725,0.8735774,2.645807,0.42150494,2.6469119
989.jpg,0.57473,-0.3515374,0.6542389,-0.40427542,0.6873015,-0.40042302,0.72125185,-0.39553684,0.50690734,-0.40760842,0.45430672,-0.40657473,0.40398425,-0.4049071,0.76886106,-0.34981453,0.33044356,-0.36638582,0.6528652,-0.2738544,0.45679483,-0.27877972,1.0,0.023593893,0.0,0.0,1.1180966,0.2562123,0.0032701008,0.31133795,1.2669929,0.41733164,0.044000234,0.34813824,1.3536379,0.4420932,0.00984745,0.362251,1.3045428,0.42890054,0.061734285,0.32574618,1.2439221,0.41662064,0.09907947,0.322067,0.865363,0.9966484,0.22446075,1.0,0.82499444,1.7254128,0.2769916,1.7606865,0.7880253,2.3392508,0.35088632,2.384045,0.7320443,2.4099422,0.39603585,2.4586,0.8051783,2.6032445,0.39260504,2.6084554
990.jpg,0.58586097,-0.34903476,0.6586232,-0.40566257,0.68888795,-0.40185732,0.7196204,-0.3973661,0.5170667,-0.40719855,0.46354622,-0.40546986,0.4120381,-0.4021505,0.7632727,-0.35307246,0.3296465,-0.3648812,0.6620461,-0.2738571,0.4713242,-0.27720836,1.0,0.019390635,0.0,0.0,1.1887152,0.30772188,-0.0009323777,0.30747992,1.2954448,0.38459957,0.05134173,0.33536372,1.3653302,0.39804217,0.01128246,0.34188265,1.3012654,0.3652057,0.07573422,0.3152072,1.2385906,0.3513963,0.11784648,0.31408304,0.8634588,1.0003353,0.20734708,1.0,0.8354913,1.7274091,0.268386,1.7668937,0.7825229,2.3536901,0.37406862,2.396726,0.7256747,2.430908,0.42629406,2.4789958,0.84300095,2.6051495,0.36251014,2.6222153
992.jpg,0.6084864,-0.35537785,0.67869693,-0.40754783,0.71009696,-0.40030777,0.74197024,-0.39344138,0.5394379,-0.41686606,0.4847792,-0.41600809,0.43542126,-0.4131038,0.7844372,-0.34703133,0.34681857,-0.3716734,0.6815045,-0.27412382,0.49255362,-0.2813145,1.0,0.024714096,0.0,0.0,1.2030376,0.2760221,-0.0077596325,0.3090483,1.32183,0.34481752,0.0637968,0.29641515,1.4078491,0.3722137,0.028204938,0.29894423,1.329079,0.33394253,0.08702012,0.2593918,1.260416,0.31762508,0.12836894,0.25850707,0.89682865,0.992048,0.251129,1.0,0.8944813,1.7367927,0.31490794,1.7771518,0.80031556,2.3451376,0.3892241,2.4654932,0.7085004,2.4160023,0.42929235,2.536738,0.9610658,2.596993,0.44272268,2.6859868
993.jpg,0.61112046,-0.32904407,0.6861087,-0.38187766,0.7191127,-0.37573352,0.7511473,-0.3703068,0.5389419,-0.39048404,0.4839681,-0.38999006,0.43282345,-0.38719636,0.7974603,-0.32774225,0.3471284,-0.3489892,0.68767047,-0.25009567,0.4924104,-0.25792363,1.0,0.03470161,0.0,0.0,1.1758704,0.22714397,-0.0004559129,0.18146989,1.2961012,0.27391964,0.07231938,0.25354144,1.3992724,0.31549093,0.017313648,0.26192033,1.3132405,0.28760207,0.090539336,0.2387878,1.2434938,0.2725323,0.1430545,0.2403542,0.9077013,0.9810488,0.253583,1.0,0.9014416,1.7107967,0.31255078,1.7718142,0.8193883,2.285704,0.41422802,2.4383729,0.7400271,2.3511953,0.47308853,2.503965,0.9396641,2.5176632,0.42088768,2.6524572
995.jpg,0.6065399,-0.3327326,0.6805623,-0.387955,0.7114476,-0.38252628,0.7477906,-0.37751547,0.53448695,-0.39659175,0.47678408,-0.39629132,0.42782468,-0.39458793,0.7928506,-0.33423892,0.34167913,-0.35405084,0.680508,-0.25176063,0.48770487,-0.2582576,1.0,0.026485186,0.0,0.0,1.22175,0.18168476,0.057834353,0.11995409,1.2646769,0.2015793,0.12729111,0.1964867,1.3500041,0.20983203,0.04826517,0.201645,1.2657233,0.1900248,0.1259391,0.18645723,1.1975914,0.19102988,0.19115445,0.1897726,0.9298769,0.9782791,0.2770727,1.0,0.8838682,1.7061813,0.3380311,1.7614702,0.80114883,2.2928646,0.38679698,2.4334407,0.7212949,2.3518796,0.4439049,2.5073416,0.89272493,2.5572703,0.42198807,2.665225
996.jpg,0.57994574,-0.3209931,0.66602844,-0.378573,0.70297706,-0.37490308,0.73708236,-0.3717298,0.512381,-0.38206246,0.45778376,-0.3811466,0.40649357,-0.3798977,0.7917869,-0.3314053,0.3333046,-0.34391615,0.66596216,-0.24476992,0.46631575,-0.2492232,1.0,0.028230973,0.0,0.0,1.1937335,0.15259151,0.040513158,0.1074012,1.2514046,0.17029119,0.09027362,0.17230551,1.3537635,0.15991437,0.026063202,0.15653695,1.2563058,0.14602011,0.0919808,0.14394383,1.1837354,0.15458934,0.15006185,0.15626478,0.91859144,0.9830533,0.26727232,1.0,0.8605014,1.71246,0.3293641,1.7584738,0.7831695,2.3102047,0.3821707,2.4108262,0.7194131,2.367593,0.43306032,2.4826982,0.84572387,2.5747428,0.42806283,2.648251
999.jpg,0.53924876,-0.31524804,0.6259027,-0.37520686,0.6636364,-0.37219408,0.70115304,-0.36937934,0.4758421,-0.37847403,0.42449218,-0.37872913,0.3761832,-0.37991062,0.7629448,-0.32905623,0.30588496,-0.34366527,0.62575406,-0.23877004,0.43265846,-0.24502735,1.0,0.02998125,0.0,0.0,1.1555918,0.11663237,0.044119645,0.07750122,1.2211763,0.1049759,0.049748283,0.064182796,1.335715,0.08508911,-0.0036416815,0.036988813,1.2615116,0.063975275,0.05175762,0.0198599,1.1959424,0.07604488,0.104169466,0.033518765,0.8627228,0.99169624,0.22692698,1.0,0.8074566,1.736434,0.26011854,1.7497554,0.8167129,2.3701432,0.3225763,2.426937,0.745903,2.4394226,0.3606926,2.4898014,0.82790494,2.6286554,0.3578106,2.648782
