1023.jpg,0.48675576,-0.5230472,0.55699974,-0.5967034,0.59185314,-0.59735185,0.6247356,-0.5962768,0.42225945,-0.5909059,0.37818313,-0.58659726,0.33583814,-0.5831055,0.6951243,-0.5481731,0.28314692,-0.5424444,0.5756537,-0.43240008,0.40376422,-0.43221477,1.0,-0.0095211705,0.0,0.0,1.0996625,0.6296977,-0.112483434,0.61960334,0.5792813,0.30129534,0.34862742,0.31775388,0.49664876,0.15525055,0.4203992,0.1919876,0.5103805,0.10237355,0.41092527,0.13073994,0.5249283,0.13300599,0.39504123,0.16777378,0.81564176,1.0298071,0.19380845,1.0,1.1426314,1.791805,-0.44534722,1.677755,1.1182665,2.475267,-0.8197005,2.370588,1.0140029,2.5786638,-0.76197237,2.462926,1.3289284,2.739753,-1.0718274,2.6612844
1024.jpg,0.4703032,-0.50799507,0.5473381,-0.57903844,0.5900794,-0.5773625,0.6197088,-0.57553864,0.41525665,-0.5801919,0.37269703,-0.58016765,0.32928175,-0.57897663,0.6919072,-0.53099453,0.28901714,-0.5387669,0.5571496,-0.41106975,0.38135427,-0.415228,1.0,-0.004572631,0.0,0.0,1.0816504,0.62544787,-0.10865056,0.6146054,0.5656087,0.32271317,0.36409438,0.32764578,0.48153114,0.18279225,0.42778867,0.21546064,0.4985795,0.12871078,0.42267144,0.15390113,0.5142457,0.16003987,0.40499356,0.1873016,0.8107891,1.025248,0.18484354,1.0,1.1592628,1.7676017,-0.4723962,1.6739887,1.1549325,2.426377,-0.8920882,2.3603513,1.0529681,2.5273302,-0.8274706,2.4540157,1.3372953,2.7016208,-1.1582416,2.6578372
1025.jpg,0.49572328,-0.4985314,0.56534255,-0.5708702,0.6069842,-0.570676,0.6356532,-0.5707053,0.43363306,-0.56878877,0.3895925,-0.5672379,0.34468204,-0.56668526,0.70227534,-0.53197825,0.29788995,-0.53360355,0.57854885,-0.4057798,0.40699637,-0.40762675,1.0,-0.01635303,0.0,0.0,1.0967796,0.61972123,-0.101043634,0.61261755,0.58404875,0.30570167,0.38148412,0.30864516,0.5109967,0.16419262,0.45417342,0.18493897,0.52462333,0.11549557,0.44226757,0.12987275,0.53556496,0.14523649,0.4231245,0.16571504,0.80820346,1.028759,0.18173242,1.0,1.2135886,1.7455086,-0.4900239,1.6578746,1.1864796,2.379092,-0.88990337,2.3274124,1.0823247,2.483391,-0.8222705,2.4241567,1.3939863,2.6514916,-1.1391721,2.6330698
1026.jpg,0.49796084,-0.5164341,0.5664992,-0.58875287,0.607778,-0.5872684,0.63892305,-0.5841553,0.43342245,-0.58719206,0.39000267,-0.58410627,0.34429464,-0.5812769,0.70366114,-0.53672135,0.2956154,-0.53820103,0.5829345,-0.42015806,0.41534558,-0.42192185,1.0,-0.018146,0.0,0.0,1.1159784,0.60804296,-0.101595744,0.61254346,0.58887815,0.30225214,0.38642684,0.3006353,0.5182773,0.15501949,0.4624948,0.16228133,0.5310843,0.10790447,0.44727626,0.11085184,0.5417378,0.13920322,0.42827144,0.14976896,0.7992548,1.0275646,0.17409071,1.0,1.2330021,1.7043585,-0.49530348,1.650652,1.2330862,2.3475225,-0.86295086,2.3175895,1.1443383,2.450819,-0.79056394,2.4180193,1.4357663,2.6181574,-1.0935873,2.6074996
1027.jpg,0.48995984,-0.48873475,0.5568174,-0.5644071,0.5974149,-0.56507486,0.62579244,-0.56617403,0.43209514,-0.56041205,0.39297226,-0.5601521,0.3495019,-0.5572944,0.6893634,-0.5245602,0.30263135,-0.5164879,0.57371914,-0.4037019,0.41885743,-0.40611586,1.0,-0.008908396,0.0,0.0,1.1077042,0.6073684,-0.09930341,0.58851403,0.59188765,0.2997849,0.3682625,0.30183217,0.51747364,0.14855571,0.44215766,0.15399106,0.53018117,0.10029387,0.4305379,0.104856454,0.54236865,0.1401477,0.41656163,0.15218139,0.7703807,1.0259038,0.15644208,1.0,1.2686352,1.6631325,-0.4954427,1.6295373,1.2727981,2.2996383,-0.79689205,2.2754107,1.1884279,2.3960023,-0.7198602,2.3739047,1.4941806,2.5537145,-1.051177,2.5483758
1094.jpg,0.4954933,-0.47667578,0.55171466,-0.54880905,0.5890508,-0.5507627,0.6306184,-0.5518012,0.43486285,-0.5457939,0.39233446,-0.54668427,0.35628337,-0.5475661,0.695105,-0.5139296,0.28899166,-0.5096937,0.56854635,-0.3903545,0.4196102,-0.39619592,1.0,0.0071405354,0.0,0.0,1.0520899,0.6071616,-0.117397845,0.58596635,0.5960298,0.2939261,0.36809874,0.32528245,0.52086824,0.1604329,0.44849774,0.19707254,0.5341976,0.1168077,0.43752268,0.14366701,0.54408413,0.14987403,0.41833887,0.18160565,0.8471611,1.0059743,0.23383422,1.0,1.3173685,1.6490605,-0.36551356,1.631951,1.402497,2.3226335,-0.6522618,2.2659457,1.3073989,2.4300985,-0.5737632,2.3598456,1.6563922,2.568704,-0.8789059,2.539808
1095.jpg,0.4837649,-0.47472954,0.547485,-0.5528797,0.57987744,-0.5543227,0.62180376,-0.5561092,0.4244586,-0.5449225,0.38248947,-0.5430757,0.34283888,-0.5399951,0.68649125,-0.51437306,0.27890554,-0.49811587,0.5656384,-0.3900592,0.41005972,-0.38961354,1.0,-0.0028702216,0.0,0.0,1.057543,0.5960986,-0.115755156,0.58146393,0.5806974,0.28363764,0.35482994,0.3087238,0.5031724,0.1438633,0.43435124,0.16980414,0.5157733,0.09847237,0.4221185,0.1170209,0.5260035,0.13483599,0.40366715,0.16085851,0.8529987,1.0098575,0.23386537,1.0,1.3094894,1.694391,-0.37550145,1.6383317,1.3539019,2.328524,-0.6801561,2.276106,1.2519251,2.4363961,-0.5990926,2.3650625,1.607254,2.5829096,-0.9436045,2.5616443
1096.jpg,0.49043807,-0.47994795,0.55346364,-0.5568988,0.58945656,-0.5566219,0.61764216,-0.55474496,0.43068063,-0.5537713,0.39256734,-0.55232453,0.3529138,-0.54854006,0.6818545,-0.5077532,0.29740605,-0.5032082,0.57200116,-0.39151928,0.4156333,-0.39745268,1.0,0.004613431,0.0,0.0,1.0599955,0.6094904,-0.099193186,0.5982059,0.56401485,0.2917827,0.35749605,0.29389855,0.49031132,0.14755033,0.4333218,0.1559409,0.5090138,0.10310314,0.42284504,0.1075073,0.51670843,0.13830161,0.40777493,0.14755973,0.86175865,1.0130429,0.2554534,1.0,1.2507358,1.6892409,-0.34659752,1.6382049,1.3068037,2.358535,-0.65853596,2.3008397,1.2050611,2.4657156,-0.57036805,2.3939338,1.5357825,2.6178985,-0.9331437,2.5976517
1147.jpg,0.54820085,-0.4820463,0.60066956,-0.55250895,0.6316172,-0.5545147,0.67164224,-0.55542076,0.48032576,-0.547558,0.43699396,-0.5465906,0.39470553,-0.54626566,0.7109809,-0.51203823,0.31879514,-0.51068246,0.6091287,-0.39251032,0.46180344,-0.39727923,1.0,0.008997487,0.0,0.0,1.0688117,0.6178609,-0.13101177,0.58596087,0.5823509,0.26995364,0.38537353,0.29417148,0.5103318,0.13944773,0.46903646,0.15655978,0.52624667,0.08817238,0.45807838,0.10431114,0.5346837,0.13005829,0.43575,0.15584026,0.76179534,1.0152806,0.14785708,1.0,1.3255148,1.6211632,-0.45333293,1.6325667,1.3604819,2.2451584,-0.7271846,2.2280912,1.2607403,2.336841,-0.64779484,2.3209786,1.6005739,2.493127,-0.9651908,2.4774902
1148.jpg,0.5322335,-0.48393473,0.5867531,-0.5592568,0.6152575,-0.5605289,0.651995,-0.56194854,0.46748182,-0.5560438,0.42461175,-0.5559504,0.38603887,-0.5552107,0.70112664,-0.5191374,0.31123096,-0.513872,0.5971962,-0.39431095,0.4529744,-0.39791945,1.0,0.008403826,0.0,0.0,1.0625167,0.60357153,-0.1416066,0.58600944,0.573281,0.25946337,0.3758208,0.28434432,0.50798976,0.12572181,0.46258298,0.14368628,0.52272105,0.080327764,0.45052224,0.09600412,0.5299291,0.120978944,0.42581257,0.14461535,0.7590029,1.0201399,0.1428634,1.0,1.2894193,1.6528084,-0.44681814,1.6370008,1.3079697,2.2880616,-0.76827693,2.2461731,1.2145634,2.3658571,-0.7096313,2.3390162,1.5288439,2.534023,-0.9974535,2.5019147
1149.jpg,0.53253174,-0.50025696,0.58527637,-0.5736765,0.6166017,-0.5725382,0.64437306,-0.57140446,0.4615003,-0.57309246,0.4192362,-0.57244295,0.3782058,-0.5683323,0.6969817,-0.5225427,0.30660227,-0.5181116,0.6025727,-0.4126081,0.45269075,-0.4157477,1.0,-0.007794256,0.0,0.0,1.081188,0.5994887,-0.14217617,0.5895828,0.57710326,0.26405305,0.36870837,0.28427297,0.5078194,0.12476818,0.45085433,0.14428444,0.526369,0.07776357,0.43853554,0.095905505,0.53240985,0.11709437,0.4187021,0.14155102,0.7577978,1.0240353,0.14435437,1.0,1.2511122,1.6828837,-0.45453447,1.6522901,1.2396191,2.3178873,-0.82990915,2.2664812,1.1247721,2.416463,-0.7741055,2.357247,1.4799267,2.5703814,-1.0545018,2.5306334
1150.jpg,0.5351359,-0.49112096,0.5839521,-0.56700164,0.61140305,-0.5666637,0.64618695,-0.5659061,0.46580362,-0.5658651,0.4209865,-0.5648358,0.38116688,-0.5625666,0.6964458,-0.5191205,0.30234033,-0.5151842,0.5984001,-0.4026,0.45395142,-0.4067876,1.0,-0.00714278,0.0,0.0,1.0881903,0.59052444,-0.13292426,0.5852926,0.5768079,0.26170436,0.37857834,0.2892077,0.5038704,0.12642434,0.4668366,0.15059395,0.51724416,0.08180378,0.45141384,0.104736544,0.52532,0.121539295,0.42719665,0.1508028,0.76620173,1.027403,0.15415415,1.0,1.2135012,1.7123781,-0.44412157,1.6626415,1.1959839,2.3469079,-0.8374887,2.2990642,1.1055783,2.442993,-0.7845572,2.3904667,1.4019482,2.6037827,-1.0753145,2.5786383
1151.jpg,0.52470064,-0.49671933,0.58048457,-0.5782122,0.6118461,-0.577691,0.63707733,-0.5772898,0.45807564,-0.57151103,0.41445187,-0.56761503,0.37453815,-0.56214017,0.6915535,-0.52891135,0.30248258,-0.51689297,0.59598535,-0.40741104,0.44654626,-0.40897685,1.0,-0.010469721,0.0,0.0,1.0919751,0.578785,-0.12588677,0.5924096,0.5805243,0.2506386,0.3942248,0.2829673,0.50923127,0.11528503,0.48319587,0.13699912,0.5238662,0.069307506,0.4682866,0.093495764,0.5315869,0.109175764,0.44375017,0.14055657,0.7585164,1.0363327,0.16599408,1.0,1.1851373,1.7565627,-0.4414595,1.6700783,1.1400151,2.402962,-0.75143147,2.3285906,1.0380316,2.4818935,-0.667333,2.4143465,1.3404096,2.6553576,-1.0326669,2.6030154
1190.jpg,0.51249367,-0.4810395,0.5778602,-0.5562178,0.62244034,-0.55542034,0.65330356,-0.554523,0.45305905,-0.5554143,0.41145146,-0.55316395,0.36857927,-0.54947764,0.7136949,-0.5070457,0.32144585,-0.50582725,0.59371287,-0.38669464,0.4320932,-0.39396384,1.0,0.0067076986,0.0,0.0,1.0848389,0.59894866,-0.12163213,0.5912352,0.5730705,0.26086244,0.3838428,0.29371798,0.5076697,0.12954187,0.48330653,0.15760118,0.522244,0.0837588,0.47125056,0.11056913,0.53229314,0.12507346,0.4458174,0.15735576,0.7042699,1.055868,0.10319543,1.0,1.0677668,1.7759793,-0.48596403,1.6420228,0.9974046,2.4250255,-0.87064666,2.323155,0.8739024,2.5147994,-0.8325303,2.4170496,1.1803287,2.7026072,-1.079632,2.5649958
1191.jpg,0.50844187,-0.46683234,0.5719632,-0.5438083,0.6167729,-0.54320073,0.6469428,-0.54112947,0.4444313,-0.5381303,0.40474504,-0.5347274,0.36132076,-0.53228,0.70995206,-0.49412274,0.31512558,-0.494849,0.5892401,-0.3759153,0.4279798,-0.3790632,1.0,0.0039518257,0.0,0.0,1.0815078,0.59927684,-0.1232314,0.5852526,0.5772907,0.26934266,0.371363,0.28830683,0.5110255,0.13358852,0.46491614,0.14797215,0.5223445,0.090181425,0.45282215,0.103121735,0.53355134,0.13069707,0.43321672,0.1499037,0.6973052,1.0601231,0.09454782,1.0,1.0804038,1.7715455,-0.5052549,1.6359456,1.0005991,2.386945,-0.9135966,2.294256,0.86619574,2.4755316,-0.8635349,2.3907912,1.215872,2.6627038,-1.1810062,2.530072
1192.jpg,0.5091959,-0.47857767,0.58077097,-0.5489952,0.6264074,-0.5457078,0.6547608,-0.54183966,0.44832307,-0.5504973,0.40856117,-0.54787165,0.3629748,-0.5468412,0.72183895,-0.49529696,0.31678334,-0.5132843,0.59096515,-0.38411233,0.4223133,-0.39505556,1.0,-0.00279356,0.0,0.0,1.0889382,0.5991358,-0.13175005,0.58534795,0.58417284,0.26104128,0.4027614,0.27869883,0.5265639,0.124710515,0.4938474,0.14421368,0.5400485,0.08186228,0.48188084,0.099045716,0.5481075,0.12272685,0.45657557,0.14678474,0.7055214,1.0569456,0.09468855,1.0,1.1179569,1.7565397,-0.5213571,1.6493157,1.0536575,2.3967142,-0.9228385,2.299723,0.93215346,2.4839323,-0.875976,2.395546,1.2442966,2.6580365,-1.1523077,2.5628567
1193.jpg,0.5175188,-0.4748271,0.58744705,-0.5465407,0.62216026,-0.54595757,0.6517056,-0.54561013,0.46003026,-0.5459238,0.41959536,-0.54615164,0.3793626,-0.54432297,0.7159091,-0.4973996,0.31909037,-0.50187755,0.592969,-0.38546136,0.43623865,-0.39114088,1.0,0.008382428,0.0,0.0,1.0831541,0.5958158,-0.12221505,0.58097875,0.576247,0.26086277,0.394618,0.27976122,0.5155208,0.13140906,0.4841699,0.14443421,0.5322337,0.08807048,0.47103116,0.09937498,0.5422722,0.12962343,0.44775888,0.14798075,0.7005829,1.0497079,0.08987935,1.0,1.1519583,1.7103183,-0.52218914,1.6314462,1.0963916,2.3405976,-0.93535435,2.2613773,0.9959283,2.4285364,-0.892985,2.3555002,1.3032799,2.59548,-1.1728222,2.4828494
1194.jpg,0.51953024,-0.4844359,0.5905346,-0.5500406,0.6297464,-0.5488302,0.65831906,-0.54848105,0.46530434,-0.5514842,0.42564705,-0.5526479,0.38328785,-0.5523325,0.719182,-0.4991531,0.32620943,-0.5092115,0.59802127,-0.3936172,0.43920058,-0.40091833,1.0,0.0034524796,0.0,0.0,1.083412,0.59562624,-0.15343982,0.5808295,0.57671463,0.2620958,0.3684608,0.29139945,0.510904,0.13973464,0.45977226,0.16192412,0.5266302,0.093701914,0.4460644,0.115292035,0.5379305,0.13290645,0.4235574,0.16135214,0.70153224,1.0510523,0.0813807,1.0,1.2010603,1.6888618,-0.5445495,1.623148,1.1392176,2.311193,-0.8989285,2.243587,1.0222232,2.4045703,-0.84224206,2.3197188,1.392408,2.5634322,-1.1574304,2.4497824
1195.jpg,0.5262263,-0.4841185,0.5978776,-0.5535933,0.6334697,-0.55155724,0.6633864,-0.55023265,0.47224754,-0.5550328,0.43184116,-0.5554851,0.38928762,-0.55495477,0.72384644,-0.4981773,0.32898083,-0.5098021,0.60130346,-0.39435527,0.4441914,-0.4006538,1.0,0.01050551,0.0,0.0,1.0776455,0.6223579,-0.14339821,0.5906785,0.5844727,0.2666391,0.39296037,0.2861072,0.5237348,0.13851894,0.4836256,0.15118524,0.5411387,0.09091985,0.47161597,0.104580864,0.55062026,0.13089561,0.44708988,0.15339099,0.70677006,1.0415984,0.08380923,1.0,1.239052,1.6746055,-0.5319699,1.6365975,1.2004839,2.2912114,-0.8404144,2.246834,1.080214,2.3860123,-0.77516466,2.3187094,1.4291084,2.5572042,-1.0997565,2.4727771
1196.jpg,0.5251429,-0.4878989,0.5935698,-0.5571447,0.62745357,-0.5557505,0.66056067,-0.554885,0.46786135,-0.55739313,0.42709327,-0.55758846,0.38575023,-0.5572054,0.7206317,-0.50446206,0.32191908,-0.51141804,0.600952,-0.39714128,0.44399062,-0.40260726,1.0,0.007960101,0.0,0.0,1.0636868,0.63463366,-0.13853146,0.584215,0.5787893,0.27229348,0.39127815,0.2931641,0.5226496,0.14730564,0.47783014,0.16813159,0.5429779,0.0993578,0.46822473,0.12217011,0.5496943,0.13664082,0.4424923,0.16642077,0.7095466,1.0316397,0.08577731,1.0,1.2809725,1.653617,-0.521374,1.6241564,1.2473606,2.2803738,-0.81169146,2.2383738,1.1390834,2.3632421,-0.73259443,2.3284364,1.4951998,2.531023,-1.0873591,2.4445634
1240.jpg,0.4814501,-0.47975972,0.5438299,-0.558506,0.5882708,-0.559145,0.62197053,-0.5574836,0.4208634,-0.55187875,0.37903914,-0.5486583,0.33972478,-0.54563123,0.6803793,-0.5146259,0.29648513,-0.5058266,0.56762254,-0.3921217,0.40508723,-0.39246997,1.0,-0.017711757,0.0,0.0,1.0937942,0.5670535,-0.08900654,0.5728993,0.57008785,0.27262127,0.3698037,0.27947375,0.49527642,0.12722035,0.44997472,0.13691443,0.5079021,0.08564218,0.4430234,0.09323415,0.52087677,0.12431139,0.42745104,0.13754864,0.78271157,1.0433328,0.17521128,1.0,1.1971111,1.7362212,-0.49167055,1.6004432,1.154783,2.3499699,-0.8015509,2.2798595,1.046825,2.4481936,-0.70658267,2.3662224,1.3709238,2.6070476,-1.049385,2.5901828
1241.jpg,0.4852692,-0.48728046,0.5483272,-0.5647624,0.59220034,-0.5646109,0.61973995,-0.5630704,0.4204509,-0.5600401,0.38234657,-0.5568042,0.33885607,-0.55293834,0.68638873,-0.5160477,0.2934211,-0.5098329,0.5703131,-0.40028015,0.41082022,-0.40282038,1.0,-0.019815428,0.0,0.0,1.0850723,0.5727171,-0.08971134,0.57719517,0.5770695,0.27340072,0.3799141,0.27950263,0.50378746,0.12886508,0.46491608,0.1385014,0.51939213,0.083522834,0.4499781,0.093219034,0.5313616,0.1207428,0.43125957,0.13682175,0.77780646,1.0361463,0.16526718,1.0,1.2141377,1.7237825,-0.50237346,1.622928,1.1947297,2.334868,-0.8905822,2.3087409,1.0861837,2.431537,-0.8302157,2.389268,1.4130225,2.6015801,-1.0861982,2.6225855
1242.jpg,0.4739374,-0.49751604,0.5412293,-0.5689269,0.58580023,-0.5705469,0.622574,-0.571082,0.41901633,-0.5636568,0.37525266,-0.56089175,0.3380858,-0.55696404,0.6803855,-0.5282434,0.29846925,-0.51070315,0.56520754,-0.40654144,0.40079603,-0.4085609,1.0,-0.019061722,0.0,0.0,1.0922542,0.56283426,-0.092800654,0.5822317,0.58947694,0.2862471,0.3823044,0.29832733,0.5126187,0.15245554,0.46854597,0.17297867,0.523757,0.10322415,0.45487458,0.12605853,0.53894895,0.14319189,0.43534508,0.16682415,0.76663566,1.0393476,0.1588096,1.0,1.2221383,1.7090425,-0.5088598,1.6315905,1.2178447,2.341768,-0.92371047,2.3299236,1.1041058,2.4451687,-0.87527984,2.4211454,1.4636651,2.5953608,-1.0878336,2.621351
1243.jpg,0.49548823,-0.486174,0.55701405,-0.5580485,0.5989233,-0.5586471,0.62817997,-0.55902386,0.43307406,-0.55414534,0.3926372,-0.55154556,0.35009593,-0.54688853,0.6910047,-0.51486677,0.30137107,-0.50381637,0.5817253,-0.39809063,0.42336002,-0.40107197,1.0,-0.020690648,0.0,0.0,1.1079619,0.5728142,-0.09438636,0.58172303,0.5905473,0.28095537,0.3745515,0.30115578,0.5126657,0.14915554,0.4562712,0.17572863,0.52557343,0.10130895,0.44302326,0.127527,0.5393862,0.13695826,0.4259204,0.16495176,0.75450057,1.0339453,0.13533455,1.0,1.2554325,1.6728686,-0.5201848,1.6304567,1.2742702,2.2862682,-0.8932011,2.285932,1.1630799,2.3853414,-0.82901096,2.3868713,1.5307142,2.5405853,-1.0673776,2.561493
1244.jpg,0.48576844,-0.47754362,0.55467486,-0.54974484,0.5963935,-0.55116284,0.6258331,-0.55271983,0.42796406,-0.54305345,0.38766995,-0.5426759,0.34609792,-0.5412659,0.68752515,-0.5121121,0.30231118,-0.503435,0.5717117,-0.39192137,0.40972543,-0.3947213,1.0,-0.012533059,0.0,0.0,1.1140572,0.5856884,-0.08396134,0.5814651,0.59711254,0.281753,0.39344877,0.29700196,0.51741433,0.15427427,0.4701621,0.17015842,0.53036934,0.103142455,0.4566453,0.11761481,0.5469906,0.13987009,0.44238582,0.16076957,0.74446577,1.0330853,0.12763262,1.0,1.2819842,1.6623126,-0.5068312,1.6238106,1.3224285,2.2637653,-0.8174349,2.2741816,1.2101718,2.367261,-0.7460483,2.3716474,1.5874738,2.517534,-1.0221913,2.5441446
1245.jpg,0.4934849,-0.49343905,0.56397384,-0.5639367,0.5996259,-0.566184,0.6355607,-0.5663434,0.4332405,-0.5515392,0.38984048,-0.5472748,0.34899265,-0.5457513,0.69765174,-0.5205853,0.29474264,-0.5066965,0.5771254,-0.40727657,0.4173961,-0.40466926,1.0,-0.0025406573,0.0,0.0,1.1098018,0.5943157,-0.09916084,0.5903926,0.5971652,0.28910097,0.3896467,0.30740106,0.52086484,0.15984286,0.46359,0.17829011,0.5336396,0.10952132,0.4486087,0.12674265,0.5487289,0.14826097,0.43188596,0.17272444,0.7555311,1.0301714,0.12955673,1.0,1.3092855,1.6562843,-0.51780695,1.6264175,1.377796,2.2729712,-0.7952941,2.2809503,1.2833173,2.3678856,-0.7217692,2.3846638,1.656267,2.5203385,-1.0033715,2.549514
1316.jpg,0.5187836,-0.49652013,0.56601846,-0.5708228,0.6026907,-0.57189417,0.640972,-0.57214004,0.45146084,-0.5663346,0.40451825,-0.56225115,0.36021826,-0.5587384,0.68689275,-0.5265829,0.28489584,-0.52166826,0.5787214,-0.4028463,0.4354551,-0.40531847,1.0,-0.012029364,0.0,0.0,1.0800972,0.5809639,-0.09993617,0.58709896,0.5832049,0.27815846,0.38188702,0.31409287,0.50500125,0.14513248,0.45387346,0.17520654,0.5151173,0.09666394,0.4367652,0.122142054,0.5291177,0.13369785,0.42316657,0.16830596,0.84773624,1.0027694,0.2268396,1.0,1.3990144,1.6415617,-0.35777083,1.6501138,1.4206147,2.2575817,-0.74815166,2.2518883,1.3159645,2.3609138,-0.6999298,2.3334708,1.6709381,2.5058484,-0.9513064,2.5246017
1317.jpg,0.5014928,-0.4952136,0.55569017,-0.572913,0.586563,-0.5736915,0.6157796,-0.5759786,0.43391722,-0.56716996,0.3924248,-0.56530565,0.35152587,-0.56440943,0.66848636,-0.5344321,0.2871294,-0.52173567,0.5762694,-0.40964893,0.42862967,-0.407344,1.0,-0.022491593,0.0,0.0,1.07896,0.57456595,-0.094887845,0.5899787,0.5916574,0.283908,0.3753083,0.30396602,0.50841045,0.14725278,0.44293845,0.16740961,0.5248904,0.09496337,0.43012142,0.11362593,0.536936,0.13143833,0.41603628,0.15605302,0.8470696,1.006158,0.23790456,1.0,1.341266,1.6593595,-0.34266308,1.6607746,1.3538753,2.2912667,-0.75494653,2.2912126,1.253508,2.3979135,-0.7143203,2.37492,1.6044004,2.5453727,-0.966498,2.5738974
1318.jpg,0.5100505,-0.51312315,0.56259453,-0.5906573,0.59535193,-0.5904119,0.6198259,-0.5895261,0.44246885,-0.5867855,0.40126947,-0.5853621,0.36106443,-0.5817157,0.67306703,-0.5398414,0.29672608,-0.5316315,0.584109,-0.42544243,0.43596414,-0.4271756,1.0,-0.02663612,0.0,0.0,1.0805572,0.57130396,-0.092458375,0.59869057,0.59417284,0.27538693,0.3707334,0.30643004,0.50939405,0.143383,0.4365649,0.1750743,0.52686006,0.092325896,0.4235954,0.121819146,0.54037094,0.12573394,0.41200608,0.1594806,0.8479508,1.0098134,0.24518701,1.0,1.3166324,1.6876941,-0.35135853,1.6587819,1.3060901,2.3200278,-0.72262305,2.309264,1.2091564,2.4288204,-0.6553736,2.399897,1.5555781,2.5748844,-0.9803904,2.6031475
1319.jpg,0.50584215,-0.514371,0.55943197,-0.5927423,0.591463,-0.59376687,0.6180735,-0.5955321,0.43692386,-0.58464897,0.39555416,-0.5816923,0.35378486,-0.5763982,0.6724626,-0.55054516,0.28866714,-0.5260782,0.584037,-0.42668983,0.43144178,-0.4226412,1.0,-0.030706322,0.0,0.0,1.1000155,0.56628114,-0.095872164,0.61002994,0.58240414,0.2825024,0.370927,0.31317955,0.49846655,0.15131722,0.44063225,0.183915,0.5133807,0.10123854,0.4257458,0.13037609,0.5270677,0.13454473,0.41385454,0.16708834,0.8405216,1.0148747,0.22749332,1.0,1.3067681,1.7026633,-0.3823184,1.6326947,1.2749282,2.337589,-0.64973754,2.309139,1.1586676,2.4441423,-0.56981516,2.4090502,1.52955,2.596284,-0.96105903,2.5820608
1320.jpg,0.5037165,-0.5134842,0.56197953,-0.5888744,0.59810346,-0.589095,0.6233881,-0.59007025,0.44059023,-0.5829056,0.399285,-0.5811746,0.35572833,-0.5793145,0.67603743,-0.5470824,0.29944217,-0.53443474,0.5807582,-0.42645875,0.42552215,-0.4256079,1.0,-0.030708333,0.0,0.0,1.1057113,0.5676467,-0.06769903,0.60847163,0.5949702,0.27921027,0.37629774,0.30331916,0.51365733,0.14743647,0.4396967,0.1727956,0.526404,0.09686405,0.42454508,0.11790167,0.54061913,0.13232957,0.41485545,0.15693429,0.8374694,1.0163467,0.2284674,1.0,1.2862867,1.7159445,-0.3595003,1.6007725,1.2500603,2.3345346,-0.51009756,2.292164,1.141215,2.442304,-0.39616185,2.3961349,1.483487,2.598397,-0.77783626,2.5648258
1365.jpg,0.51725173,-0.51365715,0.56998205,-0.5897397,0.60243016,-0.5897315,0.63057244,-0.5895148,0.44408393,-0.5851924,0.40254846,-0.5828657,0.36165118,-0.57627267,0.68657273,-0.54068005,0.29839635,-0.52792734,0.5965163,-0.42488068,0.44157103,-0.42456782,1.0,-0.022795776,0.0,0.0,1.0754564,0.58335406,-0.11612277,0.59385055,0.58279824,0.2684109,0.36671403,0.30901822,0.4998024,0.13869986,0.4429487,0.1866843,0.51760507,0.09082929,0.4333655,0.13638943,0.5311825,0.12590106,0.41592407,0.17369427,0.799868,1.0195749,0.18575568,1.0,1.3222165,1.6479942,-0.42674133,1.6344287,1.3134279,2.2927556,-0.8099712,2.2335804,1.2124391,2.3774862,-0.7586968,2.3197799,1.5748824,2.542192,-1.0186782,2.4966648
1366.jpg,0.50915754,-0.50003433,0.5737349,-0.5767164,0.6057443,-0.5764256,0.6395281,-0.5746419,0.44361618,-0.57297677,0.39974356,-0.56965894,0.3595277,-0.5660378,0.701667,-0.5310529,0.29508594,-0.5231305,0.5922771,-0.40952528,0.43079433,-0.4116348,1.0,-0.019043462,0.0,0.0,1.0621064,0.59267604,-0.11130171,0.5927719,0.57629144,0.26828682,0.37154517,0.2928854,0.50299305,0.12863028,0.44025585,0.1643394,0.52153534,0.08482426,0.43299657,0.112015024,0.5327647,0.11718103,0.4191101,0.14830904,0.8210553,1.0167058,0.19798526,1.0,1.3043083,1.6700397,-0.41025832,1.6360153,1.2714138,2.291042,-0.83035415,2.2393982,1.1675009,2.3940558,-0.7905498,2.324944,1.5181876,2.5534513,-1.0540506,2.5203326
1367.jpg,0.52027667,-0.5121943,0.57648444,-0.59164613,0.60601133,-0.5918712,0.63381374,-0.59247965,0.4533281,-0.58630824,0.41101167,-0.5844055,0.37057027,-0.580101,0.686937,-0.5451141,0.3020741,-0.53164876,0.5950813,-0.42130306,0.44203976,-0.42156932,1.0,-0.021968465,0.0,0.0,1.0780333,0.57928556,-0.10822388,0.59371144,0.57743686,0.27297518,0.3774401,0.29550728,0.49263018,0.14051966,0.45133165,0.16220225,0.50842637,0.089280225,0.44361895,0.112778366,0.52158976,0.12660645,0.42683643,0.15499233,0.82378054,1.0217346,0.220027,1.0,1.2784361,1.6924543,-0.40259543,1.6360979,1.2194061,2.331597,-0.82980686,2.268933,1.1094322,2.426282,-0.7833433,2.35717,1.4547758,2.5889168,-1.0690944,2.5670757
1368.jpg,0.519945,-0.51935315,0.5753523,-0.59859395,0.6041936,-0.5982344,0.6365645,-0.597158,0.4506975,-0.5961215,0.40733057,-0.59495723,0.36838385,-0.5900678,0.69240785,-0.5472099,0.2984545,-0.54090756,0.593051,-0.42873532,0.44097668,-0.43076074,1.0,-0.028967436,0.0,0.0,1.094534,0.5892998,-0.09892378,0.6079936,0.5918835,0.28933653,0.35819587,0.32347322,0.5049905,0.16317314,0.42932627,0.20167008,0.51987684,0.111246124,0.4204524,0.1479476,0.5350556,0.14394818,0.40577126,0.18226847,0.83492106,1.034644,0.2266757,1.0,1.269289,1.7419661,-0.4140129,1.6541387,1.1868521,2.379523,-0.80049115,2.3196583,1.0701979,2.4750705,-0.7229831,2.416669,1.4081154,2.6415522,-1.061851,2.605916
1424.jpg,0.4920252,-0.50376916,0.5508987,-0.5779419,0.5908062,-0.57815987,0.61715704,-0.5788806,0.42556766,-0.57361174,0.38572198,-0.5723774,0.34227782,-0.5690153,0.67513424,-0.5354301,0.29266903,-0.52269953,0.5718768,-0.41198188,0.4120817,-0.4120634,1.0,-0.022612799,0.0,0.0,1.1130824,0.56165063,-0.09566507,0.58968246,0.5765006,0.28667948,0.36394835,0.3028262,0.49733838,0.15931422,0.45286366,0.16680162,0.50864416,0.11003849,0.4399039,0.12118964,0.52349246,0.1455498,0.42303684,0.16352296,0.72337365,1.0518968,0.12094352,1.0,1.1556021,1.7658381,-0.4656991,1.6447214,1.1123159,2.3935337,-0.85392827,2.3071027,0.97527957,2.4893105,-0.79570097,2.4100938,1.3260266,2.6751077,-1.1117679,2.5236166
1425.jpg,0.48380437,-0.47977424,0.545571,-0.5556952,0.5877433,-0.55627817,0.6148291,-0.5565183,0.4161877,-0.550212,0.37653768,-0.54656273,0.33438262,-0.5439315,0.687618,-0.5156746,0.28704348,-0.50657463,0.56667846,-0.39592075,0.40877149,-0.39360616,1.0,-0.028508674,0.0,0.0,1.1060662,0.5678648,-0.11467403,0.5797912,0.57688385,0.28555918,0.36143768,0.29628968,0.5082159,0.15005988,0.45158535,0.15979365,0.5238812,0.10597899,0.44026893,0.11462533,0.53444463,0.13911073,0.42048094,0.1560692,0.73099655,1.0479027,0.110278405,1.0,1.1904379,1.7528279,-0.4918362,1.6515939,1.1488867,2.367194,-0.91790813,2.3018818,1.01038,2.463719,-0.8864219,2.3973432,1.381804,2.6442807,-1.1211112,2.5268996
1426.jpg,0.4961619,-0.49622604,0.5573882,-0.5665032,0.5962995,-0.5660519,0.6245816,-0.5655788,0.43124878,-0.5639908,0.39223993,-0.5621881,0.35011786,-0.5564888,0.6880409,-0.52031714,0.29777938,-0.5104527,0.57863796,-0.40904716,0.4206555,-0.4111165,1.0,-0.019202081,0.0,0.0,1.0983099,0.56930375,-0.104892574,0.57892394,0.5864317,0.29583472,0.36290047,0.31362706,0.5112585,0.16958956,0.44893637,0.19139297,0.5272169,0.122017525,0.43925992,0.14534102,0.5412035,0.15461849,0.4213715,0.18210666,0.72725594,1.0489227,0.10920799,1.0,1.2091341,1.7092766,-0.48926613,1.6432792,1.1751307,2.3251886,-0.95116055,2.2713072,1.0646963,2.4245431,-0.9308506,2.3562665,1.4102737,2.5843775,-1.1198341,2.500631
1427.jpg,0.5039412,-0.49503163,0.5654521,-0.5637792,0.6064452,-0.5637968,0.6341634,-0.5645269,0.43902993,-0.562265,0.39911425,-0.56217647,0.35530224,-0.55884725,0.6905264,-0.5226642,0.3045872,-0.5142344,0.5823577,-0.40714225,0.42418703,-0.40903974,1.0,-0.020537736,0.0,0.0,1.0995386,0.5770079,-0.112081185,0.58047634,0.5912553,0.29130396,0.3646294,0.30252376,0.520318,0.16129981,0.44806573,0.17207167,0.53571606,0.112313814,0.4370348,0.12538798,0.5493864,0.14781417,0.42068195,0.16727476,0.71484303,1.0476148,0.10071346,1.0,1.2476319,1.6917663,-0.5073488,1.6433415,1.2169907,2.3157961,-0.94516724,2.242117,1.0943553,2.4211526,-0.92271596,2.316335,1.4996674,2.569864,-1.1066303,2.4763167
1428.jpg,0.4999616,-0.48528144,0.56672424,-0.55532026,0.60458404,-0.55521315,0.6340498,-0.55555135,0.44118786,-0.5537247,0.40205777,-0.55422807,0.3603526,-0.5533122,0.69467247,-0.5111387,0.30623266,-0.5083739,0.57977086,-0.39825767,0.42339134,-0.40089852,1.0,-0.0051084384,0.0,0.0,1.0962574,0.5995315,-0.111899674,0.5809497,0.58400077,0.30526865,0.362106,0.31066525,0.5123147,0.17931017,0.44415054,0.18925607,0.5304583,0.12926342,0.43549836,0.1401228,0.54312754,0.16326559,0.41721874,0.17966868,0.7125736,1.0447276,0.089644656,1.0,1.2865847,1.6700515,-0.5022834,1.6330923,1.2727063,2.286825,-0.9062832,2.2351258,1.150554,2.3835857,-0.87028474,2.3148406,1.5452752,2.541558,-1.089179,2.4446619
1474.jpg,0.459148,-0.5078131,0.527992,-0.58572334,0.5683012,-0.58517575,0.5957266,-0.58277315,0.40222755,-0.580141,0.3639862,-0.577235,0.32315812,-0.5717665,0.66966826,-0.53002805,0.27903414,-0.5247097,0.5448278,-0.4205401,0.38821504,-0.423049,1.0,-0.031718753,0.0,0.0,1.0994829,0.56525606,-0.09151072,0.58999515,0.5697117,0.28722572,0.36158064,0.28994069,0.4866035,0.14170659,0.43923903,0.15070923,0.50535065,0.096054025,0.4246426,0.10588841,0.5196948,0.13270459,0.40970305,0.14601597,0.81343764,1.0395738,0.19963484,1.0,1.1347456,1.7797471,-0.4427823,1.640733,1.0875177,2.4070597,-0.7972023,2.3069272,0.9805684,2.5016766,-0.71487254,2.400829,1.3115473,2.670333,-1.0828524,2.602792
1475.jpg,0.46648815,-0.4961514,0.53414327,-0.5718297,0.5748169,-0.57141364,0.60085297,-0.5699262,0.40998006,-0.56793743,0.37323076,-0.5657567,0.33327755,-0.5606839,0.6676518,-0.5209275,0.28880003,-0.5143431,0.55125594,-0.4062209,0.39596266,-0.410377,1.0,-0.02308473,0.0,0.0,1.1041747,0.55766463,-0.08518973,0.5802105,0.56967896,0.28550372,0.37278748,0.28951603,0.48279205,0.15195745,0.45428133,0.15401113,0.4987167,0.10604553,0.44400075,0.10939961,0.5149974,0.1426941,0.42568517,0.15282111,0.7919847,1.0390044,0.18423574,1.0,1.137818,1.76141,-0.4586457,1.6448044,1.1122411,2.3725517,-0.8439845,2.297611,1.0101832,2.4638717,-0.7784248,2.3819754,1.3383354,2.6335728,-1.1216693,2.5900238
1476.jpg,0.45021617,-0.4977468,0.52191603,-0.5748217,0.5647074,-0.5746188,0.60646844,-0.5741613,0.40059462,-0.56813216,0.35733697,-0.562579,0.32437202,-0.55738163,0.6669083,-0.52839744,0.28864583,-0.5095652,0.54467463,-0.40771562,0.38297248,-0.4101801,1.0,-0.026357057,0.0,0.0,1.0930039,0.5494546,-0.081931725,0.5868127,0.5502217,0.274131,0.35275614,0.27432925,0.46946496,0.13818488,0.43223682,0.13964595,0.4829492,0.09328869,0.42027554,0.09248902,0.4994727,0.13113117,0.40617397,0.13485122,0.7853894,1.0398386,0.1715927,1.0,1.1665791,1.743946,-0.4928187,1.6333268,1.1402837,2.335884,-0.8910612,2.2905235,1.0317729,2.4337652,-0.8328,2.374343,1.3451782,2.6032078,-1.1176705,2.5858822
1477.jpg,0.46664295,-0.48629424,0.5355789,-0.5627183,0.57983243,-0.56318337,0.6158602,-0.56147057,0.410781,-0.55612266,0.36878446,-0.55337006,0.331183,-0.5505262,0.67504513,-0.5173108,0.29020503,-0.5087153,0.5531348,-0.40058878,0.39044994,-0.39829776,1.0,-0.030836267,0.0,0.0,1.0838224,0.5597359,-0.09409845,0.58319277,0.56386364,0.28013137,0.3426814,0.2819514,0.48428205,0.14387518,0.42093164,0.15434997,0.5035283,0.09483447,0.4106322,0.10107973,0.516609,0.13004553,0.39692345,0.13972849,0.77817637,1.0363501,0.15392177,1.0,1.2029406,1.7114179,-0.5236137,1.6317154,1.1768746,2.3054023,-0.89713484,2.2766669,1.0756081,2.403482,-0.82280046,2.368583,1.4008611,2.5588179,-1.1240894,2.5613928
1478.jpg,0.45657086,-0.4774216,0.52863777,-0.5504409,0.5712927,-0.55023086,0.61223453,-0.54997665,0.4083715,-0.5480432,0.36546522,-0.54476005,0.33143374,-0.5418551,0.67030436,-0.50890446,0.2917386,-0.4978449,0.5455876,-0.38884756,0.38809553,-0.3933707,1.0,-0.015488429,0.0,0.0,1.0838085,0.5625591,-0.10129703,0.57797843,0.57328707,0.287981,0.34663755,0.29048982,0.4959442,0.15762481,0.4224564,0.16894045,0.50969964,0.10907133,0.41003215,0.118388586,0.52553064,0.14458163,0.39869565,0.15704922,0.7672442,1.0341115,0.14497599,1.0,1.2382355,1.6648575,-0.5374824,1.6147523,1.2130624,2.2534819,-0.8630795,2.245172,1.1090585,2.3510861,-0.7779938,2.3434105,1.4436725,2.5095057,-1.0958377,2.5044334
1479.jpg,0.48290113,-0.49441308,0.5532148,-0.56210005,0.5954246,-0.5622317,0.62567955,-0.5623164,0.42862943,-0.560318,0.38805884,-0.5603479,0.34580782,-0.55846196,0.6852914,-0.51547885,0.29864383,-0.51526505,0.56372565,-0.40515357,0.40676746,-0.40847534,1.0,-0.016242387,0.0,0.0,1.0817572,0.5743431,-0.10645149,0.58158046,0.580213,0.28834653,0.35407704,0.29398057,0.50577146,0.15483451,0.43426093,0.16082549,0.5235888,0.104910254,0.42002448,0.1105786,0.53747594,0.14123583,0.4056482,0.15325622,0.7606126,1.0309138,0.13982901,1.0,1.2816045,1.6518346,-0.5339065,1.6090735,1.2714411,2.244513,-0.8213838,2.2397938,1.158356,2.3458476,-0.733534,2.3361497,1.5314548,2.491015,-1.0744649,2.498755
1543.jpg,0.5034524,-0.4781453,0.56018496,-0.5509748,0.5930078,-0.55244493,0.6209958,-0.5547349,0.43763396,-0.54450405,0.3960138,-0.5420638,0.3564268,-0.5424767,0.6724118,-0.5140032,0.29455048,-0.5000975,0.57986444,-0.39430696,0.42646316,-0.39285082,1.0,-0.009889343,0.0,0.0,1.0797237,0.56825054,-0.103358775,0.56681514,0.57813746,0.27213848,0.35745192,0.28183252,0.4925792,0.14532569,0.43591717,0.15256444,0.50456387,0.094298095,0.42608488,0.1016699,0.52182806,0.13033369,0.41255608,0.1447545,0.84676784,1.006956,0.2362891,1.0,1.3329256,1.6304675,-0.38913375,1.6109266,1.3643526,2.2390895,-0.7341782,2.2224467,1.262877,2.3416505,-0.6677329,2.3143873,1.6030582,2.488054,-0.9895134,2.492801
1544.jpg,0.49503544,-0.4795674,0.55521786,-0.5541759,0.59062505,-0.55417126,0.6158142,-0.5552779,0.43394232,-0.5490114,0.39343712,-0.5478855,0.35229698,-0.5477428,0.66910636,-0.5137776,0.2955588,-0.5048046,0.57075304,-0.3961119,0.4168144,-0.39537314,1.0,-0.010156667,0.0,0.0,1.085823,0.5676589,-0.10114325,0.5722639,0.57790476,0.27708864,0.35398918,0.2988477,0.4884573,0.15132748,0.43427944,0.17243233,0.5000822,0.100693725,0.42676914,0.12124371,0.5187272,0.13664371,0.41216013,0.16206895,0.8524167,1.0144497,0.24137439,1.0,1.3072656,1.6748646,-0.40086135,1.619014,1.3114511,2.2862554,-0.75336146,2.2548559,1.2143165,2.387164,-0.6717453,2.347646,1.552833,2.541744,-1.0310532,2.5403807
1545.jpg,0.4976705,-0.48619094,0.55295134,-0.5589346,0.5926308,-0.5595723,0.616912,-0.55956185,0.43347076,-0.55547607,0.3950897,-0.5541363,0.35170928,-0.55071443,0.66497266,-0.5175866,0.294722,-0.50535077,0.576558,-0.40161887,0.42154345,-0.40296572,1.0,-0.01271484,0.0,0.0,1.0917882,0.5670099,-0.11739108,0.576824,0.57207495,0.29123613,0.3537856,0.2968612,0.48634905,0.16319348,0.42214036,0.17486812,0.5035105,0.11655468,0.4148353,0.12848608,0.51938725,0.14814112,0.40354732,0.16559719,0.8446168,1.0197464,0.23347962,1.0,1.2726207,1.6801416,-0.41374815,1.6072936,1.2632178,2.3092644,-0.7488463,2.265481,1.15605,2.4146194,-0.6643889,2.3640966,1.501655,2.5580306,-1.0435393,2.5454657
1546.jpg,0.49337783,-0.48549375,0.5486576,-0.5585057,0.5903515,-0.5600452,0.61866057,-0.5604106,0.43305477,-0.5548076,0.39467275,-0.5540843,0.3514578,-0.551621,0.6624018,-0.5234104,0.30136037,-0.5087342,0.570324,-0.40387672,0.41709462,-0.4017216,1.0,-0.015117154,0.0,0.0,1.0858294,0.56689787,-0.08843733,0.5860731,0.5735552,0.27871612,0.35501897,0.28933606,0.4867175,0.14222553,0.43080363,0.15831561,0.49324524,0.09237343,0.4223194,0.11213402,0.5127147,0.13273685,0.40905178,0.15549496,0.8422996,1.0261892,0.23722099,1.0,1.2595489,1.7288352,-0.4051945,1.5983557,1.2111474,2.3329957,-0.64251626,2.2797534,1.0925428,2.4337482,-0.554246,2.370868,1.4334829,2.5917296,-0.9363064,2.5524662
1591.jpg,0.5306182,-0.5047095,0.58156633,-0.58052063,0.6113086,-0.58097017,0.64027405,-0.5816308,0.4592201,-0.5764387,0.4161962,-0.57489234,0.3758709,-0.56987756,0.6925979,-0.53626645,0.31002405,-0.52284807,0.60834306,-0.414252,0.4551772,-0.4140312,1.0,-0.027370322,0.0,0.0,1.0780387,0.58057296,-0.10387165,0.5867553,0.5905115,0.29464072,0.36434892,0.30788034,0.50204253,0.16259778,0.43112466,0.18240081,0.5151157,0.11593168,0.42296153,0.13729584,0.530431,0.14878103,0.40984386,0.17156841,0.8009416,1.0094316,0.18620163,1.0,1.3871921,1.6236796,-0.41660178,1.64348,1.4007946,2.266008,-0.71747565,2.217277,1.3034976,2.3477814,-0.6468489,2.2978792,1.6459833,2.5180106,-0.9274062,2.4769092
1592.jpg,0.5186019,-0.50133634,0.58164996,-0.57656324,0.6135092,-0.5762633,0.6441933,-0.57424766,0.4539192,-0.5715193,0.41165352,-0.5680652,0.3707639,-0.5636854,0.7028146,-0.5262725,0.30894446,-0.5184892,0.6009428,-0.41378644,0.44048795,-0.41525596,1.0,-0.012192838,0.0,0.0,1.0687199,0.5904544,-0.120060004,0.59046406,0.5913055,0.30802867,0.3447028,0.31792307,0.511551,0.17355448,0.41465953,0.20100991,0.52547646,0.12534438,0.41197374,0.14481872,0.53905225,0.15480275,0.39925754,0.17781644,0.8127231,1.0186975,0.19781612,1.0,1.3555981,1.6493021,-0.3902501,1.6136256,1.3420805,2.270355,-0.738444,2.213065,1.2291101,2.3723617,-0.68436253,2.2955592,1.5961224,2.5327725,-0.93558055,2.4715936
1593.jpg,0.5230658,-0.50227153,0.58425874,-0.5808679,0.6169001,-0.5795731,0.6461246,-0.57685137,0.45639962,-0.57829297,0.41443565,-0.5755773,0.37205616,-0.5700828,0.7060067,-0.5253171,0.30993062,-0.52215815,0.6027813,-0.41436052,0.44419667,-0.41843036,1.0,-0.018349638,0.0,0.0,1.0759014,0.57926476,-0.11345995,0.5894455,0.5895513,0.3007753,0.33210605,0.32763913,0.50248456,0.1669857,0.40381512,0.20969646,0.5178216,0.11769105,0.401345,0.15364851,0.53267056,0.14809747,0.3897677,0.18620004,0.81025493,1.0220438,0.19497858,1.0,1.3264186,1.6693562,-0.4117637,1.6336828,1.2986225,2.29763,-0.7810101,2.230295,1.1801958,2.400453,-0.7303261,2.3108103,1.5549345,2.5588436,-0.97227734,2.5071864
1594.jpg,0.5260682,-0.5065225,0.57868016,-0.58331645,0.6052689,-0.58305365,0.6379643,-0.58258814,0.45722392,-0.5793369,0.41261074,-0.5767516,0.37334496,-0.57182926,0.6875588,-0.5345664,0.29945815,-0.52428716,0.5968493,-0.41808626,0.4479804,-0.419022,1.0,-0.02205755,0.0,0.0,1.0729381,0.5756501,-0.1227969,0.5799468,0.57697636,0.29161713,0.3537774,0.29607457,0.4923005,0.15596767,0.42284358,0.15922949,0.5108464,0.106313564,0.4177198,0.10994866,0.52371466,0.1411377,0.40377155,0.15047331,0.8190778,1.0267056,0.20591429,1.0,1.2909597,1.6996862,-0.41609073,1.6295625,1.2623358,2.3325443,-0.79351366,2.2615995,1.1610657,2.4372265,-0.73922354,2.3475618,1.4981558,2.5934348,-1.0090246,2.5570223
1595.jpg,0.51276284,-0.50785506,0.5764571,-0.586134,0.6057157,-0.5835597,0.63724816,-0.58000386,0.4473755,-0.5865932,0.40304568,-0.58526796,0.3630495,-0.5815978,0.6967351,-0.53153026,0.29663813,-0.53389597,0.5894076,-0.41801113,0.42997378,-0.4250294,1.0,-0.0191166,0.0,0.0,1.0753505,0.5844651,-0.12539126,0.59547263,0.58119303,0.29844618,0.34121007,0.30530816,0.5020066,0.15766962,0.41500846,0.17472604,0.51893634,0.111596085,0.40935838,0.12631626,0.52985984,0.14464322,0.39527208,0.16244401,0.82288784,1.0356683,0.21550827,1.0,1.2672894,1.7432207,-0.41836306,1.6409343,1.2290641,2.3896036,-0.7546664,2.3137548,1.1204377,2.4904206,-0.66490555,2.4014692,1.4507933,2.657214,-1.0095421,2.604908
2050.jpg,0.5103496,-0.50055987,0.5670184,-0.57845074,0.6097423,-0.5795348,0.6363034,-0.5798363,0.4459309,-0.5725953,0.40708902,-0.5679401,0.36332548,-0.5623841,0.6918975,-0.5332805,0.31331208,-0.51533127,0.59254044,-0.41169783,0.43750066,-0.41115794,1.0,-0.025860418,0.0,0.0,1.0850381,0.5659335,-0.07541648,0.593796,0.57712764,0.21787347,0.38849542,0.2428278,0.5243022,0.077972956,0.4778021,0.09403231,0.5336299,0.03690988,0.46221682,0.048724905,0.5405007,0.08291214,0.44126555,0.10056777,0.7077302,1.057269,0.11173714,1.0,1.1675328,1.7416241,-0.4827232,1.6110274,1.1795377,2.388929,-0.78931916,2.2837806,1.0684279,2.4808233,-0.7449537,2.3641832,1.379829,2.6671166,-0.92191243,2.5656295
2051.jpg,0.51892686,-0.5006665,0.5736873,-0.5744197,0.6161116,-0.5735464,0.6437065,-0.5727253,0.450911,-0.57143074,0.40913373,-0.5673069,0.365935,-0.5622031,0.6996008,-0.5242664,0.314215,-0.5144269,0.5996704,-0.41108793,0.4392164,-0.4137052,1.0,-0.020177195,0.0,0.0,1.0903465,0.5622792,-0.06936741,0.59062546,0.5837463,0.22547488,0.39793316,0.25371784,0.52593946,0.09048131,0.48761663,0.1076508,0.53513795,0.050848827,0.46958196,0.064785086,0.5441378,0.09271121,0.4479921,0.11362177,0.7076684,1.0576714,0.104701966,1.0,1.1800869,1.7230378,-0.49635434,1.6107259,1.1852996,2.356917,-0.8560222,2.2572029,1.0789691,2.4492338,-0.8060783,2.3396392,1.3935905,2.6234243,-1.03594,2.5432584
2052.jpg,0.51567,-0.4846742,0.57697845,-0.561514,0.61970514,-0.5611224,0.6545186,-0.55939865,0.4528962,-0.55381304,0.4087823,-0.55001307,0.36910045,-0.5461947,0.7045347,-0.51171434,0.31382617,-0.50600326,0.59574825,-0.3970388,0.4345598,-0.39373618,1.0,-0.018872052,0.0,0.0,1.0996132,0.5473829,-0.08249508,0.5764103,0.5881621,0.23066697,0.39932847,0.24958493,0.52768815,0.096987806,0.49015042,0.110648796,0.53813463,0.057521056,0.47312063,0.067179196,0.54835135,0.09942423,0.45128277,0.11451858,0.70693666,1.0546521,0.10109174,1.0,1.1933159,1.7078925,-0.5211986,1.614029,1.2191452,2.3368416,-0.9219074,2.2443373,1.1226711,2.4202888,-0.8840381,2.3260696,1.4291996,2.5902915,-1.1157858,2.5257561
2053.jpg,0.5106389,-0.49612105,0.574164,-0.5723941,0.6161796,-0.5721467,0.65246314,-0.5707204,0.45164812,-0.56505233,0.40758196,-0.56137735,0.37005445,-0.5571744,0.7043202,-0.5229597,0.3149473,-0.5162332,0.59017605,-0.40315023,0.43003255,-0.40167147,1.0,-0.02167421,0.0,0.0,1.0873666,0.55135936,-0.080653735,0.59089357,0.5888355,0.23311207,0.3973197,0.2624028,0.5303728,0.097786725,0.49037987,0.12429316,0.5410469,0.05279852,0.4753018,0.075621225,0.5492918,0.09647644,0.452511,0.123736456,0.69790244,1.0585239,0.096787326,1.0,1.2071267,1.7128216,-0.52080035,1.6430734,1.2424988,2.3561406,-0.94614214,2.2809174,1.1525536,2.4332986,-0.92960435,2.3572712,1.455079,2.6160276,-1.0856305,2.5675447
2054.jpg,0.5298584,-0.50630707,0.58763003,-0.57400596,0.6245003,-0.57490534,0.6512375,-0.5761145,0.4658886,-0.56896544,0.42397058,-0.5680626,0.38128835,-0.566474,0.6982002,-0.52886945,0.3205537,-0.5192698,0.6028407,-0.41530272,0.44600868,-0.4155975,1.0,-0.01792732,0.0,0.0,1.0869288,0.55520314,-0.08862539,0.5859822,0.59356815,0.25787488,0.3765133,0.27416644,0.537157,0.12952398,0.46749303,0.1347656,0.54438806,0.085512996,0.4535686,0.08883118,0.5522135,0.12636748,0.43370602,0.13675208,0.69608927,1.0505826,0.08308192,1.0,1.2438422,1.6829556,-0.53022504,1.6352273,1.2829515,2.2950623,-0.94311523,2.2385085,1.1890488,2.374932,-0.9183222,2.3188682,1.4886335,2.552713,-1.0767742,2.5081277
2055.jpg,0.51807755,-0.48931453,0.5810343,-0.5587328,0.6181179,-0.55789524,0.6462043,-0.5574675,0.45780495,-0.55774814,0.41812894,-0.55689025,0.37493926,-0.55184805,0.7067655,-0.50885594,0.3161029,-0.50538206,0.59303993,-0.40195018,0.43932864,-0.4054386,1.0,-0.016275696,0.0,0.0,1.0797336,0.55942655,-0.10439987,0.5806533,0.583515,0.24993354,0.3867245,0.25978872,0.5210557,0.11957983,0.4708846,0.11972973,0.53460866,0.06950712,0.46015462,0.07556791,0.5431894,0.11011605,0.4359297,0.123326786,0.68843526,1.0468901,0.07012233,1.0,1.2920234,1.6526672,-0.5425464,1.6164579,1.326086,2.2408113,-0.9300715,2.2050316,1.2332227,2.319447,-0.8946345,2.287817,1.530504,2.4960144,-1.0615911,2.4508946
2100.jpg,0.45848984,-0.48425674,0.5230288,-0.5579472,0.5673473,-0.55915046,0.60126656,-0.55867714,0.40154475,-0.5504425,0.3627449,-0.5461444,0.32394323,-0.54127747,0.66325337,-0.518178,0.28861555,-0.498724,0.5490848,-0.4002561,0.39135903,-0.40413177,1.0,-0.031342212,0.0,0.0,1.1200558,0.5425139,-0.08213303,0.5575043,0.58227164,0.25362778,0.3692419,0.25889283,0.49890554,0.11661341,0.44844663,0.11719803,0.50451016,0.069806166,0.4342018,0.07315819,0.5239128,0.11024495,0.42013377,0.119060904,0.75495607,1.0445651,0.13992332,1.0,1.1990074,1.7330596,-0.49456918,1.6387945,1.231291,2.3367424,-0.9464345,2.2803924,1.1263154,2.4364386,-0.91030467,2.3586826,1.4616992,2.5828867,-1.1359959,2.5800672
2101.jpg,0.46027312,-0.4742375,0.52502775,-0.55179054,0.5720123,-0.5529603,0.60300446,-0.5524983,0.39733684,-0.54202014,0.36175594,-0.53762424,0.32047778,-0.5347125,0.6759088,-0.5116485,0.2856644,-0.49794453,0.5503348,-0.39174357,0.38969862,-0.38867295,1.0,-0.03828414,0.0,0.0,1.1123842,0.53886604,-0.079127654,0.56660604,0.5975195,0.26157063,0.38487446,0.2639005,0.51287544,0.12820402,0.4675831,0.12902376,0.52365595,0.080090895,0.4529595,0.08367335,0.54018223,0.11909236,0.4340032,0.12818222,0.7410748,1.0445473,0.12585767,1.0,1.2312865,1.7110888,-0.51669395,1.6409708,1.2726872,2.3017442,-0.96744156,2.2720525,1.1815298,2.400048,-0.93488765,2.350781,1.5215921,2.5445342,-1.1482921,2.5800743
2102.jpg,0.47371337,-0.48061916,0.5390956,-0.552872,0.5817117,-0.55280817,0.61096096,-0.55193925,0.41477358,-0.54952645,0.3788046,-0.54856116,0.33816686,-0.5443561,0.6811509,-0.5097144,0.29297677,-0.5021391,0.55879945,-0.3956553,0.40334547,-0.40201494,1.0,-0.031194676,0.0,0.0,1.1172243,0.53236735,-0.08709986,0.5588897,0.5821353,0.24733523,0.38111705,0.2597081,0.50457597,0.11230539,0.4660349,0.11900649,0.5124141,0.0651466,0.4478456,0.073524795,0.5303608,0.107512034,0.43080828,0.12116544,0.7141626,1.0436622,0.104715906,1.0,1.2652797,1.6769391,-0.53712106,1.6218542,1.3058516,2.2674282,-0.928265,2.246037,1.2165757,2.3501415,-0.8857506,2.3282292,1.5791308,2.5010388,-1.1254605,2.5193684
2103.jpg,0.4706094,-0.48083815,0.53666204,-0.54680777,0.5819373,-0.5462187,0.6105267,-0.54505455,0.40915883,-0.540863,0.3704233,-0.53616434,0.32908648,-0.53330755,0.6844806,-0.5017687,0.28523138,-0.49320212,0.55918795,-0.39740214,0.39708868,-0.3999359,1.0,-0.015391969,0.0,0.0,1.1075131,0.5640506,-0.11206051,0.55807835,0.5835598,0.26163465,0.3752195,0.27287304,0.51200986,0.12656118,0.4544341,0.14286348,0.5232722,0.08554924,0.44097188,0.10283524,0.5355808,0.12176674,0.4218713,0.14400128,0.7250122,1.0466123,0.09572511,1.0,1.2980443,1.6554018,-0.56833464,1.6061445,1.3859937,2.2383134,-0.9209577,2.223925,1.29485,2.3133688,-0.8586088,2.3172214,1.6287957,2.4782376,-1.1349734,2.4906504
2104.jpg,0.4860917,-0.47414747,0.5509387,-0.54560786,0.5927486,-0.54469484,0.62184197,-0.54322606,0.42283377,-0.5421482,0.38375527,-0.5380941,0.3421244,-0.53487736,0.69450706,-0.49726328,0.29391032,-0.49383426,0.5703391,-0.38878733,0.41269454,-0.39314863,1.0,-0.0070669483,0.0,0.0,1.0934712,0.5673958,-0.120391004,0.5553957,0.5790763,0.2606353,0.37110654,0.27787715,0.5117453,0.12627761,0.4510975,0.14661108,0.52514595,0.08397266,0.43771046,0.105331086,0.53715956,0.12039017,0.4176122,0.14771463,0.731265,1.0380787,0.09948049,1.0,1.3213422,1.6364197,-0.5692888,1.6028967,1.4243343,2.212545,-0.87856895,2.1999145,1.3346994,2.2856865,-0.80499655,2.2951064,1.652723,2.4529057,-1.0943854,2.4672713
2163.jpg,0.49920347,-0.51149386,0.55247504,-0.58543897,0.588846,-0.5868157,0.6129865,-0.58847123,0.4322082,-0.57545006,0.3921508,-0.57245135,0.34892192,-0.56798905,0.6662032,-0.54524803,0.29610315,-0.51828736,0.5840062,-0.4281187,0.4254223,-0.42227358,1.0,-0.04248448,0.0,0.0,1.1115044,0.53989834,-0.06743008,0.5821734,0.60992986,0.23184535,0.4089324,0.27598575,0.52960384,0.10510651,0.4826745,0.1474702,0.540449,0.05973647,0.4655603,0.098702766,0.55615175,0.09711256,0.45219296,0.13968197,0.83081686,1.0119885,0.20706171,1.0,1.3689125,1.6528294,-0.371737,1.6541141,1.4387814,2.2530942,-0.720442,2.242639,1.3520278,2.3449585,-0.65722626,2.3385882,1.6762047,2.5031908,-0.9255348,2.508808
2164.jpg,0.49101716,-0.5023055,0.5449955,-0.5754687,0.5822085,-0.5770809,0.607627,-0.5786908,0.42512175,-0.5655118,0.38433608,-0.5625066,0.34420794,-0.56080943,0.6562221,-0.53725034,0.2912941,-0.5165518,0.5730938,-0.4172532,0.41628903,-0.41415995,1.0,-0.037139483,0.0,0.0,1.1020427,0.53557783,-0.078000516,0.58161277,0.60202605,0.23474734,0.3987734,0.26118675,0.5243003,0.109478526,0.46968144,0.12294195,0.5357236,0.061347935,0.45516706,0.07462578,0.55183387,0.10101425,0.44279993,0.12302346,0.82941544,1.0128095,0.21129347,1.0,1.3239622,1.6600194,-0.36539415,1.6444424,1.39539,2.274603,-0.7411902,2.2490742,1.3082268,2.373752,-0.68876797,2.3408751,1.6189473,2.5232873,-0.93857676,2.5239673
2165.jpg,0.48410273,-0.49656793,0.54007775,-0.5675174,0.5795408,-0.56709343,0.604238,-0.5656853,0.416133,-0.5629051,0.37619427,-0.559188,0.33494586,-0.5554788,0.6641494,-0.5228485,0.27812773,-0.5150935,0.5691622,-0.41014075,0.40714753,-0.41155958,1.0,-0.03421867,0.0,0.0,1.0979408,0.5460738,-0.11034595,0.5764831,0.5927763,0.23825572,0.38331038,0.26526567,0.5132561,0.10416091,0.46363866,0.12480522,0.5295438,0.06111039,0.44768217,0.078020625,0.54193443,0.09862964,0.43044677,0.12276652,0.8362338,1.0181203,0.21577458,1.0,1.2990723,1.6793046,-0.39477897,1.6499761,1.3539575,2.3018346,-0.7798421,2.2718163,1.264697,2.3984349,-0.732968,2.3595655,1.5745087,2.5402503,-0.9718194,2.5558548
2166.jpg,0.48186144,-0.50932586,0.53846353,-0.57926995,0.5752129,-0.57922083,0.59980214,-0.5776739,0.4170873,-0.57315695,0.37490448,-0.56826216,0.33397773,-0.56305397,0.6594898,-0.5312079,0.2735488,-0.51806515,0.5662696,-0.4238266,0.40434352,-0.42293096,1.0,-0.033194263,0.0,0.0,1.0917388,0.5355952,-0.099277474,0.5708907,0.58545357,0.24429582,0.38315326,0.25391424,0.49797842,0.11084975,0.4595835,0.11998313,0.51453465,0.06214599,0.4479154,0.07127937,0.5300464,0.0994471,0.4294056,0.11634101,0.8500435,1.0260892,0.23054622,1.0,1.2819396,1.7341207,-0.39916086,1.63535,1.3142077,2.3240757,-0.7467941,2.277941,1.217039,2.4227817,-0.6799361,2.356789,1.522769,2.5773132,-0.9853308,2.5729606
2167.jpg,0.47500834,-0.50411624,0.5352066,-0.58093524,0.5711408,-0.5814855,0.5964789,-0.5814081,0.41108432,-0.57357466,0.37160343,-0.5708151,0.33186978,-0.56532884,0.66214776,-0.5349003,0.27528703,-0.51555353,0.561049,-0.41841254,0.4005624,-0.41646504,1.0,-0.033935573,0.0,0.0,1.0898203,0.5412271,-0.0961388,0.5763182,0.5817999,0.24005687,0.3710308,0.2713315,0.49282002,0.110547446,0.45024595,0.13293104,0.49935505,0.063970216,0.4379516,0.08923477,0.5169942,0.10460606,0.42123726,0.1349763,0.8384903,1.0281318,0.22156689,1.0,1.2745757,1.7429262,-0.4078878,1.6145564,1.2738545,2.3345425,-0.70441574,2.2819715,1.1843822,2.433276,-0.6203392,2.3570266,1.4728265,2.5876606,-0.9262884,2.5781105
2168.jpg,0.47648054,-0.51319665,0.53551584,-0.59122133,0.5674808,-0.5918343,0.59748596,-0.5927798,0.4147322,-0.5839172,0.37453637,-0.5812841,0.3380256,-0.57723427,0.6641143,-0.5466911,0.27909356,-0.5280475,0.5622473,-0.42745286,0.40634397,-0.425526,1.0,-0.04094269,0.0,0.0,1.1101702,0.54276437,-0.091602266,0.5835081,0.59174216,0.2587431,0.37606966,0.28483588,0.49730775,0.13599358,0.4485372,0.16362369,0.5054591,0.08695399,0.43980393,0.11470657,0.5240191,0.120893344,0.42401648,0.15203466,0.8353416,1.02587,0.23077741,1.0,1.24414,1.7672508,-0.36927217,1.6015891,1.2587714,2.374507,-0.5641861,2.2988143,1.1468377,2.477129,-0.45818204,2.3733785,1.4746857,2.6378858,-0.77334774,2.596796
2266.jpg,0.5173385,-0.48603287,0.5781441,-0.553896,0.61886686,-0.5525072,0.64588654,-0.55076474,0.45615062,-0.55391574,0.41720018,-0.5524308,0.37423873,-0.5477634,0.699345,-0.5008101,0.32323226,-0.50047433,0.59777296,-0.396975,0.43704417,-0.40303412,1.0,-0.010782359,0.0,0.0,1.0968112,0.56499374,-0.165196,0.5430389,0.57702655,0.31471345,0.33099246,0.29302984,0.4948162,0.1752891,0.42367616,0.163487,0.5109713,0.1373506,0.4203974,0.12611498,0.5260502,0.16897258,0.40568313,0.16229644,0.7337969,1.0524412,0.1263289,1.0,1.1047179,1.7767805,-0.44355738,1.6167244,1.0229313,2.3912356,-0.7932278,2.3034177,0.9002168,2.4848022,-0.7319424,2.4141333,1.2500079,2.653271,-0.9811808,2.5249338
2267.jpg,0.5231122,-0.4891436,0.58222204,-0.5542186,0.6216243,-0.55312407,0.64817494,-0.55247146,0.4597717,-0.553322,0.4198655,-0.55268204,0.37708142,-0.5491731,0.7000828,-0.50503737,0.3237791,-0.5020094,0.6004601,-0.40192652,0.43664882,-0.4044304,1.0,-0.010479688,0.0,0.0,1.0948005,0.5641382,-0.15842602,0.5462904,0.57268614,0.29860497,0.33829772,0.28643873,0.4955392,0.1675769,0.4356086,0.1587267,0.5107103,0.12500937,0.43256196,0.12118842,0.5238404,0.15903209,0.41227338,0.1600931,0.7340568,1.0507343,0.12488205,1.0,1.1320996,1.7577026,-0.46778372,1.6236764,1.0533614,2.368958,-0.89387697,2.2841556,0.9252341,2.4623926,-0.8502761,2.3825088,1.2697253,2.6235867,-1.1629217,2.4934824
2268.jpg,0.52402407,-0.46215653,0.5835725,-0.52961636,0.62583786,-0.5272101,0.65503055,-0.52489567,0.46136802,-0.52949715,0.41922542,-0.5262123,0.37692112,-0.52196485,0.7065747,-0.47838095,0.32703972,-0.47798496,0.59768236,-0.37596408,0.43710732,-0.38103232,1.0,-0.0041112863,0.0,0.0,1.0927285,0.5548518,-0.16161112,0.5357455,0.5455223,0.28718597,0.35481578,0.2709436,0.47344705,0.15488039,0.45677763,0.13914584,0.49014068,0.1124087,0.45245686,0.10352175,0.5041579,0.15214877,0.4288865,0.14750129,0.7047999,1.0508784,0.103778526,1.0,1.1372524,1.7191702,-0.48263788,1.6147643,1.0714073,2.324108,-0.94005156,2.2250617,0.94577307,2.4130647,-0.91540384,2.312012,1.286499,2.5769393,-1.1245091,2.4659991
2269.jpg,0.523285,-0.48185837,0.5835521,-0.54941416,0.6249258,-0.54659426,0.6528116,-0.54305047,0.45886585,-0.54941994,0.41736093,-0.5460708,0.37507126,-0.54252505,0.70798355,-0.49296606,0.32338893,-0.49921215,0.5956769,-0.39232337,0.43678075,-0.39691347,1.0,-0.014368159,0.0,0.0,1.0769017,0.5522812,-0.14115283,0.54580295,0.5704558,0.29148358,0.35727534,0.27415755,0.49515614,0.16861337,0.45875704,0.15058258,0.51435596,0.12183252,0.4543502,0.10829433,0.5249491,0.1542732,0.4277305,0.14879104,0.7042349,1.051509,0.10208669,1.0,1.1561315,1.7148622,-0.49464163,1.6272373,1.1058549,2.331945,-0.9755095,2.2491667,0.993346,2.4312444,-0.94145966,2.3306437,1.3383126,2.5838227,-1.1594541,2.481418
2316.jpg,0.47755313,-0.47807994,0.54125965,-0.5497382,0.58245015,-0.54992366,0.6081814,-0.5483347,0.41870508,-0.546807,0.38072923,-0.5452792,0.33779883,-0.541344,0.66803753,-0.5036738,0.29180837,-0.49757937,0.5613947,-0.39468926,0.40285006,-0.3992767,1.0,-0.017564934,0.0,0.0,1.0983107,0.550258,-0.11148309,0.5567044,0.5519273,0.29150853,0.34111798,0.2704419,0.4654894,0.15494558,0.42256916,0.1356133,0.47495082,0.11197262,0.4120668,0.09397843,0.49284288,0.15079297,0.39779884,0.13589779,0.78937393,1.0370227,0.18643622,1.0,1.1118815,1.7398218,-0.40764135,1.6256565,1.0721635,2.327447,-0.6967737,2.2575681,0.9665764,2.4139132,-0.61290944,2.3447652,1.273106,2.569584,-0.9243181,2.529247
2317.jpg,0.47665957,-0.471619,0.53816956,-0.5465573,0.5828639,-0.5465177,0.6107272,-0.5446669,0.4126019,-0.5419289,0.3725703,-0.5382445,0.32982948,-0.5347816,0.67461437,-0.5015,0.28788504,-0.49333993,0.56216097,-0.38972774,0.40190965,-0.39358592,1.0,-0.018815247,0.0,0.0,1.0931911,0.5384795,-0.105872594,0.54802495,0.5567299,0.27808496,0.34337756,0.26273483,0.47322634,0.14079814,0.42945457,0.13163769,0.4838719,0.09849098,0.4210312,0.09151604,0.49976665,0.13466373,0.4053722,0.13238241,0.80071336,1.0320762,0.18685149,1.0,1.140401,1.7434485,-0.42716834,1.622016,1.0906339,2.2972844,-0.78023595,2.2289975,0.9870215,2.3814766,-0.726434,2.3121998,1.3192103,2.5559504,-1.004589,2.5111206
2318.jpg,0.48062775,-0.47686973,0.54766816,-0.5462174,0.59021115,-0.5479786,0.6192735,-0.5495514,0.42265186,-0.53940463,0.3831428,-0.538267,0.33907372,-0.5344375,0.6778914,-0.5078018,0.2972063,-0.49124235,0.5646906,-0.3942151,0.40513802,-0.39483064,1.0,-0.013959194,0.0,0.0,1.0925262,0.54344565,-0.10380763,0.55574286,0.5671868,0.2775097,0.33748543,0.284546,0.49099097,0.14717017,0.4240298,0.15163518,0.50149316,0.10467473,0.4135849,0.10716121,0.51611215,0.14329295,0.39810807,0.15203124,0.7980776,1.0305915,0.17573668,1.0,1.1863956,1.7038563,-0.46315047,1.6249871,1.1557181,2.2673323,-0.858849,2.2281828,1.0493882,2.3580298,-0.8144641,2.3043904,1.3562791,2.5172255,-1.0853146,2.507409
2319.jpg,0.4827753,-0.47257328,0.5456915,-0.54296905,0.58612293,-0.5437765,0.61365426,-0.5439562,0.4232346,-0.53811675,0.3852165,-0.53628993,0.3431092,-0.5311079,0.6765699,-0.50058407,0.2925397,-0.4859989,0.56496537,-0.38940376,0.40991357,-0.3902935,1.0,-0.014422311,0.0,0.0,1.0991678,0.5387418,-0.11956825,0.54577667,0.5542563,0.276406,0.34850258,0.27049497,0.47814423,0.14125457,0.4353754,0.13371256,0.49099752,0.09910786,0.4271331,0.09229923,0.50566465,0.13775708,0.41024157,0.13821067,0.78584486,1.0285491,0.17204782,1.0,1.2112389,1.6815928,-0.46513236,1.6266557,1.1900376,2.2487524,-0.8807798,2.220316,1.0765446,2.3427627,-0.84488744,2.301346,1.4020692,2.4997437,-1.0754585,2.5015013
2320.jpg,0.47796366,-0.47984457,0.5453071,-0.5465087,0.58783877,-0.54613805,0.6183279,-0.54478836,0.4226683,-0.5448443,0.3835296,-0.5432218,0.3404643,-0.53869635,0.6786325,-0.50004125,0.2948401,-0.49573082,0.5587759,-0.39524654,0.40263256,-0.4001643,1.0,-0.02228775,0.0,0.0,1.0921305,0.5451188,-0.12999104,0.5483082,0.5626032,0.2818699,0.35569498,0.2651359,0.48635167,0.14615819,0.44152328,0.1322099,0.5055731,0.103848904,0.43354303,0.091882825,0.5180604,0.1395202,0.41577503,0.13552389,0.77736515,1.030713,0.16099034,1.0,1.247913,1.6510957,-0.48990008,1.6152982,1.2459383,2.2219286,-0.8821687,2.214021,1.1490206,2.3119714,-0.82690203,2.301685,1.4596763,2.4632745,-1.0857974,2.4817305
2383.jpg,0.47710362,-0.48760286,0.52869713,-0.56049085,0.5711649,-0.5621069,0.5977977,-0.5621957,0.4111551,-0.55485535,0.37382743,-0.5515734,0.33082584,-0.5461161,0.64722604,-0.52221304,0.28315455,-0.5001381,0.56316245,-0.40425888,0.40646565,-0.40543684,1.0,-0.027698642,0.0,0.0,1.0774196,0.548186,-0.10249254,0.5658379,0.56988484,0.2630319,0.3532952,0.27565244,0.48370573,0.12874445,0.4235502,0.14389353,0.49418756,0.082850695,0.4166297,0.1002101,0.51055217,0.12181174,0.40418375,0.14290003,0.8386413,1.0190363,0.22384761,1.0,1.2755746,1.6833183,-0.3847566,1.6496979,1.2746644,2.271615,-0.7844792,2.239212,1.1838886,2.3669243,-0.7350003,2.3193698,1.4838284,2.5113347,-0.9902626,2.5216572
2384.jpg,0.4664694,-0.49353328,0.51783943,-0.5705022,0.55987424,-0.5729322,0.5851748,-0.5735381,0.39969838,-0.5623667,0.363649,-0.5585016,0.32280833,-0.55189973,0.64387304,-0.5331568,0.2753917,-0.50536466,0.5546161,-0.40994135,0.40083838,-0.41061944,1.0,-0.03384554,0.0,0.0,1.0669161,0.5470243,-0.09764252,0.57010555,0.55704176,0.24887997,0.34741372,0.27292928,0.47341463,0.10931574,0.4217514,0.13232544,0.48070896,0.061960313,0.41515464,0.08714819,0.4978773,0.10442586,0.4010013,0.135155,0.83109844,1.02258,0.21271504,1.0,1.2477094,1.7156522,-0.4008333,1.6396811,1.2368311,2.2956667,-0.7748021,2.2690153,1.1213149,2.3953364,-0.7057148,2.354977,1.4441946,2.55033,-1.0434282,2.5450575
2385.jpg,0.45012498,-0.474178,0.50961596,-0.5529172,0.5479179,-0.5574769,0.5754101,-0.56147355,0.38670644,-0.5402787,0.3499215,-0.53704417,0.3116328,-0.5312671,0.6447287,-0.52576333,0.26613948,-0.486838,0.5431208,-0.39505506,0.3870789,-0.3891488,1.0,-0.022704966,0.0,0.0,1.0734015,0.5557832,-0.09394479,0.5852139,0.57230395,0.27106217,0.33507478,0.29328394,0.48558187,0.13489908,0.41870394,0.1533255,0.49007264,0.084349096,0.40670946,0.103335746,0.5077897,0.1253459,0.38873008,0.1499267,0.8194848,1.0239913,0.21253653,1.0,1.2091027,1.7260015,-0.39969197,1.6410689,1.1915963,2.3208828,-0.7214039,2.2856984,1.0777231,2.4175427,-0.6413491,2.3673499,1.4207736,2.5754316,-0.9645578,2.5625849
2386.jpg,0.45597434,-0.5027914,0.51357013,-0.5829998,0.54941934,-0.5859631,0.5750141,-0.58755505,0.39234412,-0.5695236,0.35353333,-0.56476194,0.31431237,-0.55773973,0.6436694,-0.54667574,0.2630159,-0.50943655,0.5462809,-0.42256314,0.39165202,-0.41592836,1.0,-0.037782025,0.0,0.0,1.0799737,0.5530437,-0.09104363,0.57403815,0.5696517,0.25459078,0.3573359,0.26239428,0.48122883,0.11750535,0.4300721,0.12730846,0.49049523,0.06907002,0.4181722,0.078859866,0.5078322,0.10842222,0.40431267,0.12431222,0.82861316,1.0297345,0.21471567,1.0,1.1930472,1.7725291,-0.37607136,1.6386003,1.1386286,2.3594685,-0.6202123,2.3033788,1.0327903,2.460539,-0.5273209,2.390941,1.3417231,2.6124299,-0.84757954,2.5943596
530.jpg,0.36406356,-0.30010185,0.43598798,-0.39096886,0.4855665,-0.3947614,0.5309691,-0.39850712,0.32324898,-0.39100438,0.29652786,-0.39396602,0.2723071,-0.3965703,0.6272927,-0.3959847,0.27784944,-0.3963757,0.45920044,-0.22315125,0.32184944,-0.22493504,1.0,0.025935227,0.0,0.0,1.1553689,0.5780292,-0.12257006,0.5681059,0.60129404,0.32409054,0.39407068,0.3181327,0.53344434,0.19200571,0.49073654,0.19438456,0.53737,0.15013637,0.4806534,0.14889346,0.5506312,0.1879558,0.46232334,0.18775757,0.74741757,1.0485777,0.13396135,1.0,1.2344437,1.6853837,-0.50961274,1.6045611,1.2334527,2.3162918,-0.9316177,2.2592316,1.1405101,2.4097798,-0.8767363,2.3398967,1.4080575,2.5643005,-1.091846,2.539762
531.jpg,0.35579216,-0.300365,0.43460065,-0.38396633,0.48209864,-0.38652033,0.5273755,-0.3902608,0.3232485,-0.38431266,0.2948338,-0.3873867,0.27394146,-0.39078587,0.6228149,-0.39421213,0.28436565,-0.39528206,0.4498737,-0.22339518,0.3141177,-0.2299365,1.0,0.025752222,0.0,0.0,1.1518381,0.5865629,-0.11709346,0.577493,0.6131269,0.31778264,0.38800448,0.3119953,0.5433311,0.19509284,0.47937512,0.18796536,0.5423877,0.1513448,0.46375751,0.14018388,0.55774987,0.18965057,0.44772005,0.179446,0.72186756,1.0444173,0.1190751,1.0,1.2379423,1.6666473,-0.51472753,1.6237385,1.2525612,2.2809958,-0.9064342,2.249247,1.1782207,2.3730714,-0.8675784,2.3315763,1.4420218,2.516926,-1.0533686,2.5018857
532.jpg,0.35197783,-0.27968687,0.43064862,-0.37381855,0.47751507,-0.37800878,0.5236969,-0.3817477,0.32044515,-0.3737323,0.291323,-0.37824965,0.26997024,-0.38188383,0.6321127,-0.38254762,0.28720674,-0.38910946,0.45105,-0.20532414,0.31441823,-0.20980415,1.0,0.028554732,0.0,0.0,1.1413776,0.578993,-0.12718761,0.56691533,0.60189843,0.31685153,0.3939749,0.31408754,0.5316639,0.18414855,0.48582467,0.18951386,0.5327676,0.14622776,0.4730929,0.14622714,0.546318,0.18360774,0.45525375,0.18503535,0.7187841,1.0358235,0.09959284,1.0,1.2654355,1.6187346,-0.5120551,1.6189927,1.3033714,2.250739,-0.8757812,2.2332437,1.2183304,2.3438287,-0.8234118,2.3242438,1.4929872,2.4938455,-1.0916436,2.455659
533.jpg,0.35333818,-0.28926674,0.4330178,-0.3824708,0.47696346,-0.38446838,0.5227517,-0.38679528,0.32836425,-0.3850551,0.29871595,-0.3895567,0.27622902,-0.3930427,0.63030064,-0.38303754,0.29604542,-0.396222,0.44897422,-0.21021794,0.31578088,-0.21587253,1.0,0.034998313,0.0,0.0,1.1353164,0.59876984,-0.14623918,0.5737956,0.60432947,0.33424422,0.3891314,0.33184746,0.5352331,0.19805399,0.48020738,0.2071079,0.5410042,0.1592755,0.47021794,0.16174954,0.5526836,0.19486403,0.453035,0.19893725,0.7228126,1.0311557,0.100698404,1.0,1.2832409,1.6217041,-0.5046638,1.6211032,1.3379217,2.2409706,-0.8361781,2.2407143,1.2313967,2.3446338,-0.7749463,2.332434,1.5603281,2.4868572,-1.0365934,2.474502
607.jpg,0.48944277,-0.4490889,0.55835533,-0.5223477,0.60168374,-0.52154005,0.6290091,-0.51873267,0.4337728,-0.5206705,0.3946963,-0.5192815,0.35147315,-0.5163615,0.68947375,-0.47395942,0.30584696,-0.47619286,0.5709673,-0.3627098,0.41305283,-0.37189555,1.0,0.014676244,0.0,0.0,1.0970517,0.5790351,-0.11171849,0.5462638,0.57066965,0.296484,0.37849522,0.2732066,0.48804238,0.14488329,0.4548606,0.13980418,0.49734488,0.1016787,0.4455638,0.101297334,0.51537347,0.14341247,0.42963818,0.14326972,0.82385516,1.0257632,0.23250659,1.0,1.1459692,1.7302746,-0.40070224,1.566672,1.1343373,2.3790536,-0.5614454,2.2542856,1.0358378,2.4819312,-0.45514804,2.329183,1.2978019,2.626498,-0.74666435,2.5582747
608.jpg,0.47586942,-0.43324763,0.54628813,-0.50188994,0.5911071,-0.5015323,0.62013686,-0.5015314,0.42210832,-0.5002546,0.3843326,-0.49921322,0.34186652,-0.49827817,0.6864055,-0.46682188,0.30257067,-0.47023016,0.5604193,-0.34879917,0.3979067,-0.34967905,1.0,0.017554263,0.0,0.0,1.0858608,0.5752589,-0.11969234,0.54518586,0.5904841,0.30987942,0.36183015,0.28458482,0.50567055,0.18372656,0.4491488,0.17151654,0.51737034,0.13905165,0.4396183,0.12588656,0.532113,0.16626923,0.4220987,0.1570328,0.82299536,1.0280516,0.21690512,1.0,1.1600677,1.7176248,-0.44072098,1.5798359,1.1641811,2.3416681,-0.6729581,2.2616143,1.0721321,2.4315386,-0.57954574,2.3428264,1.3504262,2.5996544,-0.92419934,2.54818
609.jpg,0.47906405,-0.44869763,0.5487243,-0.5204915,0.5876982,-0.5200603,0.61573535,-0.5186575,0.42416197,-0.51982546,0.38586196,-0.5187952,0.34974957,-0.51685786,0.6853007,-0.47915646,0.30007693,-0.48036626,0.55956566,-0.36709556,0.40673804,-0.3738998,1.0,0.005036495,0.0,0.0,1.1017586,0.5628684,-0.13159847,0.54412395,0.5996284,0.3114049,0.36420283,0.28192255,0.5159495,0.16947801,0.45084512,0.15259464,0.52499664,0.124362096,0.44262165,0.110044375,0.54027504,0.1621379,0.4240444,0.1505714,0.8152964,1.031438,0.20630513,1.0,1.1947964,1.7121177,-0.46198136,1.592655,1.191597,2.323315,-0.7651447,2.2559023,1.0865493,2.4205964,-0.6656907,2.3438332,1.4008174,2.5756938,-1.0285126,2.5513182
610.jpg,0.4871995,-0.45116392,0.5537482,-0.5209007,0.5953321,-0.51951206,0.62357247,-0.51656896,0.42973718,-0.5187157,0.3924514,-0.51668733,0.35137022,-0.51356906,0.68782794,-0.4713091,0.3036216,-0.4737326,0.5688879,-0.36555472,0.41434836,-0.37281522,1.0,0.005216828,0.0,0.0,1.094908,0.56611353,-0.1227211,0.54076695,0.584801,0.2912897,0.36745098,0.27024746,0.5102692,0.15300208,0.45507893,0.14127637,0.52166593,0.1094001,0.44875884,0.09863604,0.53588885,0.14716573,0.4306504,0.14071316,0.80855286,1.028409,0.19585338,1.0,1.2298952,1.6856185,-0.47035158,1.6030463,1.2183964,2.278832,-0.77957076,2.2583175,1.1169535,2.3670943,-0.6949355,2.3408644,1.4082489,2.5382326,-0.9982059,2.5520413
611.jpg,0.49590462,-0.43200213,0.55932546,-0.5018908,0.59983087,-0.5005374,0.6281766,-0.49885306,0.43607995,-0.50008816,0.39934707,-0.4991222,0.35979313,-0.4968616,0.69489425,-0.45693135,0.30953702,-0.4603442,0.5758582,-0.348523,0.4216586,-0.3568068,1.0,-0.001610198,0.0,0.0,1.1151762,0.54354566,-0.12513056,0.53131276,0.5816888,0.28279004,0.3783903,0.27350554,0.5078758,0.15012293,0.47342217,0.14381164,0.51656353,0.104194544,0.46461114,0.10422083,0.531347,0.14368685,0.4431838,0.148468,0.8039899,1.022599,0.1870936,1.0,1.2639871,1.6441113,-0.48908982,1.6123346,1.2654233,2.2387574,-0.78422004,2.2366095,1.1814805,2.3207479,-0.7004612,2.327786,1.4802852,2.4694777,-1.0028005,2.5091236
702.jpg,0.53127533,-0.46470305,0.58680546,-0.5349165,0.61381686,-0.53422076,0.6482869,-0.5324596,0.47127277,-0.53658557,0.4287555,-0.53705597,0.38911992,-0.53649366,0.6961477,-0.49078098,0.31039667,-0.49903965,0.5978842,-0.37907618,0.44477743,-0.3870741,1.0,0.00050545216,0.0,0.0,1.1063604,0.5757406,-0.11559611,0.555694,0.6088224,0.28281066,0.3971946,0.2956303,0.5270966,0.15048744,0.46844342,0.16872872,0.537784,0.100333,0.45616326,0.118046954,0.5510921,0.13578255,0.4401532,0.15800565,0.8545405,1.0094359,0.2429569,1.0,1.2827044,1.6505239,-0.42327416,1.6101775,1.3935724,2.2472262,-0.73698497,2.2299902,1.3343159,2.3352797,-0.6571338,2.3204145,1.5998722,2.487993,-0.975354,2.506561
703.jpg,0.5128787,-0.46926278,0.56981385,-0.5427723,0.597608,-0.5429703,0.63364965,-0.54301,0.45336622,-0.540242,0.40863508,-0.5393055,0.37123224,-0.53824824,0.68703157,-0.49905604,0.30032167,-0.49577734,0.5836277,-0.38389444,0.43234724,-0.38865706,1.0,0.0023150682,0.0,0.0,1.0904956,0.5721854,-0.11693712,0.5619532,0.5934037,0.27198517,0.36714312,0.292984,0.50631905,0.13894936,0.44375306,0.15172504,0.5124017,0.08858134,0.43068492,0.104082294,0.529564,0.12623416,0.41614997,0.1496703,0.8525926,1.0102531,0.24492328,1.0,1.2680055,1.6809092,-0.42206508,1.6253896,1.3469148,2.2844293,-0.78417605,2.2433767,1.279722,2.3771203,-0.7204242,2.3238716,1.5462067,2.525453,-1.019914,2.5238862
704.jpg,0.4976591,-0.46479076,0.5641127,-0.5341876,0.5936344,-0.53428894,0.6346864,-0.5335587,0.4453714,-0.5355935,0.40238917,-0.5370409,0.36249757,-0.53750455,0.6903459,-0.5011457,0.2924954,-0.50552493,0.5727399,-0.37371045,0.41398624,-0.3881189,1.0,0.0027991908,0.0,0.0,1.0864038,0.5848326,-0.11560301,0.5722261,0.6029107,0.2861296,0.36680403,0.28336486,0.5173479,0.14692812,0.43869406,0.15509538,0.52605647,0.0967616,0.42692736,0.09940155,0.5404988,0.1345603,0.4115125,0.1416044,0.8540303,1.0212088,0.2405947,1.0,1.2298304,1.7304837,-0.4298793,1.6455575,1.3200386,2.3548625,-0.8026648,2.2960026,1.2399721,2.4549732,-0.7305368,2.3784337,1.5026388,2.6043193,-1.049235,2.5912669
705.jpg,0.4793478,-0.44820514,0.55292743,-0.5219015,0.5886016,-0.5208145,0.6172846,-0.5189985,0.42663294,-0.5232137,0.38457027,-0.5229236,0.34787294,-0.5229571,0.68557954,-0.48691192,0.29270282,-0.49204075,0.5647014,-0.35377043,0.3971111,-0.36489376,1.0,0.00019555897,0.0,0.0,1.0806888,0.5712753,-0.10236865,0.5686045,0.5830148,0.2805527,0.35128105,0.27675775,0.49927354,0.1497749,0.42272174,0.1567427,0.50910836,0.099755846,0.41334793,0.10282586,0.5232588,0.13257271,0.40269724,0.13730505,0.8586029,1.0169972,0.25034413,1.0,1.2004898,1.72601,-0.43246797,1.6150758,1.2889999,2.339687,-0.74590254,2.279527,1.2065289,2.433183,-0.6477659,2.3641665,1.4742042,2.6004295,-0.9954511,2.562775
756.jpg,0.5656813,-0.4796685,0.61206764,-0.549931,0.6376431,-0.54918766,0.6666322,-0.5481119,0.49836612,-0.5524328,0.45484626,-0.5536185,0.41540027,-0.553313,0.70572484,-0.50456285,0.33442318,-0.5092376,0.6228696,-0.39345157,0.48267236,-0.39944392,1.0,0.011488921,0.0,0.0,1.0903606,0.60094136,-0.13745204,0.57047963,0.614774,0.3104087,0.38178483,0.3183209,0.53806084,0.1816996,0.45882383,0.19298118,0.5485907,0.13948926,0.4475304,0.14909063,0.56030273,0.16787654,0.433835,0.1829393,0.7663567,1.0205377,0.15348302,1.0,1.3145229,1.6447376,-0.43738142,1.646538,1.331754,2.2746017,-0.7447143,2.2382655,1.2282319,2.3729596,-0.685635,2.326423,1.5912215,2.5312383,-0.94631267,2.491525
757.jpg,0.5551137,-0.48296645,0.60184836,-0.55652624,0.6287265,-0.5578756,0.65935624,-0.55988795,0.48557544,-0.55387586,0.44227418,-0.55368114,0.40373427,-0.5530451,0.7002807,-0.518978,0.327582,-0.5108829,0.6157848,-0.39558545,0.4757886,-0.39946175,1.0,0.009110948,0.0,0.0,1.0910109,0.6007869,-0.13907109,0.580978,0.61845934,0.31467855,0.36751592,0.32551014,0.53585577,0.18437052,0.44429436,0.20193931,0.54847324,0.13809994,0.4324435,0.15488446,0.5630377,0.16888914,0.4198392,0.18610199,0.7647256,1.0228788,0.15189932,1.0,1.2688416,1.6626316,-0.44444233,1.6590374,1.2726358,2.315692,-0.7992549,2.2667365,1.1612144,2.4141102,-0.7473426,2.351179,1.520838,2.571449,-1.0005289,2.542008
758.jpg,0.53902245,-0.5001059,0.58769464,-0.5725094,0.6165676,-0.57416904,0.65368634,-0.57520306,0.46932623,-0.56852156,0.42614758,-0.5679078,0.38818678,-0.5666988,0.70021635,-0.530039,0.3128486,-0.52136326,0.6036329,-0.411105,0.46172872,-0.41533947,1.0,0.004705048,0.0,0.0,1.0860932,0.596591,-0.15003057,0.58350873,0.5971816,0.3018371,0.37308812,0.32523865,0.5173792,0.17027758,0.44284314,0.21180734,0.52763563,0.12487982,0.43077356,0.16206269,0.5421224,0.15668845,0.41521752,0.1930317,0.7737619,1.0285976,0.1542979,1.0,1.2407436,1.7036934,-0.44742036,1.6564264,1.2300317,2.3555999,-0.8529579,2.2934759,1.1072632,2.4615788,-0.80223024,2.3767204,1.4794402,2.6215518,-1.0658878,2.5793447
759.jpg,0.540028,-0.5072765,0.5890032,-0.5786412,0.6179469,-0.5809589,0.6503014,-0.58182126,0.4673932,-0.57028323,0.42359555,-0.5675303,0.38286585,-0.5670645,0.6909599,-0.5365066,0.307392,-0.52209526,0.60360384,-0.41874495,0.45218006,-0.41947553,1.0,-0.0013350792,0.0,0.0,1.0889195,0.5819235,-0.15328078,0.58408284,0.6069531,0.31203276,0.3584038,0.33135554,0.52186745,0.18428606,0.43779618,0.21155308,0.52905667,0.13674466,0.42637613,0.1644592,0.5444354,0.16923484,0.41186926,0.19552493,0.782691,1.0316039,0.16620831,1.0,1.2216768,1.7270848,-0.46362445,1.6530908,1.1852114,2.3749673,-0.8548156,2.328559,1.0578247,2.4782186,-0.7943339,2.4201176,1.4282148,2.6489432,-1.1026294,2.6068258
760.jpg,0.54352105,-0.49460065,0.5927034,-0.56588984,0.6239899,-0.5666213,0.6629921,-0.56781685,0.47575447,-0.5606516,0.4268188,-0.5559991,0.3842144,-0.55056804,0.6985017,-0.52801275,0.30995712,-0.50859016,0.6046127,-0.40451095,0.45611617,-0.40754905,1.0,-0.0020077464,0.0,0.0,1.099893,0.58050174,-0.13075468,0.57702816,0.6015641,0.3124544,0.35906428,0.33125865,0.5081492,0.19254526,0.4378124,0.21601132,0.5202553,0.14107953,0.4310557,0.16506523,0.5389983,0.17289783,0.41842318,0.19810374,0.78901714,1.0236251,0.18073246,1.0,1.2018496,1.709929,-0.4267141,1.5995793,1.1338232,2.3473923,-0.7655598,2.2629957,1.0183616,2.451131,-0.7005296,2.3515317,1.3772988,2.599987,-1.0295035,2.5405421
761.jpg,0.52749234,-0.5149113,0.583301,-0.5878016,0.6120444,-0.58852994,0.65186495,-0.59006315,0.46250683,-0.5794521,0.41490915,-0.5746216,0.373547,-0.56945133,0.6966739,-0.5442021,0.30451304,-0.5261811,0.59652025,-0.4256262,0.4442938,-0.42722365,1.0,-0.009777559,0.0,0.0,1.1137305,0.5906609,-0.12648457,0.58560777,0.5912644,0.30000475,0.3686776,0.31262133,0.5018298,0.17037347,0.4428892,0.18543212,0.5131835,0.121790044,0.43658283,0.13914597,0.5317367,0.15565139,0.42478618,0.17758688,0.7867769,1.0292952,0.18748358,1.0,1.1856763,1.7600081,-0.3922844,1.6019657,1.1010407,2.4216306,-0.6324766,2.3148448,0.9838695,2.5266287,-0.5417613,2.39786,1.360978,2.690888,-0.8865727,2.5763667
968.jpg,0.5185189,-0.5291377,0.5782314,-0.6082904,0.6162122,-0.6094134,0.6420381,-0.61072075,0.4511558,-0.6025023,0.40974018,-0.6001872,0.36477053,-0.5943718,0.7018025,-0.5640172,0.31027052,-0.54619914,0.6017688,-0.43661046,0.440693,-0.4365814,1.0,-0.026846487,0.0,0.0,1.1230241,0.62462914,-0.083974,0.62935674,0.6040115,0.28313878,0.38107342,0.30865794,0.52431315,0.1428444,0.4638949,0.16509911,0.5318007,0.09103284,0.4496544,0.11526211,0.544629,0.13194709,0.42992705,0.16026475,0.77347434,1.039909,0.17213875,1.0,1.1690382,1.8072618,-0.38534176,1.6816201,1.1084133,2.4853978,-0.6839597,2.3867023,0.9883407,2.5904758,-0.63032377,2.4661777,1.33136,2.7765365,-0.88846225,2.7009466
969.jpg,0.509395,-0.53662455,0.57226473,-0.61473274,0.6097152,-0.61351115,0.6384781,-0.61124885,0.4420119,-0.6110912,0.4006861,-0.6077383,0.35582167,-0.60219824,0.70560265,-0.5549902,0.30334163,-0.55319184,0.591914,-0.44443977,0.42956752,-0.44491696,1.0,-0.034260195,0.0,0.0,1.129767,0.61106306,-0.0919565,0.62460923,0.5863122,0.266102,0.3759153,0.29013398,0.5124141,0.1236547,0.45749435,0.15001994,0.5252484,0.072941855,0.44464538,0.10036749,0.5364693,0.111640334,0.4279767,0.143414,0.7669647,1.0360663,0.15702882,1.0,1.178665,1.7757912,-0.40666687,1.6866522,1.126303,2.4659772,-0.73771834,2.3692508,1.008888,2.57513,-0.6921288,2.4506924,1.3453916,2.7491472,-0.949373,2.6820734
970.jpg,0.50706726,-0.5239772,0.5713939,-0.5984528,0.6120771,-0.5982666,0.63926464,-0.5992079,0.4430966,-0.5966407,0.4012773,-0.59603524,0.3570016,-0.59261453,0.7035017,-0.5523882,0.30787256,-0.5450527,0.5912006,-0.43212393,0.42771053,-0.43499753,1.0,-0.0218832,0.0,0.0,1.1202523,0.608196,-0.10072367,0.6145758,0.6073005,0.2761679,0.37767553,0.30507517,0.534269,0.14415666,0.46431008,0.1700537,0.54312176,0.09633731,0.45119262,0.12419991,0.5537988,0.13309963,0.43321937,0.16486362,0.7615044,1.0373814,0.1515971,1.0,1.1887019,1.7563078,-0.42786214,1.6873062,1.1515167,2.4302309,-0.7507872,2.3792682,1.0414001,2.539052,-0.7074905,2.457903,1.3880303,2.7107868,-0.929222,2.6613038
971.jpg,0.5058824,-0.5014682,0.5713128,-0.5727464,0.61146104,-0.57321423,0.63904506,-0.5748837,0.44513592,-0.5702983,0.40263763,-0.57126004,0.35904944,-0.5706316,0.6936003,-0.5344472,0.31056213,-0.5305101,0.5850582,-0.41395143,0.4230496,-0.41571698,1.0,-0.017694158,0.0,0.0,1.1280084,0.6065362,-0.10644299,0.6062375,0.6075101,0.26404625,0.38700885,0.2959696,0.5397094,0.124795295,0.47668013,0.15156391,0.54872835,0.077871904,0.4612745,0.10278455,0.55887175,0.11835002,0.4432335,0.15186878,0.750487,1.0345693,0.1393761,1.0,1.2172278,1.7133309,-0.43977848,1.664785,1.1880453,2.369076,-0.74948466,2.3180687,1.0781907,2.4764752,-0.68140066,2.4096355,1.4321506,2.6420224,-0.9278914,2.5889275
