1005.jpg,0.5062285,-0.53686595,0.5571,-0.61881536,0.5875723,-0.6201353,0.6223607,-0.6214962,0.43216458,-0.60798746,0.3873397,-0.60342944,0.34476224,-0.5972065,0.6701334,-0.57805794,0.2814889,-0.5543536,0.581525,-0.44494477,0.4330317,-0.43958157,1.0,-0.025566526,0.0,0.0,1.1059713,0.61570674,-0.1025981,0.63355327,0.6055645,0.29895744,0.35611075,0.3237304,0.5185231,0.15775138,0.4261388,0.1825979,0.5323525,0.10124241,0.4129064,0.12203983,0.5476814,0.13485475,0.4032385,0.16352849,0.8546256,0.98495394,0.25659433,1.0,1.3231592,1.725048,-0.011478221,1.742493,1.2643453,2.3957071,0.03281651,2.3960545,1.1637206,2.496903,0.12712537,2.5004714,1.5084983,2.6749606,-0.16003938,2.654782
1006.jpg,0.5172232,-0.53523237,0.56977254,-0.6106958,0.59878165,-0.6120303,0.6354412,-0.61556333,0.4451046,-0.60649025,0.3979826,-0.60310143,0.3558575,-0.60039306,0.6813232,-0.57483137,0.2935299,-0.5569208,0.5864986,-0.4427256,0.4410444,-0.44030368,1.0,-0.02780955,0.0,0.0,1.1355157,0.6176946,-0.10295105,0.6419319,0.6267313,0.30306974,0.36412355,0.34336767,0.53892064,0.16584378,0.4360011,0.20291083,0.5456186,0.10581169,0.41982827,0.1395013,0.564265,0.14385238,0.41116732,0.18481444,0.85574895,0.98901194,0.26054233,1.0,1.3283336,1.7060429,-0.01627551,1.7291572,1.268081,2.3884985,0.032568187,2.3988042,1.1650424,2.4915593,0.1331591,2.5029888,1.5020306,2.665757,-0.1692915,2.660151
1007.jpg,0.50468147,-0.5204425,0.5647279,-0.59501684,0.5947524,-0.595303,0.62983835,-0.5976016,0.43912542,-0.59295684,0.39489964,-0.59025526,0.35409495,-0.5887199,0.6796592,-0.55692613,0.29687095,-0.5487599,0.57791674,-0.42913583,0.4272027,-0.4285702,1.0,-0.01968707,0.0,0.0,1.1412957,0.6245467,-0.10456545,0.6437795,0.6254871,0.3131225,0.36119336,0.34708807,0.5365332,0.17441647,0.4361175,0.20024936,0.5429322,0.11574856,0.41997615,0.13808222,0.5606279,0.15411453,0.40991634,0.18516536,0.8568753,0.99432415,0.25770536,1.0,1.3198289,1.7101058,-0.025498878,1.7238269,1.2709568,2.3723464,0.014341864,2.390418,1.1706774,2.4726374,0.11213533,2.491132,1.4938936,2.6539228,-0.17752722,2.6534545
1008.jpg,0.50005275,-0.5099604,0.5600254,-0.5829926,0.5987783,-0.5830159,0.62450516,-0.5826397,0.43475315,-0.5815921,0.39403996,-0.58006275,0.34938192,-0.5797093,0.673437,-0.54699,0.30204225,-0.53998065,0.57917905,-0.42080963,0.42150912,-0.4220514,1.0,-0.02332203,0.0,0.0,1.1382383,0.61988425,-0.10031961,0.63795483,0.6380992,0.320911,0.38433787,0.33792502,0.55662435,0.18839623,0.4595136,0.20400108,0.56621933,0.13568658,0.44442657,0.14798142,0.5817341,0.17250045,0.433387,0.18981256,0.8528494,0.991678,0.25250322,1.0,1.316449,1.6979828,-0.030920902,1.7284098,1.2680521,2.3619642,0.016334621,2.395259,1.1629905,2.460338,0.112051174,2.4931388,1.4893851,2.6374633,-0.1926367,2.6494079
1033.jpg,0.4943777,-0.4896409,0.5630628,-0.5651934,0.60232407,-0.5662065,0.62970626,-0.5652122,0.43780148,-0.56343204,0.39612275,-0.56069285,0.35336927,-0.55865824,0.6870249,-0.52496266,0.31170422,-0.52270067,0.5727216,-0.39798388,0.41175482,-0.4012835,1.0,0.021805309,0.0,0.0,1.0340049,0.6675746,-0.11916334,0.62197816,0.5701655,0.32199302,0.3626003,0.3240984,0.5022598,0.17166968,0.42616144,0.1747766,0.5181767,0.118168965,0.41962016,0.119342454,0.5279626,0.15713912,0.40703097,0.16610514,0.8123795,1.0107434,0.20393068,1.0,1.4424937,1.567759,-0.44641322,1.5729468,1.5151026,2.1987529,-0.54947877,2.202395,1.428637,2.2894835,-0.452758,2.2957058,1.746644,2.4650116,-0.7906413,2.4561994
1034.jpg,0.4988549,-0.47897437,0.56698036,-0.551082,0.6045798,-0.5506557,0.63305324,-0.5496269,0.44193894,-0.5507524,0.40327996,-0.5498629,0.3598639,-0.55028033,0.6915127,-0.5121708,0.31745037,-0.5153887,0.5740371,-0.38942346,0.42040372,-0.39244202,1.0,0.020273931,0.0,0.0,1.0425644,0.65781885,-0.11317699,0.6161682,0.5656367,0.31605715,0.3669625,0.3257081,0.49935713,0.16939953,0.43402654,0.17321256,0.5155593,0.113284156,0.4268769,0.11832788,0.52699,0.15522839,0.41288325,0.16657907,0.8252495,1.0044054,0.21572451,1.0,1.4673909,1.5409313,-0.43749312,1.5666555,1.5729268,2.1734858,-0.5271838,2.182786,1.489629,2.2653027,-0.43090555,2.2688608,1.8054333,2.4406888,-0.7611133,2.430394
1035.jpg,0.48532853,-0.4894794,0.5570742,-0.5625528,0.59741026,-0.5624186,0.6254111,-0.5607308,0.4317218,-0.56338453,0.3907366,-0.56149465,0.34909514,-0.56056345,0.6828181,-0.5192547,0.30833885,-0.527024,0.5622855,-0.39872178,0.40180355,-0.40300182,1.0,0.0211263,0.0,0.0,1.0352569,0.6508212,-0.105916776,0.60455024,0.5589661,0.30189472,0.3711848,0.30739373,0.4965179,0.14502685,0.43009996,0.14392798,0.51285684,0.09699652,0.418819,0.09459072,0.5221789,0.13922343,0.40894127,0.14567798,0.8391621,1.0033878,0.22646345,1.0,1.469245,1.5487899,-0.41148445,1.5613225,1.5988384,2.1702585,-0.48368582,2.1859546,1.5119224,2.2675552,-0.37510842,2.2716305,1.8175542,2.4338255,-0.7405076,2.4314513
1059.jpg,0.4781785,-0.5191079,0.54121494,-0.6005058,0.58078855,-0.6013991,0.62298787,-0.60147053,0.40589207,-0.5955373,0.35939792,-0.5926332,0.3202522,-0.5892456,0.68264204,-0.55252135,0.2685074,-0.53853166,0.5602658,-0.41666985,0.40503103,-0.4093961,1.0,-0.023609348,0.0,0.0,1.1249715,0.60396934,-0.06926236,0.6257692,0.6039153,0.30225137,0.39219278,0.31271306,0.5159603,0.17126207,0.45877564,0.16398503,0.526351,0.11675396,0.43620858,0.106344,0.54455113,0.15700622,0.4247479,0.15840754,0.89928687,0.9800123,0.29387888,1.0,1.3594337,1.6992786,-0.025526559,1.7091551,1.3508543,2.3219426,0.16340242,2.3617163,1.266566,2.4177396,0.26849443,2.4574404,1.5489388,2.5863633,-0.09643413,2.6174343
1060.jpg,0.47698963,-0.5154555,0.54018724,-0.5950347,0.57763314,-0.5958347,0.620331,-0.59613925,0.40530956,-0.58963436,0.35895705,-0.5865477,0.31656018,-0.58236384,0.6795435,-0.5493021,0.26825204,-0.5302845,0.56194085,-0.41568986,0.40461168,-0.40690652,1.0,-0.026424157,0.0,0.0,1.1396757,0.59634835,-0.067682326,0.6269016,0.6064926,0.2971612,0.3987707,0.30739772,0.52377826,0.16319716,0.46624988,0.15647998,0.53235143,0.107413925,0.44211006,0.097599395,0.549434,0.14873658,0.42941177,0.14950599,0.8963307,0.9750263,0.29148304,1.0,1.3515304,1.6803161,-0.03246127,1.709006,1.3508734,2.3314993,0.16640034,2.3526924,1.2718264,2.4265163,0.27234116,2.4469953,1.5459832,2.5918894,-0.101743475,2.6170282
1061.jpg,0.47920534,-0.5289603,0.5412895,-0.610351,0.57796156,-0.6116102,0.61911595,-0.61192095,0.4033154,-0.60192865,0.35719153,-0.59726405,0.31377566,-0.591362,0.6740801,-0.565408,0.26845548,-0.5403186,0.5648698,-0.4281027,0.4075711,-0.41751295,1.0,-0.028584672,0.0,0.0,1.1229087,0.597108,-0.06724507,0.6234848,0.5977952,0.2893192,0.4021761,0.29380995,0.51022226,0.15537484,0.4615194,0.14329816,0.5220677,0.09824475,0.43959418,0.08830689,0.540873,0.14028232,0.4302336,0.1403188,0.8836536,0.98338145,0.27941695,1.0,1.3395439,1.6930188,-0.04222019,1.7125471,1.3349526,2.3458848,0.15590763,2.364997,1.2518814,2.4413652,0.2626643,2.4628017,1.5388249,2.609879,-0.10677631,2.6341627
1062.jpg,0.48430848,-0.5132205,0.5486353,-0.5905946,0.58344185,-0.5921959,0.624957,-0.59377265,0.41520086,-0.5838591,0.36909315,-0.57898676,0.3267522,-0.5743107,0.68226904,-0.55135125,0.27871364,-0.52982646,0.56520396,-0.41886863,0.4108751,-0.41299266,1.0,-0.029334676,0.0,0.0,1.1217058,0.5959389,-0.06683059,0.61876494,0.61101,0.29579368,0.38847423,0.31252927,0.5202201,0.1651154,0.4553536,0.17480446,0.5318171,0.11159946,0.4390501,0.11783305,0.5516157,0.14864624,0.42846647,0.16182567,0.88724613,0.98570967,0.27970797,1.0,1.3393984,1.6752421,-0.037418425,1.7089489,1.3453014,2.304821,0.1595446,2.3437974,1.265656,2.4048762,0.26628542,2.437124,1.534106,2.5752938,-0.099274814,2.604958
1063.jpg,0.48060665,-0.51218045,0.5440035,-0.59196,0.5794235,-0.5942643,0.6221609,-0.5963909,0.41036275,-0.58334786,0.36347663,-0.5779156,0.3219113,-0.5722212,0.6809576,-0.55428714,0.2732492,-0.52639234,0.56117094,-0.41744843,0.4088215,-0.40976188,1.0,-0.028200697,0.0,0.0,1.1206158,0.60035914,-0.07493443,0.62115556,0.60811865,0.29856303,0.37588832,0.3109213,0.5182832,0.16824278,0.44743022,0.16893725,0.5288514,0.113348305,0.43064362,0.11377556,0.54770386,0.15095621,0.41884,0.16058707,0.8899433,0.98738426,0.27830884,1.0,1.3500454,1.6945728,-0.0576894,1.7101234,1.3490281,2.3319333,0.15927145,2.355391,1.2641453,2.428672,0.26654762,2.45229,1.5540565,2.5914245,-0.11640194,2.6171508
1088.jpg,0.5024171,-0.49762648,0.5529773,-0.575518,0.5863707,-0.57964855,0.6157348,-0.5821564,0.42989936,-0.56041807,0.3867978,-0.5550444,0.34624767,-0.55257374,0.6622066,-0.54455,0.28678697,-0.5119094,0.58383775,-0.41166458,0.4314054,-0.40649393,1.0,-0.014290281,0.0,0.0,1.0725262,0.585959,-0.080638036,0.58967465,0.602326,0.27342525,0.38552475,0.29801694,0.52774066,0.13780448,0.4624038,0.15090705,0.53835064,0.09189802,0.4445427,0.099089965,0.55331475,0.12976524,0.43125582,0.14898695,0.8403369,0.9979426,0.23134644,1.0,1.4502727,1.587448,-0.34601942,1.6137583,1.6448572,2.2381625,-0.41792977,2.2153738,1.5582339,2.3402548,-0.32387507,2.3024433,1.8906369,2.4976087,-0.69351447,2.4632604
1089.jpg,0.50470704,-0.49258372,0.55510294,-0.56936634,0.5876145,-0.5742047,0.6176458,-0.5772274,0.43174422,-0.55413836,0.38852793,-0.54871225,0.3494136,-0.5467594,0.6662401,-0.5393651,0.28947276,-0.5045019,0.58603585,-0.40862188,0.43234944,-0.40145767,1.0,-0.010157478,0.0,0.0,1.0720716,0.5869501,-0.0920089,0.5922665,0.6020302,0.28152013,0.3676771,0.31610313,0.51944315,0.15212482,0.4494272,0.17870575,0.52919954,0.10211575,0.43511948,0.12337314,0.54615825,0.13805825,0.42211157,0.16831979,0.8286657,0.9979192,0.22105008,1.0,1.4293075,1.590131,-0.35638085,1.6132472,1.6137325,2.229282,-0.44091907,2.2117047,1.5230658,2.3273947,-0.3479483,2.2974663,1.861699,2.48569,-0.72029823,2.4552855
1090.jpg,0.49910396,-0.47851494,0.55351365,-0.55628014,0.58608234,-0.5587907,0.6154435,-0.5626393,0.42786422,-0.5474154,0.38596565,-0.5450513,0.34438604,-0.5428995,0.6695035,-0.5265001,0.28830025,-0.50028646,0.5842448,-0.39530984,0.42763612,-0.39070982,1.0,-0.009342613,0.0,0.0,1.0691032,0.5934621,-0.10420672,0.5937671,0.5922379,0.29138106,0.36250997,0.32526737,0.50740886,0.16056113,0.4366053,0.19914249,0.5206676,0.11063385,0.42702255,0.14606062,0.5350055,0.14541347,0.41346958,0.18403712,0.82716066,1.004232,0.21312726,1.0,1.4196296,1.616519,-0.38148245,1.6218503,1.5666132,2.249473,-0.49327552,2.2274148,1.4750648,2.349984,-0.40065894,2.3138561,1.8466926,2.5132258,-0.7640218,2.4704387
1104.jpg,0.504069,-0.48188552,0.57043886,-0.5562098,0.60478497,-0.5559881,0.6328373,-0.55574065,0.44478202,-0.5530084,0.40394118,-0.55240804,0.36077788,-0.54912347,0.68799114,-0.5115817,0.3059115,-0.50508446,0.5816984,-0.39353818,0.42550766,-0.39598274,1.0,-0.00075086893,0.0,0.0,1.0723383,0.6152183,-0.11278207,0.6178185,0.5706271,0.3046717,0.3484171,0.3043513,0.49819407,0.1702121,0.42273855,0.1706092,0.5193227,0.11953693,0.41253594,0.11836583,0.529224,0.1543832,0.4006654,0.15916619,0.8374636,0.99785876,0.24061884,1.0,1.2290813,1.7347918,-0.17253307,1.689777,1.1965376,2.393491,-0.07544918,2.356215,1.0937058,2.4996307,0.04178252,2.4584126,1.4414848,2.6582568,-0.31825998,2.6138604
1105.jpg,0.5051611,-0.4946798,0.5727769,-0.56809944,0.6088321,-0.56740844,0.63891333,-0.5675812,0.44661385,-0.5652225,0.40455613,-0.5643578,0.36073396,-0.5619956,0.6963393,-0.5220653,0.30937907,-0.5171136,0.5847953,-0.4057488,0.42604434,-0.40766463,1.0,-0.0033154197,0.0,0.0,1.0741041,0.6088287,-0.11852751,0.6065043,0.57032865,0.3211383,0.35559553,0.3173141,0.49785128,0.1802159,0.42778593,0.18561645,0.518876,0.13271856,0.41787866,0.13422185,0.5280982,0.16344656,0.40458724,0.16965435,0.85153157,0.9975823,0.24780929,1.0,1.2525318,1.7151222,-0.16424969,1.6860425,1.2070436,2.3838046,-0.070298664,2.3503535,1.1077237,2.4854913,0.043311704,2.4584196,1.4627761,2.6373138,-0.32145873,2.6091504
1106.jpg,0.5130013,-0.49673855,0.5791158,-0.57020503,0.61225724,-0.56999624,0.6446723,-0.57064116,0.45196107,-0.56779605,0.4103115,-0.56691533,0.36685377,-0.56544924,0.7001012,-0.5261144,0.309576,-0.5197369,0.59014386,-0.40898463,0.43431753,-0.4095492,1.0,-0.005403209,0.0,0.0,1.0742909,0.61116374,-0.12775277,0.6082269,0.5781809,0.33507687,0.33334753,0.3318073,0.49889588,0.20453931,0.4118184,0.21607304,0.520722,0.1511738,0.40973252,0.15786079,0.5311997,0.17997463,0.39383358,0.190189,0.8428727,0.9987705,0.2394369,1.0,1.2670941,1.7173824,-0.1747718,1.6882716,1.2196192,2.3645465,-0.06029315,2.3549614,1.1200492,2.4778655,0.045601748,2.4580283,1.4869891,2.6264005,-0.31371567,2.6078243
1107.jpg,0.5146455,-0.4793724,0.58328843,-0.5548343,0.6159064,-0.55589104,0.6466431,-0.5577844,0.45212796,-0.5498237,0.40854776,-0.5493137,0.3646986,-0.5489275,0.69932204,-0.5191647,0.31030822,-0.51190627,0.59334105,-0.39351058,0.4352758,-0.39318535,1.0,-0.006044423,0.0,0.0,1.064765,0.6153816,-0.116419,0.62403244,0.5734953,0.31135952,0.34382322,0.3164208,0.50362897,0.17009495,0.41843432,0.1826938,0.52269,0.122925505,0.4088148,0.13129492,0.53264034,0.15817109,0.39801535,0.17027281,0.8458405,1.0007759,0.24771743,1.0,1.2722644,1.719166,-0.16254836,1.6774257,1.2220316,2.3622403,-0.05801617,2.3496938,1.1164755,2.4704716,0.05759163,2.4483638,1.4777241,2.6238165,-0.30771995,2.6020074
1108.jpg,0.50991625,-0.48710868,0.5805245,-0.56008685,0.6173241,-0.55990726,0.6456614,-0.5597111,0.45222536,-0.5577243,0.40889215,-0.55599004,0.36614674,-0.5551094,0.696869,-0.51990706,0.31573173,-0.52017426,0.58556116,-0.394693,0.42339095,-0.40029913,1.0,-0.0012633647,0.0,0.0,1.0660719,0.6156951,-0.11669766,0.60283524,0.5819831,0.30899963,0.34961224,0.3114539,0.5094689,0.1656614,0.4232605,0.1717746,0.52538663,0.11936347,0.41293645,0.121528275,0.53805447,0.15562353,0.40222302,0.16245542,0.8422068,1.0030856,0.2415961,1.0,1.2759196,1.7042271,-0.16351509,1.6770129,1.2351342,2.3554513,-0.053592708,2.3437061,1.1264896,2.4667032,0.062338803,2.4419587,1.502182,2.6177235,-0.29417315,2.6030097
1109.jpg,0.51161397,-0.49447557,0.5782442,-0.5694634,0.61303765,-0.569823,0.6428059,-0.5687883,0.4494711,-0.5655643,0.4050845,-0.5625524,0.36263618,-0.56024265,0.69492924,-0.5253717,0.30911043,-0.52141976,0.5900591,-0.4006501,0.42672175,-0.40504298,1.0,-0.00081157166,0.0,0.0,1.0579382,0.61346316,-0.11201718,0.60211694,0.5788299,0.295282,0.34995988,0.29754695,0.50901765,0.14664242,0.42324004,0.1511396,0.5229257,0.10026468,0.41222242,0.09681116,0.5376958,0.14133325,0.4009378,0.1419259,0.84298444,1.0040956,0.24029818,1.0,1.2807748,1.6966509,-0.16165881,1.6752236,1.2393807,2.3561528,-0.045610458,2.3444958,1.1281881,2.4677312,0.065729454,2.4435525,1.497126,2.6270652,-0.28595775,2.5988443
1138.jpg,0.5090071,-0.52307016,0.561446,-0.6037204,0.5942958,-0.60517967,0.62063247,-0.6068573,0.44030628,-0.59592444,0.39945927,-0.5935813,0.35695457,-0.5889144,0.6733015,-0.56484073,0.30132723,-0.54063606,0.5887855,-0.43491706,0.43866694,-0.43183792,1.0,-0.030197304,0.0,0.0,1.0974281,0.5952727,-0.07059365,0.6294723,0.6126255,0.30104104,0.37860894,0.3351186,0.53364617,0.16116293,0.45235053,0.20243527,0.5445267,0.10946337,0.43968147,0.14576763,0.5583042,0.14080817,0.4279711,0.18155386,0.8322876,1.0047458,0.22000645,1.0,1.5096012,1.5704815,-0.31171528,1.6026992,1.6499999,2.215249,-0.40152454,2.1934814,1.5810252,2.3077075,-0.32450894,2.2855687,1.8712056,2.4653933,-0.6153493,2.4521456
1139.jpg,0.51639575,-0.5350992,0.56905097,-0.6108639,0.60157156,-0.61341107,0.6303357,-0.6160641,0.44687763,-0.604294,0.40396807,-0.6020313,0.36229622,-0.60150146,0.67622334,-0.5752002,0.3047337,-0.5577552,0.5912145,-0.44088727,0.43947044,-0.43824658,1.0,-0.035110634,0.0,0.0,1.0876806,0.5988949,-0.06667584,0.6271449,0.6158699,0.30330497,0.3848676,0.32563365,0.54306364,0.16477723,0.45703724,0.19188806,0.5575387,0.11396752,0.44386658,0.13763434,0.5679478,0.14439866,0.4303883,0.1747033,0.82248944,1.0000706,0.21094418,1.0,1.4892368,1.5677629,-0.3370623,1.612532,1.6283746,2.217235,-0.43370482,2.185579,1.5597695,2.3068166,-0.3494377,2.2703295,1.8354993,2.4634604,-0.6491448,2.4481537
1140.jpg,0.5178371,-0.5393587,0.5756371,-0.61430675,0.6086434,-0.61638904,0.6386023,-0.6170942,0.44999814,-0.6054,0.4054039,-0.60120314,0.3631274,-0.59886545,0.68771887,-0.5721697,0.30862615,-0.55294335,0.5947452,-0.4442294,0.43798488,-0.44163492,1.0,-0.022228008,0.0,0.0,1.0863091,0.61008275,-0.073184,0.6287437,0.61348724,0.2917558,0.3779027,0.33143795,0.54097253,0.15568005,0.45000362,0.18897517,0.55750626,0.10525541,0.4352045,0.13613258,0.56993026,0.13898896,0.42478344,0.17708272,0.8096954,1.0074857,0.206724,1.0,1.4734501,1.5825418,-0.3403233,1.6129278,1.6059425,2.2448454,-0.45327297,2.2158458,1.5405031,2.3329005,-0.37830365,2.2987413,1.8229421,2.4854662,-0.6615977,2.4677324
1201.jpg,0.5184302,-0.48928472,0.5881298,-0.5609076,0.6279967,-0.5598143,0.67036337,-0.5574979,0.4581121,-0.5652825,0.40922317,-0.56558245,0.3728848,-0.56558126,0.7227993,-0.5105678,0.31412947,-0.5181354,0.5874166,-0.39288256,0.43566695,-0.39148667,1.0,0.032491427,0.0,0.0,1.0516095,0.64856076,-0.14680488,0.6077467,0.5574661,0.3274925,0.3664733,0.34174556,0.49669188,0.20275067,0.44906634,0.20569514,0.510999,0.15632851,0.43284148,0.15588275,0.522164,0.1934032,0.41580102,0.2027759,0.74942863,1.0179975,0.13373621,1.0,1.4487951,1.5719543,-0.45269975,1.5965621,1.4820209,2.202894,-0.6042511,2.1809628,1.3951329,2.2954094,-0.5420453,2.2569747,1.7006005,2.4576352,-0.84484154,2.4021654
1202.jpg,0.51538694,-0.48485422,0.58514494,-0.55749786,0.61892545,-0.5576425,0.66092706,-0.5581575,0.46076092,-0.5591066,0.41243923,-0.55948335,0.37432107,-0.55883443,0.71285254,-0.5166119,0.31514364,-0.52424645,0.58387977,-0.39209348,0.4344885,-0.39568597,1.0,0.028019812,0.0,0.0,1.0477409,0.65781033,-0.13151956,0.6118732,0.5682727,0.31534082,0.36802056,0.3331044,0.5088492,0.18455942,0.44662967,0.19444966,0.5247219,0.13934451,0.4353324,0.14381292,0.5340203,0.17563206,0.41812676,0.19069198,0.76400566,1.0197742,0.15563676,1.0,1.4614738,1.5770185,-0.41886753,1.6028234,1.4989259,2.2203348,-0.5718101,2.2114007,1.4079624,2.320982,-0.4861575,2.2849982,1.7249969,2.4761722,-0.8032796,2.4410691
1203.jpg,0.52012765,-0.4939025,0.5896201,-0.5694407,0.621339,-0.568378,0.65914226,-0.5677685,0.4605575,-0.5673894,0.41569203,-0.5663088,0.37549537,-0.56348056,0.7097492,-0.5252228,0.31362075,-0.5272794,0.59076035,-0.40122733,0.4383126,-0.4037032,1.0,0.01944699,0.0,0.0,1.0628772,0.6409474,-0.12642172,0.60865384,0.59263736,0.31962177,0.35075536,0.3480626,0.514861,0.19089058,0.42425057,0.22471619,0.5290669,0.13928992,0.4135208,0.1721644,0.54249257,0.1730947,0.40174493,0.20749366,0.7747976,1.0141827,0.16237634,1.0,1.464259,1.5809135,-0.38643283,1.6121185,1.5306611,2.230428,-0.54512054,2.2124813,1.444664,2.3268003,-0.45953187,2.29635,1.758399,2.4769516,-0.7638273,2.4315538
1204.jpg,0.5086588,-0.48780334,0.5769972,-0.56389266,0.60947794,-0.56475824,0.64283705,-0.56409943,0.4518129,-0.558436,0.4082219,-0.5564458,0.36909208,-0.55420226,0.69956696,-0.522724,0.30848643,-0.52019763,0.5817332,-0.3986455,0.42845973,-0.39834347,1.0,0.013261678,0.0,0.0,1.0766051,0.6284202,-0.11741457,0.60696936,0.5952159,0.31342068,0.34990582,0.33485824,0.50978196,0.18437158,0.42262003,0.2049114,0.5231831,0.13077427,0.41160387,0.1514732,0.5390169,0.16656573,0.40019426,0.19045852,0.78251237,1.0128031,0.16881673,1.0,1.4447786,1.5776722,-0.37021175,1.6190889,1.5527844,2.2263699,-0.4903959,2.2024965,1.4796523,2.3138213,-0.4163477,2.2786043,1.768342,2.4772959,-0.7411517,2.4251878
1272.jpg,0.48687226,-0.49219644,0.5481984,-0.5666903,0.5789999,-0.567334,0.61409336,-0.5686898,0.42252833,-0.5610584,0.377591,-0.5580492,0.33628806,-0.55553955,0.6745239,-0.5317946,0.28238875,-0.5192602,0.56350136,-0.40568957,0.41396746,-0.40609357,1.0,-0.020068225,0.0,0.0,1.1027347,0.5708194,-0.09709067,0.5914003,0.58211136,0.26608473,0.36203218,0.27089486,0.4913148,0.13510785,0.41969585,0.1291847,0.5000453,0.08283717,0.4039824,0.080273286,0.5209323,0.119317055,0.39778262,0.12285998,0.9412857,0.9833289,0.33936328,1.0,1.2849754,1.6864865,-0.09516913,1.6781211,1.3219169,2.3063567,0.10107401,2.3198884,1.2544254,2.397757,0.2266813,2.4069424,1.4736015,2.5500245,-0.09389925,2.5772624
1273.jpg,0.4739858,-0.4820585,0.54083556,-0.5567619,0.5729908,-0.5574175,0.61348873,-0.55973196,0.41111168,-0.5516652,0.36493462,-0.548677,0.32365575,-0.5465756,0.6755091,-0.52349305,0.27614424,-0.51331407,0.5552857,-0.39596045,0.40055674,-0.39554834,1.0,-0.019627677,0.0,0.0,1.1071919,0.58252347,-0.09063518,0.5994913,0.5857141,0.28207418,0.35668874,0.28260693,0.49362084,0.14428884,0.41974676,0.13488318,0.5040739,0.0913278,0.40096518,0.084126264,0.5251364,0.13003002,0.39268494,0.12882003,0.94757545,0.9865773,0.34378755,1.0,1.3186907,1.7059046,-0.10051988,1.6756017,1.3331844,2.3138986,0.098255925,2.3232408,1.2584971,2.402312,0.22615963,2.411735,1.4973145,2.5583026,-0.10324558,2.5736992
1274.jpg,0.47092146,-0.48775384,0.5439234,-0.56050825,0.57626903,-0.560199,0.61789954,-0.5612185,0.4155618,-0.5579533,0.36985978,-0.5562586,0.32789364,-0.5555783,0.6793428,-0.5208667,0.28053153,-0.523322,0.5492094,-0.39786178,0.38985333,-0.39664936,1.0,-0.02026452,0.0,0.0,1.110765,0.5892614,-0.079879396,0.6057287,0.5884996,0.29427433,0.36593753,0.2959181,0.4951392,0.15697062,0.42311975,0.15241279,0.5048787,0.10469003,0.40852624,0.10264706,0.5270482,0.14239843,0.40152627,0.14653088,0.94563574,0.9797076,0.34424013,1.0,1.3290244,1.6994995,-0.11302836,1.6868833,1.3289658,2.3199334,0.077798925,2.3304439,1.2538491,2.4121366,0.21183321,2.424855,1.506273,2.5739303,-0.12490565,2.6005495
1275.jpg,0.4667268,-0.5089623,0.53723663,-0.5828481,0.5722452,-0.5819615,0.6149903,-0.58122677,0.40344658,-0.58211166,0.35947406,-0.5804213,0.31769836,-0.5769238,0.6834468,-0.5315923,0.2750977,-0.530766,0.548051,-0.41011077,0.38797304,-0.40700832,1.0,-0.019318314,0.0,0.0,1.1103141,0.584426,-0.0843021,0.6067901,0.5870565,0.2867695,0.35604322,0.2969064,0.49706352,0.15506758,0.42372596,0.14992893,0.50207895,0.10039915,0.40667576,0.09658396,0.52425957,0.13807425,0.39952707,0.14077243,0.95024365,0.98230994,0.3463927,1.0,1.328767,1.7044207,-0.118251406,1.674126,1.3293241,2.3185394,0.07860363,2.3318627,1.2532648,2.4094677,0.20878743,2.4270403,1.4975452,2.5763083,-0.13426104,2.6001146
1276.jpg,0.48000306,-0.4942634,0.5496801,-0.56302327,0.5820798,-0.5623393,0.6215028,-0.56248224,0.41545168,-0.5628377,0.37146756,-0.56118226,0.326299,-0.5591148,0.6834446,-0.51797974,0.28399977,-0.51934093,0.5582836,-0.398551,0.39840874,-0.39772692,1.0,-0.022571113,0.0,0.0,1.105461,0.59186846,-0.072951846,0.6088914,0.5801834,0.29739615,0.3636559,0.30407277,0.48809513,0.16406728,0.43176058,0.15920673,0.4983194,0.11013836,0.41360113,0.106908284,0.5205282,0.14859954,0.40523967,0.15081722,0.94973004,0.98100513,0.34562656,1.0,1.3424782,1.7131766,-0.11270838,1.6793126,1.3219429,2.3155458,0.07681855,2.3259578,1.2483444,2.4071093,0.20304891,2.413841,1.505431,2.5700095,-0.10918713,2.5942209
1277.jpg,0.4798308,-0.49729818,0.548454,-0.57162803,0.5789007,-0.5716422,0.6194465,-0.5728529,0.41606075,-0.5672356,0.37093657,-0.5636244,0.32721344,-0.56188285,0.6779303,-0.532661,0.28026104,-0.5243097,0.55872536,-0.4062366,0.40152836,-0.407225,1.0,-0.029428897,0.0,0.0,1.1027045,0.58881885,-0.074659914,0.60170263,0.5779586,0.29096508,0.3588153,0.2982276,0.48870832,0.1511895,0.42262787,0.15226145,0.50087965,0.099207014,0.41042665,0.101071335,0.5228397,0.13569477,0.40321174,0.14389434,0.9475479,0.98201686,0.3441466,1.0,1.338233,1.7143078,-0.11559952,1.6741464,1.3179028,2.3191752,0.071561925,2.3254855,1.2401832,2.4082503,0.20294696,2.4168599,1.4943843,2.5740879,-0.12210775,2.5946152
1278.jpg,0.47954115,-0.4998657,0.544333,-0.5753139,0.5754705,-0.5758314,0.61396354,-0.57762516,0.4134854,-0.5666229,0.3695134,-0.5616833,0.32676843,-0.55637634,0.6723295,-0.53756034,0.28021345,-0.51847214,0.5593716,-0.41348574,0.40306845,-0.40926844,1.0,-0.027244749,0.0,0.0,1.0988886,0.58661073,-0.07231643,0.6006447,0.5783259,0.3012359,0.3499269,0.31252298,0.48323762,0.16292976,0.4103097,0.17129804,0.4971227,0.10604032,0.39920247,0.115802296,0.520162,0.14231992,0.39386013,0.15874457,0.94163966,0.98031175,0.34047273,1.0,1.3207418,1.7049463,-0.11925393,1.6892221,1.3047588,2.3171823,0.07225106,2.3329415,1.2267175,2.408955,0.19658178,2.4181788,1.4864465,2.5765111,-0.11660842,2.5997581
1357.jpg,0.4935047,-0.50644505,0.5517187,-0.5892879,0.5811579,-0.590865,0.6220979,-0.59380895,0.42863643,-0.5799699,0.38004476,-0.5755552,0.34134683,-0.5702846,0.67211294,-0.55419016,0.27732846,-0.53265244,0.5688036,-0.41999888,0.4181954,-0.4168973,1.0,-0.039328143,0.0,0.0,1.1178404,0.55916667,-0.06156523,0.59513843,0.61032563,0.284564,0.39804357,0.3189281,0.51578265,0.1596579,0.46477076,0.18445149,0.5250194,0.1069078,0.45244575,0.13239595,0.5472852,0.14420144,0.44299486,0.17653805,0.85766333,0.99149144,0.24448068,1.0,1.5396488,1.5599716,-0.27447444,1.6320256,1.6987714,2.1918976,-0.44544956,2.1696367,1.6122133,2.2809803,-0.3540318,2.2635329,1.9415072,2.4402049,-0.6724045,2.4249127
1358.jpg,0.505538,-0.5086768,0.56013733,-0.5886396,0.5910161,-0.59097534,0.6210976,-0.5917042,0.43647006,-0.5784248,0.39213607,-0.5737251,0.35101786,-0.5689504,0.6711932,-0.5529553,0.29347798,-0.52935934,0.5828252,-0.41963208,0.4302697,-0.41695705,1.0,-0.040506303,0.0,0.0,1.1087159,0.56109726,-0.058144063,0.59602076,0.59839344,0.27055258,0.39885613,0.29392818,0.51087403,0.14203191,0.4665739,0.15642789,0.52355427,0.08841027,0.45552447,0.102888815,0.543881,0.12623483,0.44490543,0.14950383,0.8355845,0.9978551,0.22013806,1.0,1.5040731,1.5724716,-0.3094799,1.6243961,1.6312187,2.1990051,-0.48629797,2.1669009,1.5483335,2.2829823,-0.39477605,2.2496207,1.8687768,2.4431565,-0.70568335,2.4313278
1359.jpg,0.49756253,-0.50671554,0.549952,-0.5852351,0.584822,-0.5876269,0.61241347,-0.59041625,0.4247201,-0.5760275,0.38288155,-0.5738051,0.3402054,-0.5719193,0.6667321,-0.55062324,0.28752604,-0.525783,0.57955116,-0.42079675,0.4249126,-0.41426644,1.0,-0.031768724,0.0,0.0,1.1042349,0.5712689,-0.081473894,0.5963004,0.60510564,0.28678212,0.3922519,0.3168733,0.5235252,0.15735112,0.46739686,0.19478263,0.5343574,0.112438515,0.4520722,0.14840752,0.55059034,0.14453,0.4372446,0.1824361,0.8184352,1.0028404,0.2103959,1.0,1.4781024,1.5862145,-0.33767048,1.6255962,1.5856992,2.2167583,-0.5586797,2.1928,1.5071089,2.3021317,-0.48129767,2.2713628,1.8304485,2.4580495,-0.76411784,2.4370863
1434.jpg,0.50326794,-0.48674688,0.57713264,-0.557009,0.6123858,-0.55555564,0.65663964,-0.5534492,0.44213098,-0.5615242,0.39783898,-0.56133556,0.35687155,-0.55955094,0.71247834,-0.5065691,0.30704004,-0.5169291,0.576524,-0.39115047,0.42024684,-0.3931343,1.0,0.0056239692,0.0,0.0,1.0622792,0.6186459,-0.12947695,0.5854481,0.5688151,0.34206694,0.33585393,0.34667715,0.48707223,0.21521315,0.4092066,0.22333682,0.5022039,0.16408798,0.4001936,0.17177702,0.51922977,0.19676295,0.3893891,0.20826948,0.7730892,1.0168147,0.16219822,1.0,1.4918671,1.5696093,-0.4366447,1.6108793,1.5154922,2.1743183,-0.65124106,2.1654499,1.4249691,2.2738292,-0.5807449,2.2434216,1.774293,2.41796,-0.8463169,2.4082196
1435.jpg,0.49773958,-0.48224917,0.57013935,-0.5548738,0.6020064,-0.5537629,0.6397979,-0.55277276,0.43855822,-0.55243176,0.39483112,-0.550931,0.35537708,-0.54807794,0.69683295,-0.50974065,0.30297568,-0.5123134,0.57137257,-0.39277562,0.41502205,-0.3970117,1.0,0.012675286,0.0,0.0,1.0610365,0.6116714,-0.116699025,0.58016336,0.5757205,0.33680487,0.33605325,0.33165774,0.4968136,0.20484188,0.40795445,0.20364264,0.511903,0.15913646,0.3973497,0.15533331,0.5263706,0.18996322,0.38685593,0.19174628,0.7939788,1.010847,0.17798994,1.0,1.4989507,1.5584596,-0.41615564,1.5990925,1.5515661,2.1665726,-0.6016446,2.16491,1.4671487,2.2601342,-0.52302873,2.2463467,1.7909052,2.411684,-0.8407105,2.400034
1436.jpg,0.49378076,-0.4841952,0.56134224,-0.55965173,0.59605956,-0.5598125,0.63030297,-0.5586643,0.43277392,-0.5553244,0.3914327,-0.5533787,0.35194403,-0.55032057,0.68960196,-0.5165384,0.3031435,-0.514781,0.5702622,-0.39593464,0.41355604,-0.39639032,1.0,0.00793252,0.0,0.0,1.0735881,0.6136945,-0.09825417,0.5890685,0.5854257,0.33860305,0.3421449,0.3309635,0.5028648,0.20887981,0.4167574,0.20336638,0.5171357,0.16114208,0.40675476,0.15489742,0.53278095,0.1891309,0.39660385,0.1878718,0.80914885,1.0086557,0.19334647,1.0,1.5012875,1.5639217,-0.3885163,1.6006889,1.5708874,2.166826,-0.5787307,2.167024,1.4716738,2.2617636,-0.50641793,2.244249,1.7999969,2.4164426,-0.7852292,2.40799
1437.jpg,0.5043403,-0.47854313,0.57155573,-0.54786885,0.60294914,-0.54711396,0.6388499,-0.5476032,0.44137928,-0.5504073,0.39754182,-0.54961383,0.35645798,-0.54911166,0.6909774,-0.5105133,0.30510104,-0.51713103,0.5767314,-0.392128,0.42284834,-0.3930086,1.0,-0.005308026,0.0,0.0,1.0900156,0.58828974,-0.100479744,0.5839595,0.58550555,0.3197207,0.34121692,0.3324801,0.49279696,0.19190922,0.41643912,0.20195529,0.50734,0.14112669,0.40499127,0.14980151,0.5264797,0.17569703,0.3930258,0.1883016,0.82533765,1.0063975,0.20500068,1.0,1.5297132,1.5618197,-0.38455224,1.6007912,1.6078632,2.1615837,-0.5669266,2.155783,1.5211182,2.258846,-0.48160854,2.2387135,1.8651277,2.4003313,-0.79073185,2.3986943
1484.jpg,0.4994453,-0.47232077,0.57235456,-0.5418962,0.60967433,-0.5417719,0.6362576,-0.5407578,0.44311824,-0.5416926,0.40438503,-0.5404942,0.36059168,-0.53946126,0.6927073,-0.5053923,0.31711856,-0.5059966,0.57623285,-0.3866289,0.41711226,-0.38983986,1.0,0.0064981137,0.0,0.0,1.0462049,0.6174759,-0.101188436,0.5804907,0.5725168,0.30140674,0.3529602,0.3088006,0.4990907,0.16165742,0.4294573,0.16726416,0.5152748,0.1152772,0.42234388,0.119922094,0.5317739,0.15456146,0.40976483,0.16456062,0.79705447,1.01809,0.18183564,1.0,1.4378636,1.5826807,-0.48471415,1.5653716,1.5105762,2.1678069,-0.57831955,2.163153,1.4152943,2.2529874,-0.48170298,2.2496512,1.7454532,2.4120066,-0.83515424,2.4098768
1485.jpg,0.4982242,-0.48408085,0.5714622,-0.5553728,0.6014,-0.5546114,0.6386501,-0.55538386,0.44057757,-0.5521774,0.3964258,-0.5498499,0.35657698,-0.5482479,0.6935948,-0.51310676,0.30113465,-0.5087776,0.5735111,-0.3961137,0.41748065,-0.39720392,1.0,0.0062824585,0.0,0.0,1.0575434,0.6113558,-0.10138125,0.5865504,0.57444924,0.3067898,0.35910875,0.31456837,0.49934417,0.16559733,0.43135887,0.17144659,0.511998,0.11721058,0.42225355,0.121497974,0.5298309,0.15606593,0.40986726,0.16779329,0.8163212,1.0104403,0.192884,1.0,1.4692162,1.5852606,-0.46631867,1.5645412,1.5560207,2.1608222,-0.5255163,2.1584916,1.466993,2.2396162,-0.4244471,2.2433782,1.8067508,2.4053984,-0.78159696,2.4157176
1486.jpg,0.4752985,-0.49644676,0.5537526,-0.56458145,0.59100527,-0.56370354,0.62228036,-0.5613463,0.42101303,-0.56485915,0.38013116,-0.56331396,0.3364539,-0.5611902,0.68772054,-0.515845,0.29569456,-0.5216684,0.55664015,-0.40453348,0.3936508,-0.40967748,1.0,-9.840078e-05,0.0,0.0,1.0727409,0.5986075,-0.093485236,0.5841544,0.5603487,0.30119088,0.3427691,0.30236292,0.48280993,0.16092134,0.40994072,0.16564406,0.49778807,0.11901806,0.3996039,0.121315025,0.51266485,0.15463606,0.39132997,0.16126819,0.82989043,1.0084078,0.21083859,1.0,1.4780197,1.5643448,-0.44005233,1.5581249,1.5961496,2.1505954,-0.46652034,2.1665084,1.5030653,2.2430677,-0.3663955,2.24845,1.844019,2.3917308,-0.7491575,2.3978062
1504.jpg,0.4855425,-0.49690625,0.5430939,-0.5715426,0.5738003,-0.57335734,0.6141918,-0.57665825,0.420334,-0.5644651,0.37298027,-0.56112844,0.33303314,-0.5577757,0.67038053,-0.5408572,0.27743366,-0.5230156,0.56323713,-0.4101676,0.41441065,-0.40712836,1.0,-0.032264855,0.0,0.0,1.0905182,0.56694233,-0.080805704,0.5999214,0.5833866,0.2661669,0.35866162,0.27597338,0.4955342,0.14262637,0.4208762,0.13845775,0.5040953,0.09066698,0.40805605,0.085019976,0.5271583,0.12914933,0.40056095,0.1287139,0.92258614,0.97167826,0.32791,1.0,1.3690927,1.6701393,-0.009064035,1.6873848,1.3990849,2.287814,0.19253999,2.3034868,1.3142242,2.3830836,0.31345332,2.3911226,1.6038489,2.5477989,-0.05571041,2.5500252
1505.jpg,0.49376813,-0.49305624,0.54359275,-0.5663066,0.5784287,-0.56932765,0.61712855,-0.5724554,0.4249109,-0.5586079,0.37669548,-0.55544025,0.33515418,-0.55127394,0.66824067,-0.5381168,0.27038616,-0.5154618,0.5635546,-0.40620118,0.42201862,-0.40222225,1.0,-0.024954418,0.0,0.0,1.0829351,0.58041203,-0.081553034,0.59524226,0.57437384,0.27782503,0.35749856,0.2787871,0.48478234,0.14731055,0.4141488,0.13932215,0.49607447,0.095510654,0.40106884,0.0861844,0.5179731,0.13301677,0.39460647,0.12981294,0.9201733,0.97408813,0.319741,1.0,1.3676425,1.649769,-0.03539063,1.6828763,1.4003601,2.2876544,0.1799176,2.294575,1.3184742,2.381165,0.3042182,2.3918147,1.6058424,2.5437233,-0.081962824,2.5315957
1506.jpg,0.4728399,-0.5106075,0.5365515,-0.59084755,0.57221705,-0.59215736,0.6134964,-0.5931077,0.40326872,-0.58217233,0.35827863,-0.5784747,0.3161477,-0.5732311,0.6714332,-0.54905856,0.26754236,-0.52668774,0.555144,-0.42040142,0.40205336,-0.40940812,1.0,-0.027108518,0.0,0.0,1.0898125,0.57946247,-0.09044563,0.6035518,0.5867809,0.29663482,0.3575206,0.29143587,0.49764132,0.17078534,0.41874376,0.15759122,0.50459605,0.11760715,0.40557355,0.10164791,0.52876717,0.1557893,0.39896664,0.14491582,0.91515905,0.9743191,0.3182997,1.0,1.3768699,1.6604149,-0.050583776,1.6872414,1.3896871,2.2947907,0.18082723,2.3060932,1.3053873,2.3891788,0.29493082,2.3996046,1.5962827,2.54171,-0.0812768,2.548623
1507.jpg,0.4729436,-0.50897574,0.53829736,-0.58750004,0.57284164,-0.5880275,0.6151709,-0.5879957,0.4048753,-0.58251905,0.35979602,-0.5802585,0.31922716,-0.5772221,0.67232305,-0.54198575,0.26967734,-0.53273165,0.5545571,-0.4154749,0.39913437,-0.4089721,1.0,-0.032430034,0.0,0.0,1.096324,0.58147925,-0.08360724,0.60663867,0.586301,0.29852626,0.36023605,0.30192864,0.4978282,0.17615531,0.42596966,0.16916862,0.5044954,0.12408574,0.41190434,0.11726716,0.52628714,0.1605776,0.4043957,0.1588364,0.9287027,0.97539306,0.33215445,1.0,1.3971175,1.6739861,-0.06906674,1.6756169,1.399336,2.288909,0.16455248,2.2888672,1.3112677,2.382726,0.29620302,2.3811805,1.6068778,2.5499156,-0.07957546,2.5380797
1508.jpg,0.45699605,-0.50828946,0.52512133,-0.58894336,0.5601344,-0.58901185,0.6039088,-0.5896537,0.3882813,-0.58520573,0.34421945,-0.5835388,0.30234495,-0.5808491,0.67182505,-0.54235727,0.2598819,-0.5355551,0.5419057,-0.41194606,0.38291588,-0.407884,1.0,-0.026645279,0.0,0.0,1.0834035,0.5873522,-0.07913383,0.6122463,0.5869668,0.29692027,0.3675018,0.29318637,0.50377196,0.16995627,0.42729798,0.15658346,0.5124803,0.11966392,0.4110659,0.1041885,0.5329928,0.15770374,0.40351757,0.14857,0.91680706,0.9735295,0.3266628,1.0,1.3779713,1.6621546,-0.076831445,1.6857979,1.3882179,2.2875319,0.15593092,2.2947989,1.3010513,2.3832843,0.29020414,2.3850307,1.5894265,2.5528677,-0.082702786,2.5467134
1509.jpg,0.46568608,-0.51671743,0.5319633,-0.5976094,0.5664984,-0.5980358,0.6092118,-0.59836155,0.3934507,-0.5926867,0.3490697,-0.59069103,0.30621606,-0.58796424,0.6745543,-0.5500605,0.26307502,-0.5399682,0.55134195,-0.4196064,0.39200464,-0.4140541,1.0,-0.034532875,0.0,0.0,1.0980319,0.5847481,-0.07616104,0.608408,0.5950107,0.29580784,0.36674216,0.2970263,0.50975645,0.16697998,0.4279187,0.16082641,0.51529706,0.117073104,0.4133938,0.108072676,0.53679067,0.1557796,0.4064542,0.15339208,0.918347,0.9727448,0.32855812,1.0,1.3827144,1.6789544,-0.072644815,1.6844074,1.3816797,2.2983534,0.16215385,2.3032885,1.2921653,2.3954241,0.29335156,2.3970435,1.590791,2.5633743,-0.08653183,2.5533648
1510.jpg,0.473339,-0.51166886,0.5340929,-0.592835,0.5685866,-0.5944008,0.6033532,-0.5952577,0.39603692,-0.58397686,0.35266706,-0.58119464,0.30790704,-0.5771047,0.6648922,-0.55139637,0.26634255,-0.5304076,0.5575757,-0.41862124,0.3978882,-0.40492696,1.0,-0.028141124,0.0,0.0,1.0889555,0.5902535,-0.07786977,0.6116565,0.58635974,0.30663127,0.34998387,0.31390294,0.49775115,0.18330725,0.41806626,0.17942828,0.504565,0.13238463,0.40507448,0.12673347,0.5256753,0.16979659,0.39697388,0.16895686,0.91303104,0.97313946,0.31895316,1.0,1.3785723,1.6667079,-0.072654635,1.6865112,1.3718126,2.3069613,0.15549831,2.3187487,1.2788663,2.4074621,0.2766684,2.4106827,1.5862399,2.5709245,-0.09850953,2.5674398
1511.jpg,0.47718182,-0.51067525,0.5390814,-0.5898921,0.5740782,-0.5907255,0.60730886,-0.5909992,0.40293053,-0.58336824,0.359844,-0.58090425,0.3155373,-0.5767279,0.66802716,-0.5469413,0.27383345,-0.5307661,0.56034064,-0.4177708,0.3986795,-0.40679413,1.0,-0.031883672,0.0,0.0,1.0958432,0.57355917,-0.072362706,0.605735,0.59308076,0.30257118,0.34674662,0.31538045,0.5013854,0.1853337,0.41996795,0.1889942,0.5093822,0.13197194,0.4107397,0.13544229,0.531212,0.1681001,0.4021209,0.17381126,0.92032397,0.973931,0.32801205,1.0,1.377868,1.6648455,-0.075559616,1.6740496,1.3726317,2.2861843,0.15162009,2.2943187,1.2834772,2.3822567,0.27982622,2.39078,1.5781846,2.5449371,-0.09978669,2.5390577
1512.jpg,0.47446376,-0.5161708,0.5400862,-0.5976884,0.57226944,-0.5993739,0.6121834,-0.6003477,0.40041962,-0.58734465,0.3559864,-0.5825671,0.31256452,-0.57709736,0.6705667,-0.553136,0.26876953,-0.52927405,0.557347,-0.42369154,0.40009704,-0.4140576,1.0,-0.035560068,0.0,0.0,1.0998315,0.574715,-0.07190025,0.611039,0.59586424,0.2931431,0.35163423,0.30558372,0.5066834,0.17356764,0.4179131,0.17092061,0.51333624,0.12012858,0.4046694,0.116883524,0.5367787,0.15665556,0.39860582,0.15930232,0.91860896,0.97236603,0.32353368,1.0,1.374882,1.6717557,-0.07746539,1.6848034,1.3759593,2.2932987,0.15248035,2.3028097,1.286526,2.3913028,0.2780348,2.3954089,1.5842952,2.5615342,-0.0786391,2.556618
1552.jpg,0.5082076,-0.5062275,0.5701711,-0.5775224,0.60315126,-0.57817316,0.6321499,-0.57826376,0.44555065,-0.5712933,0.4014905,-0.56809485,0.36016628,-0.5669453,0.68405735,-0.5324086,0.2993217,-0.5259346,0.5824967,-0.41273692,0.42768806,-0.4123522,1.0,-0.01449686,0.0,0.0,1.0747548,0.5870084,-0.090054736,0.5914809,0.5868344,0.30509955,0.35371855,0.3014059,0.50193155,0.17157203,0.4264577,0.17114727,0.51973325,0.12252473,0.4159548,0.11968753,0.5355801,0.1570491,0.40555054,0.16036318,0.8199332,1.0090542,0.22513668,1.0,1.2173914,1.7408059,-0.21904023,1.6643127,1.1457821,2.3605435,-0.15430488,2.3398528,1.0399289,2.4571314,-0.07929341,2.4211502,1.4017818,2.6233523,-0.3491447,2.5959806
1553.jpg,0.50727654,-0.50471604,0.5720237,-0.5763769,0.6031346,-0.57602394,0.63822305,-0.57487285,0.44464737,-0.5684503,0.4000504,-0.5635989,0.3595909,-0.55900735,0.6932283,-0.5259462,0.29880962,-0.5160355,0.58380246,-0.41135657,0.42770442,-0.41144487,1.0,-0.011279695,0.0,0.0,1.0882576,0.58958924,-0.10519615,0.58577865,0.59911543,0.31515947,0.3429681,0.30172387,0.51585484,0.18387556,0.42348093,0.17082737,0.5344048,0.13458754,0.41219142,0.120702624,0.5491394,0.16576146,0.39987826,0.16021772,0.8266631,1.0085646,0.22699586,1.0,1.2523121,1.7205682,-0.22124675,1.664259,1.1634321,2.3341084,-0.16341451,2.323401,1.0552994,2.4325104,-0.075806275,2.4145,1.4434713,2.5921218,-0.39466327,2.5709574
1554.jpg,0.5212184,-0.5033257,0.5804242,-0.57398343,0.6110095,-0.574249,0.6444092,-0.5735061,0.45673087,-0.56688493,0.41389468,-0.56307936,0.3717116,-0.5602173,0.6923375,-0.5281191,0.30497912,-0.52145547,0.5924024,-0.40950102,0.44037986,-0.40889853,1.0,-0.014754167,0.0,0.0,1.0720793,0.5893222,-0.113242805,0.58893275,0.57641137,0.30867818,0.36085495,0.2920179,0.4975563,0.17704444,0.43561548,0.1599228,0.5183501,0.12872784,0.42403755,0.111909755,0.5322963,0.16093777,0.41105613,0.15228425,0.82312757,1.0062985,0.22548582,1.0,1.2624556,1.7179829,-0.22935359,1.6664741,1.1659594,2.3399656,-0.1624315,2.3238013,1.0567904,2.4386938,-0.072039686,2.4089596,1.4554863,2.598393,-0.37967333,2.575123
1555.jpg,0.520325,-0.49229747,0.5849589,-0.5614669,0.6165318,-0.5606168,0.64951384,-0.55874383,0.45751512,-0.5575757,0.41184863,-0.55425966,0.3693783,-0.5500804,0.7021079,-0.51172894,0.30932182,-0.51209813,0.5955606,-0.39888492,0.43510395,-0.40140367,1.0,-0.008073295,0.0,0.0,1.0781243,0.58698016,-0.10511226,0.58347887,0.5920767,0.31304696,0.3650046,0.3026275,0.5136116,0.18254556,0.4380506,0.17789534,0.532681,0.13622688,0.42954716,0.12820622,0.54823434,0.1668634,0.4173653,0.165004,0.83353764,1.0058888,0.2393361,1.0,1.2808586,1.6991805,-0.21307424,1.646391,1.1806406,2.3261788,-0.14333089,2.301625,1.0690558,2.4257545,-0.052346494,2.3942163,1.4602191,2.57993,-0.3687466,2.5480018
1556.jpg,0.5289815,-0.48843354,0.58463883,-0.56027424,0.6140524,-0.56075186,0.6480151,-0.5601756,0.4599552,-0.55269516,0.41580635,-0.5483776,0.37229955,-0.5460191,0.6936116,-0.5142244,0.30424148,-0.5068623,0.5994482,-0.39466628,0.44467992,-0.3940171,1.0,-0.00826365,0.0,0.0,1.0695479,0.58445466,-0.11481755,0.5798796,0.5789479,0.30304846,0.35668445,0.2997101,0.4985002,0.17876348,0.43173537,0.17989881,0.5185519,0.13189125,0.42355552,0.1290349,0.53356206,0.16174865,0.41056466,0.16477549,0.8219805,1.0025538,0.22784473,1.0,1.2717103,1.6783571,-0.21847695,1.6396761,1.1916018,2.306751,-0.14655973,2.2859385,1.0780163,2.4057908,-0.0555668,2.376289,1.4608254,2.5655878,-0.36542442,2.53264
1584.jpg,0.50684696,-0.52938545,0.568518,-0.60652846,0.59770507,-0.6072354,0.6301063,-0.60927856,0.4413831,-0.6015087,0.39756167,-0.59786576,0.35436314,-0.59566396,0.6789772,-0.56892043,0.30381304,-0.55651706,0.5794662,-0.43619382,0.42964658,-0.43390962,1.0,-0.04916987,0.0,0.0,1.1018167,0.57580674,-0.046608143,0.61378855,0.6239534,0.28781936,0.3938714,0.30390102,0.53531826,0.15889113,0.45617735,0.16317396,0.54245496,0.10177153,0.4420585,0.10570707,0.562053,0.14130813,0.43327105,0.1517927,0.8781265,0.98909086,0.2691895,1.0,1.5577694,1.5563595,-0.27865297,1.6070809,1.6912907,2.201035,-0.41688395,2.1668067,1.6056529,2.2989767,-0.32709357,2.253617,1.9244106,2.471016,-0.6431224,2.4279072
1585.jpg,0.5181187,-0.53390276,0.5662412,-0.61180353,0.60085034,-0.61378384,0.6253503,-0.6144113,0.44356638,-0.60346246,0.39967978,-0.5984374,0.3552347,-0.59403986,0.6670755,-0.5740012,0.29933152,-0.5504033,0.59249187,-0.44164222,0.44229874,-0.43840298,1.0,-0.036632713,0.0,0.0,1.0990843,0.5774573,-0.067770876,0.6115142,0.6052014,0.2814639,0.37200105,0.29915547,0.5158192,0.14231487,0.4336816,0.16106847,0.5266086,0.093335636,0.42384326,0.110441804,0.5439852,0.12954834,0.41675004,0.15203354,0.86355966,0.99503475,0.2543829,1.0,1.5247469,1.5613499,-0.32417163,1.6103367,1.640624,2.2110302,-0.46132505,2.1806476,1.5590793,2.3088787,-0.36989728,2.2631788,1.8728293,2.4595768,-0.69795805,2.426621
1586.jpg,0.52503204,-0.520643,0.57563496,-0.59968865,0.60674906,-0.6016614,0.64650404,-0.6057825,0.449265,-0.58948797,0.399326,-0.5843535,0.35691914,-0.577947,0.6860137,-0.5691064,0.29305562,-0.53410375,0.5976792,-0.43278438,0.4457546,-0.42972773,1.0,-0.036944874,0.0,0.0,1.115613,0.58766615,-0.070551164,0.60203576,0.6196478,0.3031992,0.3743998,0.31548783,0.5267339,0.1741356,0.44459218,0.18714108,0.5359587,0.12028642,0.43474314,0.13282846,0.55546397,0.1541829,0.42386776,0.17286772,0.8561219,1.0003191,0.2397795,1.0,1.5247837,1.5737242,-0.354587,1.6052961,1.6317753,2.2046916,-0.51923525,2.168058,1.5410111,2.3029013,-0.42635944,2.2490284,1.8512697,2.4593062,-0.7367609,2.4270782
1587.jpg,0.5136142,-0.5052072,0.56609875,-0.57879424,0.60143286,-0.58122885,0.64011014,-0.58343166,0.44459343,-0.57173735,0.392364,-0.56791407,0.35161775,-0.56306064,0.68529713,-0.545434,0.28782317,-0.52021337,0.58503795,-0.4170427,0.4334657,-0.41471115,1.0,-0.021119053,0.0,0.0,1.0999601,0.58824027,-0.09384989,0.5991867,0.59912044,0.30850735,0.34989384,0.351882,0.5117771,0.18555364,0.4212111,0.23019287,0.5236567,0.13558991,0.4134443,0.17608164,0.54286385,0.16710104,0.40432984,0.21162513,0.8323497,1.0027908,0.21985951,1.0,1.5006971,1.5736043,-0.37692922,1.5967035,1.5788764,2.1910222,-0.5838334,2.177262,1.4833606,2.2887657,-0.51017463,2.2537568,1.8171924,2.4571774,-0.78834957,2.4188118
1604.jpg,0.5537019,-0.5198022,0.60248804,-0.5965398,0.63272685,-0.5973596,0.66399866,-0.5975322,0.4757535,-0.58890307,0.42875838,-0.58382595,0.384987,-0.5794031,0.7027432,-0.5542947,0.32188055,-0.5338112,0.6222378,-0.42658162,0.47133893,-0.42418498,1.0,-0.016561445,0.0,0.0,1.1018225,0.6011397,-0.12951761,0.6142768,0.6143396,0.32128936,0.33378288,0.35358727,0.5283951,0.18851441,0.41226017,0.23347428,0.54124403,0.13710748,0.4072907,0.18062168,0.55817443,0.16615431,0.3978293,0.21338286,0.76132745,1.0178941,0.16286889,1.0,1.2583449,1.7023314,-0.242722,1.6891729,1.1945167,2.3338716,-0.24780028,2.3106823,1.0783249,2.433898,-0.14860907,2.4076955,1.4317989,2.609409,-0.4322511,2.5699134
1605.jpg,0.5622602,-0.5227278,0.6118017,-0.60120505,0.6414224,-0.6009753,0.6704402,-0.60041827,0.48438415,-0.5958533,0.43737483,-0.59125686,0.392728,-0.5863418,0.7080073,-0.5573962,0.33123672,-0.5401642,0.62982434,-0.42669272,0.47734275,-0.42523107,1.0,-0.008625265,0.0,0.0,1.0874448,0.609343,-0.11670768,0.6224453,0.59428835,0.33008215,0.34298876,0.3514022,0.50523025,0.20313354,0.41818103,0.23868288,0.5222473,0.15418142,0.414702,0.18411526,0.5376606,0.18078445,0.40296257,0.21371497,0.76470035,1.0194399,0.16607115,1.0,1.268557,1.7004471,-0.23363172,1.6847066,1.1915518,2.3457925,-0.21353477,2.3270504,1.0741429,2.447729,-0.10108165,2.4270422,1.4595131,2.6221018,-0.41793773,2.585532
1606.jpg,0.55314755,-0.51265657,0.6033008,-0.59247947,0.63392895,-0.59371966,0.6634876,-0.59399307,0.4766352,-0.5847724,0.42939246,-0.58004975,0.38608766,-0.5771859,0.7019904,-0.55092484,0.32553977,-0.5316504,0.62304765,-0.4173759,0.47171125,-0.41621682,1.0,-0.0038795609,0.0,0.0,1.0778517,0.61652416,-0.13177823,0.6225238,0.58920795,0.32826927,0.32799602,0.35057253,0.50324064,0.20115843,0.4068523,0.23955734,0.51769465,0.15112889,0.40318772,0.18509893,0.53313094,0.18029988,0.38985676,0.21435264,0.7487729,1.0214016,0.15358955,1.0,1.2659069,1.6874452,-0.23181073,1.6793407,1.1871924,2.3326983,-0.21897304,2.3056245,1.0719441,2.4271786,-0.12892,2.4049356,1.4460809,2.6123078,-0.4007501,2.5753443
1607.jpg,0.5566319,-0.5220967,0.60849506,-0.59852505,0.6377607,-0.5992078,0.6705592,-0.5989772,0.48180613,-0.5903109,0.43355915,-0.5856093,0.390005,-0.5821356,0.7107572,-0.55267626,0.32610723,-0.5353111,0.6244021,-0.4251258,0.47052836,-0.42272386,1.0,-0.003253813,0.0,0.0,1.0793719,0.6190191,-0.13026074,0.6184336,0.6095106,0.339915,0.33303174,0.36109677,0.51857114,0.21769704,0.41090843,0.25007883,0.52979916,0.16764952,0.40655097,0.19374612,0.54779786,0.19270593,0.3958828,0.22158481,0.75980055,1.0216599,0.15970065,1.0,1.2822866,1.683224,-0.22835883,1.6699592,1.2012776,2.3041553,-0.20255962,2.2744405,1.0803455,2.3994312,-0.100814246,2.3723998,1.4410777,2.5817995,-0.39025408,2.5408318
1608.jpg,0.54980475,-0.5264904,0.6039292,-0.6030845,0.6340444,-0.60421497,0.667688,-0.60367256,0.47984183,-0.5965425,0.43327278,-0.5932611,0.39026216,-0.5921074,0.7092706,-0.55527043,0.32547325,-0.5467137,0.6167306,-0.43051654,0.463376,-0.4291202,1.0,-0.004869714,0.0,0.0,1.07914,0.6173076,-0.1278172,0.61864734,0.60753554,0.33905435,0.32533303,0.3593889,0.51679814,0.21680802,0.4004244,0.24751785,0.52976793,0.16455944,0.39814,0.1908788,0.546344,0.1902557,0.3878927,0.2196121,0.7643617,1.0180539,0.1553124,1.0,1.2902344,1.6778027,-0.22178763,1.6839228,1.2097964,2.316768,-0.18865938,2.2774017,1.0859505,2.4169738,-0.094080694,2.3749025,1.478391,2.5896497,-0.38548547,2.5482264
1609.jpg,0.55803806,-0.5143807,0.6074135,-0.58893716,0.63808143,-0.5896131,0.6657059,-0.59007394,0.48533654,-0.5856141,0.44027507,-0.5835718,0.39782998,-0.58353615,0.7044595,-0.5451071,0.33195427,-0.5349101,0.62391555,-0.4184142,0.4780442,-0.41957858,1.0,-0.00047215392,0.0,0.0,1.0817709,0.6172231,-0.12714474,0.61881095,0.6062379,0.33892304,0.33840972,0.35052395,0.51729536,0.21439947,0.40930247,0.23645134,0.5285737,0.16230159,0.40449628,0.1796074,0.5451349,0.18787514,0.3938547,0.20918524,0.77167743,1.0199338,0.17394146,1.0,1.2950184,1.6761329,-0.2033138,1.6701094,1.2164153,2.3010209,-0.18313628,2.279565,1.0906229,2.3970156,-0.082435735,2.3795564,1.4643126,2.57129,-0.37236124,2.54642
1610.jpg,0.5484885,-0.51589,0.6048829,-0.59004116,0.6363853,-0.5904037,0.6650453,-0.58925,0.4789822,-0.5855774,0.43294483,-0.58263564,0.39070553,-0.5811212,0.70777774,-0.5430902,0.32954547,-0.53888047,0.617585,-0.41785014,0.4629308,-0.4208591,1.0,-0.002547509,0.0,0.0,1.0799017,0.61736065,-0.12467241,0.6150767,0.60950536,0.32311296,0.34395218,0.33895996,0.5245348,0.19120537,0.4141463,0.21830295,0.53810394,0.13888712,0.40483063,0.16524921,0.55471253,0.17096618,0.39617282,0.1979943,0.77353513,1.0193084,0.1710489,1.0,1.3041958,1.6622841,-0.19592287,1.6607249,1.2233157,2.289472,-0.17291108,2.2655866,1.0953982,2.38659,-0.07519769,2.365087,1.4743465,2.5556574,-0.36505625,2.531972
1611.jpg,0.5364154,-0.5047951,0.59649366,-0.58168834,0.62938946,-0.5826655,0.66216195,-0.582005,0.46820962,-0.5740393,0.42105484,-0.5703293,0.37831756,-0.56818765,0.709943,-0.53721756,0.31971866,-0.5261484,0.6088847,-0.40858233,0.45191965,-0.40931073,1.0,-0.0020755462,0.0,0.0,1.0792029,0.6110944,-0.13805994,0.6074188,0.59563637,0.32588378,0.3469378,0.34995544,0.51122123,0.2028918,0.42743656,0.24989082,0.5250038,0.14966366,0.42335233,0.1901991,0.5401724,0.1788191,0.40804777,0.21701995,0.781798,1.0185002,0.17645492,1.0,1.3025852,1.6600367,-0.18733595,1.6652906,1.235709,2.278917,-0.17224135,2.2634447,1.1095955,2.3720412,-0.072450034,2.3618798,1.4781762,2.5452328,-0.36726087,2.5229223
2026.jpg,0.55098164,-0.58835155,0.59731454,-0.6560579,0.6252955,-0.6558728,0.65956604,-0.6559198,0.47369435,-0.656206,0.42545342,-0.6531938,0.3822798,-0.6486489,0.6966217,-0.604658,0.32029626,-0.5887676,0.612814,-0.47999105,0.47481102,-0.47939298,1.0,-0.006967348,0.0,0.0,1.0636175,0.6691846,-0.045250166,0.67091006,0.6359807,0.26775444,0.41817933,0.2846322,0.5872158,0.13031396,0.48884997,0.12890717,0.5982041,0.07217647,0.4649653,0.07472556,0.59912443,0.11716231,0.44471154,0.12809676,0.7336731,1.0203955,0.13697396,1.0,1.3671951,1.6100503,-0.2411367,1.6409508,1.3611193,2.2955167,-0.35719022,2.3089767,1.2635003,2.3937428,-0.29081526,2.3955927,1.572862,2.5733042,-0.45631897,2.5812225
2027.jpg,0.5529641,-0.6141183,0.60267127,-0.6844342,0.6316155,-0.6831724,0.6651834,-0.6818103,0.4750569,-0.6832002,0.42847008,-0.6789209,0.38337356,-0.6729148,0.7031799,-0.6235494,0.32145762,-0.6115009,0.61892056,-0.49903902,0.47712472,-0.49870557,1.0,-0.020301083,0.0,0.0,1.0701674,0.6624718,-0.039681952,0.6759812,0.63190895,0.26431468,0.4083313,0.2993676,0.5762538,0.13245445,0.47248107,0.14689088,0.5881448,0.07450365,0.44913235,0.09382255,0.59186393,0.11475002,0.43347245,0.1406005,0.7400318,1.0221709,0.14311205,1.0,1.3927106,1.615446,-0.24026525,1.6448941,1.3776419,2.3144288,-0.35585248,2.3136084,1.2770941,2.4145577,-0.28555512,2.4050274,1.5917718,2.5981956,-0.47044805,2.5936286
2028.jpg,0.5513014,-0.5918412,0.6032111,-0.666614,0.6352328,-0.6647241,0.67230225,-0.6626085,0.4720075,-0.66826236,0.42588964,-0.6654069,0.3815353,-0.66028464,0.70991623,-0.6046488,0.3201086,-0.5979534,0.6186592,-0.47861493,0.47521895,-0.47907254,1.0,-0.020609647,0.0,0.0,1.0829853,0.6545796,-0.043396376,0.6716977,0.6376506,0.269446,0.4160514,0.30712444,0.5831845,0.13774285,0.48657605,0.15455532,0.59338224,0.08226174,0.4585061,0.09999207,0.5963685,0.12156905,0.44222358,0.14724742,0.74427927,1.0169965,0.14889011,1.0,1.4099835,1.5980788,-0.24899356,1.6305487,1.3836206,2.2829597,-0.35173193,2.2878494,1.2799149,2.3831031,-0.27609363,2.3783536,1.6122972,2.5655591,-0.4824913,2.5569994
2029.jpg,0.55035627,-0.6021846,0.60360813,-0.6773245,0.63641644,-0.6753729,0.67416865,-0.67246485,0.47262582,-0.6773503,0.4254147,-0.67394507,0.38177243,-0.6682367,0.7138767,-0.6116634,0.32146078,-0.6022975,0.6191669,-0.48761865,0.47378242,-0.48694754,1.0,-0.021654895,0.0,0.0,1.0827565,0.6536568,-0.03526095,0.67223537,0.6385908,0.2734097,0.42333433,0.30978546,0.5798697,0.14344713,0.48448324,0.16256592,0.58994484,0.08653817,0.45965725,0.109846905,0.5952019,0.12459621,0.44370008,0.1540772,0.7373693,1.016782,0.14347404,1.0,1.4099194,1.5778017,-0.24869415,1.626961,1.3889374,2.2672215,-0.3421272,2.2642748,1.2879503,2.3671312,-0.26631156,2.35856,1.6087817,2.5390534,-0.46940315,2.5387442
2030.jpg,0.54229915,-0.5907837,0.5959835,-0.66931957,0.63012195,-0.66734385,0.6601187,-0.6656227,0.46277913,-0.6705922,0.4195019,-0.66808605,0.37663952,-0.6625221,0.70556456,-0.6068432,0.31972003,-0.5982889,0.6134694,-0.4784156,0.4648703,-0.47525254,1.0,-0.014750716,0.0,0.0,1.0848526,0.6630528,-0.03764852,0.66639316,0.64206976,0.27528095,0.41557136,0.31167042,0.5831303,0.14613006,0.4813029,0.16870214,0.59308887,0.08806487,0.45700735,0.114088304,0.5985245,0.13048498,0.44213676,0.15860727,0.74342674,1.0169297,0.14740579,1.0,1.417164,1.599413,-0.2289757,1.6315852,1.3960367,2.2679205,-0.34403554,2.2892964,1.3050556,2.3664536,-0.27053478,2.378805,1.5971143,2.542955,-0.44926748,2.5559816
2031.jpg,0.53841865,-0.58554554,0.5925717,-0.6661937,0.6250075,-0.6651784,0.6583046,-0.66389173,0.46098983,-0.6638299,0.4171278,-0.6594891,0.37380517,-0.6527954,0.70285237,-0.60801435,0.32045385,-0.589764,0.60849166,-0.47403076,0.46394667,-0.46935353,1.0,-0.01507761,0.0,0.0,1.0829506,0.66544044,-0.03600713,0.668361,0.6360598,0.27808884,0.41879377,0.31048197,0.57559264,0.14795281,0.4803621,0.16140367,0.58484507,0.09000688,0.4549038,0.105114356,0.59031606,0.13341054,0.4409319,0.15460436,0.7374459,1.0200459,0.13897792,1.0,1.4111403,1.6114961,-0.21640424,1.6546452,1.3894337,2.2910655,-0.32767636,2.2917974,1.2969276,2.3852072,-0.2574682,2.381439,1.5916274,2.5634215,-0.4409021,2.5639825
2032.jpg,0.5407906,-0.60278964,0.5944094,-0.67730385,0.6317305,-0.67623156,0.6585187,-0.674467,0.4645695,-0.6732209,0.42147622,-0.6694607,0.37900785,-0.66384035,0.7053777,-0.6153691,0.3222333,-0.602224,0.61746806,-0.4911891,0.46385658,-0.4853736,1.0,-0.022014868,0.0,0.0,1.0894535,0.65849227,-0.04882737,0.6656681,0.6436819,0.27600515,0.39215532,0.3085405,0.5796862,0.14640912,0.47194174,0.1557023,0.58443326,0.08789937,0.45091885,0.09340859,0.59287614,0.12859763,0.43608704,0.14189048,0.73713076,1.0180824,0.13784385,1.0,1.4016832,1.6050831,-0.22590579,1.6524229,1.3941761,2.3036616,-0.3388506,2.3104005,1.3034554,2.3972807,-0.26936367,2.3990557,1.6041089,2.5710137,-0.4397928,2.5791385
2080.jpg,0.5164237,-0.49847686,0.5710181,-0.57081985,0.60201627,-0.5721729,0.6335496,-0.57371694,0.44938642,-0.566876,0.40906423,-0.56466633,0.3682483,-0.56486017,0.684698,-0.5318594,0.3019046,-0.5232039,0.5886102,-0.41233528,0.4393676,-0.41150585,1.0,-0.018492369,0.0,0.0,1.1054997,0.57410806,-0.0888629,0.576193,0.6139394,0.26345778,0.4030445,0.3017407,0.52619815,0.13979082,0.47351602,0.17796892,0.54112864,0.08737494,0.4625469,0.12310967,0.55753905,0.12161525,0.4474079,0.16159415,0.8429392,1.0042892,0.2350319,1.0,1.3370658,1.6457509,-0.12248021,1.6589781,1.3753439,2.270247,-0.062453173,2.2694106,1.2661884,2.3714273,0.03923674,2.3620522,1.6292009,2.5368724,-0.24307778,2.5245345
2081.jpg,0.519292,-0.50850326,0.5740108,-0.5839979,0.60573953,-0.5847836,0.63446456,-0.5863153,0.45314118,-0.579746,0.41038793,-0.5777331,0.37025043,-0.57762307,0.6851139,-0.5453198,0.30414304,-0.53336847,0.5922241,-0.41964534,0.44215766,-0.4184988,1.0,-0.01982001,0.0,0.0,1.1076081,0.5760888,-0.08432802,0.58182025,0.626727,0.28710398,0.39098275,0.31993964,0.53509825,0.15817985,0.45503062,0.19541854,0.5491374,0.10769894,0.44343522,0.14560138,0.56693643,0.13995436,0.43411532,0.17851724,0.83614343,1.0012728,0.23302451,1.0,1.3355175,1.6530013,-0.12049853,1.6660346,1.3540031,2.283003,-0.061063502,2.2848518,1.2489494,2.3817105,0.039398085,2.3792624,1.6086801,2.5496526,-0.24362287,2.542428
2082.jpg,0.50507957,-0.5138405,0.56368357,-0.59172153,0.5979807,-0.59101164,0.6249204,-0.591372,0.44110596,-0.5872539,0.39923123,-0.58566123,0.3557688,-0.5828358,0.68074346,-0.5444202,0.29804453,-0.5327331,0.5816098,-0.4282233,0.42703074,-0.425766,1.0,-0.00792202,0.0,0.0,1.0952584,0.5890874,-0.1064089,0.59049845,0.6200914,0.2925589,0.38849252,0.31648764,0.5323702,0.16052558,0.45775992,0.1961611,0.54878277,0.10700429,0.4445887,0.13411105,0.56280386,0.13610691,0.4308519,0.1651517,0.8293064,1.0041938,0.22206616,1.0,1.3590764,1.6514531,-0.14820245,1.6761454,1.3699197,2.285956,-0.07577679,2.2908397,1.2551554,2.3845372,0.026729142,2.3839033,1.6029898,2.5583627,-0.27576554,2.5412977
2083.jpg,0.5041559,-0.5061972,0.56046367,-0.582042,0.59479976,-0.5831255,0.6243628,-0.58514017,0.43615714,-0.57538545,0.39399022,-0.57343423,0.3530808,-0.5731226,0.67577374,-0.54399216,0.2947007,-0.5289027,0.58372414,-0.42191598,0.427454,-0.41973606,1.0,-0.013528041,0.0,0.0,1.0999492,0.58517987,-0.1025768,0.5821481,0.6379309,0.30153742,0.38034144,0.33201048,0.5479786,0.17671295,0.4523128,0.21684733,0.5559814,0.12418361,0.43882537,0.15858977,0.57248783,0.1539122,0.42785293,0.18783554,0.8294345,1.0039079,0.22115418,1.0,1.3816984,1.6453038,-0.14889112,1.6531545,1.3618884,2.2656522,-0.10028033,2.2620173,1.2527752,2.363903,-0.01124224,2.3557153,1.62387,2.5335555,-0.27938953,2.5145445
2084.jpg,0.51818436,-0.5179101,0.5719097,-0.59353167,0.6037661,-0.59535545,0.6343528,-0.5966443,0.4490603,-0.5875912,0.4060258,-0.5850184,0.3651895,-0.5850449,0.68140894,-0.5546391,0.29999387,-0.5432205,0.59172595,-0.43100706,0.4390375,-0.43051192,1.0,-0.02201258,0.0,0.0,1.1045398,0.58347255,-0.09040049,0.59262973,0.6372539,0.28306627,0.39608815,0.32167792,0.5536702,0.16078743,0.4637107,0.20482694,0.56397516,0.10844748,0.44895214,0.14790095,0.5794049,0.13978161,0.43702635,0.17963357,0.8415609,1.0039587,0.23416558,1.0,1.3853441,1.6407613,-0.14551614,1.6567867,1.3595448,2.2719247,-0.09471301,2.2766762,1.2476933,2.3719282,0.008501682,2.3694887,1.613619,2.5367055,-0.28833532,2.528707
2085.jpg,0.5076773,-0.5070004,0.5662932,-0.5818617,0.59917116,-0.5816176,0.629287,-0.58275974,0.44178608,-0.576514,0.39878199,-0.574527,0.35530227,-0.5736286,0.6825362,-0.53633755,0.295363,-0.52782416,0.5854707,-0.42245615,0.4258682,-0.41986078,1.0,-0.017250529,0.0,0.0,1.1068968,0.5841809,-0.08376058,0.5890483,0.6518045,0.30448198,0.39637077,0.3179967,0.56994927,0.19218083,0.46130142,0.21241148,0.57291466,0.13230315,0.44987932,0.1498218,0.58907,0.16290201,0.43616384,0.17914364,0.837896,1.0043473,0.23052837,1.0,1.3842278,1.6424619,-0.14888135,1.6619623,1.3411239,2.258118,-0.11649145,2.2616503,1.2277958,2.3552184,-0.024936205,2.3520815,1.6041672,2.5274765,-0.29753795,2.5149608
543.jpg,0.38731575,-0.24586026,0.45732647,-0.34427074,0.50369215,-0.351856,0.54806006,-0.35981578,0.33584797,-0.3369338,0.2988541,-0.33954728,0.27207813,-0.34314975,0.640737,-0.37508073,0.26702046,-0.36772197,0.49121037,-0.185134,0.34376177,-0.17641911,1.0,0.013769015,0.0,0.0,1.1541101,0.6097329,-0.11581534,0.59330267,0.64636034,0.3674053,0.3746191,0.35755196,0.54997814,0.2411457,0.46548727,0.2586742,0.5483515,0.19261652,0.4596694,0.20512363,0.5652203,0.22204447,0.44279015,0.22827588,0.84169745,1.0045915,0.21541063,1.0,1.438719,1.6072686,-0.3865111,1.6170993,1.5755836,2.2975373,-0.6100724,2.2788055,1.500785,2.402573,-0.5316492,2.37195,1.8006109,2.5504684,-0.8372975,2.4933648
544.jpg,0.37769648,-0.25711066,0.4482477,-0.35597154,0.4961614,-0.36268982,0.54361814,-0.37048405,0.32715327,-0.34657106,0.29160133,-0.34758005,0.2673016,-0.3494067,0.63815135,-0.38599563,0.26171505,-0.37378833,0.48482457,-0.19500954,0.33305386,-0.18607758,1.0,0.008923264,0.0,0.0,1.1496589,0.6098078,-0.1109745,0.59390527,0.6406306,0.3565841,0.37959054,0.35594234,0.5488023,0.2263154,0.45573565,0.24460298,0.5490489,0.18022506,0.4482434,0.19133255,0.56639487,0.20817265,0.4350689,0.21552101,0.83540136,1.0059721,0.21212134,1.0,1.4293637,1.6222552,-0.39245957,1.6347312,1.5629659,2.3084302,-0.5977578,2.293353,1.499174,2.4055843,-0.5247749,2.3896098,1.7778016,2.5590305,-0.845313,2.5167027
545.jpg,0.38820904,-0.25879663,0.4585715,-0.35746375,0.50668466,-0.3645067,0.55270964,-0.37279227,0.333456,-0.3468564,0.29627463,-0.34760016,0.27123234,-0.34935305,0.6412887,-0.38975063,0.25935426,-0.37226793,0.4961325,-0.19558963,0.34227148,-0.1853814,1.0,0.0070174537,0.0,0.0,1.1469564,0.6105979,-0.10762361,0.5975384,0.64498454,0.3575165,0.37831953,0.35632822,0.55683774,0.2248178,0.45666793,0.24211973,0.55611575,0.17695838,0.44927678,0.18882073,0.57232183,0.20505491,0.43575063,0.2131106,0.84522814,1.0069364,0.22334473,1.0,1.439857,1.6293532,-0.3822584,1.6322013,1.5542908,2.3081741,-0.58361334,2.3075032,1.4845469,2.4032118,-0.4980003,2.3984416,1.7703974,2.5631232,-0.81119645,2.5361314
546.jpg,0.37526482,-0.25573808,0.4462427,-0.35564846,0.49405512,-0.36292642,0.5409347,-0.37084156,0.32510698,-0.34637466,0.290455,-0.34820515,0.26636413,-0.35106122,0.6320692,-0.38578472,0.26307294,-0.37487578,0.4842592,-0.19186032,0.33276775,-0.18483725,1.0,0.0132257575,0.0,0.0,1.1473297,0.61122495,-0.11632283,0.5980086,0.63408166,0.35404524,0.37188482,0.3469372,0.5471527,0.21837737,0.45200813,0.2287913,0.5511252,0.17030562,0.44404894,0.1790816,0.5661194,0.19929546,0.43008757,0.20483106,0.84734017,1.0075123,0.22306862,1.0,1.4495258,1.6250907,-0.38975492,1.6253722,1.5614723,2.3094609,-0.6117233,2.3036616,1.4880732,2.412774,-0.5302845,2.4046738,1.7898606,2.5658848,-0.85072815,2.5381532
547.jpg,0.40217394,-0.2549186,0.47387916,-0.3527308,0.52198,-0.36035225,0.5656116,-0.3682273,0.34631863,-0.34304643,0.30807143,-0.34511587,0.2819345,-0.34837377,0.64668614,-0.38354564,0.26768285,-0.37142813,0.50935596,-0.19288227,0.3526288,-0.1818056,1.0,0.007812393,0.0,0.0,1.1520784,0.60400045,-0.10545719,0.5987719,0.6358234,0.35042343,0.38939422,0.33309603,0.54763997,0.21858959,0.46945047,0.22120276,0.54949075,0.17350046,0.46228203,0.17778057,0.5658875,0.20237957,0.44719294,0.2022304,0.8594341,1.008606,0.23231885,1.0,1.4523411,1.6094462,-0.3739876,1.6178585,1.5605156,2.2868237,-0.60237676,2.288386,1.4844853,2.3871188,-0.53225905,2.3771706,1.781763,2.5412385,-0.7821109,2.530677
548.jpg,0.39879763,-0.24935114,0.46708173,-0.34530798,0.513963,-0.3529751,0.55819786,-0.3612547,0.34227425,-0.33649102,0.30364412,-0.3383327,0.27771232,-0.34155604,0.64268804,-0.38086236,0.26446962,-0.3690209,0.50527376,-0.1892061,0.34933767,-0.1779139,1.0,0.0049722074,0.0,0.0,1.1512941,0.6035924,-0.11046006,0.5952512,0.6486553,0.36215553,0.38210616,0.340622,0.5537549,0.236032,0.46144685,0.2323893,0.55354726,0.18741083,0.45618674,0.1856445,0.5709011,0.21612383,0.44145653,0.20881097,0.85201395,1.0108764,0.22508562,1.0,1.4609298,1.6122893,-0.39105558,1.6173937,1.5575653,2.2817276,-0.61234957,2.2836866,1.478165,2.3791778,-0.5388035,2.3739233,1.7855519,2.542488,-0.79784316,2.5286784
549.jpg,0.39118928,-0.2454462,0.46369842,-0.34531394,0.5105029,-0.35203487,0.55687565,-0.35844392,0.3395209,-0.3387937,0.30310476,-0.3419862,0.2768956,-0.34625235,0.6462885,-0.37091565,0.26932067,-0.37005314,0.49877754,-0.18528254,0.34275794,-0.17699811,1.0,0.014138906,0.0,0.0,1.1536663,0.60479563,-0.10869248,0.588714,0.64619416,0.3682187,0.38499883,0.33688834,0.5495227,0.24107721,0.46038982,0.22183554,0.5513278,0.19157632,0.4546625,0.17516826,0.5689321,0.22042322,0.44128752,0.20092699,0.8616778,1.0093066,0.23512465,1.0,1.4728543,1.6027073,-0.3894955,1.6119714,1.5592632,2.2661388,-0.6114758,2.2650042,1.4764317,2.3640127,-0.54133075,2.3479419,1.7957326,2.5229945,-0.7711549,2.4978423
550.jpg,0.3808118,-0.2553017,0.44957227,-0.35608643,0.49582085,-0.36318016,0.5425243,-0.37012905,0.33008444,-0.3489958,0.29594144,-0.3520157,0.27147326,-0.35625732,0.6350215,-0.3819216,0.270689,-0.3796404,0.48901144,-0.19274418,0.33888155,-0.18524364,1.0,0.012707615,0.0,0.0,1.148581,0.6051375,-0.11609171,0.5851459,0.63857895,0.36693117,0.37051746,0.34006524,0.5434413,0.23670325,0.45091704,0.22636314,0.54539704,0.18793353,0.44437253,0.17861553,0.56158996,0.21609546,0.43058097,0.20303538,0.85367644,1.0100734,0.22751905,1.0,1.4621401,1.6117212,-0.39312458,1.6240247,1.5530171,2.2806249,-0.60961664,2.2861652,1.4790994,2.3816617,-0.52983016,2.3752992,1.7611252,2.5426192,-0.8441117,2.5178037
551.jpg,0.38867113,-0.24545068,0.45953706,-0.34867164,0.50722194,-0.35705322,0.55362767,-0.3650221,0.33562118,-0.3386957,0.29983532,-0.340826,0.27399674,-0.34429738,0.64555836,-0.38140476,0.2671948,-0.37065667,0.49866104,-0.18624316,0.34377128,-0.17566009,1.0,0.010731866,0.0,0.0,1.1442336,0.60690355,-0.11141201,0.5878274,0.63623315,0.3663455,0.37085703,0.34286314,0.5435547,0.23961422,0.44893998,0.23069938,0.5451973,0.19232263,0.4425002,0.18338089,0.5626086,0.2199333,0.4297962,0.20706356,0.85280955,1.0104243,0.22724675,1.0,1.4693002,1.597824,-0.3957376,1.6069711,1.5541395,2.267507,-0.6190971,2.264602,1.4740462,2.3639588,-0.55375206,2.347906,1.7817982,2.523145,-0.7929881,2.5060897
617.jpg,0.50817984,-0.45985016,0.5745765,-0.5268872,0.60938716,-0.5262156,0.6390143,-0.52493083,0.45047745,-0.52731687,0.4101332,-0.52586716,0.37118387,-0.52387905,0.70440036,-0.48672104,0.31410083,-0.48807147,0.59021544,-0.37220898,0.43301946,-0.37355918,1.0,0.017682498,0.0,0.0,1.0736498,0.6114119,-0.15483521,0.5734914,0.5724983,0.31691614,0.35518685,0.29846036,0.4976869,0.16860029,0.4307945,0.16494738,0.5121733,0.12961371,0.42725047,0.12096326,0.5216876,0.15758519,0.4107291,0.15502082,0.8469577,1.0033058,0.23258927,1.0,1.4377103,1.5702696,-0.40527102,1.5885701,1.5304525,2.2133079,-0.5072006,2.2367237,1.4623641,2.2961004,-0.40328845,2.3297997,1.7275007,2.4519827,-0.7535418,2.4912646
618.jpg,0.49094296,-0.47314662,0.5609465,-0.547541,0.5944842,-0.54653895,0.6274631,-0.5434124,0.4387416,-0.54531616,0.39891925,-0.5445824,0.36237043,-0.54221344,0.69563794,-0.49563074,0.306082,-0.5015842,0.5725457,-0.38538375,0.4172975,-0.39308044,1.0,0.02069756,0.0,0.0,1.0742853,0.61462104,-0.14873879,0.58012587,0.57912165,0.33186653,0.35408303,0.3195068,0.49797803,0.19070111,0.427604,0.19600311,0.5111123,0.14903924,0.4253186,0.14941844,0.522621,0.17513819,0.40741464,0.17974624,0.8497471,0.9991795,0.23810633,1.0,1.459292,1.5649098,-0.39755425,1.5967497,1.5376376,2.2198765,-0.4937589,2.2504635,1.4673969,2.3017006,-0.39324886,2.3432045,1.7218016,2.4617488,-0.7505836,2.500428
619.jpg,0.4910559,-0.4723736,0.55650765,-0.54737115,0.58923215,-0.5454943,0.6325543,-0.54225075,0.43831706,-0.54758465,0.39726606,-0.5466765,0.35929498,-0.54463685,0.6953376,-0.49766892,0.29807946,-0.5039701,0.5679448,-0.38462892,0.41433394,-0.39008325,1.0,0.014346044,0.0,0.0,1.0999182,0.6095502,-0.13695756,0.5773943,0.6036313,0.34013578,0.36054024,0.3291157,0.5225257,0.19854587,0.43698683,0.20371006,0.53078,0.15781802,0.4316187,0.15431227,0.5430494,0.18403444,0.41493127,0.1846329,0.85729444,0.9978889,0.2423853,1.0,1.4672151,1.5655022,-0.38450536,1.60344,1.5480657,2.2193916,-0.47901043,2.255381,1.4668496,2.3084843,-0.36997154,2.3490305,1.7659619,2.4615347,-0.7292568,2.5111988
620.jpg,0.48165083,-0.4673856,0.5499311,-0.54109156,0.58346087,-0.5407824,0.62264615,-0.5388465,0.42815542,-0.5404738,0.38834214,-0.5414876,0.3501177,-0.5416018,0.6883025,-0.49478912,0.29671487,-0.50402087,0.5619667,-0.38168246,0.4057491,-0.3844346,1.0,0.015683899,0.0,0.0,1.1067839,0.60725206,-0.12863576,0.5761004,0.5999245,0.3400475,0.3687259,0.3241951,0.5198458,0.19464168,0.44322842,0.19694002,0.5285139,0.15286355,0.43758824,0.1498852,0.5418169,0.18011494,0.42184123,0.18055095,0.86167884,0.9918088,0.24453436,1.0,1.4792289,1.5542964,-0.38581535,1.5891722,1.5714655,2.2038007,-0.47148824,2.2315373,1.5053885,2.2853155,-0.3671186,2.3219624,1.7748238,2.4418833,-0.71359575,2.4808667
621.jpg,0.47563437,-0.48226684,0.5426248,-0.555122,0.5765746,-0.55549353,0.6148177,-0.5563606,0.4202785,-0.55400383,0.37927797,-0.55420774,0.33948463,-0.5564616,0.6825306,-0.51409954,0.28904462,-0.5201381,0.5566847,-0.3969689,0.4001035,-0.3971788,1.0,0.0024555116,0.0,0.0,1.1097525,0.5719949,-0.12774445,0.5685596,0.623724,0.33753097,0.37170112,0.33720338,0.53062475,0.19842595,0.44179422,0.21047106,0.53516006,0.15267286,0.430696,0.15965086,0.55113053,0.1794883,0.41793725,0.1895484,0.866702,0.9992513,0.24760057,1.0,1.4908713,1.5604049,-0.38105372,1.5736388,1.5861874,2.1971111,-0.46466517,2.2259064,1.5052394,2.2857127,-0.35119563,2.3262105,1.7750802,2.4427009,-0.7067724,2.4784393
622.jpg,0.48060778,-0.4861901,0.5399293,-0.5595454,0.5723668,-0.5605429,0.61181,-0.5614185,0.42203626,-0.55582815,0.37958175,-0.5551011,0.34010303,-0.5552808,0.6775415,-0.52126646,0.28499967,-0.5166653,0.5587375,-0.4027921,0.40713957,-0.39919668,1.0,-0.00351336,0.0,0.0,1.1193492,0.5695079,-0.119101085,0.5668852,0.63694894,0.34308335,0.38472307,0.33333457,0.54072124,0.21083643,0.4584425,0.21380818,0.5424525,0.16294156,0.44330347,0.15887721,0.5584242,0.18799815,0.42864665,0.18640217,0.87667775,0.9936845,0.25771174,1.0,1.4914081,1.5537738,-0.3696122,1.5792617,1.6064508,2.2029042,-0.45308334,2.2376788,1.5430348,2.2892284,-0.3481577,2.331702,1.7943965,2.44639,-0.70043504,2.4872591
650.jpg,0.4835166,-0.4673203,0.547256,-0.5436316,0.57679474,-0.54382694,0.6113592,-0.5443969,0.41696283,-0.5382914,0.37233654,-0.5346086,0.33147484,-0.5313414,0.6641987,-0.5114924,0.280021,-0.49573457,0.5618972,-0.3833818,0.40649405,-0.38359576,1.0,-0.0069385115,0.0,0.0,1.1406984,0.57979697,-0.12872183,0.59738076,0.58866346,0.30522949,0.34913316,0.31233737,0.49755505,0.17561868,0.42149884,0.17993996,0.501694,0.12568843,0.4144243,0.13106322,0.5224463,0.15879929,0.40368712,0.16780539,0.9046476,0.98123085,0.32182023,1.0,1.2475755,1.6942117,-0.12853928,1.6675773,1.2206023,2.3105257,0.09360294,2.3325174,1.1544136,2.4065945,0.23076513,2.4336367,1.4028659,2.5483143,-0.169714,2.587823
651.jpg,0.48857588,-0.4680865,0.5530518,-0.54392475,0.5832467,-0.5445747,0.6174382,-0.54544026,0.4239581,-0.53606445,0.37971237,-0.53213066,0.33879998,-0.5268646,0.6718487,-0.51166564,0.28612798,-0.4923394,0.5673712,-0.38501832,0.41314736,-0.38567892,1.0,-0.010026515,0.0,0.0,1.1479856,0.5804909,-0.123973824,0.6000434,0.59637654,0.30402133,0.3413006,0.3171058,0.5050245,0.17324644,0.4162815,0.18345182,0.508377,0.12178933,0.40963838,0.13194743,0.52885103,0.15511133,0.3975702,0.16839418,0.911288,0.97899455,0.32854098,1.0,1.2466369,1.682995,-0.122937575,1.6657015,1.218039,2.3004227,0.0920029,2.336925,1.1566774,2.4008374,0.22634415,2.4393167,1.401445,2.5419123,-0.1708986,2.5904598
652.jpg,0.46095136,-0.4742355,0.5311853,-0.54507893,0.5705913,-0.54640937,0.5980063,-0.546189,0.39953774,-0.54050034,0.3587406,-0.5377656,0.31411228,-0.534924,0.65764225,-0.5089655,0.2748076,-0.49693152,0.54946464,-0.38782996,0.3861143,-0.39217657,1.0,-0.0061247223,0.0,0.0,1.1256797,0.57535833,-0.13049409,0.59387684,0.5861246,0.2972156,0.3423725,0.30561012,0.49272126,0.16198687,0.40807974,0.17349567,0.49681997,0.10950075,0.3980339,0.12219649,0.51843065,0.14363097,0.3891353,0.16055982,0.90077883,0.9844666,0.323845,1.0,1.2363989,1.6934587,-0.1308325,1.6648427,1.2029084,2.3169289,0.09787927,2.3218946,1.1334307,2.4273896,0.23137341,2.4144082,1.4115106,2.5469,-0.1373807,2.5772774
653.jpg,0.47213063,-0.47495216,0.5387361,-0.54618615,0.57653403,-0.54845804,0.60307586,-0.54914767,0.41040128,-0.53932464,0.36785838,-0.5356084,0.32356378,-0.5323617,0.6604213,-0.51246995,0.28034744,-0.49612984,0.55719185,-0.39128143,0.39631224,-0.39252076,1.0,-0.010464231,0.0,0.0,1.1291834,0.5728018,-0.12712179,0.5911792,0.5923763,0.2978906,0.34646627,0.30781564,0.4968485,0.16192585,0.412301,0.17550766,0.49948353,0.10934108,0.40252757,0.124441035,0.5221727,0.14308354,0.39434913,0.16225559,0.9040527,0.98533505,0.3238008,1.0,1.2375053,1.6979338,-0.13369693,1.6634835,1.2097677,2.3035605,0.09902158,2.328865,1.1506528,2.4079456,0.23274712,2.4227684,1.3877395,2.5455678,-0.1339407,2.5854375
693.jpg,0.4933105,-0.46845576,0.5556716,-0.5425681,0.5875529,-0.5437683,0.62601775,-0.5447962,0.43133438,-0.5368575,0.38938433,-0.5362824,0.3512518,-0.53480965,0.68468904,-0.5088475,0.29229507,-0.497183,0.57478315,-0.38652718,0.42558354,-0.3862173,1.0,-0.009315218,0.0,0.0,1.1028979,0.569992,-0.11156832,0.56933844,0.6341723,0.33474287,0.36665782,0.3215776,0.54180235,0.2035403,0.43466112,0.20475675,0.5500123,0.15677607,0.42680472,0.15380034,0.5655452,0.18397121,0.41420144,0.18307027,0.90624386,0.9819837,0.28474483,1.0,1.4710264,1.5711145,-0.35736907,1.5847499,1.7307284,2.150583,-0.4968825,2.1766074,1.6758004,2.248036,-0.4084588,2.2541356,1.8894176,2.3753092,-0.7448347,2.4273107
694.jpg,0.4870763,-0.47588256,0.54807365,-0.5496052,0.58096933,-0.550562,0.614073,-0.5500755,0.4236085,-0.541921,0.38190246,-0.53936225,0.34217766,-0.53448707,0.6806773,-0.5049985,0.2886466,-0.49005252,0.57257855,-0.39555448,0.41702747,-0.3917778,1.0,-0.0009349302,0.0,0.0,1.084281,0.584469,-0.12594724,0.57632476,0.6068909,0.33187667,0.35966158,0.32734203,0.5209907,0.2001821,0.42876095,0.21461809,0.53482044,0.15634204,0.4258479,0.16400623,0.54867077,0.18213862,0.41063616,0.19273387,0.89125824,0.988686,0.2694012,1.0,1.4505544,1.5730681,-0.3733435,1.5824858,1.7025357,2.1511016,-0.5192655,2.179935,1.6442511,2.2560382,-0.43449408,2.2564907,1.868997,2.3716664,-0.7677659,2.4229395
695.jpg,0.49541304,-0.4615995,0.55852586,-0.53465515,0.5922781,-0.5354278,0.62204766,-0.53583604,0.43133354,-0.5303395,0.389676,-0.5278458,0.3492813,-0.5256575,0.6837177,-0.5017614,0.2942843,-0.49242193,0.5795317,-0.37690464,0.41808823,-0.37206772,1.0,-0.0010303168,0.0,0.0,1.0662686,0.58908486,-0.12005666,0.57998306,0.6019839,0.30902848,0.3624439,0.29981163,0.5230841,0.17353405,0.42496216,0.18083027,0.53542453,0.12904164,0.4167045,0.12735233,0.54702586,0.1557087,0.40370208,0.15815376,0.8782262,0.9914838,0.2627964,1.0,1.4153516,1.5713795,-0.37803116,1.572711,1.6531802,2.1450663,-0.5188517,2.1610885,1.5973728,2.240513,-0.4322915,2.2420046,1.8198315,2.3580608,-0.762494,2.4097462
744.jpg,0.5144182,-0.4944981,0.5702116,-0.5720691,0.5998956,-0.57331616,0.63076687,-0.5739678,0.447055,-0.5642574,0.40460026,-0.5616872,0.36263043,-0.5564525,0.6798826,-0.53290296,0.3066919,-0.5123967,0.5919507,-0.40959373,0.44130656,-0.40439257,1.0,-0.003378395,0.0,0.0,1.1085382,0.5895094,-0.09007423,0.5906464,0.6281554,0.3426698,0.37268215,0.32834816,0.5451598,0.20649348,0.44422022,0.20838526,0.56087345,0.15585053,0.4405141,0.15411492,0.57303864,0.18453385,0.42495516,0.18453412,0.857708,0.9942845,0.24988034,1.0,1.4960003,1.5669985,-0.31454605,1.610576,1.6204939,2.2066882,-0.42390412,2.1828241,1.5319959,2.3027139,-0.35307252,2.2607772,1.8583705,2.4699605,-0.62848026,2.4485078
745.jpg,0.5046152,-0.48155126,0.56730705,-0.5576949,0.5992498,-0.55883527,0.63098454,-0.5588113,0.44406372,-0.5495209,0.402989,-0.5467961,0.36159307,-0.5419956,0.6882395,-0.5174115,0.3082793,-0.50097376,0.58353436,-0.39746025,0.43357366,-0.39525467,1.0,0.0062619112,0.0,0.0,1.0990531,0.5928589,-0.09499869,0.5874929,0.6155236,0.35051766,0.3640678,0.3439248,0.5398621,0.21544674,0.4412577,0.2293012,0.5567145,0.16581212,0.4374696,0.1733808,0.5686937,0.19270843,0.42124352,0.2008303,0.84614694,0.99690956,0.23654419,1.0,1.48343,1.5612079,-0.32222554,1.6053715,1.6127306,2.1975894,-0.43382186,2.1788008,1.5263687,2.2945037,-0.3590474,2.2561927,1.8486253,2.4600184,-0.64812297,2.4393418
746.jpg,0.50669765,-0.49048385,0.5695431,-0.5641352,0.6019135,-0.5646342,0.6363199,-0.56393045,0.44594455,-0.55785716,0.40464553,-0.5556105,0.36428884,-0.5503558,0.6941025,-0.5188891,0.30980682,-0.5063667,0.5865769,-0.4070484,0.43678594,-0.4041539,1.0,0.0049912683,0.0,0.0,1.0950687,0.6003527,-0.11095997,0.58554393,0.6145914,0.35241425,0.3677853,0.3396522,0.53544545,0.22047357,0.4435633,0.23156285,0.55077666,0.16887063,0.4397125,0.17145549,0.5624925,0.19808762,0.42079592,0.20033754,0.84500635,1.0038466,0.23388888,1.0,1.4783514,1.5812051,-0.3318082,1.6045063,1.611742,2.2181761,-0.4564103,2.1980183,1.525435,2.3167484,-0.3764914,2.274798,1.8351568,2.4704792,-0.6670192,2.454359
747.jpg,0.5240253,-0.48699594,0.5868037,-0.5604453,0.61766076,-0.55994505,0.6520311,-0.55791104,0.46341014,-0.5558641,0.42070916,-0.5535079,0.37940392,-0.5485924,0.70518386,-0.51159966,0.3203661,-0.5059361,0.59987843,-0.39954805,0.44673455,-0.39956567,1.0,0.009512917,0.0,0.0,1.0838516,0.60484135,-0.1157626,0.5823052,0.6110089,0.35171744,0.37034667,0.34287423,0.5343008,0.21913958,0.447421,0.2360302,0.55170244,0.16456996,0.44476387,0.17470948,0.5628311,0.19210035,0.4254779,0.20217393,0.8397402,1.0023512,0.22878711,1.0,1.4767061,1.5970838,-0.33866912,1.6047108,1.5885412,2.229079,-0.46025535,2.2163556,1.4998531,2.3234565,-0.3787837,2.3034043,1.8341603,2.487365,-0.68310285,2.4670439
771.jpg,0.52823913,-0.5200418,0.59406734,-0.59343165,0.62550974,-0.59295374,0.6559925,-0.59383816,0.46438855,-0.5916353,0.4222601,-0.58920145,0.37766868,-0.58699787,0.70554006,-0.5509629,0.32852158,-0.5433729,0.60032135,-0.42691898,0.44614932,-0.42955095,1.0,-0.0038268818,0.0,0.0,1.1068193,0.6342988,-0.095826894,0.62383014,0.60813165,0.33488247,0.3655094,0.32722774,0.52826005,0.19414099,0.42667735,0.18939343,0.54601145,0.14298879,0.41720435,0.13675423,0.55958676,0.17429124,0.40988612,0.17166813,0.77776253,1.0133547,0.18582112,1.0,1.214664,1.7315427,-0.09298253,1.7285626,1.0743791,2.3916895,-0.02921686,2.3821406,0.96788216,2.4915628,0.05765619,2.479014,1.3429015,2.6774647,-0.18519922,2.6482582
772.jpg,0.5503254,-0.52676976,0.60626376,-0.5984226,0.6363372,-0.5984004,0.66553026,-0.5985545,0.4792383,-0.5969919,0.43555167,-0.5941139,0.38984346,-0.59055644,0.70506954,-0.5516245,0.33366236,-0.542424,0.61628807,-0.42621166,0.46951225,-0.4251661,1.0,-0.0038549553,0.0,0.0,1.1061908,0.63361686,-0.11699185,0.6254063,0.6135658,0.3490794,0.35991788,0.34927177,0.5242071,0.21339193,0.42933843,0.2218949,0.5374859,0.15968846,0.42077106,0.16804205,0.5540547,0.19217639,0.41133267,0.2034874,0.7836396,1.0158235,0.18246157,1.0,1.2454038,1.707175,-0.11848432,1.7267934,1.0899352,2.370396,-0.029686593,2.352784,0.9714059,2.4719987,0.049552944,2.4394238,1.3395767,2.6492007,-0.20283395,2.623053
773.jpg,0.52188003,-0.54821575,0.5865406,-0.6214651,0.6223604,-0.619855,0.6566438,-0.61810225,0.4541117,-0.6202446,0.41065457,-0.6190555,0.36742744,-0.6158611,0.7109351,-0.5623237,0.32119665,-0.5580107,0.5988894,-0.44326597,0.44020525,-0.43961534,1.0,-0.00032202664,0.0,0.0,1.1031668,0.63664365,-0.10465898,0.62622553,0.61177117,0.35045245,0.3527967,0.34615102,0.5194292,0.21658947,0.4193178,0.22549236,0.5333967,0.16053428,0.41240293,0.16685353,0.55151606,0.19383089,0.40361938,0.202424,0.7826876,1.012193,0.18472129,1.0,1.248829,1.7100068,-0.0967493,1.7149588,1.1007147,2.3714328,-0.0062442226,2.365794,0.98142004,2.4705634,0.07390971,2.4555588,1.3548337,2.653545,-0.18077081,2.6355627
774.jpg,0.5240155,-0.5228354,0.5893207,-0.59344256,0.62262106,-0.5914744,0.65133333,-0.58899486,0.46303594,-0.5943411,0.4223336,-0.59262466,0.37786683,-0.590624,0.7018931,-0.54157865,0.3291693,-0.5471198,0.5967165,-0.4241796,0.4374813,-0.43188077,1.0,-0.00035240795,0.0,0.0,1.1027592,0.62804693,-0.108432144,0.6255594,0.6050536,0.35684034,0.35571137,0.355929,0.52095455,0.22512153,0.42323607,0.23701364,0.53790224,0.17290683,0.41747206,0.17840087,0.5547859,0.20074926,0.40864277,0.21036024,0.7909332,1.0085174,0.19435462,1.0,1.2435265,1.7179446,-0.085731514,1.727118,1.104162,2.3862891,0.00822375,2.3871498,0.99432653,2.487037,0.09219224,2.4777155,1.3622898,2.6707618,-0.17533651,2.6528506
978.jpg,0.51264125,-0.52374053,0.5830777,-0.5965687,0.62167734,-0.59666425,0.6510502,-0.59534633,0.4554139,-0.5957966,0.4114835,-0.5939932,0.36945426,-0.59319603,0.70405734,-0.5505174,0.32217076,-0.55308807,0.59089893,-0.42669982,0.42718986,-0.43072546,1.0,0.012853045,0.0,0.0,1.0785903,0.672484,-0.14732379,0.64470845,0.5891816,0.33510652,0.35612595,0.3418279,0.5222639,0.18071945,0.43164602,0.19927695,0.5396349,0.12867557,0.4226647,0.14163284,0.54627836,0.16385072,0.40848053,0.1841309,0.7868873,1.0128398,0.18121372,1.0,1.4073504,1.5850258,-0.3933655,1.5964513,1.4335692,2.2819924,-0.5191141,2.2536995,1.3269545,2.3900445,-0.43799773,2.3513844,1.6790308,2.5574832,-0.7214139,2.5118105
979.jpg,0.53711677,-0.5282356,0.60321325,-0.6049237,0.6301771,-0.60342705,0.6664845,-0.6031967,0.47993314,-0.6061575,0.43461496,-0.6052366,0.39271796,-0.60492533,0.71357155,-0.56026894,0.3338172,-0.5661465,0.60135275,-0.43134812,0.4548766,-0.43713436,1.0,0.00043453122,0.0,0.0,1.0746423,0.6713415,-0.12324772,0.6558026,0.58877057,0.30676422,0.37431556,0.3236513,0.5258254,0.1534042,0.45135006,0.15978366,0.54207057,0.10304926,0.43337336,0.10187813,0.5481688,0.14323303,0.41760683,0.1515817,0.7941475,1.0116705,0.18344614,1.0,1.4285399,1.56244,-0.3642527,1.593087,1.457025,2.2679842,-0.4975776,2.243537,1.354762,2.3710403,-0.41777822,2.3369265,1.7083814,2.5508378,-0.7039428,2.511277
980.jpg,0.52556336,-0.5276202,0.5882274,-0.607493,0.6176824,-0.60710263,0.656031,-0.60665333,0.46651742,-0.6046314,0.4209664,-0.6034645,0.37932926,-0.6008428,0.7048098,-0.5604979,0.31760702,-0.5638211,0.5935875,-0.43014973,0.4474374,-0.4323306,1.0,0.008197008,0.0,0.0,1.0885397,0.67467856,-0.12041603,0.65619606,0.5884649,0.33820525,0.35817388,0.35277662,0.5117401,0.1815058,0.4346612,0.21643685,0.5282453,0.1262554,0.42488152,0.15517105,0.5364697,0.16131833,0.4087742,0.19592887,0.8018885,1.0144851,0.18905304,1.0,1.4330552,1.5556729,-0.36382726,1.5976299,1.4721476,2.277044,-0.49970454,2.2574754,1.3706255,2.3851244,-0.41831797,2.3462448,1.723396,2.558115,-0.7106283,2.517234
981.jpg,0.5174638,-0.5313045,0.57784754,-0.6142416,0.6091912,-0.6152406,0.6458774,-0.61608845,0.45241565,-0.61123896,0.40847936,-0.6101518,0.36537758,-0.61126864,0.70082766,-0.57060707,0.3071934,-0.5690135,0.59300715,-0.43914324,0.4404221,-0.4397326,1.0,-0.00085664756,0.0,0.0,1.0863948,0.66844845,-0.10966633,0.66301715,0.59562147,0.33569333,0.3709655,0.3405991,0.51711196,0.18588668,0.44396803,0.20990321,0.5316245,0.13388413,0.43569106,0.14929444,0.5405392,0.16352412,0.41889113,0.18589267,0.8143544,1.011134,0.19617693,1.0,1.4399606,1.5691042,-0.35761654,1.5955279,1.4848329,2.2693498,-0.47129464,2.2465644,1.3849655,2.3653884,-0.39312577,2.3346,1.7198489,2.5608525,-0.6751859,2.5187109
982.jpg,0.5399258,-0.53611434,0.5916068,-0.617067,0.62275976,-0.6173349,0.6607664,-0.61827034,0.47485963,-0.6154712,0.42445412,-0.61441684,0.3835967,-0.61299956,0.7003272,-0.57569337,0.31431296,-0.57428527,0.60061234,-0.4393105,0.46273014,-0.44149303,1.0,-0.0044693914,0.0,0.0,1.0894505,0.67324597,-0.09231004,0.6612766,0.5997962,0.31069162,0.38527316,0.3245996,0.53119147,0.15642244,0.45895076,0.15580493,0.54466784,0.10168103,0.43824026,0.09581168,0.5542072,0.14241265,0.4241649,0.14874753,0.81077194,1.0089204,0.20191868,1.0,1.4448283,1.5594136,-0.35035014,1.5950984,1.5013748,2.2636313,-0.45990103,2.2357306,1.4082654,2.3630893,-0.37982726,2.3256242,1.729031,2.5402067,-0.658409,2.5085087
983.jpg,0.5213131,-0.5426875,0.5747657,-0.6250162,0.6069715,-0.6249089,0.6454383,-0.6249869,0.45455238,-0.62124056,0.40577742,-0.6188138,0.36487663,-0.61534214,0.6923608,-0.57890964,0.3007638,-0.5727251,0.58724177,-0.44214663,0.44164848,-0.44227985,1.0,-0.00062521885,0.0,0.0,1.0984235,0.6733734,-0.09163546,0.6702211,0.60454,0.32390878,0.35323745,0.35844997,0.52481526,0.16586222,0.42241165,0.19923641,0.535416,0.11024604,0.40705085,0.13269983,0.5486107,0.14840753,0.39677805,0.18068029,0.80076754,1.0093337,0.19117978,1.0,1.4346987,1.575765,-0.3463295,1.6112274,1.5031513,2.2863426,-0.4482641,2.2539804,1.4084389,2.3891873,-0.3683478,2.3458595,1.7357409,2.565287,-0.6435006,2.521669
