1041.jpg,0.4669909,-0.4627139,0.53948873,-0.53656757,0.58065784,-0.53848124,0.6086786,-0.5383168,0.40944785,-0.53160065,0.3713243,-0.5303424,0.3302731,-0.52686167,0.68211067,-0.50199354,0.28796676,-0.49284008,0.55730826,-0.37617472,0.39258778,-0.37599608,1.0,-0.0059060124,0.0,0.0,1.0848006,0.59599406,-0.065428756,0.58875513,0.57462794,0.2567308,0.36211592,0.2678117,0.51212466,0.10793661,0.43443415,0.12363664,0.5235922,0.06398881,0.41835964,0.073276356,0.5319354,0.104515515,0.40385863,0.118170194,0.8483318,0.9972777,0.22915205,1.0,1.4648951,1.5778695,-0.24798182,1.6217027,1.8374668,2.2016175,-0.188113,2.2178533,1.8001584,2.294507,-0.06632196,2.3026047,2.0498366,2.4534278,-0.43175766,2.4552877
1042.jpg,0.47395426,-0.4637274,0.5452771,-0.53652275,0.5849018,-0.538425,0.6139657,-0.538976,0.41596583,-0.53246325,0.37712863,-0.5306149,0.33677545,-0.52817494,0.69017255,-0.5030047,0.29067963,-0.49792707,0.56061596,-0.37597907,0.39716145,-0.37966225,1.0,0.0020231183,0.0,0.0,1.0776471,0.6088305,-0.06597026,0.5912793,0.5726943,0.26760194,0.3562375,0.28031033,0.5121803,0.11628369,0.4318298,0.1369936,0.52816916,0.07107885,0.4143073,0.08606068,0.5349691,0.113240585,0.39906716,0.13258244,0.8367042,0.9995724,0.22229223,1.0,1.4508926,1.6140119,-0.20855445,1.6622632,1.8886981,2.255665,-0.15050112,2.2860122,1.8527247,2.343354,-0.034666795,2.3665466,2.11642,2.5262878,-0.39227778,2.5211637
1043.jpg,0.47960782,-0.44966576,0.5496249,-0.522106,0.59151626,-0.52309877,0.61933565,-0.52289003,0.42081055,-0.5201156,0.38369882,-0.51885784,0.34176743,-0.5164302,0.6936001,-0.48787272,0.29651198,-0.48860982,0.56420755,-0.3621386,0.4012165,-0.3683252,1.0,0.0088628,0.0,0.0,1.0643722,0.61614305,-0.07565976,0.5855724,0.5679159,0.26566625,0.36858642,0.26520732,0.5097636,0.11890759,0.4466133,0.12792839,0.5253144,0.06987257,0.42740297,0.07259833,0.5333537,0.114605434,0.4099617,0.12006765,0.8328765,0.9972372,0.22396344,1.0,1.4363859,1.6272069,-0.15298913,1.6789529,1.8994027,2.2766404,-0.08981833,2.313032,1.8569568,2.3630087,0.026668647,2.3959045,2.1443462,2.5616808,-0.3387833,2.5477846
1044.jpg,0.4864556,-0.467869,0.5590308,-0.5434031,0.59689796,-0.5421209,0.6262701,-0.53924936,0.42926818,-0.5399681,0.3907395,-0.5372938,0.35088685,-0.53463316,0.6995749,-0.4943275,0.30106336,-0.4952547,0.56843394,-0.3847497,0.40979514,-0.3916904,1.0,0.016926661,0.0,0.0,1.0462271,0.627852,-0.070689745,0.59089726,0.57677615,0.2596726,0.37351808,0.26876858,0.5173955,0.114266485,0.44388855,0.12867638,0.5335883,0.0639368,0.42685816,0.0739409,0.5426243,0.1042111,0.4128117,0.12033285,0.83853287,0.98666745,0.23341347,1.0,1.4284712,1.6139613,-0.11232195,1.6984552,1.8595484,2.2963521,-0.029370906,2.325286,1.7948021,2.4056482,0.08542939,2.4259381,2.1812348,2.5630014,-0.28477925,2.580314
1045.jpg,0.49525824,-0.46049592,0.5657296,-0.5379089,0.5992428,-0.53734964,0.6388828,-0.53557134,0.4381796,-0.5329222,0.39759165,-0.53133655,0.35764503,-0.5268827,0.7075705,-0.4905293,0.3030083,-0.48834547,0.57979494,-0.37734216,0.42474374,-0.38325134,1.0,0.010501563,0.0,0.0,1.0475932,0.616167,-0.084091194,0.5924938,0.5584953,0.26939765,0.37417546,0.27310106,0.50196165,0.12462993,0.44850034,0.13462992,0.52015364,0.075595096,0.43115553,0.08122615,0.52763575,0.11661589,0.41287404,0.12738895,0.83091,0.9821887,0.23197567,1.0,1.4213673,1.6007191,-0.068637036,1.7297318,1.7809184,2.2975667,0.011070015,2.3398604,1.7045085,2.4090345,0.13743082,2.448433,2.1094108,2.5734894,-0.22688854,2.5887306
1074.jpg,0.5177262,-0.453469,0.5655255,-0.5298405,0.607258,-0.52986825,0.6478217,-0.5283578,0.45478472,-0.52933383,0.4117879,-0.5281068,0.3752469,-0.5292912,0.70976037,-0.4868856,0.30120394,-0.493019,0.5845856,-0.36559588,0.43469945,-0.3755837,1.0,0.006750269,0.0,0.0,1.0276803,0.5906302,-0.10460492,0.58342195,0.5691011,0.27450177,0.36729664,0.28587925,0.49784598,0.13007309,0.43442622,0.14465678,0.51105565,0.082071245,0.42312703,0.09442213,0.52169746,0.11967429,0.40879405,0.13993998,0.9281581,0.95703816,0.3273098,1.0,1.5529481,1.5660123,0.041312467,1.6728649,1.980974,2.1976845,0.1738405,2.2622082,1.9432272,2.3129401,0.3046662,2.3593352,2.2583933,2.3966491,-0.09271187,2.5028768
1075.jpg,0.53016084,-0.4522404,0.5721489,-0.52823246,0.6106061,-0.5284693,0.6489575,-0.52783173,0.46003133,-0.5304281,0.4159952,-0.529947,0.37454733,-0.5306384,0.69682276,-0.49331704,0.29353973,-0.49436736,0.59256184,-0.36560795,0.442587,-0.37582326,1.0,0.0012479766,0.0,0.0,1.0357635,0.5962041,-0.09167236,0.5824811,0.5680452,0.2705359,0.36810902,0.2736375,0.4988799,0.124117464,0.43076524,0.12921843,0.51542276,0.0778235,0.420039,0.08031791,0.5263556,0.115550935,0.40982962,0.124724135,0.9269951,0.95699584,0.33144528,1.0,1.5861912,1.5456015,0.02941645,1.6469514,2.0253317,2.1991544,0.14555137,2.2450476,1.988923,2.3199024,0.27914295,2.3397696,2.3225384,2.4062493,-0.118023686,2.4848495
1076.jpg,0.51484835,-0.45935062,0.55753577,-0.5332391,0.59707445,-0.5329608,0.63541824,-0.5315543,0.4500735,-0.53595483,0.40645984,-0.53616905,0.3680502,-0.5381636,0.6906698,-0.49193412,0.29096752,-0.50199616,0.57716477,-0.37310788,0.42907837,-0.38556513,1.0,0.0036875412,0.0,0.0,1.0498453,0.5869652,-0.09541567,0.58098906,0.5758697,0.26470146,0.37009928,0.27481818,0.5061001,0.12183592,0.43753657,0.13822685,0.52077764,0.076637484,0.4249137,0.08947463,0.5321466,0.11378527,0.4104529,0.13366835,0.92942077,0.96205634,0.32403678,1.0,1.5951821,1.5319576,-0.013693172,1.6280334,2.038296,2.1930182,0.10680655,2.2240038,1.9950016,2.3153617,0.2364502,2.316848,2.3621871,2.3840032,-0.15961145,2.4545727
1077.jpg,0.52595687,-0.46496266,0.563345,-0.5356225,0.6008443,-0.5365759,0.63753986,-0.53726065,0.45990118,-0.53433233,0.41417706,-0.53503937,0.3687762,-0.53586704,0.683833,-0.5025,0.2797848,-0.5070794,0.5802238,-0.3818956,0.4466521,-0.3882806,1.0,-0.016166056,0.0,0.0,1.0573348,0.56900096,-0.09291135,0.5782185,0.5692391,0.24824226,0.37961605,0.25169712,0.50269324,0.10417685,0.4435064,0.10094671,0.5112684,0.055299934,0.42321438,0.051903084,0.5247666,0.09664281,0.41019732,0.10107066,0.9365024,0.962287,0.33137932,1.0,1.6130918,1.5367681,-0.05950823,1.6137131,2.0605426,2.1947901,0.059520375,2.1976042,2.0038533,2.3179443,0.18803787,2.2850928,2.3800774,2.412385,-0.20064229,2.428228
1078.jpg,0.5180426,-0.4604005,0.5560446,-0.53235257,0.5921449,-0.5341021,0.6301201,-0.53536433,0.44917214,-0.52867305,0.4019461,-0.5284474,0.35900953,-0.52810013,0.67719615,-0.50174564,0.27408034,-0.49644095,0.5752847,-0.3774874,0.44100738,-0.38229677,1.0,-0.016463967,0.0,0.0,1.0711014,0.56714654,-0.084750876,0.57821286,0.56617826,0.24603534,0.38672274,0.24832216,0.49499574,0.10516622,0.44413438,0.10311362,0.504284,0.055979334,0.42715785,0.053878583,0.5190233,0.096183255,0.4146155,0.10281192,0.93813056,0.96661055,0.32502848,1.0,1.6300188,1.5239788,-0.09270303,1.6099547,2.044996,2.1819751,-0.0072384975,2.1819413,1.9760501,2.3008928,0.1222087,2.2675521,2.3492393,2.4153512,-0.26691198,2.4118865
1079.jpg,0.50102913,-0.4608935,0.54686004,-0.5385135,0.5746395,-0.540442,0.61178374,-0.5427928,0.4286549,-0.53191084,0.3834661,-0.53050965,0.34280512,-0.5290214,0.66149914,-0.5082531,0.26925614,-0.49287924,0.5735293,-0.38021302,0.42742744,-0.380261,1.0,-0.028410485,0.0,0.0,1.0667222,0.5469374,-0.082232274,0.5745187,0.5678071,0.23223944,0.39998323,0.25209123,0.49505833,0.09245438,0.4537933,0.10380926,0.504341,0.042712647,0.43705538,0.05231374,0.52115846,0.08398114,0.42620122,0.102100894,0.93738097,0.9690908,0.3240813,1.0,1.6338768,1.5187731,-0.11895951,1.5864354,1.9949807,2.1540492,-0.044877272,2.163743,1.9219534,2.2615032,0.08411682,2.2428422,2.2599924,2.3926272,-0.29768646,2.3851206
1080.jpg,0.49147126,-0.45416343,0.5516194,-0.5309449,0.58144313,-0.5320911,0.622344,-0.5333261,0.43028903,-0.52671385,0.3850238,-0.5259805,0.34392855,-0.52504313,0.67917866,-0.5018749,0.27662125,-0.49390543,0.57077456,-0.36846715,0.41541794,-0.37529582,1.0,-0.018610233,0.0,0.0,1.0610496,0.5716568,-0.07306009,0.5779146,0.56240517,0.24275361,0.39242667,0.2535466,0.49042195,0.099236704,0.4551241,0.11261921,0.5033897,0.05420559,0.44248864,0.06623603,0.5162205,0.09441706,0.4263286,0.11244036,0.944219,0.9774766,0.33065575,1.0,1.6312745,1.5394163,-0.13938318,1.6000327,1.949087,2.1708193,-0.09516324,2.1741047,1.8938427,2.2771971,0.018263627,2.2646406,2.2112107,2.4125519,-0.324929,2.411974
1124.jpg,0.52867544,-0.4734475,0.57548666,-0.5427532,0.61466295,-0.53895944,0.6540357,-0.5338069,0.46651483,-0.5501955,0.42109796,-0.54954636,0.37933037,-0.5510415,0.69616616,-0.4925539,0.2997389,-0.50959915,0.5902462,-0.38403183,0.43888474,-0.3974642,1.0,-0.012065559,0.0,0.0,1.0525323,0.5705089,-0.09405107,0.59060925,0.5804844,0.26483026,0.4074919,0.29705232,0.50380915,0.13014443,0.48016563,0.16452196,0.5201218,0.083813585,0.4657629,0.11748686,0.5343448,0.12231125,0.4485848,0.16033295,0.9317013,0.9615437,0.34166622,1.0,1.5044962,1.6224908,0.11154004,1.7303616,1.8630695,2.3038454,0.14004254,2.3426075,1.803681,2.4063246,0.24949376,2.4340825,2.151774,2.559301,-0.06602827,2.5897892
1125.jpg,0.53198725,-0.4785228,0.5755368,-0.5492727,0.61386657,-0.54571104,0.6529344,-0.54067415,0.46928805,-0.5570241,0.4250094,-0.55780095,0.3821551,-0.55992347,0.69295305,-0.4991725,0.2991015,-0.51972836,0.59108716,-0.38973472,0.4411688,-0.40292823,1.0,-0.015522317,0.0,0.0,1.0719242,0.5595703,-0.091269985,0.57981646,0.6101131,0.27486882,0.40174845,0.29490325,0.51785755,0.14438,0.47023812,0.16037849,0.5339954,0.09329662,0.45524117,0.1105869,0.54758924,0.12787704,0.43957,0.15269646,0.9379786,0.966218,0.34326485,1.0,1.5422491,1.629446,0.10192993,1.7262781,1.9605405,2.2941616,0.13214773,2.333073,1.9203707,2.394971,0.23577477,2.4236007,2.2163932,2.56246,-0.09442115,2.5778213
1126.jpg,0.533214,-0.4634741,0.5779276,-0.529819,0.61875325,-0.52755666,0.65380895,-0.5253162,0.46880972,-0.5430685,0.41976443,-0.5469488,0.38049266,-0.548449,0.6919158,-0.49350387,0.29359066,-0.510216,0.58930856,-0.37366202,0.44015747,-0.39195403,1.0,-0.01419634,0.0,0.0,1.0577519,0.5644454,-0.09616607,0.5764921,0.59154713,0.25428298,0.39922592,0.27469757,0.51080513,0.117791474,0.46971172,0.1305983,0.5270369,0.07011531,0.45375505,0.08280174,0.53793097,0.106271826,0.4357412,0.12680025,0.92909485,0.97151375,0.3299562,1.0,1.5589314,1.6155989,0.07156613,1.714907,2.0123067,2.2662482,0.10155617,2.3048234,1.9814031,2.3591852,0.19764341,2.3785548,2.270909,2.5466933,-0.12878786,2.5464427
1127.jpg,0.5359118,-0.48288807,0.5816136,-0.5454883,0.62117743,-0.5429084,0.6529373,-0.54024774,0.47535846,-0.55752635,0.42874467,-0.5623464,0.38497236,-0.56403744,0.6885139,-0.504806,0.29723224,-0.5234065,0.58786535,-0.39323866,0.4425311,-0.40951538,1.0,-0.018525712,0.0,0.0,1.0638169,0.55886126,-0.08373858,0.5759172,0.5956312,0.25570682,0.40147015,0.28766295,0.50752014,0.1222241,0.4732568,0.14961986,0.52585846,0.07232006,0.45527428,0.09955245,0.53674144,0.10616567,0.43702427,0.13985677,0.93066543,0.9681385,0.33310682,1.0,1.5768802,1.60378,0.04606643,1.7115839,2.037692,2.250675,0.06730433,2.3049223,2.0075068,2.3423562,0.16302419,2.384257,2.2837038,2.5318718,-0.17176008,2.5295181
1128.jpg,0.5486992,-0.4905051,0.59030277,-0.54935485,0.6267526,-0.54637975,0.6638695,-0.5433417,0.48385993,-0.5613496,0.435695,-0.5654771,0.39427722,-0.56747246,0.6941804,-0.5072535,0.3004617,-0.52570504,0.6030147,-0.39892226,0.45564702,-0.41830528,1.0,-0.019680288,0.0,0.0,1.0768125,0.5536875,-0.088714235,0.57747304,0.59230024,0.24079014,0.40298015,0.27061504,0.5145908,0.10843263,0.47377998,0.13755445,0.5306693,0.057948016,0.45768434,0.08423679,0.54014283,0.09480785,0.44001365,0.12635267,0.94054615,0.96884257,0.3335886,1.0,1.6137158,1.5906743,0.02091918,1.6900259,2.0609248,2.227229,0.020352984,2.2704878,2.0276432,2.322458,0.13016787,2.346767,2.2994907,2.5033896,-0.22130108,2.4977536
1129.jpg,0.5323139,-0.50221413,0.5761041,-0.56672543,0.6111118,-0.5641245,0.650209,-0.56165856,0.4639748,-0.5741218,0.41712198,-0.5746981,0.37573442,-0.57587487,0.6879433,-0.52155113,0.29173252,-0.53260815,0.5925987,-0.41458333,0.4383396,-0.42535457,1.0,-0.023630505,0.0,0.0,1.0835007,0.5485742,-0.08523051,0.5787943,0.58461237,0.24035095,0.40157512,0.27248362,0.50796497,0.10535705,0.470381,0.13300544,0.5252894,0.05518579,0.45340678,0.08093305,0.53582615,0.09176668,0.43771333,0.12279679,0.9336863,0.9707038,0.3218844,1.0,1.6023309,1.579293,-0.02205795,1.6783624,2.0317001,2.2242332,-0.033533163,2.254026,1.9858937,2.3168137,0.06609503,2.3246076,2.250056,2.4977937,-0.25565195,2.4836206
1130.jpg,0.515228,-0.50664985,0.56963253,-0.57193106,0.5986431,-0.57160693,0.6383708,-0.5707363,0.44976175,-0.5697096,0.40304747,-0.5681184,0.35752678,-0.56558573,0.68499947,-0.5305211,0.27754268,-0.527016,0.5854075,-0.4157228,0.42550525,-0.4234843,1.0,-0.029972598,0.0,0.0,1.0821064,0.5509097,-0.09016421,0.5795583,0.58961934,0.23153886,0.38623542,0.2658833,0.5134791,0.09337614,0.45308745,0.12561534,0.52724284,0.04412346,0.4352839,0.07118312,0.53628075,0.08064464,0.4203636,0.11407634,0.93577856,0.9749964,0.32329506,1.0,1.6231993,1.5764107,-0.0739246,1.6685165,1.9808707,2.2086167,-0.09143298,2.2235298,1.9248836,2.303487,0.013205388,2.3034675,2.207887,2.4783616,-0.32616723,2.4606557
1131.jpg,0.5198854,-0.50138324,0.5732151,-0.56488365,0.6072761,-0.5650288,0.6485965,-0.56441075,0.45473868,-0.5651572,0.4062007,-0.565566,0.36070365,-0.5645495,0.6918511,-0.5276452,0.2798116,-0.5269273,0.58655393,-0.41061988,0.4297348,-0.4224874,1.0,-0.029029284,0.0,0.0,1.0830538,0.55781925,-0.094569705,0.5851945,0.5892401,0.23912326,0.39766416,0.27148518,0.50834554,0.09494252,0.44959536,0.12407776,0.52491176,0.049304593,0.43154183,0.07472704,0.5354868,0.0843187,0.42123708,0.11582245,0.9392376,0.97445816,0.31848028,1.0,1.652642,1.5487721,-0.12965092,1.6467868,1.947337,2.1784208,-0.14782302,2.1924794,1.8941876,2.270165,-0.052974254,2.2748048,2.1949837,2.4364877,-0.35988742,2.426598
1132.jpg,0.5234721,-0.5149588,0.5707412,-0.58157575,0.6059301,-0.58158565,0.64595413,-0.5811934,0.45470166,-0.5819052,0.4048172,-0.58186936,0.3580652,-0.581121,0.6850369,-0.54565006,0.27486274,-0.5445131,0.58565664,-0.42175135,0.43391865,-0.43273342,1.0,-0.03811609,0.0,0.0,1.1030853,0.54472625,-0.07470274,0.5878993,0.59312594,0.2446583,0.39482597,0.2722806,0.50856405,0.10801478,0.44763672,0.1364794,0.5228416,0.060821895,0.43033382,0.08355716,0.53530866,0.09293381,0.41877824,0.12236853,0.9300976,0.9731096,0.30182102,1.0,1.6524668,1.5325335,-0.17311852,1.6432117,1.8999809,2.1718357,-0.20170474,2.1779468,1.8364525,2.2711449,-0.12680732,2.2614398,2.130891,2.4299445,-0.43002668,2.4109838
1208.jpg,0.49159646,-0.5012263,0.55439556,-0.57917184,0.5852507,-0.5785963,0.6203071,-0.5774857,0.43111205,-0.5741698,0.39019316,-0.57194626,0.35391453,-0.56769973,0.687964,-0.5263248,0.29304817,-0.52013004,0.5762836,-0.41370788,0.41956055,-0.4157315,1.0,-0.006568292,0.0,0.0,1.0794528,0.59701306,-0.101248994,0.593836,0.5837265,0.2771299,0.38870603,0.2974669,0.50809073,0.13840283,0.46981993,0.16351303,0.52082866,0.09374999,0.45982528,0.116805404,0.53512526,0.13343073,0.4402634,0.16177252,0.770542,1.0119138,0.17211938,1.0,1.408779,1.6500846,-0.25440487,1.6864586,1.6835791,2.3049037,-0.2922819,2.2973616,1.6189151,2.3949618,-0.20290782,2.3831172,1.9096123,2.575286,-0.47440168,2.5450013
1209.jpg,0.49267703,-0.4978002,0.5610193,-0.5742683,0.59352696,-0.5746127,0.626739,-0.57336557,0.43280962,-0.57030404,0.39097908,-0.5676271,0.3553433,-0.5640904,0.6953995,-0.5273664,0.29703024,-0.5216031,0.579799,-0.41028425,0.41878417,-0.41112944,1.0,-0.0020736256,0.0,0.0,1.0645633,0.6094104,-0.09915355,0.6032699,0.5926886,0.28385997,0.36073205,0.31411943,0.52323735,0.1481725,0.4482969,0.1943552,0.53435546,0.10027095,0.4393548,0.1380124,0.5462292,0.13667248,0.41930857,0.17450407,0.7619113,1.0006425,0.16075566,1.0,1.3828254,1.6745305,-0.21795245,1.7146008,1.7296786,2.347358,-0.25485566,2.3382988,1.6786298,2.445832,-0.1544538,2.4175334,1.9495972,2.621282,-0.42297354,2.5890892
1210.jpg,0.5002209,-0.4833134,0.57011044,-0.5602957,0.6004061,-0.56162536,0.64140904,-0.561186,0.4413491,-0.5536592,0.3923909,-0.5505218,0.35649145,-0.5486566,0.70816815,-0.5204348,0.29321548,-0.51038605,0.5885911,-0.39701405,0.4264508,-0.39750397,1.0,0.005372045,0.0,0.0,1.0590482,0.6166756,-0.12822737,0.59865874,0.5775752,0.27847338,0.36655632,0.3079594,0.5117824,0.13969895,0.45125842,0.1853551,0.5254915,0.09616064,0.44293696,0.13351882,0.53652143,0.13312086,0.42162228,0.17201921,0.7406622,1.0088929,0.13614804,1.0,1.3577293,1.6812031,-0.1942391,1.7474756,1.755649,2.3741739,-0.1965866,2.3643115,1.7103233,2.4659595,-0.108390324,2.4415724,2.006511,2.644811,-0.38966647,2.6158702
1211.jpg,0.5086045,-0.49516645,0.5782865,-0.5645943,0.61000437,-0.5649401,0.6465382,-0.5625817,0.44372982,-0.5598965,0.3960857,-0.5565433,0.3586303,-0.5534809,0.7164509,-0.5175268,0.29671606,-0.5135441,0.59861416,-0.40317222,0.4283148,-0.40490422,1.0,0.0032834643,0.0,0.0,1.0540222,0.6186034,-0.13562813,0.5969786,0.5737142,0.27993202,0.3680986,0.3094438,0.5109805,0.1456743,0.4576431,0.18932885,0.5281028,0.10252361,0.45016938,0.13990076,0.5366999,0.13847104,0.42562872,0.17718612,0.73093516,1.0070012,0.12716728,1.0,1.3462975,1.683237,-0.14556184,1.737704,1.735793,2.3716896,-0.13866949,2.3807156,1.6794219,2.4601915,-0.045663413,2.471729,2.0563931,2.6438007,-0.3169154,2.638067
1212.jpg,0.515331,-0.48902255,0.5811413,-0.5669479,0.6136671,-0.5665358,0.645266,-0.5652247,0.45186785,-0.56180644,0.4091878,-0.55817306,0.3729431,-0.5535182,0.7132487,-0.5141728,0.31055263,-0.5115727,0.59998524,-0.40119258,0.44132337,-0.40340045,1.0,0.015794048,0.0,0.0,1.0426997,0.6224319,-0.12967747,0.59437346,0.57870364,0.29757982,0.37864614,0.31162927,0.512753,0.16460095,0.46467027,0.19706875,0.5301249,0.12039566,0.45481074,0.14650182,0.5396607,0.15587112,0.4321839,0.1806937,0.7261564,1.0007902,0.12870727,1.0,1.3417426,1.6677903,-0.13689719,1.7689666,1.662061,2.3728726,-0.10544501,2.395903,1.5852218,2.472607,-0.023147186,2.4752183,2.027868,2.639381,-0.2847964,2.6653824
1213.jpg,0.5183845,-0.48182192,0.58378726,-0.55716676,0.6194063,-0.5566524,0.6481577,-0.55476,0.4537537,-0.55210817,0.4114111,-0.547652,0.37165958,-0.543331,0.7136714,-0.5049623,0.3130539,-0.50289416,0.60599035,-0.39119178,0.4417396,-0.39285645,1.0,0.018787244,0.0,0.0,1.0317621,0.62382454,-0.14934875,0.58834684,0.57794595,0.2962371,0.35432124,0.32227036,0.52775854,0.15298605,0.4486286,0.2070863,0.54233,0.11213478,0.44297415,0.15190588,0.54782337,0.14638679,0.42031464,0.18609351,0.73623466,0.9963195,0.13542765,1.0,1.3309639,1.6505027,-0.105042204,1.7854898,1.5516379,2.3635032,-0.073853835,2.4020584,1.457749,2.4711354,0.015149223,2.4877367,1.8796327,2.6388361,-0.24945241,2.6726587
1259.jpg,0.47092444,-0.48439932,0.53448474,-0.5589859,0.5740443,-0.56044894,0.5995334,-0.55946887,0.410578,-0.5501976,0.37253478,-0.54749,0.33011234,-0.5422594,0.6659339,-0.514375,0.2821796,-0.5003037,0.5594965,-0.40202525,0.40036148,-0.40442446,1.0,-0.02753695,0.0,0.0,1.0976323,0.55391073,-0.078830436,0.56271315,0.559305,0.24600455,0.3694641,0.25393525,0.47955707,0.10475029,0.42991778,0.1119921,0.4886769,0.054097366,0.41626078,0.06319292,0.50831664,0.09783934,0.4066974,0.11292503,0.9270684,0.98207945,0.31535617,1.0,1.5565401,1.5862037,-0.23338221,1.5804445,1.9004276,2.1861825,-0.1934486,2.2182024,1.8509856,2.2800343,-0.086418,2.295539,2.138938,2.4421403,-0.37432033,2.4546351
1260.jpg,0.47166562,-0.4702133,0.5366287,-0.5430667,0.5761257,-0.5423245,0.6029294,-0.5394266,0.41292623,-0.53700686,0.37496635,-0.53472376,0.33449957,-0.5306522,0.6730042,-0.49525097,0.28586817,-0.4915823,0.55449873,-0.38944495,0.39815298,-0.3949913,1.0,-0.01884078,0.0,0.0,1.0772635,0.56984794,-0.080244556,0.57101667,0.56851417,0.24092981,0.3673209,0.2521635,0.4930215,0.101015,0.42767993,0.109044984,0.5021297,0.052605398,0.41507426,0.0585534,0.5194318,0.0947558,0.40437764,0.10607919,0.90996933,0.9791868,0.30910346,1.0,1.5416648,1.5753832,-0.19116394,1.5932598,1.950281,2.187487,-0.13371411,2.2282097,1.8986756,2.2844675,-0.019548077,2.3138647,2.1870575,2.4444792,-0.31776464,2.4725919
1261.jpg,0.4736164,-0.45486188,0.5408448,-0.52787524,0.5807616,-0.5286879,0.6069212,-0.5277553,0.41561264,-0.5240733,0.37900013,-0.52348965,0.33680207,-0.5216378,0.67229736,-0.48982796,0.28877366,-0.48922274,0.55559635,-0.37523493,0.39947194,-0.38108635,1.0,-0.011439149,0.0,0.0,1.0692323,0.5688283,-0.1002301,0.5689049,0.5679201,0.24584977,0.34635782,0.2721157,0.49718305,0.10764225,0.42118546,0.12910707,0.5043734,0.05956059,0.40966377,0.07652466,0.52050555,0.103029154,0.39805785,0.12548663,0.89864767,0.97877747,0.30504084,1.0,1.5363382,1.5730639,-0.16575494,1.617875,1.9663002,2.17232,-0.08628214,2.2450068,1.9197415,2.2611473,0.032820493,2.331207,2.2241101,2.4381642,-0.276985,2.4869065
1262.jpg,0.46663758,-0.43702844,0.5400876,-0.50914675,0.56927,-0.5079446,0.6102082,-0.506928,0.41652465,-0.5054925,0.37529495,-0.5042958,0.33859158,-0.5025038,0.67769444,-0.46720973,0.2814607,-0.46854314,0.54631716,-0.36005318,0.39724034,-0.3661878,1.0,-0.0006503704,0.0,0.0,1.0699475,0.5723024,-0.11069875,0.5649031,0.55766994,0.2554866,0.34831935,0.26299104,0.4861631,0.115335174,0.43010667,0.12853943,0.49670509,0.06960046,0.41605204,0.07846423,0.51064736,0.11288979,0.39942968,0.12572448,0.90553814,0.97758484,0.30421412,1.0,1.5640225,1.5708976,-0.13732418,1.6191245,2.0024672,2.1668677,-0.035408307,2.23884,1.9614697,2.252606,0.09075308,2.3209653,2.2644415,2.4285517,-0.23551258,2.476351
1263.jpg,0.48059902,-0.43877515,0.55285496,-0.5116704,0.5820081,-0.51191723,0.6214541,-0.5125441,0.43086687,-0.5065949,0.387595,-0.50562763,0.3501732,-0.50607026,0.6862585,-0.47413078,0.29338443,-0.4745675,0.561213,-0.36315235,0.4086837,-0.36773583,1.0,0.004892778,0.0,0.0,1.0640455,0.5732017,-0.12633224,0.5649561,0.5661475,0.25622776,0.34078503,0.27330706,0.4981942,0.11730643,0.4241011,0.13807827,0.5069216,0.07148478,0.41086048,0.08711755,0.521861,0.11201975,0.39678204,0.13318302,0.89334637,0.9684284,0.30699438,1.0,1.5453079,1.5517156,-0.10150219,1.6583618,1.9472358,2.164867,0.008630328,2.2499235,1.8916216,2.2603338,0.1195793,2.3329155,2.2459302,2.426609,-0.18740228,2.4896739
1264.jpg,0.49440548,-0.44340238,0.56213135,-0.51762,0.59572643,-0.5186676,0.62358326,-0.5187552,0.4365325,-0.5121421,0.3968178,-0.51123506,0.35480514,-0.50922555,0.6855395,-0.4812008,0.3024022,-0.475392,0.5752461,-0.36494294,0.41978934,-0.36873087,1.0,0.0056218538,0.0,0.0,1.0447606,0.57542634,-0.13072586,0.5631862,0.57193536,0.2510388,0.33474314,0.28218153,0.50462997,0.11400348,0.41179952,0.14579381,0.5121804,0.06628988,0.40388834,0.09173983,0.5262066,0.10716243,0.39083537,0.13812822,0.88869715,0.96415055,0.30838615,1.0,1.5178442,1.5523185,-0.06780874,1.6591697,1.8365926,2.169385,0.057669226,2.2603214,1.7699672,2.2633522,0.17244856,2.3513198,2.1172786,2.4418445,-0.12002451,2.5031812
1296.jpg,0.51897967,-0.44467315,0.56797075,-0.511542,0.6028195,-0.51174563,0.6438195,-0.51058036,0.46195412,-0.5126341,0.41753775,-0.5147393,0.37857702,-0.5164106,0.69326043,-0.47054383,0.3035351,-0.48708528,0.5803749,-0.36196083,0.43568835,-0.37120625,1.0,0.0034143259,0.0,0.0,1.0341672,0.57321435,-0.13102514,0.55723006,0.57690316,0.279494,0.33405784,0.30259195,0.48537594,0.15465926,0.40983033,0.18194476,0.49475583,0.104487844,0.4062292,0.13847622,0.51151645,0.14254318,0.3933558,0.18046176,0.92629963,0.95494455,0.34090495,1.0,1.606909,1.519222,-0.018291697,1.6368135,2.0425618,2.1196897,0.16319044,2.2239125,1.986781,2.2152493,0.29172465,2.302327,2.2971845,2.3771157,-0.03695615,2.4621153
1297.jpg,0.543941,-0.4462057,0.59296346,-0.5138773,0.621129,-0.51171225,0.6588059,-0.5101019,0.47667706,-0.5191784,0.43216342,-0.5194607,0.38948357,-0.5200837,0.6982173,-0.4748556,0.30689457,-0.48107165,0.6075792,-0.3652186,0.45777303,-0.37793317,1.0,-0.0037210884,0.0,0.0,1.0463288,0.56002504,-0.1199074,0.5582075,0.57889193,0.25106612,0.3700383,0.2612439,0.5018537,0.11813787,0.43588284,0.118412085,0.5077777,0.06765515,0.42287043,0.071408294,0.5210581,0.10754723,0.4098508,0.11902536,0.9382133,0.95675373,0.34426188,1.0,1.6464602,1.5054289,-0.028092014,1.6210123,2.1292021,2.0994594,0.14937054,2.2069552,2.095258,2.189791,0.28235516,2.2901242,2.4256516,2.3597908,-0.049411245,2.4397871
1298.jpg,0.5223774,-0.4479098,0.5730042,-0.5169853,0.6027556,-0.5152623,0.64340955,-0.5135784,0.46145466,-0.52010745,0.417909,-0.519572,0.376429,-0.520511,0.6900219,-0.4745651,0.29797813,-0.4803338,0.5895122,-0.3676536,0.4390313,-0.37965018,1.0,0.0015130301,0.0,0.0,1.0241597,0.5649952,-0.117343985,0.5606163,0.5630048,0.25030681,0.36333364,0.26749632,0.48923182,0.110682525,0.42540008,0.12804879,0.49717727,0.06559036,0.41548663,0.084450305,0.51141304,0.105650745,0.4048304,0.13180162,0.92190534,0.9547961,0.32371086,1.0,1.6653451,1.4905032,-0.052348826,1.6101263,2.1622021,2.0811617,0.09541621,2.1925256,2.1213026,2.1581612,0.2105032,2.2602935,2.4297085,2.353244,-0.09758066,2.4113283
1299.jpg,0.52305627,-0.44792953,0.5621991,-0.5183897,0.5977226,-0.5188697,0.63678813,-0.5184433,0.45582265,-0.5167604,0.4122572,-0.5151599,0.37149888,-0.5151864,0.68426156,-0.47915298,0.2882921,-0.47879353,0.5834253,-0.36602053,0.43834475,-0.37240335,1.0,0.0068815625,0.0,0.0,1.0188134,0.57231677,-0.112159945,0.56436956,0.5597663,0.24975455,0.35666752,0.26568207,0.4858752,0.10981379,0.4253868,0.12494026,0.49405593,0.062426414,0.41240346,0.0801688,0.50841683,0.10242096,0.3996216,0.12954652,0.91714305,0.95556915,0.31676528,1.0,1.6612889,1.488557,-0.08220768,1.6024507,2.162665,2.0878382,0.03829897,2.1560564,2.1448033,2.1748383,0.14570348,2.226046,2.388785,2.3562675,-0.13975136,2.3864918
1300.jpg,0.5297266,-0.4575607,0.5712186,-0.52639323,0.6097745,-0.5253349,0.6478556,-0.52314883,0.45919585,-0.5316858,0.41269717,-0.53147763,0.37066627,-0.5319227,0.6939578,-0.4855617,0.28917405,-0.4900354,0.59142,-0.37172917,0.43819946,-0.38168988,1.0,-0.0023961943,0.0,0.0,1.0586244,0.5597928,-0.100381754,0.55219424,0.56350434,0.26320508,0.36799616,0.26430297,0.48522267,0.12421195,0.43475887,0.12967938,0.49776763,0.07889878,0.42290702,0.09109622,0.5102997,0.11657318,0.4096453,0.13299298,0.93576044,0.95597273,0.32485706,1.0,1.6654798,1.4892792,-0.080750234,1.5974544,2.1583002,2.0864694,0.0035674323,2.1643841,2.1147597,2.1737227,0.10990421,2.2345197,2.3808112,2.3580182,-0.18938702,2.3820505
1301.jpg,0.53059196,-0.47437924,0.57197,-0.54473853,0.60739815,-0.5461969,0.645104,-0.5465978,0.46318159,-0.5442751,0.41825843,-0.5441927,0.3703506,-0.5435294,0.68472964,-0.5075636,0.29075205,-0.50978684,0.5844026,-0.38836342,0.4463179,-0.39540073,1.0,-0.014537285,0.0,0.0,1.0722675,0.5510325,-0.1055769,0.55701023,0.5791321,0.25667065,0.3590016,0.28190908,0.49884236,0.12804246,0.43307155,0.14062315,0.50521535,0.078516304,0.42270613,0.093461886,0.52265584,0.1174368,0.4096193,0.14124705,0.9337321,0.9678734,0.3247869,1.0,1.6840808,1.5052135,-0.11618678,1.5875194,2.1257212,2.103056,-0.057783432,2.1349764,2.060039,2.191764,0.047764957,2.212244,2.3616595,2.3524008,-0.2533947,2.3660903
1347.jpg,0.5322417,-0.45449698,0.5817323,-0.5166323,0.6207694,-0.5148038,0.66018724,-0.513211,0.4706557,-0.527429,0.42189658,-0.53050035,0.38404763,-0.53280497,0.6999402,-0.48321837,0.29761907,-0.49713847,0.59299564,-0.3663558,0.43683755,-0.38497832,1.0,-0.014484838,0.0,0.0,1.026187,0.55061746,-0.09002805,0.5635374,0.5598287,0.23211047,0.40047005,0.2574546,0.48673698,0.09982508,0.47004876,0.12140815,0.503603,0.049103364,0.4590476,0.072233245,0.51786155,0.090516865,0.44135436,0.119146906,0.9119727,0.9624864,0.31142548,1.0,1.6242217,1.5419099,-0.012965088,1.6673706,2.028065,2.1515646,0.0046069156,2.245749,1.9742287,2.2302957,0.10355639,2.319621,2.2625642,2.435818,-0.19907545,2.4704635
1348.jpg,0.53218734,-0.45716307,0.57122815,-0.52914864,0.60145605,-0.52820027,0.64129406,-0.5266135,0.46395722,-0.5316765,0.4197471,-0.5310094,0.3784013,-0.5320231,0.6814868,-0.4873164,0.29271966,-0.49307364,0.5892669,-0.3743204,0.44470727,-0.3834388,1.0,-0.018006027,0.0,0.0,1.0369304,0.5295292,-0.09415087,0.5518384,0.54381716,0.22960825,0.4007279,0.24563868,0.4763314,0.09276542,0.46604925,0.108975895,0.4895384,0.042949993,0.4522236,0.063899234,0.5037893,0.086064875,0.43679827,0.11199937,0.9103217,0.9606158,0.3204,1.0,1.634305,1.522281,-0.014549859,1.654747,2.0560741,2.1411667,-0.006945734,2.2054493,2.0122805,2.2166424,0.082218565,2.2754402,2.276923,2.4207833,-0.22142921,2.4293725
1349.jpg,0.52462304,-0.47559863,0.5713537,-0.54924864,0.5982655,-0.54844224,0.6337956,-0.5472659,0.45634958,-0.55050886,0.4103776,-0.55010784,0.36777914,-0.5498278,0.67880046,-0.5056773,0.28811494,-0.50495875,0.5887559,-0.3908011,0.43762943,-0.3971315,1.0,-0.018000484,0.0,0.0,1.0460471,0.54773885,-0.100515306,0.5524005,0.5669674,0.22845836,0.39739773,0.25367782,0.49817732,0.08772547,0.46072385,0.11348698,0.5134501,0.041324694,0.4487279,0.06774001,0.5246657,0.08288906,0.43326417,0.116013296,0.92272925,0.9645304,0.3254549,1.0,1.6572796,1.5216246,-0.033879638,1.6538414,2.0860417,2.1620228,-0.046707533,2.203238,2.033217,2.2436748,0.028756289,2.2721508,2.2968116,2.4508724,-0.26206207,2.4227996
1350.jpg,0.5302352,-0.49218258,0.5733795,-0.56042194,0.60600626,-0.559391,0.6466068,-0.55780464,0.4614497,-0.5609072,0.4159857,-0.55914325,0.3732715,-0.5580697,0.68989533,-0.5150961,0.28930673,-0.5140326,0.5947333,-0.40394613,0.44225627,-0.41231585,1.0,-0.03213607,0.0,0.0,1.0596716,0.53676164,-0.090179525,0.5539587,0.56243485,0.23270315,0.39453197,0.24202158,0.48664737,0.09257436,0.45251212,0.10468043,0.50184727,0.046487365,0.43785685,0.061367746,0.5142362,0.08534601,0.42491543,0.10453788,0.9458395,0.9659601,0.33091047,1.0,1.6748962,1.530749,-0.057747513,1.6411061,2.0539525,2.1558237,-0.092813,2.1787872,1.9847883,2.2489252,0.007909826,2.2480211,2.2867224,2.433556,-0.28555825,2.4044244
1351.jpg,0.5078541,-0.48670852,0.5621047,-0.5563045,0.5916178,-0.5558029,0.6321855,-0.5550605,0.44419718,-0.55515635,0.39920002,-0.5542253,0.35530615,-0.5521745,0.6832012,-0.5167745,0.278947,-0.5118917,0.57900196,-0.3975244,0.42515135,-0.40582654,1.0,-0.034841515,0.0,0.0,1.053273,0.5346925,-0.086957574,0.55993325,0.57939106,0.21477348,0.3869793,0.24378572,0.4999583,0.07600615,0.44345644,0.10343691,0.5110437,0.031281233,0.42749992,0.057371296,0.5241562,0.06937215,0.41633475,0.1025283,0.9452268,0.9665814,0.3297065,1.0,1.6767912,1.5225369,-0.08113784,1.6221876,1.9758039,2.149383,-0.14483644,2.1527822,1.9107978,2.2463872,-0.061152767,2.2314613,2.2315166,2.4078903,-0.33539087,2.3846905
1352.jpg,0.51712316,-0.49714875,0.5574904,-0.56903243,0.58812004,-0.5685229,0.62627816,-0.568277,0.44140443,-0.5702513,0.39811566,-0.56970316,0.35441148,-0.56894124,0.669175,-0.53211415,0.2750431,-0.5242394,0.5824923,-0.40890336,0.43254253,-0.41238678,1.0,-0.04744106,0.0,0.0,1.0719421,0.5293354,-0.076106675,0.5697941,0.5774149,0.22620335,0.39650646,0.24856666,0.49575153,0.08740645,0.4449966,0.107646845,0.5109572,0.04125978,0.42541078,0.061340038,0.52370036,0.07865219,0.41636926,0.104968145,0.94676685,0.96825266,0.32664648,1.0,1.6713132,1.5210685,-0.10343534,1.6236386,1.9203562,2.1366506,-0.1799239,2.1317117,1.8538653,2.2277844,-0.10995901,2.2016592,2.166069,2.3885624,-0.39011613,2.3708138
1443.jpg,0.49756032,-0.49000114,0.5562877,-0.56388324,0.58676654,-0.56369054,0.6170074,-0.56335926,0.4347397,-0.55892944,0.39306384,-0.55688643,0.35741267,-0.5532428,0.6774459,-0.51831836,0.2969972,-0.50770617,0.57920676,-0.40564558,0.4258492,-0.40663704,1.0,-0.014581409,0.0,0.0,1.082933,0.54945487,-0.0740941,0.5737681,0.5665609,0.2854624,0.37006974,0.28284714,0.49315345,0.15922445,0.45417157,0.1579378,0.51401293,0.11377636,0.43957242,0.10982402,0.5263587,0.14874732,0.42088416,0.15056063,0.8035661,1.0017972,0.21033251,1.0,1.4395559,1.6186308,-0.18697487,1.6691931,1.7900721,2.2433448,-0.26158875,2.2470913,1.7386038,2.3358011,-0.17019975,2.3265946,2.0504794,2.486317,-0.44163734,2.4788077
1444.jpg,0.50301874,-0.48913836,0.5655298,-0.5579935,0.5954029,-0.5580839,0.6270919,-0.5571172,0.4403985,-0.553773,0.39559868,-0.5506925,0.3598339,-0.5472844,0.69185156,-0.5147945,0.29655677,-0.5057894,0.5857505,-0.40323192,0.42745236,-0.40459886,1.0,-0.0052691577,0.0,0.0,1.0677601,0.5650351,-0.09667883,0.570831,0.57623744,0.29589507,0.3466452,0.3069985,0.5034183,0.17162699,0.4374482,0.19242497,0.52412295,0.118603796,0.42710063,0.13725047,0.53549683,0.15060721,0.40693128,0.17228265,0.7754579,1.0004134,0.17803842,1.0,1.4163547,1.6384345,-0.16875048,1.7154987,1.8206762,2.2569456,-0.20777217,2.2882955,1.7832147,2.3435383,-0.11799783,2.36174,2.078692,2.5287573,-0.41728538,2.518927
1445.jpg,0.5208082,-0.47819513,0.57811147,-0.55322695,0.6056144,-0.5528766,0.6436334,-0.5512567,0.45743296,-0.54797834,0.4131778,-0.5440553,0.3746389,-0.5386235,0.70067817,-0.503378,0.30801186,-0.49568242,0.5975807,-0.39365554,0.44307587,-0.39546272,1.0,0.007613664,0.0,0.0,1.0529808,0.5828759,-0.114741966,0.5692976,0.57493436,0.29939455,0.3566832,0.31492245,0.51248455,0.1729286,0.45665988,0.20457307,0.5352424,0.12395154,0.44925871,0.14749245,0.5419795,0.15586883,0.42324144,0.18353124,0.7713745,0.9955043,0.17459092,1.0,1.4180843,1.6419761,-0.13902517,1.7279458,1.8028674,2.287826,-0.15163897,2.3061733,1.7393386,2.370471,-0.06609376,2.3837302,2.1352437,2.5479186,-0.3512506,2.544894
1446.jpg,0.5344773,-0.4768483,0.59468096,-0.5417231,0.6209985,-0.54164183,0.6588583,-0.53994864,0.471799,-0.5398524,0.4229724,-0.5382958,0.38410833,-0.53615123,0.7109562,-0.5002474,0.3133386,-0.49832657,0.6117,-0.38733143,0.45486367,-0.39163923,1.0,0.010703791,0.0,0.0,1.0364529,0.5860414,-0.14019026,0.5603925,0.5662794,0.30460706,0.34917957,0.31596604,0.50756395,0.17196763,0.4429117,0.20992547,0.53060174,0.12638758,0.4400052,0.15239902,0.5356407,0.15529403,0.4152788,0.18335041,0.7649205,0.99547046,0.16326544,1.0,1.4031836,1.6344297,-0.12935057,1.7406505,1.7251493,2.3036172,-0.12791498,2.3311017,1.653892,2.3922164,-0.039551087,2.4143245,2.0757377,2.557399,-0.3305386,2.5801716
1491.jpg,0.476218,-0.47610247,0.5400896,-0.55179876,0.5795397,-0.55146277,0.6057592,-0.54964733,0.414639,-0.5460816,0.37715435,-0.54322976,0.33641645,-0.5397337,0.67763394,-0.5046297,0.288594,-0.49750596,0.5624466,-0.39111122,0.4038858,-0.39582667,1.0,-0.013352614,0.0,0.0,1.0690638,0.57204205,-0.0850299,0.5734506,0.5473487,0.2904031,0.34403148,0.28775033,0.46874836,0.15353064,0.40681493,0.16628659,0.48510897,0.10794532,0.39768705,0.11909046,0.5013011,0.14358239,0.3879969,0.15452796,0.8603024,0.9911885,0.25545382,1.0,1.5054644,1.5832121,-0.2503502,1.6203017,1.8522978,2.178989,-0.16988592,2.2131293,1.8041836,2.267806,-0.043832134,2.287811,2.0785277,2.4341755,-0.41536787,2.4415019
1492.jpg,0.4775836,-0.46503443,0.54320914,-0.53772384,0.5788713,-0.5369422,0.60669047,-0.5353181,0.41497594,-0.53397745,0.3748908,-0.53152263,0.33453646,-0.528777,0.67615306,-0.49620023,0.2849623,-0.48941493,0.5625638,-0.3816656,0.40165326,-0.38718477,1.0,-0.01256773,0.0,0.0,1.0710701,0.5655956,-0.08663348,0.57081157,0.5508237,0.27264336,0.33680546,0.27308792,0.47545385,0.13077277,0.4025928,0.1493123,0.4859959,0.084401965,0.393335,0.0992467,0.50221694,0.12314671,0.38359535,0.13798505,0.8598804,0.9829324,0.25647402,1.0,1.5093745,1.5697926,-0.21360156,1.6240665,1.9189796,2.183579,-0.12946619,2.2179594,1.8675723,2.27696,-0.001638098,2.300391,2.1367671,2.4466395,-0.3852565,2.4519665
1493.jpg,0.4914111,-0.48870754,0.55744773,-0.56311566,0.5930408,-0.5626947,0.62006456,-0.55949986,0.43163985,-0.55663157,0.39282662,-0.55367535,0.35151637,-0.5481929,0.6847236,-0.51127607,0.30284965,-0.50476325,0.5749275,-0.40538928,0.41430926,-0.40829158,1.0,-0.011629923,0.0,0.0,1.0565408,0.58067703,-0.07891539,0.5772186,0.5718877,0.2764235,0.3559918,0.28869054,0.49431384,0.14059673,0.42014652,0.158813,0.5085726,0.095700525,0.41182342,0.1106622,0.52392685,0.12955238,0.40178058,0.1490279,0.8703454,0.9733531,0.2710313,1.0,1.5016918,1.5570732,-0.15922284,1.6666092,1.9507766,2.2054229,-0.05471214,2.2556117,1.896826,2.2986515,0.07293015,2.3434076,2.1822655,2.4734898,-0.30076957,2.5013177
1494.jpg,0.48266858,-0.49358308,0.5515406,-0.5641484,0.5834916,-0.56513417,0.62047803,-0.5657001,0.42466587,-0.55612755,0.38052887,-0.5528507,0.34164223,-0.5498143,0.67772883,-0.5201585,0.2838733,-0.5103641,0.56246346,-0.40779367,0.40556398,-0.40966836,1.0,-0.013590041,0.0,0.0,1.0653362,0.5760764,-0.089471966,0.58365935,0.55896103,0.27665314,0.3601006,0.27322555,0.48677036,0.13874748,0.42296854,0.13485478,0.49616942,0.08936874,0.40738818,0.08329634,0.51318,0.12810916,0.3977705,0.12703693,0.8671015,0.97105193,0.27934998,1.0,1.5133938,1.5676262,-0.119756855,1.6747576,1.9196543,2.2097309,-0.0031463483,2.2677517,1.854143,2.3114386,0.1144447,2.3542893,2.2180667,2.4866314,-0.24163954,2.5163605
1495.jpg,0.4755501,-0.46766046,0.5373132,-0.5388719,0.57035094,-0.53909206,0.614489,-0.53856546,0.42111695,-0.5352269,0.37824962,-0.5343903,0.34227896,-0.5339777,0.67776954,-0.49396336,0.2821137,-0.49501595,0.55304146,-0.38793156,0.40351194,-0.39356682,1.0,-0.0039608693,0.0,0.0,1.0564947,0.5754999,-0.09970061,0.57104135,0.55108494,0.27758622,0.3484659,0.2826585,0.48033214,0.14101173,0.41267553,0.15380798,0.49608532,0.09741488,0.40221116,0.105430946,0.511495,0.13234831,0.3911821,0.14624275,0.87348473,0.9625239,0.2734699,1.0,1.5167083,1.5402957,-0.0901799,1.679205,1.8409683,2.1804478,0.049447805,2.2630475,1.7714422,2.274945,0.17671256,2.3607366,2.1510975,2.4575703,-0.21666484,2.5027773
1523.jpg,0.4977211,-0.4638249,0.55831474,-0.5362193,0.5876505,-0.5341217,0.6286356,-0.5315114,0.44183984,-0.53670585,0.3987354,-0.53625435,0.35963807,-0.53636485,0.68627614,-0.4878193,0.29161295,-0.49325466,0.5710498,-0.3823746,0.4169014,-0.38998654,1.0,-0.00295893,0.0,0.0,1.0328964,0.5718281,-0.11265373,0.56137365,0.56141937,0.26596332,0.33910227,0.27816918,0.4806269,0.13929081,0.41195992,0.15218121,0.4941451,0.08999243,0.40903467,0.10253175,0.51034075,0.12637171,0.39460307,0.14218515,0.9627584,0.9449424,0.3813623,1.0,1.6090753,1.5182705,0.044417527,1.6564568,2.083172,2.1325111,0.20412385,2.2358036,2.0466619,2.2223144,0.33642516,2.3204777,2.3027232,2.384959,-0.044427596,2.4650972
1524.jpg,0.5224429,-0.47116178,0.5773592,-0.5434501,0.60287994,-0.5408904,0.6349333,-0.53820056,0.46075177,-0.5463619,0.41432092,-0.54604614,0.37586638,-0.54558927,0.68525493,-0.49886647,0.30281135,-0.5030096,0.5917849,-0.39014855,0.44148275,-0.3993387,1.0,-0.011218768,0.0,0.0,1.0171103,0.57489747,-0.10004437,0.55847347,0.55562794,0.25860196,0.37377778,0.26809576,0.4771934,0.11981915,0.43649116,0.1253805,0.49022698,0.068618946,0.42801654,0.080376066,0.50523126,0.108568035,0.41539192,0.124990344,0.9568522,0.9555688,0.37792724,1.0,1.6352298,1.5283906,0.04560769,1.6601669,2.1253061,2.1326413,0.19398177,2.2431302,2.0996337,2.2161067,0.31711942,2.3131418,2.4031634,2.401012,-0.072444364,2.469411
1525.jpg,0.5062563,-0.47030103,0.5646284,-0.54221404,0.5937738,-0.5394471,0.6350917,-0.5366516,0.4457417,-0.5440412,0.39889145,-0.5436565,0.36122543,-0.5439746,0.6903813,-0.49416506,0.2951465,-0.50021195,0.5836108,-0.38665092,0.42819044,-0.39667317,1.0,-0.0065917033,0.0,0.0,1.0139941,0.5852583,-0.08728304,0.5587494,0.56851393,0.25426462,0.35410044,0.28213087,0.49281752,0.11769641,0.42315438,0.1415446,0.5040128,0.0656332,0.41437817,0.09471671,0.5168216,0.10366138,0.4019283,0.13565105,0.9814191,0.9512712,0.39029947,1.0,1.696889,1.5058899,0.01569619,1.6423385,2.2117958,2.1204407,0.1422659,2.1993032,2.1777203,2.208719,0.2625465,2.2812102,2.4589496,2.4021358,-0.105691284,2.4289024
1526.jpg,0.5171381,-0.47879004,0.5598101,-0.5476016,0.5963194,-0.5461436,0.634773,-0.5443788,0.4507821,-0.5527145,0.40720227,-0.55192506,0.36606583,-0.5530567,0.67816347,-0.50768167,0.28476593,-0.5124288,0.5785399,-0.39663967,0.4315252,-0.4069004,1.0,-0.017047103,0.0,0.0,1.0210443,0.5674005,-0.08924757,0.5524183,0.56326985,0.24247766,0.3470629,0.26352915,0.4801749,0.10743897,0.41101864,0.12223154,0.48897734,0.05479774,0.39899713,0.07346111,0.50510275,0.09296636,0.38927945,0.117876574,0.9749488,0.9532322,0.38298377,1.0,1.7037125,1.5125481,0.0013128156,1.6362879,2.1828644,2.1314414,0.09523089,2.2068565,2.1450634,2.220661,0.212805,2.273112,2.4121552,2.4180071,-0.1141884,2.4340293
1527.jpg,0.50218457,-0.48242363,0.54349995,-0.5518215,0.5799942,-0.5531208,0.61952126,-0.55349094,0.4373064,-0.5493367,0.3930603,-0.54896617,0.35231388,-0.54918224,0.66991675,-0.5126134,0.27593482,-0.5139093,0.56556106,-0.4003395,0.42415679,-0.4066872,1.0,-0.021967279,0.0,0.0,1.0291903,0.55259013,-0.10344449,0.5535348,0.5636149,0.2381901,0.34795165,0.26218778,0.4786725,0.107894465,0.41249147,0.12125543,0.48603585,0.056207255,0.4022651,0.074170835,0.50396484,0.09428503,0.39228964,0.12330574,0.97154754,0.9529343,0.37113312,1.0,1.7045842,1.505797,-0.033108573,1.63212,2.1514878,2.131881,0.04463486,2.1935685,2.0994053,2.218836,0.16818717,2.2682612,2.3710926,2.4114377,-0.1944933,2.4093494
1528.jpg,0.5078755,-0.4841962,0.5458278,-0.5532545,0.5791679,-0.55558884,0.6178938,-0.5572225,0.43859237,-0.5493446,0.39339483,-0.5492199,0.3534542,-0.5484268,0.6634695,-0.5188616,0.2747421,-0.51288444,0.5714027,-0.4034861,0.4335921,-0.40680116,1.0,-0.030367948,0.0,0.0,1.0410252,0.5590388,-0.09453929,0.5569295,0.5579216,0.23296934,0.36280468,0.25134468,0.47649974,0.09807368,0.42387944,0.1047758,0.47902325,0.045526702,0.40952843,0.06102254,0.49577725,0.08419366,0.39941967,0.11015978,0.9856127,0.95512563,0.3785371,1.0,1.7065834,1.5230278,-0.05703104,1.6073012,2.1101928,2.13824,0.0114301955,2.1780972,2.0561063,2.2312233,0.11812322,2.2471967,2.356627,2.4021537,-0.21675153,2.4078026
1529.jpg,0.47859097,-0.48131046,0.5337669,-0.5577347,0.5631093,-0.5576602,0.5999657,-0.5570577,0.4148256,-0.5526949,0.370529,-0.5509925,0.33192855,-0.5495677,0.6608131,-0.5139708,0.2656118,-0.5044742,0.5565855,-0.40032646,0.40561545,-0.40280992,1.0,-0.029117035,0.0,0.0,1.0428917,0.55428594,-0.094770946,0.5611579,0.56718296,0.23043416,0.3592103,0.24920867,0.48334742,0.095050424,0.42044365,0.10206982,0.49008784,0.046382587,0.4078834,0.05865422,0.50661063,0.08468862,0.3988029,0.10602112,0.9730276,0.9595948,0.3701234,1.0,1.6928803,1.5107081,-0.09544806,1.6032193,2.0323243,2.1231687,-0.052326277,2.1618915,1.9652873,2.2260644,0.06041556,2.235607,2.2931323,2.375117,-0.29567325,2.384497
1571.jpg,0.5384354,-0.45922354,0.5817877,-0.5279256,0.6189654,-0.5264294,0.65779305,-0.5236336,0.47664186,-0.5306512,0.43101633,-0.5313606,0.39084193,-0.5331518,0.69737077,-0.48135665,0.3064168,-0.49531657,0.59538895,-0.37111187,0.44697112,-0.38350376,1.0,-0.00978247,0.0,0.0,1.0744357,0.5404891,-0.100237645,0.5564692,0.5869236,0.2887788,0.39604783,0.2810346,0.4974698,0.16392475,0.47701028,0.15903597,0.51599497,0.114719644,0.46550408,0.11742533,0.5333774,0.15039241,0.44645536,0.15891837,0.90154094,0.97050124,0.31393704,1.0,1.520975,1.5855588,0.033965655,1.7049532,1.8195379,2.1984231,0.075576834,2.2938752,1.7448721,2.2817955,0.18896942,2.3855226,2.0593953,2.4854016,-0.12665834,2.5337014
1572.jpg,0.5475347,-0.44819558,0.5868557,-0.5110656,0.6256631,-0.5086489,0.65983754,-0.5065221,0.48492062,-0.52259415,0.43786886,-0.5261187,0.3972234,-0.5264461,0.6914616,-0.4767026,0.30657575,-0.48990774,0.59924424,-0.3630793,0.4594158,-0.37938416,1.0,-0.008666622,0.0,0.0,1.056811,0.542483,-0.10075448,0.54979086,0.57616943,0.26708767,0.3884298,0.27079257,0.4958815,0.13837025,0.46586183,0.14203764,0.5147167,0.09124469,0.4554555,0.09779846,0.5290732,0.128395,0.4378125,0.14046974,0.9030999,0.96720153,0.3203569,1.0,1.5235397,1.5733511,0.04181805,1.7013043,1.917764,2.2060595,0.08931643,2.2862058,1.8673065,2.2938588,0.19546683,2.3731582,2.1605387,2.4820938,-0.13116235,2.5217125
1573.jpg,0.54506356,-0.43823862,0.5922704,-0.50030035,0.63038224,-0.4981485,0.6685512,-0.49588338,0.48274443,-0.5122835,0.43314233,-0.5166291,0.39308172,-0.5193727,0.7044182,-0.46594113,0.3059746,-0.48569244,0.6003662,-0.35091296,0.44845036,-0.36942786,1.0,-0.00036972275,0.0,0.0,1.0615817,0.5444435,-0.10500463,0.5574158,0.5970723,0.2763353,0.38170508,0.2787587,0.5119684,0.1442294,0.46198922,0.14919275,0.52555895,0.09490665,0.44848007,0.104049414,0.5396021,0.13140193,0.42982405,0.14626372,0.90821373,0.9696209,0.32316595,1.0,1.5685656,1.5702395,0.042132147,1.6863207,2.0307968,2.1980102,0.08214667,2.2599928,1.9815623,2.2794657,0.1865495,2.3389447,2.2648897,2.4807158,-0.14672111,2.4907873
1574.jpg,0.5406126,-0.45892733,0.58819455,-0.51928055,0.6261675,-0.516001,0.6638914,-0.51282483,0.47827914,-0.53241,0.4297487,-0.5356942,0.3890939,-0.53769994,0.6998989,-0.47883037,0.30420065,-0.499321,0.59567475,-0.36912787,0.4426375,-0.38707143,1.0,-0.0013902173,0.0,0.0,1.0448523,0.5492482,-0.098158926,0.5543947,0.586722,0.26776442,0.38031408,0.2749679,0.49927318,0.13515057,0.4587494,0.14994189,0.5160213,0.085416585,0.4493062,0.10406073,0.53122723,0.12175984,0.43083704,0.14310403,0.90949684,0.9689251,0.3182722,1.0,1.6024414,1.5688257,0.022384835,1.6945312,2.0763319,2.203886,0.038474295,2.249257,2.0330648,2.2842832,0.13339804,2.3170717,2.2872448,2.492866,-0.16460963,2.4717083
1575.jpg,0.53889096,-0.47128233,0.58964664,-0.53437585,0.6166182,-0.5308223,0.6532792,-0.52741396,0.4730521,-0.540344,0.42635766,-0.5401478,0.38291982,-0.5390446,0.69654524,-0.48745275,0.29977044,-0.49595472,0.60437965,-0.38426661,0.44791463,-0.39633742,1.0,-0.008923014,0.0,0.0,1.0542349,0.53849417,-0.105565526,0.55154383,0.5775924,0.24838567,0.3811042,0.2629206,0.4954871,0.11921993,0.45161265,0.13682516,0.5085148,0.07483172,0.4422388,0.097066194,0.52400887,0.11182173,0.42871127,0.13604437,0.9285939,0.9635269,0.32832414,1.0,1.6391227,1.548098,0.015412929,1.6698042,2.113838,2.1883388,0.032074828,2.2194183,2.0758119,2.2693727,0.11511503,2.2879152,2.3184385,2.4859402,-0.2014399,2.4405735
1576.jpg,0.5362558,-0.48037568,0.5821303,-0.5467223,0.6138564,-0.5424632,0.65463436,-0.53849167,0.46402803,-0.5553469,0.41787362,-0.5553466,0.3738073,-0.5563937,0.6972277,-0.49643376,0.29214668,-0.50999093,0.59946173,-0.39056355,0.44207856,-0.4037368,1.0,-0.01676746,0.0,0.0,1.0669302,0.54537064,-0.10268405,0.5526544,0.57928437,0.2577953,0.3930565,0.26747265,0.4948807,0.12857506,0.46433803,0.14000368,0.5148962,0.083805725,0.45258528,0.09919071,0.52881587,0.11631998,0.43824002,0.13489972,0.945879,0.9653429,0.33975956,1.0,1.6539749,1.5486062,-0.012540371,1.6487732,2.1129615,2.1862671,-0.032757796,2.202343,2.0695128,2.2694902,0.053378213,2.2741194,2.3048372,2.4702528,-0.27117923,2.428547
1577.jpg,0.54417247,-0.48571807,0.5887617,-0.54733187,0.62174594,-0.5456489,0.6611262,-0.54333544,0.47460517,-0.5490626,0.4265219,-0.54767054,0.3815794,-0.54611576,0.69754016,-0.5007993,0.29576442,-0.5028787,0.60491145,-0.39792928,0.45276788,-0.4070747,1.0,-0.019612003,0.0,0.0,1.0904121,0.5419995,-0.106337905,0.5589623,0.5838592,0.2540228,0.37237465,0.2741403,0.4981482,0.117858425,0.43581662,0.14578538,0.51507634,0.07458473,0.42546442,0.10056667,0.526725,0.10527059,0.41384858,0.13513033,0.962891,0.96318567,0.34442842,1.0,1.673123,1.5313653,-0.039748747,1.6357818,2.077634,2.163009,-0.092675224,2.1662433,2.0181026,2.2530859,0.001578919,2.236853,2.2788167,2.4289157,-0.32637286,2.3941271
1578.jpg,0.5261672,-0.49286768,0.5756492,-0.55494475,0.60840553,-0.55397904,0.64918506,-0.552239,0.4608953,-0.5563397,0.41216952,-0.55586547,0.3659433,-0.5546575,0.6914594,-0.5115696,0.2848869,-0.5141498,0.5907102,-0.40427372,0.4363005,-0.41507247,1.0,-0.024969036,0.0,0.0,1.084912,0.5494162,-0.09401541,0.5625711,0.5851817,0.25006822,0.36859328,0.26377997,0.4926814,0.117483765,0.42397484,0.13623844,0.50658727,0.07239187,0.41407362,0.08957134,0.5216223,0.1030009,0.40483457,0.12401035,0.9553207,0.9683323,0.3374621,1.0,1.6636634,1.5144477,-0.075198926,1.6141449,1.9986811,2.15809,-0.13955124,2.1651304,1.9295543,2.256294,-0.048148185,2.2352676,2.2304597,2.4081564,-0.35728005,2.379448
2070.jpg,0.5034257,-0.48546925,0.565966,-0.55483186,0.59997225,-0.5527389,0.64489156,-0.54904664,0.44602084,-0.55818737,0.40188745,-0.55615985,0.36332825,-0.55427045,0.70207894,-0.50428826,0.29642746,-0.51253116,0.57728064,-0.4008804,0.42199454,-0.4109631,1.0,-0.017058015,0.0,0.0,1.1136004,0.5663763,-0.08412267,0.56043077,0.6126088,0.2277474,0.40147308,0.24779628,0.53969014,0.09257913,0.4813471,0.11421774,0.5485266,0.048591133,0.4661377,0.064477704,0.5619832,0.09084717,0.44490978,0.11402484,0.8234462,1.0039486,0.20870458,1.0,1.442214,1.6030426,-0.25961673,1.6327509,1.8883755,2.2040312,-0.33675224,2.2206113,1.8661245,2.2809753,-0.25285813,2.3008528,2.079532,2.4641345,-0.5241149,2.452231
2071.jpg,0.50815946,-0.47665107,0.5773341,-0.5410922,0.6051761,-0.53916925,0.6441379,-0.5362276,0.45304126,-0.54263574,0.409025,-0.5415324,0.36827722,-0.53858006,0.7041542,-0.4939995,0.29849985,-0.49915826,0.5846394,-0.39179546,0.4251734,-0.39810553,1.0,-0.014918418,0.0,0.0,1.1031774,0.5657163,-0.08332466,0.55993515,0.6230009,0.23946317,0.41051918,0.26808855,0.5509666,0.110360675,0.49259284,0.15089671,0.5634864,0.06445962,0.48112214,0.101058565,0.5758947,0.10139375,0.45892254,0.13979793,0.81481296,1.0041254,0.19829601,1.0,1.4560487,1.5975497,-0.24665596,1.6425936,1.9084971,2.2136014,-0.29742956,2.231214,1.871599,2.3018305,-0.19967967,2.3166757,2.1367984,2.4859574,-0.49599493,2.4635353
2072.jpg,0.50513256,-0.44193986,0.5769298,-0.51066595,0.60818624,-0.50975376,0.6380076,-0.5081798,0.4507663,-0.5123871,0.40540338,-0.51186234,0.3682971,-0.5108663,0.7068616,-0.47174275,0.3064057,-0.48019153,0.58357805,-0.35721123,0.42415202,-0.36636546,1.0,-0.0073971446,0.0,0.0,1.1088426,0.55532616,-0.08966715,0.55385154,0.6164143,0.23230943,0.41586798,0.26447394,0.54385453,0.10539789,0.5021882,0.14102443,0.55415684,0.05602305,0.48898414,0.08946797,0.5696017,0.09775996,0.46955687,0.13413593,0.8175894,0.99554616,0.20942625,1.0,1.4617234,1.5866107,-0.21520281,1.652483,1.8321599,2.21707,-0.23914878,2.2472658,1.76927,2.3042958,-0.1437212,2.3256066,2.1370945,2.4762561,-0.40866333,2.477176
2073.jpg,0.51710635,-0.4677991,0.5829893,-0.5371306,0.6141913,-0.534052,0.64685607,-0.52975696,0.45954764,-0.5374508,0.4175318,-0.53704596,0.37908727,-0.53429884,0.7088292,-0.47734246,0.31212088,-0.49074677,0.5929691,-0.38258168,0.43869373,-0.39009085,1.0,-0.0035891484,0.0,0.0,1.0933206,0.5503311,-0.09555676,0.5504326,0.61647457,0.24676575,0.39523765,0.283953,0.5442191,0.12434669,0.4855056,0.15864775,0.5532907,0.07586311,0.47492862,0.112007126,0.5702166,0.11510815,0.45788768,0.15481889,0.82435083,0.99317884,0.2207329,1.0,1.4587021,1.5739845,-0.18240221,1.6390482,1.7320383,2.2080698,-0.18614215,2.247032,1.6434886,2.2958322,-0.087292865,2.3346703,1.9727211,2.481102,-0.374847,2.483373
2113.jpg,0.47497198,-0.5073547,0.54042655,-0.57877856,0.5699859,-0.57936436,0.61188006,-0.5808621,0.41959628,-0.57314926,0.3709409,-0.5692189,0.33192393,-0.5650422,0.6659019,-0.53540295,0.2712477,-0.5270422,0.5528599,-0.42159107,0.39798045,-0.42041346,1.0,-0.030931765,0.0,0.0,1.120241,0.55018514,-0.06294805,0.5696005,0.5973622,0.2662272,0.38663393,0.27675268,0.50615627,0.13351879,0.45582944,0.14040986,0.5080662,0.08693412,0.4430684,0.09433702,0.53140855,0.12718274,0.4311455,0.13979979,0.8872149,0.9978495,0.26432964,1.0,1.5470114,1.5822326,-0.29273877,1.6045538,1.8767838,2.1664917,-0.39494315,2.1814175,1.8141602,2.2557976,-0.3042726,2.2759953,2.104935,2.406181,-0.5943181,2.436426
2114.jpg,0.47917566,-0.52427554,0.5430459,-0.590682,0.57256746,-0.5914256,0.6117328,-0.5921667,0.4220222,-0.58477306,0.37930003,-0.58196884,0.34022245,-0.58029145,0.67076075,-0.5456052,0.28067642,-0.5373392,0.55890983,-0.44019818,0.40258437,-0.44082975,1.0,-0.042171344,0.0,0.0,1.1027318,0.5338703,-0.046621803,0.5660499,0.58971566,0.24352384,0.3661429,0.2766208,0.49950868,0.110859774,0.43113968,0.13898078,0.5023555,0.062089164,0.41727105,0.08809441,0.5270337,0.100861296,0.40890664,0.13143219,0.894042,0.99060726,0.28064847,1.0,1.5427352,1.5905085,-0.237063,1.6114194,1.9146991,2.1780436,-0.31047615,2.2154224,1.8654836,2.2764103,-0.22368056,2.3015866,2.1454124,2.4298143,-0.49869546,2.4598598
2115.jpg,0.48099706,-0.5096581,0.54321283,-0.58041906,0.5717468,-0.57984,0.6061993,-0.5791581,0.42256692,-0.57521695,0.38044724,-0.5730826,0.34469402,-0.57170874,0.6685496,-0.53081596,0.28322482,-0.5261393,0.56321967,-0.4285471,0.40782076,-0.42978072,1.0,-0.03072689,0.0,0.0,1.0975503,0.5404172,-0.046680234,0.55932593,0.5863813,0.24088682,0.3907592,0.25769407,0.50325865,0.10187578,0.45617,0.11940207,0.50999945,0.054967802,0.44180876,0.07372259,0.5316418,0.095642254,0.43004316,0.12048336,0.90244305,0.99022156,0.29268438,1.0,1.541613,1.5840592,-0.19379689,1.6135713,1.9603097,2.17367,-0.23126282,2.2092319,1.9181466,2.2686133,-0.14186624,2.2896466,2.1961062,2.4309757,-0.4222493,2.452821
2116.jpg,0.47262323,-0.5120847,0.5357267,-0.5793368,0.56507146,-0.58108664,0.5984881,-0.5832583,0.4150487,-0.5701002,0.3726015,-0.56671,0.33485058,-0.56564915,0.6612675,-0.540015,0.27650383,-0.5238313,0.5547677,-0.43262312,0.39902598,-0.43123585,1.0,-0.04100124,0.0,0.0,1.1161327,0.53057295,-0.053740926,0.5509837,0.5965762,0.23803161,0.39146382,0.25414953,0.5114928,0.09970384,0.4584373,0.11444821,0.51154745,0.05188319,0.4415425,0.06825427,0.5338863,0.095575824,0.42988402,0.11726232,0.8919689,0.98678327,0.27979615,1.0,1.5547494,1.5904038,-0.1832644,1.6402289,2.028586,2.1990833,-0.18928364,2.2543437,1.9849138,2.2851496,-0.08989577,2.3329554,2.2679565,2.4635954,-0.39854458,2.489269
2117.jpg,0.47565088,-0.48023713,0.54339796,-0.5499515,0.57201135,-0.5483335,0.60854346,-0.54642123,0.4185186,-0.54805857,0.37585697,-0.546358,0.33911547,-0.5431346,0.67587405,-0.50497043,0.2789206,-0.5002006,0.56091386,-0.40212092,0.40279686,-0.40614903,1.0,-0.0334072,0.0,0.0,1.1150452,0.5275554,-0.062525004,0.5452877,0.6001777,0.24193366,0.38324493,0.25498617,0.519699,0.103430785,0.45818803,0.11828973,0.5326055,0.059780058,0.44449806,0.07357953,0.54768217,0.09795179,0.42884094,0.118543684,0.9092742,0.97839344,0.29523316,1.0,1.5758666,1.558895,-0.13958491,1.6384244,2.0056667,2.1648612,-0.12842375,2.229183,1.9380109,2.2616248,-0.019206703,2.316195,2.3162222,2.4331822,-0.32960066,2.4706104
2118.jpg,0.47841224,-0.48086146,0.54178363,-0.5508386,0.5722306,-0.55132526,0.60146606,-0.5524184,0.41980886,-0.54266,0.37675437,-0.5393422,0.33989227,-0.5371201,0.6658488,-0.5109197,0.28244337,-0.4947266,0.56289554,-0.40529573,0.40525332,-0.40322006,1.0,-0.030724015,0.0,0.0,1.0975139,0.5254192,-0.085118145,0.54675704,0.58435494,0.22342299,0.387932,0.24806342,0.5035792,0.08618379,0.45152366,0.10752637,0.50719124,0.037474412,0.43520576,0.059749708,0.52799493,0.07965057,0.42535785,0.10942056,0.9025102,0.9736155,0.2944403,1.0,1.5735723,1.547267,-0.10969809,1.6410366,1.917162,2.1787162,-0.09855262,2.2476323,1.8381035,2.2858999,0.007992732,2.3286912,2.2593226,2.4364583,-0.28742188,2.489566
576.jpg,0.4144331,-0.42912972,0.47715926,-0.5110415,0.5182622,-0.5145547,0.549104,-0.5166017,0.35400382,-0.5047279,0.3167172,-0.50505656,0.27842987,-0.5038559,0.6287683,-0.49405625,0.24495254,-0.47480172,0.5062942,-0.35148358,0.35460493,-0.35201663,1.0,-0.035173897,0.0,0.0,1.1583133,0.53789556,-0.06784024,0.5784428,0.6097335,0.29132292,0.37269476,0.28263658,0.5050069,0.14894885,0.43934536,0.15298383,0.50752825,0.10261752,0.42928964,0.10534961,0.5312472,0.14022271,0.41908845,0.14612225,0.9545507,0.98563,0.33915433,1.0,1.5678467,1.6192875,-0.18166967,1.6094851,1.9470484,2.2547667,-0.19912043,2.2389007,1.8940179,2.355325,-0.10567253,2.3172104,2.1592853,2.511,-0.40196472,2.4995651
577.jpg,0.42047897,-0.42779663,0.48717633,-0.5115569,0.5249997,-0.5146783,0.55507195,-0.5163966,0.36433747,-0.50303954,0.32678244,-0.50118256,0.2927038,-0.50020635,0.635186,-0.49145427,0.255401,-0.47279957,0.51340765,-0.34384158,0.36032504,-0.33913177,1.0,-0.034220856,0.0,0.0,1.140988,0.54029864,-0.07012976,0.57232606,0.58386546,0.26835483,0.36874995,0.27318558,0.49871796,0.12158273,0.43589616,0.1372542,0.5059394,0.07849914,0.42209277,0.094004124,0.52339953,0.1169057,0.4140406,0.13405699,0.9432572,0.9771694,0.33437964,1.0,1.555834,1.6085024,-0.1479675,1.6236619,1.9725789,2.245449,-0.120908506,2.2620344,1.926314,2.344789,-0.007159542,2.3465595,2.1953294,2.5152137,-0.3214907,2.5116134
578.jpg,0.4516782,-0.4249554,0.5193339,-0.5048201,0.5529746,-0.50621676,0.5846186,-0.50706637,0.39565283,-0.5020956,0.3547373,-0.50191605,0.32000926,-0.50225765,0.6546728,-0.48112163,0.26902053,-0.4735125,0.53887314,-0.34160513,0.3862163,-0.3425024,1.0,-0.034325104,0.0,0.0,1.1451842,0.5318483,-0.07486466,0.5528368,0.6060888,0.27848226,0.3923281,0.27098602,0.5139363,0.13965768,0.4616274,0.14308946,0.5126392,0.09187704,0.44635287,0.09437888,0.53470874,0.1310823,0.43620855,0.13456368,0.945141,0.97632444,0.33453527,1.0,1.5660957,1.6095201,-0.11577442,1.6363069,2.0142455,2.2411306,-0.09812518,2.2798226,1.9825301,2.331426,0.01593795,2.365151,2.2081316,2.5166876,-0.2984573,2.5236056
579.jpg,0.4745343,-0.41829953,0.53999466,-0.49590078,0.57186264,-0.4974109,0.604165,-0.49818283,0.41510764,-0.49299905,0.37268916,-0.49246934,0.3361372,-0.49233508,0.67014,-0.47322604,0.2760836,-0.4647054,0.55993575,-0.3359425,0.40555808,-0.33729848,1.0,-0.028278368,0.0,0.0,1.1300035,0.5339428,-0.083216734,0.55682915,0.5996142,0.27030727,0.39724478,0.27445516,0.5143562,0.13793845,0.4659705,0.1481544,0.5178263,0.08918639,0.45404208,0.09923429,0.53755575,0.12690565,0.44285768,0.13983628,0.9368196,0.9750522,0.33428034,1.0,1.5587101,1.5980405,-0.0893517,1.6493537,2.017461,2.2316227,-0.06530108,2.2847426,1.9802235,2.3229256,0.046471875,2.3753183,2.2389112,2.5183604,-0.26218158,2.5354984
580.jpg,0.49011853,-0.4058589,0.5508069,-0.48180977,0.5795728,-0.48230046,0.6197509,-0.48248166,0.43304446,-0.4845726,0.3886167,-0.4867105,0.35089558,-0.48810884,0.67369634,-0.45925474,0.28520367,-0.45938239,0.56951237,-0.32378504,0.41673547,-0.33571726,1.0,-0.017677357,0.0,0.0,1.121361,0.5375604,-0.104361236,0.5480041,0.6033212,0.26302835,0.3983543,0.26700032,0.5216849,0.13166682,0.47347584,0.13640067,0.52454126,0.08437067,0.4597252,0.08752988,0.5418341,0.12423977,0.4459204,0.13182192,0.91744965,0.9744845,0.32348752,1.0,1.5541888,1.5793328,-0.07484197,1.652723,1.9274445,2.226437,-0.035181805,2.2882009,1.8630973,2.3201888,0.082011215,2.371938,2.2263281,2.5041797,-0.23545133,2.5257494
633.jpg,0.46850556,-0.4774855,0.5295513,-0.54785174,0.5590191,-0.5482751,0.59908605,-0.5487631,0.41322345,-0.5418228,0.36991724,-0.53883755,0.33476415,-0.53681165,0.65929025,-0.5085141,0.279476,-0.49684578,0.54856974,-0.398057,0.40292594,-0.39822403,1.0,-0.033975653,0.0,0.0,1.13081,0.5351016,-0.090910636,0.56667346,0.5800732,0.26734272,0.36630642,0.28078797,0.48437914,0.13503483,0.43135077,0.15143217,0.4909095,0.08192293,0.42137718,0.100899525,0.51349527,0.11870561,0.41106996,0.1459244,0.96855336,0.9685672,0.3530554,1.0,1.5698515,1.5636884,-0.15739864,1.6027149,1.9415191,2.1890967,-0.08061707,2.2298808,1.914354,2.2664154,0.03889083,2.3089654,2.1257145,2.438657,-0.2891341,2.4669232
634.jpg,0.47308552,-0.47861066,0.53812015,-0.5506897,0.5684694,-0.5501968,0.60425806,-0.5490436,0.41600284,-0.54425186,0.37405664,-0.54180926,0.33909678,-0.5386496,0.6676022,-0.5046481,0.2833833,-0.49523836,0.5537311,-0.4004037,0.40641648,-0.40028197,1.0,-0.026225647,0.0,0.0,1.1328129,0.53901374,-0.09589678,0.5680967,0.59263045,0.26597875,0.3639133,0.2741794,0.5052376,0.13512962,0.4295536,0.14401191,0.5132535,0.085256204,0.4213509,0.09343109,0.5322265,0.12234842,0.41129252,0.13721152,0.95863783,0.96954477,0.3586214,1.0,1.5692228,1.5750813,-0.12641719,1.6313909,1.9597224,2.1926832,-0.026356295,2.252044,1.927613,2.2733774,0.10113585,2.3281755,2.1664555,2.449318,-0.24200462,2.4879313
635.jpg,0.4766406,-0.47344133,0.5424428,-0.54556537,0.57261455,-0.5446225,0.60473025,-0.5426407,0.41954052,-0.54166675,0.37762576,-0.5394104,0.3415069,-0.5356334,0.6707222,-0.5009275,0.28693095,-0.49338174,0.5570992,-0.3968951,0.40648526,-0.39931887,1.0,-0.02487373,0.0,0.0,1.1031324,0.5437013,-0.09406245,0.5636203,0.58547235,0.25862947,0.36341524,0.25431785,0.5053521,0.12672313,0.42946792,0.12587096,0.51723117,0.07693748,0.42151308,0.0732806,0.53331,0.11116383,0.4100414,0.113793746,0.9443733,0.95422876,0.35098454,1.0,1.5484114,1.544355,-0.08601915,1.6388242,1.9522408,2.2076256,0.010843828,2.262734,1.9154435,2.298434,0.13516141,2.3481348,2.1767278,2.4755147,-0.2022559,2.5163517
636.jpg,0.4843829,-0.46857518,0.54695266,-0.53857106,0.581245,-0.5378547,0.60872966,-0.5357766,0.4230058,-0.53329325,0.38360792,-0.5319069,0.34498754,-0.5287451,0.67335564,-0.49183866,0.29238787,-0.48922306,0.56521493,-0.38949153,0.41016954,-0.3910151,1.0,-0.013139389,0.0,0.0,1.1023967,0.5516613,-0.13020451,0.5668867,0.58683974,0.27007195,0.3465136,0.272931,0.5066504,0.1393297,0.4192927,0.14136027,0.5160434,0.09127482,0.4161988,0.090989955,0.53249985,0.12749994,0.4025207,0.13366652,0.9285559,0.9585305,0.34795597,1.0,1.5566286,1.5258268,-0.06937589,1.6470063,1.8667608,2.1850255,0.03607107,2.2636578,1.7921528,2.273952,0.16008356,2.3557267,2.154268,2.4263704,-0.18788747,2.5178692
637.jpg,0.49531457,-0.46441862,0.5544019,-0.5377914,0.5886797,-0.53902733,0.6140162,-0.54032403,0.4305198,-0.5311912,0.3916829,-0.52971345,0.34985223,-0.52830964,0.6714396,-0.5035265,0.298817,-0.49150288,0.57568353,-0.3894184,0.41939035,-0.38920483,1.0,-0.013105154,0.0,0.0,1.0958835,0.5501229,-0.13789988,0.5673748,0.5798632,0.26465097,0.33511817,0.2836329,0.50001824,0.13086691,0.40798295,0.15036847,0.5059275,0.0833599,0.4074103,0.0995407,0.5227647,0.12046335,0.3954595,0.14085846,0.92387307,0.9532573,0.34668085,1.0,1.5426675,1.5032655,-0.03590586,1.6609315,1.7281288,2.1648774,0.08794547,2.2725754,1.6261389,2.2700434,0.21372914,2.3748333,2.0070128,2.3733997,-0.14773265,2.523533
675.jpg,0.4735825,-0.42149693,0.5319786,-0.49673814,0.56913394,-0.49593186,0.61279756,-0.494103,0.41789803,-0.49885467,0.37433013,-0.49936637,0.33662078,-0.5020861,0.67031914,-0.46381027,0.27035198,-0.47906217,0.5517221,-0.33889654,0.39731714,-0.35016426,1.0,-0.019240724,0.0,0.0,1.0998374,0.52101237,-0.115413055,0.5627204,0.58885145,0.25473303,0.4005986,0.28231236,0.5062629,0.12266395,0.46905136,0.14474857,0.5082648,0.07973574,0.4541314,0.09719192,0.5270193,0.115812145,0.44395185,0.14133102,0.97950697,0.94553334,0.3993555,1.0,1.6276792,1.5176438,0.07280303,1.6572701,2.0470943,2.153543,0.21682367,2.2722611,1.9959086,2.2694886,0.33287412,2.3551228,2.4089062,2.354386,-0.026552485,2.520482
676.jpg,0.48345467,-0.44352195,0.55244446,-0.5181478,0.58138514,-0.51774126,0.6226425,-0.51642823,0.43219137,-0.52075905,0.38721108,-0.5230023,0.3478303,-0.5254826,0.6806051,-0.48735377,0.28172022,-0.49653143,0.56462646,-0.35080492,0.40442586,-0.36962298,1.0,-0.03929592,0.0,0.0,1.0877546,0.5119973,-0.095545016,0.5649717,0.6012771,0.2255064,0.38125622,0.25714093,0.51712567,0.09481544,0.44461608,0.12549886,0.5159242,0.04365774,0.43349805,0.06995247,0.53442323,0.08485791,0.4241281,0.11626454,0.99451256,0.9424266,0.4166046,1.0,1.644076,1.5201278,0.07657271,1.6664995,2.1003277,2.1542232,0.17786416,2.276263,2.0568342,2.281278,0.2945928,2.359671,2.518675,2.3238924,-0.043040074,2.5223675
677.jpg,0.47032702,-0.43835363,0.53137577,-0.5146286,0.5630711,-0.51373446,0.6076405,-0.5135556,0.4145499,-0.5178597,0.37488624,-0.51829755,0.3372235,-0.5204077,0.66341585,-0.48436984,0.2729064,-0.49166933,0.5462026,-0.35138285,0.39843667,-0.36562642,1.0,-0.040413756,0.0,0.0,1.0888425,0.51270026,-0.09610408,0.55954605,0.59155625,0.23300867,0.3981862,0.25812772,0.49787626,0.10104078,0.45050305,0.1226851,0.49972543,0.048614286,0.4355757,0.07222355,0.518397,0.08853869,0.42883256,0.120219365,0.9883126,0.94280267,0.4156417,1.0,1.6484178,1.5120223,0.03565063,1.6582915,2.1076174,2.1281915,0.13763936,2.2537498,2.057688,2.240659,0.27212036,2.3356225,2.489068,2.321541,-0.08810292,2.4979987
678.jpg,0.47428685,-0.43806577,0.53788984,-0.5124323,0.5663194,-0.5127745,0.6068072,-0.5130987,0.42206216,-0.51288795,0.3770818,-0.5145652,0.33660734,-0.51642054,0.6632544,-0.48748833,0.26983026,-0.4889053,0.55191654,-0.35013524,0.39584717,-0.36356863,1.0,-0.044502508,0.0,0.0,1.1158757,0.50087875,-0.09835884,0.56489676,0.59191984,0.23954873,0.370786,0.25857282,0.50527036,0.10698603,0.43218505,0.13099103,0.5090199,0.061873842,0.42071408,0.082651846,0.52679676,0.10097093,0.4139015,0.123651505,1.0086389,0.94608974,0.41692576,1.0,1.6646756,1.5106437,0.018992525,1.6181375,2.114423,2.1213431,0.0872776,2.2375963,2.0611763,2.226885,0.21138676,2.3235245,2.4977005,2.2955523,-0.15179716,2.4724216
679.jpg,0.4868062,-0.4526166,0.54105705,-0.5259596,0.57026035,-0.52544,0.60840493,-0.52531356,0.42313418,-0.52837706,0.38184816,-0.5295655,0.3415619,-0.5302529,0.6602965,-0.49527746,0.27157423,-0.49535033,0.56124073,-0.36862305,0.4125506,-0.3805374,1.0,-0.049334977,0.0,0.0,1.114538,0.4940116,-0.104055725,0.55874485,0.5805732,0.22983746,0.38542506,0.24486622,0.49014235,0.10225157,0.435627,0.11309356,0.49515894,0.05148312,0.42479646,0.06575969,0.5138364,0.08972477,0.41970944,0.11073269,1.0068494,0.94773006,0.41037506,1.0,1.6521566,1.5141777,-0.014706735,1.6118525,2.0746946,2.1206434,0.040227674,2.1922774,2.0146468,2.225573,0.16104563,2.2751987,2.4259996,2.289049,-0.16756459,2.4276888
680.jpg,0.49375147,-0.4653968,0.5407856,-0.5395544,0.56991315,-0.541036,0.6086205,-0.542176,0.42730197,-0.53521574,0.38269758,-0.53497225,0.34291044,-0.535612,0.6568149,-0.5120702,0.26870507,-0.50736207,0.56532717,-0.38753217,0.4216556,-0.38941416,1.0,-0.062451415,0.0,0.0,1.1181772,0.49514446,-0.08893314,0.5552153,0.58791685,0.23256247,0.39273244,0.25041077,0.49009866,0.11027007,0.4454159,0.12133757,0.49018714,0.058928456,0.43332496,0.07870289,0.5101859,0.09545458,0.42611912,0.12162543,1.0102202,0.95104873,0.41615668,1.0,1.641324,1.5477738,-0.043360144,1.6086776,2.0531402,2.1609576,0.00022345982,2.2000806,1.9954315,2.268188,0.11464025,2.2744887,2.376779,2.3188612,-0.21508634,2.4389257
681.jpg,0.48038945,-0.48400527,0.5239009,-0.5611663,0.55644983,-0.56262463,0.5976523,-0.5632432,0.41284382,-0.55632585,0.36889005,-0.5546621,0.3297542,-0.5544732,0.65121466,-0.52947044,0.2589511,-0.52196485,0.5544323,-0.40211007,0.4083604,-0.40440786,1.0,-0.06803288,0.0,0.0,1.1102666,0.50112736,-0.08822007,0.5605945,0.5842103,0.22542189,0.38890296,0.24122243,0.49058437,0.095498145,0.44425297,0.098949656,0.48812595,0.045479257,0.42887056,0.056354716,0.51015055,0.08442274,0.42249456,0.103644,1.0036719,0.953968,0.4094069,1.0,1.5940654,1.5451046,-0.06431484,1.6029288,2.0668128,2.1717126,-0.054644503,2.2138486,2.0207396,2.2718568,0.04427876,2.298814,2.2998443,2.3604014,-0.2697461,2.4411073
682.jpg,0.47623622,-0.49341866,0.5232497,-0.57098615,0.55299866,-0.5726663,0.59270114,-0.5737099,0.40921244,-0.5652142,0.36571518,-0.56434375,0.32750744,-0.56457406,0.6494618,-0.5376342,0.25977105,-0.53098345,0.55537367,-0.41094145,0.4090598,-0.41314584,1.0,-0.060672153,0.0,0.0,1.0973866,0.49636608,-0.080635086,0.56669277,0.5893479,0.22925963,0.39156464,0.24900754,0.4959981,0.09596066,0.44578588,0.10492779,0.49089703,0.04299267,0.4310952,0.0565288,0.5128741,0.08176366,0.42461243,0.1055106,0.9923991,0.95719546,0.40139824,1.0,1.5941775,1.5611932,-0.083813176,1.6143237,2.014356,2.1770387,-0.12176475,2.1944897,1.9829364,2.2805262,-0.02738142,2.2996259,2.254783,2.3351772,-0.33681807,2.443556
683.jpg,0.46826357,-0.49023598,0.5146359,-0.5664227,0.54596514,-0.5688383,0.58680665,-0.57037306,0.40372682,-0.56105924,0.35998732,-0.5609711,0.32163164,-0.560853,0.6428499,-0.53758675,0.25515887,-0.5309474,0.54373604,-0.40874866,0.39918593,-0.40929112,1.0,-0.06007309,0.0,0.0,1.1295972,0.508923,-0.07605206,0.5760999,0.5895853,0.25654224,0.39280432,0.2620987,0.49031895,0.12578891,0.44854972,0.12191548,0.484835,0.07359537,0.42991543,0.07598547,0.5094204,0.11288269,0.4240978,0.122298494,0.98863053,0.95905167,0.38240734,1.0,1.5965209,1.556358,-0.12173146,1.6070677,1.9962184,2.174081,-0.18383169,2.1842902,1.9687363,2.2823608,-0.10348615,2.2825546,2.2139368,2.3450243,-0.39853656,2.4472167
729.jpg,0.5059862,-0.48103765,0.5538476,-0.55135,0.58178717,-0.5519081,0.62119776,-0.55202514,0.44190082,-0.5467377,0.3990074,-0.5456035,0.3613608,-0.5444837,0.67198455,-0.5105266,0.29242837,-0.5035896,0.5792196,-0.39728853,0.43038037,-0.4019993,1.0,-0.024067055,0.0,0.0,1.1168711,0.5263375,-0.08836496,0.5709837,0.6055754,0.29298377,0.39190745,0.2962816,0.51635695,0.16454048,0.46084407,0.1721579,0.5257847,0.11897345,0.45089203,0.12764332,0.54218113,0.1479627,0.43903762,0.16109917,0.936235,0.9535892,0.34912595,1.0,1.5002344,1.5696999,0.024476001,1.6935563,1.8775859,2.2001498,0.09544473,2.305153,1.8230046,2.2854583,0.19162978,2.3841004,2.1032853,2.4900303,-0.08633829,2.547901
730.jpg,0.5040763,-0.49091557,0.5493479,-0.56130725,0.5818537,-0.56002295,0.6244214,-0.55817753,0.4370314,-0.5623722,0.3933752,-0.55962,0.3540225,-0.5578045,0.67300737,-0.51822835,0.28204727,-0.5139922,0.575506,-0.40652144,0.4242315,-0.41264656,1.0,-0.032392167,0.0,0.0,1.1046413,0.53875154,-0.09080089,0.56244725,0.60428035,0.29571036,0.38786697,0.29036483,0.50811553,0.17069767,0.44995078,0.18025796,0.5227517,0.1259433,0.44246536,0.13118832,0.53606397,0.15126577,0.42636985,0.15881981,0.9414493,0.9517136,0.345432,1.0,1.544471,1.5542797,0.0017152628,1.6828452,1.9845536,2.1785603,0.08200821,2.2878304,1.9422997,2.2736948,0.17946103,2.3644736,2.2176151,2.471217,-0.13011403,2.5359688
731.jpg,0.5024398,-0.4814679,0.5515254,-0.5531623,0.5809303,-0.55168796,0.6221289,-0.54932946,0.43861195,-0.5513446,0.39383224,-0.54890335,0.35516623,-0.5474568,0.6716446,-0.5042393,0.2828215,-0.50431484,0.5735988,-0.3978,0.42290327,-0.40346357,1.0,-0.023567265,0.0,0.0,1.0993983,0.5216763,-0.099058695,0.56827044,0.5886874,0.28411478,0.38626087,0.28784114,0.4942935,0.15160015,0.44148174,0.15450822,0.5055725,0.11125996,0.42887375,0.1127034,0.52381235,0.14383832,0.42141128,0.15141371,0.94620115,0.95787853,0.3549156,1.0,1.5739162,1.5616771,-0.014822087,1.677337,2.055893,2.1901155,0.054441378,2.2787898,2.0259156,2.2750618,0.14678568,2.3524644,2.2651527,2.480252,-0.1657542,2.5217555
732.jpg,0.50864285,-0.46958822,0.55579,-0.5398628,0.5950813,-0.53738725,0.6344225,-0.53352576,0.4449584,-0.5432649,0.39918187,-0.54133594,0.35841572,-0.54183275,0.68065685,-0.4918438,0.281124,-0.50001717,0.5738706,-0.38586563,0.4217572,-0.39535543,1.0,-0.017531633,0.0,0.0,1.1033571,0.5420927,-0.107893,0.57792425,0.59323144,0.29070485,0.37621924,0.29244855,0.50075525,0.15829392,0.44496572,0.16249123,0.5095376,0.11569207,0.433096,0.11593751,0.52457076,0.14627516,0.4203126,0.1524905,0.9663168,0.9560602,0.36703402,1.0,1.6370924,1.5465242,-0.036985017,1.659478,2.1136162,2.1800132,0.008001532,2.2542744,2.0787961,2.2672973,0.12754431,2.3329074,2.345466,2.4864595,-0.20397308,2.5013168
733.jpg,0.49280274,-0.4877089,0.5427765,-0.5559788,0.57035,-0.5570413,0.60874647,-0.55785275,0.43283853,-0.55296195,0.3900804,-0.55317223,0.3513458,-0.55260944,0.6593046,-0.5165584,0.28118807,-0.5157499,0.560803,-0.40599576,0.41856128,-0.41018,1.0,-0.024502873,0.0,0.0,1.0921087,0.52977514,-0.102983534,0.57261497,0.580642,0.27070466,0.3592251,0.2992055,0.48906788,0.1434388,0.4245751,0.1775614,0.4948597,0.092121646,0.4194167,0.1316626,0.5117088,0.12953933,0.40922734,0.16941135,0.9475902,0.96144646,0.35603508,1.0,1.6251065,1.5611864,-0.045447297,1.6501195,2.064667,2.2103121,-0.026997188,2.2421882,2.016426,2.2960978,0.08153879,2.3137271,2.2727213,2.5143423,-0.21044211,2.4824405
734.jpg,0.50078046,-0.4888572,0.5435923,-0.5543291,0.5809618,-0.5552147,0.6171765,-0.5556308,0.4353137,-0.55632627,0.38962892,-0.55695754,0.34680802,-0.5561008,0.6604955,-0.5178246,0.27175114,-0.5228517,0.55903465,-0.40211207,0.4179769,-0.4110034,1.0,-0.028462484,0.0,0.0,1.1000416,0.52991635,-0.106367834,0.56571716,0.58635277,0.2692694,0.3607589,0.28534845,0.4949699,0.13851328,0.42558008,0.15596755,0.501072,0.09242423,0.42037433,0.11034043,0.5189218,0.12770881,0.41089994,0.15206623,0.96711725,0.95282364,0.36792105,1.0,1.6296679,1.5341487,-0.07476777,1.6329696,2.014579,2.171861,-0.068787135,2.1916988,1.9578588,2.2728846,0.031860776,2.2623453,2.2292874,2.4528563,-0.27527633,2.4415376
992.jpg,0.501293,-0.51708823,0.5671431,-0.5875487,0.59974104,-0.58754826,0.6325859,-0.58705384,0.4399584,-0.58462983,0.3972391,-0.58190495,0.35864457,-0.57898927,0.6935126,-0.54461455,0.29773515,-0.53835374,0.5841669,-0.4288672,0.42309752,-0.43047833,1.0,-0.006979158,0.0,0.0,1.0828806,0.620147,-0.094077624,0.6294288,0.58968204,0.26604196,0.3501549,0.2841858,0.5311979,0.11209555,0.42389607,0.13755491,0.5456477,0.065288015,0.41191474,0.081173345,0.55083454,0.10387586,0.397755,0.12610161,0.8355513,0.99708253,0.22757266,1.0,1.4430826,1.6597496,-0.18066129,1.6972173,1.7416178,2.3327594,-0.18868966,2.3261921,1.68297,2.4271486,-0.09491659,2.4069545,1.9739753,2.6151137,-0.35775873,2.5752764
993.jpg,0.49498227,-0.5149751,0.5648973,-0.5839941,0.59755945,-0.58298475,0.63475996,-0.5811608,0.4373962,-0.5846114,0.3949137,-0.5833831,0.355766,-0.58088726,0.6976231,-0.5366965,0.2924695,-0.5381683,0.5742811,-0.42633402,0.41466087,-0.43144703,1.0,-0.0047837053,0.0,0.0,1.0821522,0.6308691,-0.10724418,0.6231676,0.59744865,0.27937374,0.34662965,0.3056299,0.53317577,0.12961525,0.4302415,0.16474305,0.55215526,0.08158066,0.42274514,0.10720298,0.5584111,0.11771961,0.4055762,0.14909536,0.8207108,0.99302244,0.21452683,1.0,1.4045982,1.663277,-0.12365253,1.731413,1.7610147,2.3652213,-0.13146009,2.371781,1.7060475,2.4686756,-0.034887016,2.4602845,1.9962906,2.6528616,-0.325992,2.6170337
994.jpg,0.5023447,-0.50188977,0.57229584,-0.5703026,0.60424024,-0.5701301,0.640251,-0.56913793,0.44245306,-0.568462,0.3974737,-0.5661553,0.35838285,-0.5640829,0.70362306,-0.52665144,0.2979634,-0.5253968,0.58612907,-0.41350713,0.4213144,-0.41607893,1.0,-0.0039583645,0.0,0.0,1.0714715,0.6254814,-0.12846611,0.6218504,0.5865962,0.26919818,0.35021672,0.3012181,0.5251311,0.11557958,0.4329529,0.16604379,0.54329485,0.0688948,0.42597413,0.10236196,0.55008495,0.10638575,0.40737292,0.14669247,0.8199253,0.9845653,0.21773559,1.0,1.3873028,1.6549453,-0.08289212,1.74279,1.7612686,2.3739028,-0.08838128,2.3854165,1.6941532,2.4767652,0.008604523,2.4731636,2.0341818,2.6664124,-0.27777854,2.6447845
995.jpg,0.50518,-0.49253276,0.57366544,-0.564348,0.6068386,-0.5642647,0.6391619,-0.56335586,0.44409755,-0.56160057,0.40003055,-0.5590129,0.36101606,-0.5561666,0.7031718,-0.5209411,0.3011221,-0.51744276,0.5905984,-0.40199357,0.42527598,-0.40460628,1.0,0.001332375,0.0,0.0,1.0630604,0.6288168,-0.13091649,0.62047863,0.5949902,0.2790503,0.3582555,0.30375722,0.53468424,0.12888448,0.44154695,0.16709897,0.5548334,0.08249478,0.43309957,0.10972796,0.5594112,0.11756038,0.4142885,0.15089874,0.81611836,0.9815741,0.21998034,1.0,1.3752654,1.6326977,-0.048167847,1.7570773,1.673218,2.3571029,-0.03741465,2.3841126,1.5838223,2.4658716,0.058547568,2.47073,2.005568,2.6530204,-0.21736725,2.6522388
