131.jpg,0.486689,-0.43365633,0.5595554,-0.50199044,0.5922567,-0.5004389,0.6253119,-0.49821076,0.4291298,-0.502444,0.38494512,-0.5005596,0.34772035,-0.4976406,0.6863622,-0.45801672,0.28891194,-0.45851436,0.5740459,-0.3467013,0.4007654,-0.34537792,1.0,0.008491932,0.0,0.0,1.0813556,0.49761248,-0.09588014,0.5209616,1.1001241,0.9572983,-0.049109656,0.9638458,1.1245439,1.11138,-0.06422909,1.1023203,1.0622127,1.0905594,0.0006952461,1.0752375,1.0364391,1.0482297,0.026595334,1.0296046,0.78136986,1.0131062,0.20983854,1.0,0.83219844,1.736019,0.15604681,1.7606556,0.9015595,2.4227114,0.16856,2.416721,0.82949555,2.508259,0.21849565,2.4793997,0.99316835,2.676579,0.2148639,2.6719778
132.jpg,0.47442234,-0.43049642,0.54603404,-0.5010937,0.58279806,-0.50064963,0.61423004,-0.4993709,0.4185322,-0.49929473,0.3767946,-0.49671406,0.33906373,-0.49300727,0.6808669,-0.45878488,0.28702053,-0.45534405,0.562947,-0.34434706,0.39377913,-0.33967143,1.0,0.017241571,0.0,0.0,1.0675592,0.50278896,-0.09967614,0.51994365,1.0965788,0.9737091,-0.05885663,0.9720954,1.127606,1.1251165,-0.07947647,1.1162375,1.0696841,1.1063504,-0.012765545,1.0923854,1.0412681,1.0686058,0.0153346965,1.0453767,0.7696723,1.0149775,0.2015969,1.0,0.8261918,1.7489723,0.1535697,1.7708457,0.8888145,2.4581282,0.16232172,2.4433973,0.8132726,2.5483167,0.21783918,2.5085053,0.96274054,2.705611,0.20639092,2.701666
133.jpg,0.48972887,-0.42450985,0.559712,-0.49064228,0.59257257,-0.4903739,0.62450707,-0.49092585,0.4338035,-0.48891857,0.39032465,-0.48631853,0.35059375,-0.48481226,0.68047416,-0.45742235,0.29308665,-0.45582584,0.5741536,-0.3449292,0.40640935,-0.34150413,1.0,0.015598847,0.0,0.0,1.0686718,0.51065546,-0.08955077,0.5242323,1.1044058,0.9623587,-0.057328023,0.98310685,1.1383562,1.1161958,-0.0790147,1.1252748,1.084667,1.1005423,-0.015849184,1.1036463,1.0531244,1.0614233,0.01154742,1.0612345,0.7843316,1.0147945,0.21511886,1.0,0.8377682,1.7738785,0.17505799,1.7815347,0.892505,2.4850016,0.16068505,2.4564526,0.81668687,2.5765474,0.21109001,2.522456,1.0005544,2.7358406,0.17577617,2.7213733
134.jpg,0.49326754,-0.42443445,0.56159914,-0.49033207,0.59347403,-0.49044415,0.6254404,-0.4908905,0.4380992,-0.48810714,0.394745,-0.4857157,0.35537127,-0.48384202,0.68081826,-0.45666453,0.29534027,-0.45481396,0.5766301,-0.34444144,0.41174805,-0.3413857,1.0,0.014900092,0.0,0.0,1.0781227,0.49750087,-0.10199612,0.51934975,1.1066769,0.95453006,-0.06623604,0.96796864,1.1385345,1.1076753,-0.08413052,1.1133076,1.0854784,1.0914406,-0.016558243,1.0915622,1.053708,1.0512189,0.011642745,1.0476073,0.774832,1.014047,0.21214603,1.0,0.84518975,1.7646148,0.1690554,1.7673905,0.885713,2.4655266,0.15490791,2.4341338,0.8094555,2.5569742,0.20284952,2.496219,1.0003256,2.7059367,0.19561727,2.6962628
135.jpg,0.4854286,-0.42525712,0.553196,-0.490852,0.58575666,-0.4900555,0.6185785,-0.49000502,0.42865643,-0.48823884,0.38532045,-0.48550904,0.34735736,-0.4835161,0.6768899,-0.45613277,0.28604257,-0.44822314,0.5694206,-0.34801704,0.40117055,-0.34336376,1.0,0.015121403,0.0,0.0,1.072642,0.50314236,-0.11179139,0.52636164,1.0922241,0.9564054,-0.08180415,0.97476524,1.1244651,1.1081492,-0.09701489,1.1172718,1.0725101,1.0922166,-0.029986005,1.0935826,1.0414271,1.0541422,-0.0044871527,1.050462,0.77378285,1.0156794,0.20080024,1.0,0.82504046,1.7664973,0.16265912,1.773872,0.8821871,2.4737306,0.14621834,2.4448843,0.80431706,2.5627587,0.19662967,2.5143535,0.9827745,2.7180698,0.16826607,2.7035992
136.jpg,0.47228488,-0.43273264,0.54480004,-0.49643514,0.58315027,-0.49536315,0.61388195,-0.4927079,0.41806918,-0.49347967,0.37893978,-0.49072498,0.33888403,-0.48659116,0.6774588,-0.45322216,0.28713942,-0.44788536,0.56019557,-0.35420474,0.3915822,-0.35243368,1.0,0.018625896,0.0,0.0,1.0639708,0.5032589,-0.09274403,0.5155444,1.0875847,0.95371795,-0.061035957,0.9638498,1.1207442,1.1047037,-0.0930254,1.1028053,1.0690843,1.0874757,-0.0377374,1.085819,1.0391709,1.0509012,-0.005817218,1.0454656,0.7711688,1.0161,0.19925162,1.0,0.84736407,1.760191,0.16610764,1.7483356,0.8823329,2.443142,0.14216533,2.4213245,0.8004157,2.5323577,0.19223472,2.4860172,0.9906876,2.689618,0.16918415,2.6814277
137.jpg,0.47789747,-0.4377663,0.5501259,-0.50313467,0.5883256,-0.5022484,0.61821806,-0.49930346,0.4246768,-0.500363,0.38532853,-0.49734384,0.3451415,-0.49234253,0.68041396,-0.46227723,0.2914176,-0.45535466,0.56496805,-0.36010638,0.3974879,-0.35970113,1.0,0.007222975,0.0,0.0,1.0610241,0.4914826,-0.08029568,0.52291125,1.0847802,0.9505802,-0.047541063,0.96655184,1.1140654,1.1038941,-0.065326795,1.104132,1.0678105,1.0891281,-0.018353876,1.0863981,1.0376756,1.0531087,0.008111361,1.0469817,0.77103114,1.0102339,0.20825487,1.0,0.8529866,1.7706908,0.16382758,1.7675537,0.8854485,2.4338074,0.15688127,2.4275434,0.81032,2.5309412,0.19605385,2.493837,0.99069417,2.6847506,0.17565882,2.6744587
138.jpg,0.48470527,-0.4254804,0.5515859,-0.49227193,0.5863003,-0.49094558,0.6159985,-0.48768756,0.42972735,-0.49016172,0.3887121,-0.48750818,0.35089505,-0.48259622,0.6760215,-0.4508355,0.28923467,-0.44698596,0.56850237,-0.3501866,0.4037817,-0.34895688,1.0,0.009985179,0.0,0.0,1.0563642,0.49773046,-0.083819754,0.5152745,1.0672292,0.9582646,-0.04845111,0.952632,1.0940024,1.1054093,-0.07118569,1.0892739,1.0415053,1.0865597,-0.015712185,1.0703521,1.017537,1.0502188,0.013548007,1.0287553,0.77005327,1.014359,0.20924588,1.0,0.8294043,1.7470275,0.15459625,1.7333218,0.8698933,2.406072,0.149844,2.3958104,0.78869593,2.4964006,0.20611262,2.4570184,0.9719729,2.6516747,0.19938058,2.6536555
139.jpg,0.48505732,-0.4311257,0.5503797,-0.49457535,0.5811911,-0.49351573,0.6139106,-0.49330172,0.4282336,-0.4907489,0.38412744,-0.4870382,0.34624514,-0.48312554,0.6715151,-0.45599326,0.28151706,-0.44257954,0.5680344,-0.35101438,0.4005537,-0.34583133,1.0,0.015371375,0.0,0.0,1.0540485,0.5074357,-0.087967604,0.5166511,1.0649918,0.95590824,-0.065625966,0.9530457,1.0958315,1.1012328,-0.08513963,1.0906293,1.0431979,1.0817549,-0.022628669,1.0711044,1.0177351,1.0447251,0.0050358847,1.02898,0.7692742,1.0161412,0.20494597,1.0,0.82324237,1.7433834,0.15494837,1.7395887,0.86309826,2.4087567,0.13940649,2.396758,0.7952693,2.4997437,0.19717902,2.4577444,0.94948417,2.6498785,0.1681609,2.649979
140.jpg,0.48626834,-0.4313045,0.55134773,-0.49401304,0.5819321,-0.49314582,0.61614966,-0.4931745,0.42957377,-0.49040544,0.38542464,-0.48692048,0.3472438,-0.48353702,0.6731542,-0.45542705,0.282187,-0.44364595,0.56897014,-0.3512363,0.40165466,-0.3451142,1.0,0.015210121,0.0,0.0,1.0531459,0.5053637,-0.08753316,0.5165527,1.0626273,0.9554201,-0.06740412,0.95244956,1.0921121,1.1013819,-0.08704495,1.0890884,1.0396265,1.081863,-0.024856245,1.0690823,1.0146674,1.0443624,0.002477845,1.0268713,0.7682005,1.0169888,0.20365618,1.0,0.8232448,1.7444631,0.15369499,1.7386372,0.86323154,2.4066024,0.14051372,2.3940387,0.7942366,2.4972203,0.20002303,2.4555647,0.9516829,2.6492221,0.16725484,2.6469705
141.jpg,0.49451628,-0.436724,0.56052095,-0.49838418,0.5914201,-0.49774194,0.6254632,-0.49751964,0.43772906,-0.4954243,0.39186916,-0.49197784,0.35266858,-0.48859948,0.6844622,-0.45685473,0.2868658,-0.44916785,0.57578474,-0.35266882,0.40765208,-0.3486985,1.0,0.01463816,0.0,0.0,1.0487254,0.4968895,-0.09750818,0.52553403,1.0720344,0.9555646,-0.07001519,0.95979977,1.1038916,1.109867,-0.091768585,1.1006582,1.0483643,1.0906676,-0.03235972,1.0812974,1.0197719,1.048305,-0.002119783,1.0372914,0.76918685,1.008598,0.19952258,1.0,0.83512235,1.7455555,0.15668741,1.7415774,0.8729426,2.4304724,0.14977065,2.438271,0.7816241,2.525008,0.20498809,2.5132983,0.99301285,2.6709337,0.17733708,2.6807227
142.jpg,0.49146098,-0.4309177,0.5561983,-0.49143887,0.58793813,-0.49097905,0.6245837,-0.490716,0.4344661,-0.48905444,0.3914466,-0.48642287,0.35172856,-0.4836221,0.6804367,-0.4529036,0.2859681,-0.446109,0.5721141,-0.34916106,0.40438962,-0.34603053,1.0,0.011458192,0.0,0.0,1.0474174,0.50441635,-0.09352657,0.5236976,1.0561109,0.96101093,-0.074817814,0.9652423,1.0838886,1.1078198,-0.09753599,1.1056399,1.0339905,1.0886363,-0.039428696,1.0849981,1.0091337,1.0510042,-0.0120430235,1.0429618,0.7577686,1.0170169,0.1925203,1.0,0.82824826,1.7633018,0.15338464,1.7465805,0.8695404,2.4272926,0.14787377,2.4159205,0.79026747,2.5086617,0.21210693,2.4891653,0.9414372,2.6685467,0.1662889,2.6614094
143.jpg,0.47081676,-0.43447953,0.5409248,-0.50259465,0.57845145,-0.50054187,0.6098304,-0.49742374,0.41306683,-0.50287646,0.37243345,-0.50052786,0.33521107,-0.49671957,0.6754381,-0.45262128,0.28449154,-0.4513366,0.55978155,-0.34979266,0.3874311,-0.34546107,1.0,0.01563672,0.0,0.0,1.0442393,0.50244075,-0.08372316,0.523854,1.0626117,0.946238,-0.088153355,0.9683855,1.0967777,1.0866438,-0.11939279,1.1056819,1.0576392,1.0693749,-0.072591424,1.0868974,1.025562,1.0290637,-0.044015516,1.047492,0.74590206,1.0123587,0.17360999,1.0,0.8317355,1.769541,0.15261528,1.7464186,0.8771224,2.4296336,0.14781809,2.4226303,0.81668437,2.5096893,0.18533,2.48821,0.9471192,2.6804926,0.15181616,2.6765869
144.jpg,0.48886693,-0.4390294,0.5574615,-0.5033284,0.5902221,-0.50088066,0.6252325,-0.4974366,0.43217716,-0.5052316,0.38888627,-0.5035442,0.35234353,-0.50024223,0.6820055,-0.45307207,0.29038003,-0.45527744,0.5718521,-0.3523837,0.40127555,-0.35027173,1.0,0.010678616,0.0,0.0,1.0475482,0.49669895,-0.1068422,0.52084875,1.0713183,0.9398595,-0.11075498,0.95967114,1.1084633,1.0829217,-0.13896981,1.1027336,1.0686333,1.0680522,-0.087076716,1.0827233,1.0366099,1.0297942,-0.060106978,1.0395736,0.7657698,1.0085772,0.18694271,1.0,0.8369932,1.7775731,0.14920665,1.7793338,0.8745869,2.4534044,0.13931005,2.445861,0.7921805,2.5355625,0.1858622,2.5169756,0.9650654,2.6885219,0.16816714,2.6904879
145.jpg,0.47258338,-0.4380457,0.543212,-0.49995574,0.5795315,-0.49854085,0.6149253,-0.49674553,0.41684175,-0.4997475,0.37627262,-0.4987889,0.33872098,-0.49660966,0.67951894,-0.45609877,0.28670788,-0.45416665,0.563672,-0.35218713,0.38963944,-0.3511975,1.0,0.005157767,0.0,0.0,1.048049,0.50615394,-0.10077808,0.52362555,1.0771039,0.94792837,-0.1354578,0.9672535,1.1173979,1.0888935,-0.17212912,1.1077029,1.085111,1.0758024,-0.1290738,1.0947467,1.0531626,1.0383692,-0.1020275,1.056377,0.7723497,1.008506,0.1838059,1.0,0.8332531,1.7814686,0.15495577,1.7959826,0.87491006,2.4713445,0.132872,2.4734397,0.7907173,2.5562205,0.200464,2.5440476,0.9342581,2.7132921,0.16481484,2.7152777
146.jpg,0.4748756,-0.45142475,0.54581434,-0.5083356,0.58282655,-0.5075487,0.617611,-0.5052616,0.42071015,-0.5069043,0.37851614,-0.50398666,0.34046578,-0.50197345,0.6818241,-0.46881747,0.28748706,-0.46468228,0.5651596,-0.36588728,0.3985362,-0.3638352,1.0,0.0013187991,0.0,0.0,1.0479506,0.5125383,-0.10531354,0.5336469,1.0961485,0.9609341,-0.1524771,0.9791809,1.1307837,1.0993099,-0.18840659,1.1180432,1.0951394,1.0878837,-0.1528922,1.1053518,1.0630505,1.055003,-0.12754299,1.070309,0.77249914,1.0098058,0.17157938,1.0,0.82410425,1.7892965,0.16172662,1.7853931,0.8913835,2.4752407,0.11768653,2.471201,0.8065199,2.5458882,0.1704093,2.540299,0.92160726,2.7183323,0.1620708,2.715692
147.jpg,0.48604754,-0.4481716,0.556197,-0.50820917,0.5895301,-0.5075368,0.6278804,-0.5045624,0.42790246,-0.5043592,0.38578168,-0.50098145,0.34578595,-0.49675784,0.6861057,-0.46519372,0.28922936,-0.45840228,0.5699706,-0.36620182,0.4068678,-0.36373425,1.0,-0.0019533667,0.0,0.0,1.0555825,0.50339985,-0.112112224,0.52209044,1.1030905,0.9448085,-0.1547427,0.96975505,1.1385255,1.0845318,-0.18761027,1.1006876,1.0994229,1.0717688,-0.15587693,1.0850297,1.0644566,1.0358199,-0.13095932,1.0477014,0.77036387,1.0051738,0.17307706,1.0,0.82066834,1.7626622,0.16551825,1.7631128,0.8925876,2.4391665,0.13929674,2.423628,0.82466125,2.5016754,0.18525484,2.4900346,0.9209342,2.6688879,0.16643408,2.666956
1655.jpg,0.5111667,-0.47517592,0.56853765,-0.5328932,0.60159594,-0.53058034,0.63794667,-0.5272714,0.44749033,-0.53281283,0.40885237,-0.5290234,0.36714593,-0.52420485,0.6860532,-0.4827433,0.304108,-0.4767754,0.59080404,-0.38682607,0.42366302,-0.3857788,1.0,0.007424793,0.0,0.0,0.9488358,0.4362149,-0.06920269,0.50674,0.67288905,0.76993567,0.2211464,0.7893189,0.6325337,0.8716268,0.2627253,0.869266,0.58656305,0.8358708,0.30106673,0.83855844,0.58740556,0.7925017,0.29922575,0.796109,0.7435948,1.0108371,0.18180029,1.0,0.93628395,1.7577059,-0.036921144,1.7678767,1.1048617,2.4310768,-0.2522237,2.3928454,1.0343833,2.52822,-0.21076389,2.4638865,1.3448364,2.6733344,-0.29995656,2.6405842
1656.jpg,0.5079759,-0.46563077,0.56691754,-0.52263385,0.6006721,-0.5201628,0.63800573,-0.5174514,0.4441311,-0.5240727,0.40539885,-0.520857,0.3639557,-0.5168499,0.6885208,-0.47566667,0.3020639,-0.47124958,0.5880325,-0.3769958,0.42184147,-0.37730536,1.0,0.01602875,0.0,0.0,0.9418049,0.44134915,-0.067936175,0.5018872,0.6864242,0.77942103,0.21017529,0.7916191,0.6504158,0.88044363,0.2558292,0.87504107,0.61082774,0.85123545,0.29564172,0.84265757,0.6091819,0.8060916,0.29194734,0.79944927,0.74112743,1.0086735,0.18209861,1.0,0.92940277,1.7536427,-0.036462594,1.7542497,1.0953636,2.4326973,-0.25448593,2.3930962,1.023513,2.5241272,-0.21353203,2.4651752,1.3388857,2.676823,-0.29837972,2.6310525
1657.jpg,0.51232564,-0.4759959,0.56821716,-0.5311722,0.60196155,-0.527803,0.6383602,-0.52411443,0.4478624,-0.53317034,0.40859967,-0.52947944,0.3664502,-0.5246078,0.6861406,-0.4796541,0.3011312,-0.47603756,0.59134173,-0.38708216,0.42361426,-0.38645232,1.0,0.01786072,0.0,0.0,0.92914,0.45835474,-0.088295735,0.49188772,0.6801299,0.79137665,0.19994803,0.77241683,0.64807653,0.89489496,0.24629384,0.86441624,0.60949844,0.86703026,0.28510165,0.82508516,0.605442,0.82154614,0.2814387,0.79441595,0.7365889,1.0118217,0.17429657,1.0,0.93964434,1.7686692,-0.035659455,1.7461298,1.0978647,2.434018,-0.25191277,2.3802037,1.0190232,2.5287063,-0.2026455,2.4558733,1.3429902,2.6827595,-0.34613907,2.6306024
1658.jpg,0.4872914,-0.47208968,0.5558381,-0.5280907,0.59257483,-0.52593786,0.6282866,-0.52281725,0.42980424,-0.5274189,0.38755018,-0.5234949,0.34811625,-0.5190594,0.68446225,-0.47800735,0.2977037,-0.47358876,0.576733,-0.38391793,0.4041401,-0.38392186,1.0,0.013120414,0.0,0.0,0.9215291,0.4640887,-0.07388682,0.49469122,0.68688256,0.8037283,0.20829497,0.7952576,0.65327287,0.90484357,0.25147092,0.8823121,0.61695856,0.87804043,0.28968,0.85655457,0.61715394,0.84139764,0.2857375,0.8121695,0.7347094,1.0125992,0.16566718,1.0,0.93419695,1.7718071,-0.03935919,1.7654232,1.0955733,2.4460232,-0.24628827,2.4208174,1.0232806,2.5376747,-0.19256295,2.50149,1.3404799,2.684296,-0.3437417,2.665565
1659.jpg,0.49447924,-0.47422516,0.5606602,-0.5312188,0.59592825,-0.52929187,0.63029975,-0.5253637,0.43616673,-0.5299544,0.39504114,-0.52637297,0.3538894,-0.5209862,0.6842889,-0.4796994,0.2998473,-0.47548705,0.58118683,-0.388976,0.40983602,-0.38772142,1.0,0.010414037,0.0,0.0,0.9205624,0.46726704,-0.077562645,0.48961473,0.67984444,0.80101776,0.20005995,0.79257065,0.6425211,0.90263367,0.2425764,0.8811284,0.6056932,0.8749574,0.28135887,0.85426956,0.6067058,0.83678174,0.27734783,0.81134164,0.73126525,1.0115899,0.15899809,1.0,0.9351769,1.7659515,-0.042827044,1.7607824,1.111032,2.456574,-0.25062007,2.4222858,1.0426604,2.5432165,-0.18993315,2.5041637,1.3249488,2.688186,-0.356951,2.666061
1660.jpg,0.49755824,-0.47872946,0.5610001,-0.53478646,0.59621865,-0.53273463,0.630716,-0.5277516,0.4378435,-0.53390616,0.39721808,-0.53096926,0.35608405,-0.52477247,0.685254,-0.48075736,0.3002215,-0.47600472,0.5839984,-0.39420447,0.4147475,-0.39170668,1.0,0.008204252,0.0,0.0,0.91724724,0.46724468,-0.08406486,0.4874483,0.6679456,0.79165316,0.19142462,0.78898185,0.6261314,0.8910473,0.23467652,0.88072854,0.5882472,0.86350936,0.27778977,0.8537627,0.5896422,0.8252609,0.27460414,0.8097368,0.72652495,1.0150951,0.15850753,1.0,0.9349613,1.7601805,-0.04925775,1.7539681,1.1157085,2.443393,-0.24378163,2.4080365,1.0409181,2.5295649,-0.16998905,2.4934273,1.3375823,2.68346,-0.38374653,2.6509714
1661.jpg,0.5150367,-0.4840728,0.57587004,-0.53931755,0.6106716,-0.5363472,0.646194,-0.5321918,0.4521515,-0.5383874,0.41034234,-0.5337223,0.36782584,-0.52743065,0.696465,-0.48480865,0.30604395,-0.47880244,0.5971128,-0.39387992,0.42487398,-0.39134017,1.0,0.0123394355,0.0,0.0,0.92350113,0.4521797,-0.05272854,0.51725435,0.66380066,0.79104507,0.22513285,0.7879557,0.6294246,0.88678765,0.27881673,0.8760475,0.58808935,0.8548867,0.31351882,0.8493249,0.5876301,0.8087605,0.30897322,0.8025685,0.74105483,1.0121187,0.17319354,1.0,0.9412864,1.7540021,-0.032513477,1.7393999,1.10907,2.4311502,-0.22180699,2.3889487,1.0298797,2.5219162,-0.16081773,2.4753869,1.342716,2.669445,-0.36572647,2.628243
1662.jpg,0.51226,-0.481278,0.5741666,-0.5358856,0.61006254,-0.5332378,0.6454091,-0.5299201,0.44998366,-0.5353356,0.4087946,-0.53115046,0.3658253,-0.5261813,0.6976014,-0.48392007,0.30543542,-0.47789732,0.5960992,-0.39204705,0.42342257,-0.39020428,1.0,0.013305627,0.0,0.0,0.93142956,0.445689,-0.06798588,0.49577674,0.675904,0.79226476,0.21104923,0.795643,0.6381318,0.89120126,0.2558085,0.88388646,0.6006226,0.8626474,0.30142438,0.8566071,0.60014313,0.8179641,0.297644,0.8117936,0.7393051,1.0116786,0.16790606,1.0,0.94568664,1.7633015,-0.044287786,1.7567362,1.1162921,2.43958,-0.23556702,2.4110866,1.0448388,2.533911,-0.1689422,2.4972978,1.3298879,2.6749115,-0.36934155,2.6550994
1663.jpg,0.5169825,-0.4837114,0.57485664,-0.5365369,0.6074261,-0.53555363,0.6438532,-0.5351597,0.45411798,-0.5364293,0.41262773,-0.53378,0.37157574,-0.53091514,0.6926742,-0.49219123,0.30557826,-0.48823568,0.5943685,-0.39461967,0.42904806,-0.39222285,1.0,0.0044733314,0.0,0.0,0.9352613,0.43424055,-0.041184813,0.51968706,0.673548,0.7940832,0.21620457,0.8074952,0.64052457,0.8930278,0.2587911,0.9062593,0.60188705,0.8635044,0.30590725,0.86734885,0.60028416,0.8162912,0.3009584,0.8304755,0.7367202,1.0133747,0.1682113,1.0,0.93657506,1.7677164,-0.039737143,1.7604089,1.098897,2.4450788,-0.22337733,2.416414,1.0274502,2.5429103,-0.15768082,2.505549,1.3298131,2.6894555,-0.36498585,2.6638906
1664.jpg,0.5181728,-0.47634906,0.576379,-0.52834976,0.6103157,-0.5274445,0.6466233,-0.5265192,0.45441747,-0.52745205,0.4137073,-0.52440774,0.37123036,-0.5212458,0.6966112,-0.48349637,0.3067812,-0.4791304,0.5969325,-0.3879068,0.42864472,-0.3859176,1.0,0.0063936864,0.0,0.0,0.93895006,0.43539762,-0.05843349,0.50553066,0.6781504,0.78814983,0.21670441,0.7962084,0.6435285,0.8881655,0.25955206,0.88322043,0.60457206,0.85731894,0.30669957,0.8575365,0.6032406,0.81081665,0.30290076,0.8109384,0.7429499,1.0097464,0.1735133,1.0,0.9447424,1.7585021,-0.03911796,1.7482175,1.1107334,2.430288,-0.23699827,2.4118962,1.0384474,2.527093,-0.1729119,2.4934397,1.3463804,2.6771934,-0.36510926,2.6549997
1665.jpg,0.52735305,-0.48175114,0.5831259,-0.53395,0.6161992,-0.53272235,0.65169406,-0.53069127,0.46435264,-0.5321364,0.423837,-0.52870333,0.38094702,-0.524439,0.6944886,-0.48818916,0.3108673,-0.48264727,0.6028869,-0.3942817,0.435978,-0.39293545,1.0,0.006592041,0.0,0.0,0.9341237,0.43863395,-0.06590813,0.4997799,0.6714159,0.7875964,0.21681915,0.7867794,0.63619316,0.8880671,0.26272422,0.872392,0.5956912,0.85664314,0.30158406,0.8461533,0.5943086,0.80975527,0.29808614,0.80188733,0.74189097,1.0087337,0.1766324,1.0,0.9447537,1.7591851,-0.045290463,1.7454929,1.113544,2.42394,-0.23248704,2.4060256,1.0436381,2.520876,-0.16715829,2.4873545,1.3488024,2.6714404,-0.37431246,2.6517828
1666.jpg,0.5206885,-0.4904303,0.57964283,-0.54489267,0.6152148,-0.5413496,0.65092355,-0.537277,0.45704076,-0.5469614,0.41688734,-0.54369533,0.3738569,-0.5392085,0.69857556,-0.4914424,0.30995774,-0.49104312,0.5990168,-0.40042362,0.4285644,-0.39989626,1.0,0.0060904203,0.0,0.0,0.9262412,0.45630702,-0.04930948,0.5205186,0.6714894,0.82026094,0.21255322,0.8162302,0.6352223,0.9200281,0.25342605,0.9181923,0.5986133,0.8924793,0.2894151,0.88214886,0.6005963,0.85251004,0.28705573,0.8444011,0.73614246,1.0095018,0.1710746,1.0,0.94992816,1.7685014,-0.035963625,1.7667344,1.1118275,2.4504123,-0.21677409,2.4266958,1.0381072,2.5468035,-0.14900556,2.512179,1.3460852,2.6918519,-0.3690613,2.676415
1667.jpg,0.51711136,-0.48529962,0.57645696,-0.5422151,0.6124822,-0.5385056,0.64899796,-0.53425014,0.45432824,-0.5446359,0.41413105,-0.5413511,0.37262145,-0.5369424,0.69819593,-0.4887766,0.31024835,-0.48871142,0.5949993,-0.39659736,0.42713094,-0.39449272,1.0,0.004503915,0.0,0.0,0.92464894,0.45654348,-0.04492122,0.5251252,0.6762938,0.80898213,0.22921577,0.80977786,0.6400039,0.90660685,0.27201352,0.9090217,0.60169756,0.87630004,0.31518358,0.8697809,0.6046873,0.8383701,0.31115744,0.8329825,0.7381183,1.0062059,0.17797653,1.0,0.94872695,1.754482,-0.03887356,1.7479321,1.1066759,2.4201956,-0.21693571,2.4046805,1.0347196,2.5168383,-0.14892162,2.4870875,1.3404821,2.6643298,-0.3693495,2.6510153
1668.jpg,0.50878006,-0.47846666,0.57072526,-0.53818315,0.60656404,-0.53495306,0.6434077,-0.53093946,0.44696993,-0.5402359,0.4056891,-0.5370263,0.36614856,-0.53223085,0.6957252,-0.48507667,0.3066819,-0.4832485,0.5891721,-0.3912634,0.42192188,-0.3881976,1.0,0.0050678644,0.0,0.0,0.9219998,0.460614,-0.04520204,0.51605576,0.6742917,0.81489927,0.23374173,0.810241,0.6389745,0.91301817,0.27530673,0.89721155,0.59956956,0.88384026,0.31174248,0.87109226,0.60195804,0.84620273,0.3077847,0.8223846,0.73597693,1.0075362,0.1733675,1.0,0.9444478,1.7547247,-0.038064104,1.7467875,1.1067393,2.4207242,-0.21278088,2.4000263,1.0355029,2.5170715,-0.14517024,2.4827173,1.3415911,2.6624632,-0.36265272,2.6493645
1669.jpg,0.49371162,-0.46302116,0.5592086,-0.5188047,0.5940974,-0.51686645,0.63075745,-0.51438487,0.43316874,-0.5194131,0.39250198,-0.51645696,0.3535175,-0.5125177,0.6867342,-0.47206748,0.29953054,-0.466688,0.5794918,-0.37533966,0.41030115,-0.37420154,1.0,0.009234186,0.0,0.0,0.9302087,0.4477387,-0.06448223,0.4875099,0.6816171,0.80057204,0.20369336,0.7854891,0.64611953,0.903026,0.24663582,0.87788904,0.6070841,0.87270474,0.2857715,0.8511685,0.60655695,0.83241457,0.28180894,0.8065063,0.7332995,1.0116744,0.16727225,1.0,0.94268864,1.757848,-0.042629912,1.7450327,1.1088754,2.427971,-0.1955395,2.3881817,1.0353633,2.521172,-0.120908,2.469047,1.3455822,2.6660588,-0.36245447,2.651346
1670.jpg,0.49436903,-0.47792888,0.55765045,-0.5365297,0.59248763,-0.5336065,0.62872815,-0.52826744,0.43268916,-0.5368027,0.39177048,-0.5349774,0.35300976,-0.5296523,0.68086267,-0.4820779,0.29393947,-0.48046625,0.57757497,-0.3913576,0.41029966,-0.389033,1.0,0.00074508716,0.0,0.0,0.9200751,0.44034216,-0.07585157,0.48770544,0.6451034,0.76637197,0.19485153,0.75924504,0.6055949,0.8726131,0.23863098,0.8506062,0.5666798,0.84412074,0.2769543,0.8124843,0.5650236,0.795727,0.2724231,0.77947354,0.73030096,1.007705,0.16968216,1.0,0.93976563,1.7561789,-0.03886836,1.7473197,1.1072443,2.4320765,-0.20837738,2.3979027,1.0350593,2.5261664,-0.13817045,2.4796665,1.3526037,2.6704237,-0.36059025,2.6582563
1671.jpg,0.50548184,-0.48169386,0.5678617,-0.5381985,0.60076886,-0.5354837,0.6388027,-0.531062,0.44231132,-0.5381301,0.39938065,-0.53630227,0.36124578,-0.5321898,0.69007957,-0.48363763,0.29819047,-0.48358977,0.5874351,-0.39415324,0.4180219,-0.39065823,1.0,-0.007091389,0.0,0.0,0.9289311,0.43799233,-0.06404801,0.4945815,0.67066586,0.7745651,0.2051776,0.76843125,0.6309101,0.8810938,0.2500646,0.8630041,0.5955326,0.8550877,0.2872233,0.82411593,0.5950619,0.8095554,0.282755,0.79098576,0.73602605,1.0116032,0.17434372,1.0,0.9554382,1.7650003,-0.038266663,1.7534041,1.1235279,2.433153,-0.21380505,2.4015908,1.057527,2.5239706,-0.14710811,2.4741807,1.3516376,2.6769724,-0.33571604,2.6616971
1672.jpg,0.4940307,-0.47949624,0.5595961,-0.5420616,0.592904,-0.540366,0.62700707,-0.53642285,0.43303216,-0.53827375,0.39105096,-0.53469133,0.35023862,-0.52842826,0.68068385,-0.49008062,0.2948997,-0.48050603,0.5782803,-0.3931522,0.41277498,-0.38792294,1.0,-0.0062446035,0.0,0.0,0.9141723,0.44946194,-0.05279862,0.50992525,0.65562254,0.7910494,0.22615476,0.7915943,0.6167323,0.89326453,0.2676869,0.8789843,0.58232945,0.86618155,0.31131035,0.84787506,0.58419484,0.82728267,0.3044694,0.8045036,0.7328342,1.0144668,0.16908672,1.0,0.94234157,1.7707307,-0.035898067,1.7633262,1.1188494,2.4647923,-0.21223047,2.42172,1.0519744,2.5516644,-0.14922068,2.4915211,1.3508278,2.6991317,-0.337423,2.680317
1745.jpg,0.47067982,-0.2852059,0.5382454,-0.3724726,0.5780163,-0.376928,0.62253463,-0.3823506,0.4133803,-0.36764383,0.37732685,-0.36919963,0.34667522,-0.37154365,0.6888641,-0.38111994,0.29216507,-0.37031582,0.5565738,-0.20913407,0.40452608,-0.20522976,1.0,-0.0024447774,0.0,0.0,0.90725106,0.44776133,-0.06863793,0.50400347,0.6846245,0.7649007,0.20987628,0.7891919,0.6547017,0.87021184,0.27069172,0.8967127,0.6194,0.83526576,0.30518216,0.84914714,0.6166118,0.7901474,0.2944363,0.80577266,0.74181235,0.99133086,0.190527,1.0,0.8500008,1.8014575,0.23938283,1.8093992,0.9051682,2.4911215,0.29208377,2.5208848,0.82907873,2.5880947,0.34457803,2.601914,1.093795,2.7657974,0.26889282,2.7964535
1746.jpg,0.48128456,-0.27835694,0.55238247,-0.36465782,0.59489274,-0.37207985,0.638209,-0.37833372,0.41758996,-0.35807452,0.37805933,-0.36140773,0.34100565,-0.3676323,0.70053416,-0.3776455,0.2875329,-0.36944807,0.56798065,-0.20733552,0.4086653,-0.20303637,1.0,-0.0148688685,0.0,0.0,0.9084532,0.43658412,-0.061647605,0.5165778,0.66906375,0.75848645,0.2078652,0.7905382,0.63581574,0.8586182,0.26873663,0.89768386,0.60456485,0.8258358,0.29904166,0.85517895,0.6061269,0.7865896,0.2893764,0.80810636,0.7415483,0.99180645,0.19659375,1.0,0.84544075,1.7751236,0.23727655,1.7970153,0.9171331,2.4742365,0.29008263,2.5087812,0.84848344,2.562989,0.3476603,2.5843678,1.0412836,2.7367947,0.29044092,2.7773166
1747.jpg,0.46754992,-0.27402717,0.53913057,-0.3640841,0.5799429,-0.37058157,0.6246187,-0.37576306,0.4098233,-0.35970655,0.37138087,-0.36513925,0.33619785,-0.37099206,0.6974012,-0.37213403,0.2833721,-0.37124065,0.55360883,-0.2048982,0.39721552,-0.20145397,1.0,-0.0006344263,0.0,0.0,0.9038223,0.4582406,-0.052634727,0.51960486,0.68910056,0.7762508,0.20331934,0.8040073,0.6606107,0.8830769,0.25717324,0.9123686,0.6299551,0.8528082,0.29277572,0.8733961,0.62656456,0.8072385,0.27851495,0.82646775,0.73809844,0.9936346,0.19520509,1.0,0.83873,1.7837716,0.21554278,1.8203219,0.90107673,2.5000374,0.2701596,2.5281303,0.8149148,2.5985808,0.3236194,2.6031094,1.0274221,2.7471976,0.29130742,2.791038
1748.jpg,0.45741874,-0.29269242,0.52957296,-0.38111633,0.5715849,-0.38719434,0.61680067,-0.39219987,0.40032256,-0.37651095,0.36362588,-0.38056055,0.33077544,-0.38586023,0.69060415,-0.38513297,0.28550947,-0.38233492,0.5518699,-0.22269623,0.39113483,-0.22054134,1.0,0.0017280242,0.0,0.0,0.9040159,0.44805512,-0.061929367,0.5055162,0.6736042,0.7576274,0.20795444,0.78129244,0.6270626,0.8539958,0.2662937,0.87636954,0.5992479,0.8263047,0.296298,0.83502007,0.6001384,0.7826156,0.2863715,0.7968044,0.7295577,1.0022408,0.18767585,1.0,0.821501,1.7965069,0.21055359,1.818094,0.87814426,2.5096524,0.2503155,2.52625,0.78799397,2.6159103,0.3143779,2.5972855,1.0333165,2.7686644,0.27782956,2.7936788
1749.jpg,0.47208694,-0.29313898,0.54022247,-0.3804013,0.582613,-0.38633612,0.6266158,-0.39134824,0.4131406,-0.37466708,0.3750023,-0.3788764,0.34098879,-0.38388723,0.69888586,-0.38116714,0.2885137,-0.37766775,0.5571417,-0.21936429,0.40389058,-0.21899596,1.0,0.010020972,0.0,0.0,0.9118927,0.46746805,-0.068403594,0.4987048,0.68428904,0.78034085,0.20725134,0.7986278,0.6472018,0.87815696,0.2704281,0.89795655,0.61024535,0.8439247,0.30848315,0.8570671,0.6095112,0.79877853,0.2921362,0.8126958,0.731027,1.002105,0.18324839,1.0,0.8152546,1.8079005,0.20555517,1.8175949,0.86746454,2.4926898,0.23314908,2.5251868,0.7699873,2.5920973,0.29960796,2.6045988,1.0113646,2.763246,0.26649505,2.7894359
1750.jpg,0.46598548,-0.29052866,0.5398914,-0.38056415,0.5802771,-0.38577074,0.62455666,-0.38962796,0.4088639,-0.3770931,0.37036654,-0.38268587,0.33590177,-0.38754207,0.69722855,-0.37908784,0.2856534,-0.3827448,0.55457205,-0.21954618,0.39615768,-0.2206998,1.0,-0.00070782285,0.0,0.0,0.90661436,0.4465893,-0.07539674,0.4987247,0.67201227,0.7569866,0.19591713,0.7918226,0.6285676,0.8620958,0.25550637,0.8939776,0.6015885,0.8344457,0.28933585,0.8526328,0.59967685,0.78849614,0.27826464,0.8109728,0.72459483,1.0064734,0.18576868,1.0,0.79384434,1.7886996,0.1935732,1.8163326,0.8534752,2.5113297,0.22210519,2.5323899,0.7543193,2.6073315,0.29385546,2.6112626,0.9902776,2.7675145,0.2573222,2.7946317
1751.jpg,0.44983563,-0.29567856,0.522625,-0.38493615,0.56304073,-0.39115313,0.6098162,-0.3955668,0.39327717,-0.37569067,0.35502347,-0.3774005,0.32194674,-0.38058785,0.68833566,-0.37978607,0.2770138,-0.37131467,0.5433306,-0.22242822,0.38394225,-0.21909936,1.0,0.012145131,0.0,0.0,0.90877664,0.46208897,-0.10149542,0.47064164,0.677055,0.7569397,0.14792025,0.7768663,0.6345015,0.85889184,0.20140551,0.87140745,0.598753,0.8275031,0.24871671,0.83247244,0.59922296,0.78296524,0.24047118,0.7886148,0.7209101,1.005734,0.17590132,1.0,0.7914931,1.78944,0.17996989,1.8099997,0.82652307,2.5008144,0.18800436,2.4984019,0.736268,2.5948243,0.24032298,2.5703657,0.95388716,2.7514777,0.23153938,2.7589555
1752.jpg,0.48427227,-0.28747872,0.55276203,-0.3760437,0.5932506,-0.38021645,0.6339682,-0.38376403,0.42405865,-0.37132573,0.3816583,-0.37439722,0.34561816,-0.37854347,0.70308554,-0.3697731,0.28407854,-0.3716442,0.565055,-0.21573113,0.40778947,-0.21182403,1.0,0.0015167659,0.0,0.0,0.93031013,0.44478422,-0.08343644,0.46827933,0.69901365,0.7694996,0.16640013,0.8102531,0.65592706,0.88010424,0.22637595,0.92230666,0.62516826,0.85078555,0.26746947,0.87854844,0.6249142,0.8094489,0.25711155,0.8316293,0.7295717,1.0065593,0.18861018,1.0,0.7697128,1.7840257,0.18622501,1.8078768,0.8122767,2.5143094,0.17413798,2.5134032,0.7161993,2.603243,0.2344102,2.5943837,0.9219453,2.762211,0.23068802,2.7833822
1753.jpg,0.4724674,-0.30955556,0.54029447,-0.39745152,0.5802621,-0.4016976,0.6236159,-0.40487817,0.40747964,-0.38768688,0.36354512,-0.3884514,0.32912883,-0.39077997,0.6979484,-0.39184114,0.2777314,-0.38081837,0.5574153,-0.24312852,0.3946307,-0.23368625,1.0,-0.012477235,0.0,0.0,0.93965864,0.44281444,-0.093490474,0.47324577,0.6964329,0.7831285,0.16603288,0.81712043,0.65802866,0.89006954,0.23072092,0.93511117,0.6196794,0.8587879,0.27082816,0.89615214,0.6190969,0.81310004,0.25925168,0.8440745,0.7380866,1.0056242,0.19015038,1.0,0.7664374,1.7809353,0.17288178,1.8087858,0.7993055,2.4869142,0.15323654,2.520083,0.701979,2.587059,0.24045883,2.5932076,0.94379497,2.7500641,0.19401447,2.7843359
1754.jpg,0.480983,-0.33690134,0.5479473,-0.42320746,0.58650446,-0.42634585,0.6287977,-0.43074945,0.41031936,-0.4119166,0.36775643,-0.40898588,0.32834637,-0.40558708,0.69332105,-0.41569927,0.278467,-0.3924195,0.568904,-0.26487535,0.40190244,-0.25598738,1.0,-0.013879545,0.0,0.0,0.9477665,0.42790234,-0.06822965,0.48410192,0.69080496,0.7933841,0.17810644,0.81984323,0.6480224,0.8932139,0.22679505,0.9301472,0.6106455,0.86594784,0.2648489,0.88731796,0.6112304,0.8245848,0.25901973,0.84194934,0.7353253,1.0098641,0.18452749,1.0,0.749537,1.7818398,0.16051932,1.8210344,0.77878594,2.510505,0.1278845,2.522332,0.6869163,2.593545,0.19346173,2.5950994,0.9007638,2.7689095,0.1588596,2.8008893
1755.jpg,0.4794079,-0.3596294,0.5505947,-0.44299614,0.59116197,-0.44843236,0.63107485,-0.45205283,0.40743518,-0.42835522,0.36309603,-0.42532438,0.31849453,-0.42363402,0.69530964,-0.4324324,0.28074405,-0.40467024,0.57365644,-0.28897995,0.39735174,-0.2783507,1.0,-0.012713761,0.0,0.0,0.9482223,0.43446583,-0.09442462,0.48695114,0.6769671,0.76261383,0.1640806,0.7964673,0.63051546,0.85458624,0.21728873,0.8936686,0.5921669,0.8281821,0.2541347,0.85898995,0.59444016,0.7899341,0.24659342,0.81394887,0.737072,1.0034415,0.18524882,1.0,0.74610597,1.7926713,0.15450315,1.8191912,0.76120967,2.5006616,0.12062251,2.5379348,0.6506336,2.593321,0.1980264,2.6131086,0.87837493,2.7710626,0.13783048,2.799158
1756.jpg,0.4605862,-0.35604078,0.5315152,-0.44999033,0.57353574,-0.4544621,0.6114321,-0.45548815,0.38986766,-0.4321134,0.34841833,-0.42935094,0.30969977,-0.42818788,0.67899716,-0.43147102,0.27109745,-0.40208545,0.56607074,-0.283145,0.38478017,-0.2707027,1.0,-0.019497912,0.0,0.0,0.9340325,0.43025866,-0.07002295,0.5292404,0.6683602,0.7635583,0.1751311,0.79354775,0.621048,0.8617449,0.22147192,0.89163536,0.58794135,0.8394545,0.25120366,0.8548628,0.5920199,0.79572386,0.24849598,0.8113777,0.72231,1.0071611,0.18952169,1.0,0.70436066,1.7833437,0.15281929,1.8105664,0.71612626,2.501704,0.077508785,2.5121784,0.639339,2.5826924,0.13002585,2.5984292,0.80490863,2.7509274,0.123793535,2.7801738
1757.jpg,0.47617757,-0.38695958,0.5381623,-0.47164103,0.57595825,-0.47349313,0.61473405,-0.47497472,0.4004739,-0.45884213,0.3583582,-0.45275807,0.318823,-0.44708192,0.6739244,-0.44578362,0.27030706,-0.4182842,0.574706,-0.30734664,0.39206782,-0.29833362,1.0,-0.026851255,0.0,0.0,0.9502868,0.42251855,-0.097727574,0.5207366,0.6602738,0.74951327,0.16417809,0.7881203,0.6056294,0.84229606,0.21937785,0.8797469,0.5730095,0.8220372,0.25438294,0.84841037,0.57759637,0.7837537,0.24751264,0.803824,0.72200304,1.0106944,0.1840711,1.0,0.69608915,1.7889113,0.1451275,1.8115346,0.6837136,2.510617,0.050702374,2.5047243,0.6028338,2.5865119,0.09237374,2.587357,0.78035325,2.7671874,0.103842564,2.779184
1758.jpg,0.4607705,-0.40540582,0.5263704,-0.4779812,0.5687374,-0.48029554,0.60481954,-0.4827363,0.39150903,-0.46719512,0.34922007,-0.46288714,0.30757105,-0.45814127,0.6695751,-0.4531287,0.27443132,-0.4245703,0.56556964,-0.32750028,0.3852824,-0.31794348,1.0,-0.017231088,0.0,0.0,0.94471216,0.42484325,-0.08924512,0.51755285,0.66707116,0.77438444,0.16701178,0.795138,0.6126853,0.8678215,0.2190841,0.8910978,0.58242166,0.8510358,0.25281894,0.8606926,0.58560044,0.80637395,0.24631108,0.81525576,0.72288597,1.0129246,0.18142682,1.0,0.68290764,1.7657607,0.14824283,1.7826599,0.6479249,2.4806101,0.03548469,2.4628007,0.5689441,2.5651646,0.07877696,2.5412433,0.7755884,2.727878,0.07073413,2.7494562
1759.jpg,0.4729471,-0.41151556,0.53476936,-0.48815742,0.5729883,-0.4921076,0.6106025,-0.49479198,0.39958888,-0.47220922,0.35594591,-0.46641117,0.31346443,-0.46008787,0.67388946,-0.46116176,0.27340016,-0.424794,0.57094306,-0.33368224,0.39538294,-0.32120615,1.0,-0.0212184,0.0,0.0,0.9320416,0.42296973,-0.09057756,0.51810914,0.64657867,0.7525296,0.16353205,0.79008925,0.59351945,0.84517944,0.21715268,0.88485414,0.5659742,0.8230686,0.24918692,0.8518675,0.56866974,0.7844749,0.24186438,0.80694395,0.7256353,1.0125335,0.18629037,1.0,0.6724819,1.782589,0.1484278,1.7970476,0.62933165,2.478723,0.022699982,2.4712305,0.55481595,2.5545065,0.0580986,2.552237,0.7289529,2.733895,0.06214338,2.7584279
1760.jpg,0.45581275,-0.4169102,0.5237425,-0.49053383,0.5681903,-0.49338955,0.6046524,-0.49216148,0.38204262,-0.47773093,0.3375803,-0.47078514,0.29623199,-0.46521994,0.676003,-0.45649862,0.26613536,-0.4243017,0.5667459,-0.33108437,0.37732643,-0.3141358,1.0,-0.0043970165,0.0,0.0,0.9248624,0.4446629,-0.10110433,0.4934137,0.63741946,0.77074045,0.16056927,0.78678465,0.580002,0.8580287,0.22019665,0.8808199,0.5582968,0.8377201,0.25080094,0.8493849,0.5619389,0.80061907,0.24114849,0.8075174,0.7213671,1.00963,0.17240836,1.0,0.6565875,1.7708195,0.14031371,1.7894222,0.61005497,2.4628596,-0.0066245524,2.4546604,0.5441733,2.5372813,0.017958306,2.542055,0.68391997,2.7152169,0.010918664,2.7417474
1761.jpg,0.46322206,-0.41442412,0.53151786,-0.48946384,0.57289827,-0.491389,0.6132169,-0.48977205,0.39008546,-0.47779754,0.34557372,-0.4708869,0.30395555,-0.46516404,0.6772681,-0.45366326,0.26671907,-0.4238603,0.5685505,-0.3277772,0.38307375,-0.31214672,1.0,-0.00093320647,0.0,0.0,0.94205105,0.4519739,-0.094169386,0.49916402,0.63827646,0.7662129,0.16389354,0.7928786,0.57533735,0.847221,0.21498713,0.885316,0.54794526,0.82579523,0.24825308,0.85572004,0.5604525,0.7920528,0.24218012,0.8145747,0.7213412,1.0094945,0.17104462,1.0,0.6641536,1.7594552,0.14458834,1.7833326,0.60537535,2.468932,-0.025940342,2.4487019,0.54670787,2.5504165,-0.007956326,2.5299213,0.7048903,2.710738,-0.0075949947,2.7421722
1762.jpg,0.46931905,-0.4412754,0.5330318,-0.51072365,0.5769286,-0.51228505,0.608805,-0.5119696,0.39870536,-0.50380415,0.35363317,-0.49816206,0.3117955,-0.49139062,0.6771078,-0.47656953,0.2785601,-0.44790566,0.5756355,-0.3582437,0.3919345,-0.34205574,1.0,-0.0017716886,0.0,0.0,0.9514009,0.45643657,-0.10298661,0.5003943,0.64250046,0.7716607,0.16670765,0.79462165,0.584679,0.8557604,0.22287655,0.88472205,0.55624247,0.8344288,0.2599936,0.85676205,0.5610042,0.7964172,0.2502418,0.8165393,0.7265094,1.014876,0.1724678,1.0,0.67233247,1.7844716,0.15265234,1.7927101,0.6045703,2.498853,-0.038298983,2.4985428,0.5389102,2.5780165,-0.026672801,2.5960448,0.68345976,2.757214,-0.0063631614,2.7859244
1790.jpg,0.5059244,-0.4752429,0.57351506,-0.5318086,0.61071444,-0.53079927,0.64814776,-0.5287347,0.44707704,-0.5317593,0.4081066,-0.52981514,0.36564884,-0.5284153,0.6995363,-0.49406534,0.30785254,-0.49333593,0.58700347,-0.39243534,0.42347527,-0.39038172,1.0,-0.024259312,0.0,0.0,0.9767124,0.44520748,-0.013855094,0.51783663,0.7357757,0.79860044,0.23706828,0.8220657,0.6923983,0.8935277,0.28251103,0.9286962,0.666335,0.87796557,0.3151232,0.9034654,0.6718895,0.83438104,0.30760407,0.85322577,0.80027163,0.97976744,0.23660938,1.0,0.81363463,1.756238,0.29835126,1.8195179,0.8030431,2.3861573,0.38195643,2.491192,0.74383694,2.4553568,0.42692095,2.5655081,0.7793068,2.6951969,0.43090332,2.7490203
1791.jpg,0.50211245,-0.48196116,0.5743229,-0.54427624,0.6107783,-0.54263586,0.6471384,-0.53877145,0.44675538,-0.54198986,0.40361756,-0.53983676,0.36267588,-0.5351977,0.7012167,-0.5013089,0.30990118,-0.49762958,0.5837847,-0.3960508,0.41758695,-0.39447868,1.0,-0.029647002,0.0,0.0,0.9576092,0.44503465,-0.0057609375,0.520226,0.7281979,0.7968398,0.24729209,0.8168365,0.68295085,0.8899884,0.29653865,0.9176177,0.6578849,0.8774494,0.32555214,0.8951029,0.66442066,0.8351356,0.31794402,0.84713775,0.80604625,0.9780512,0.25364155,1.0,0.7999807,1.7700508,0.30137098,1.8158576,0.79141086,2.407439,0.38908687,2.4773247,0.73874444,2.4749348,0.43358392,2.5401194,0.75702035,2.7094505,0.435838,2.736201
1792.jpg,0.49727818,-0.47819164,0.5689612,-0.5379019,0.6045273,-0.5366267,0.6417079,-0.5338011,0.44037884,-0.53714055,0.39687717,-0.5359528,0.35474548,-0.5322179,0.6959886,-0.49743652,0.3024695,-0.49458298,0.57799906,-0.39310262,0.4130731,-0.39155316,1.0,-0.027865207,0.0,0.0,0.9636814,0.43290234,-0.012589833,0.517411,0.71297276,0.77568024,0.25850323,0.7876074,0.6602905,0.86215746,0.30361462,0.876099,0.63215667,0.8403002,0.33195958,0.848833,0.6408037,0.806835,0.32674494,0.8076841,0.78698355,0.9869054,0.24520312,1.0,0.7642696,1.7654458,0.29165,1.8036592,0.7845749,2.41378,0.38450268,2.4765844,0.75033593,2.4851363,0.43157774,2.5349102,0.7553894,2.7073994,0.45345765,2.717873
1793.jpg,0.50150824,-0.48378515,0.5703396,-0.54453135,0.60393405,-0.5429757,0.6457713,-0.5408571,0.43969962,-0.5415761,0.39420688,-0.5397986,0.3517874,-0.5354302,0.70035005,-0.5022561,0.29594418,-0.49163464,0.5812865,-0.39880043,0.4133096,-0.3990185,1.0,-0.02839986,0.0,0.0,0.9528079,0.44678843,-0.00896234,0.52582073,0.71771324,0.8067499,0.2690128,0.814502,0.67023534,0.90649146,0.32232296,0.9153116,0.6432868,0.8883085,0.35345182,0.89213336,0.6520018,0.84617555,0.3426635,0.8449098,0.795672,0.98340636,0.24924323,1.0,0.75495124,1.7764752,0.29461762,1.8096515,0.7472392,2.4357593,0.38345054,2.4805267,0.71269566,2.509108,0.4291746,2.53708,0.7416666,2.712647,0.42311156,2.72834
1794.jpg,0.49767715,-0.47688124,0.5682487,-0.5382537,0.60330516,-0.5359893,0.6435258,-0.53258926,0.43828174,-0.5361019,0.39423186,-0.5343878,0.3511507,-0.5292557,0.69900715,-0.49628547,0.29642355,-0.49114978,0.58024955,-0.3918433,0.41068295,-0.3908404,1.0,-0.024457991,0.0,0.0,0.940873,0.4606832,-0.032695398,0.5118732,0.709765,0.80479676,0.23867054,0.8098893,0.65889853,0.903595,0.2840091,0.9082825,0.6303245,0.8835066,0.31743622,0.88433605,0.638095,0.84129614,0.30935168,0.8392779,0.7815073,0.9867496,0.22857746,1.0,0.73762983,1.7787952,0.27912283,1.8114537,0.71593934,2.4539669,0.36843127,2.4740121,0.6825839,2.5415425,0.41033873,2.5354662,0.7103065,2.7189076,0.39084104,2.7278285
1795.jpg,0.49384648,-0.47973815,0.5635735,-0.5410914,0.59475386,-0.5406269,0.6369168,-0.5399066,0.4327496,-0.5369973,0.3874882,-0.534754,0.34342527,-0.530577,0.6923858,-0.5055418,0.28895527,-0.49214277,0.5770654,-0.39626905,0.4064904,-0.3956448,1.0,-0.029822996,0.0,0.0,0.93920183,0.47099277,-0.03896595,0.5199663,0.69794065,0.81945544,0.23831895,0.82341975,0.6503481,0.915296,0.28981346,0.9224665,0.620551,0.8958275,0.3199248,0.89037466,0.6263529,0.8547241,0.31165457,0.8523578,0.7752579,0.9965242,0.23018949,1.0,0.7307377,1.7864399,0.27881363,1.8063856,0.6966234,2.4619026,0.34150812,2.496299,0.660118,2.5513592,0.378434,2.5642545,0.6928728,2.729821,0.38022998,2.7369788
1796.jpg,0.49595973,-0.47770292,0.5611465,-0.53902996,0.5904631,-0.5401618,0.6320258,-0.54039484,0.43171582,-0.53235537,0.38431472,-0.5286528,0.3428679,-0.5252545,0.6867516,-0.5079602,0.2887785,-0.48662093,0.5775294,-0.39730224,0.4115697,-0.39381766,1.0,-0.016883334,0.0,0.0,0.92415935,0.49293295,-0.055795733,0.5118746,0.68410355,0.8298567,0.22233829,0.825461,0.62931424,0.9219573,0.27646357,0.9225793,0.59417224,0.8979468,0.30815998,0.897665,0.60278213,0.85811335,0.29975706,0.8520104,0.7538659,1.0016207,0.21515179,1.0,0.703955,1.795987,0.26018068,1.801173,0.6611171,2.466251,0.32973948,2.490303,0.62452227,2.5540876,0.3664167,2.557619,0.68741804,2.7193055,0.36742485,2.7271278
1797.jpg,0.50468504,-0.47921792,0.56053275,-0.53904355,0.59471124,-0.54093945,0.63497823,-0.5414314,0.437874,-0.5308695,0.39263412,-0.5270459,0.35140574,-0.52422595,0.68435663,-0.5099551,0.28592578,-0.48727503,0.58071375,-0.4005726,0.41960984,-0.3971376,1.0,-0.018447503,0.0,0.0,0.93780345,0.47366285,-0.052774552,0.5147442,0.68273616,0.81270015,0.2296836,0.8082018,0.6216179,0.8992448,0.2737117,0.89733046,0.5851457,0.86930335,0.30793512,0.86971885,0.59713364,0.8351365,0.30342516,0.8255927,0.74905765,1.0028461,0.20879275,1.0,0.6956772,1.7858665,0.2485737,1.7979155,0.6535536,2.452501,0.2919109,2.478166,0.6157864,2.5388167,0.32722974,2.5544305,0.68030846,2.7145784,0.3617,2.727754
1798.jpg,0.50026673,-0.4900202,0.56226444,-0.5545889,0.5931423,-0.5539178,0.63001657,-0.55152607,0.4320179,-0.54729706,0.38774502,-0.54212344,0.3446214,-0.53451866,0.68465954,-0.5120086,0.29103407,-0.48921114,0.5856342,-0.40609187,0.41585666,-0.3996178,1.0,-0.026969096,0.0,0.0,0.9511439,0.45127738,-0.049266983,0.52517736,0.6918639,0.7977495,0.2163482,0.8022375,0.62138236,0.8916677,0.25817165,0.8971125,0.586318,0.8626039,0.2940033,0.8667417,0.5976438,0.82172734,0.29221228,0.82347095,0.756896,1.0031816,0.2111794,1.0,0.6923358,1.788508,0.24558772,1.8016189,0.6328704,2.4609168,0.28921995,2.4859278,0.5913512,2.5423727,0.32386747,2.5556612,0.66981155,2.720322,0.35153505,2.7288167
1799.jpg,0.5138978,-0.4793362,0.56691617,-0.534788,0.5975245,-0.53480667,0.632253,-0.53359205,0.44236848,-0.5293119,0.3978408,-0.52457666,0.35622728,-0.5218699,0.67990047,-0.49889702,0.2990163,-0.47936204,0.59233874,-0.39839637,0.4301196,-0.3897695,1.0,-0.022745123,0.0,0.0,0.94515914,0.44392842,-0.034491498,0.5281581,0.6958816,0.80249476,0.23298103,0.8067451,0.64106256,0.8932858,0.28545594,0.8944873,0.60463595,0.8669936,0.31791332,0.8679504,0.61292034,0.827873,0.31319675,0.8232058,0.7593187,1.0002099,0.22024056,1.0,0.6965176,1.7626238,0.25589973,1.7736105,0.62942016,2.4128401,0.28663656,2.4338644,0.58902735,2.4820898,0.32420725,2.487459,0.6677713,2.6744788,0.33045694,2.6849213
1800.jpg,0.50720894,-0.4852889,0.5624309,-0.5452121,0.59871864,-0.54612577,0.6295372,-0.5442451,0.43878612,-0.5360854,0.39097476,-0.5311415,0.35051644,-0.52796966,0.67916185,-0.50594795,0.29774532,-0.4845587,0.59197676,-0.40528944,0.42614073,-0.3951123,1.0,-0.027162421,0.0,0.0,0.94345796,0.4519524,-0.053731687,0.5270507,0.6809841,0.7947539,0.20645136,0.8080731,0.6244726,0.8966626,0.2494288,0.911725,0.59191746,0.8736275,0.28539354,0.887376,0.5988516,0.82993585,0.28250828,0.836598,0.74930745,0.9971852,0.20385312,1.0,0.68506,1.7755766,0.26742226,1.794616,0.62182707,2.4568734,0.2863415,2.4742794,0.5789023,2.5512128,0.30981126,2.5425026,0.61723757,2.7115676,0.31792772,2.7152786
1801.jpg,0.512925,-0.49724302,0.5592037,-0.5550827,0.5924344,-0.5557662,0.6206846,-0.55457705,0.441413,-0.54556185,0.3983877,-0.5396931,0.35642287,-0.5362984,0.6674826,-0.5136285,0.2997911,-0.49034405,0.59112614,-0.4186941,0.4367777,-0.40779665,1.0,-0.02467346,0.0,0.0,0.96107763,0.42091015,-0.06031885,0.5144734,0.6733501,0.7703086,0.20079647,0.79269886,0.6220713,0.8627941,0.24159741,0.8839137,0.5898708,0.83333987,0.28025657,0.85613513,0.5955945,0.7922501,0.27943668,0.8109688,0.74341244,1.0042733,0.20651187,1.0,0.67415154,1.7788546,0.2627937,1.7890291,0.5873464,2.4570608,0.25933832,2.472391,0.54755664,2.5439034,0.28265798,2.5384545,0.61652225,2.7117715,0.29532334,2.7184148
1802.jpg,0.49431995,-0.49398908,0.5481768,-0.5584992,0.5820538,-0.5602899,0.6105006,-0.5584109,0.42843124,-0.5459908,0.38415408,-0.5390332,0.34422624,-0.53263485,0.6630596,-0.51621366,0.29371735,-0.48803985,0.57813305,-0.41267037,0.4215758,-0.39986697,1.0,-0.02036575,0.0,0.0,0.9547066,0.42325926,-0.07609268,0.51296616,0.6642003,0.77838314,0.19056876,0.799677,0.6126035,0.8754089,0.23079126,0.8959229,0.5824397,0.84779906,0.26653102,0.86609596,0.58745426,0.80460966,0.26516443,0.81970656,0.7359134,1.0080296,0.19725522,1.0,0.65844053,1.7787753,0.2565209,1.7937413,0.57113653,2.4559717,0.2330596,2.4662898,0.5177012,2.5361273,0.25432843,2.5361707,0.6110905,2.7277777,0.276987,2.7341304
1803.jpg,0.51352304,-0.4831021,0.5567302,-0.54119176,0.58665484,-0.54156965,0.6233745,-0.5415951,0.43667606,-0.53641045,0.39687055,-0.5334773,0.3561537,-0.5260312,0.6657831,-0.5099446,0.293722,-0.47971508,0.58809465,-0.40177962,0.4374635,-0.38928777,1.0,-0.029893318,0.0,0.0,0.9225006,0.43871897,-0.061321296,0.52871794,0.6547865,0.80221194,0.18855524,0.82353824,0.6094883,0.8982697,0.23632795,0.92539614,0.58076984,0.8700945,0.271252,0.8921114,0.5853119,0.8293268,0.26738408,0.8436319,0.7210703,1.0077473,0.18986413,1.0,0.66530865,1.7745296,0.26380506,1.7768626,0.5686223,2.4453032,0.23307365,2.4486773,0.52820086,2.5262263,0.25850552,2.5113328,0.5741667,2.7090373,0.2759925,2.7179465
1804.jpg,0.515155,-0.48950565,0.5597771,-0.54708236,0.5900883,-0.5485928,0.62183,-0.5491068,0.4395827,-0.53890914,0.39999953,-0.5342826,0.3583105,-0.5312027,0.6654081,-0.5145122,0.30088133,-0.48695424,0.5899245,-0.41208738,0.43994004,-0.39912724,1.0,-0.013377276,0.0,0.0,0.9409474,0.44558373,-0.05880486,0.54100436,0.6409743,0.79946125,0.19951202,0.8150486,0.5905707,0.8857883,0.24818078,0.9132871,0.5603458,0.8682938,0.28060913,0.88642496,0.5681516,0.82517505,0.2763004,0.83631706,0.7178091,1.0109122,0.1840482,1.0,0.6577411,1.7968034,0.2609694,1.7855114,0.551779,2.4600787,0.2253144,2.4519227,0.50078404,2.5415974,0.24359928,2.5162745,0.5796872,2.7279334,0.2557477,2.7310255
1805.jpg,0.48881075,-0.4888515,0.5465622,-0.550402,0.58174855,-0.551762,0.6141362,-0.55033726,0.42265207,-0.5377834,0.37954393,-0.5305137,0.3415631,-0.5252156,0.66954476,-0.5067189,0.29482386,-0.4789878,0.57690346,-0.4085813,0.4176959,-0.39778423,1.0,-0.00019786878,0.0,0.0,0.9015873,0.48755652,-0.0730424,0.53055537,0.6404596,0.8387064,0.18867183,0.8411018,0.5849643,0.9286829,0.23740162,0.9456061,0.5565434,0.90482074,0.26974297,0.9238774,0.569952,0.87772244,0.26352236,0.870443,0.703876,1.0160089,0.1645749,1.0,0.65435773,1.7947074,0.26611957,1.7749125,0.5453494,2.457483,0.2431237,2.432682,0.5022948,2.5402296,0.2550676,2.4943285,0.53985614,2.7178252,0.25296828,2.705707
1806.jpg,0.4846825,-0.48689798,0.54497313,-0.54905146,0.583233,-0.55111843,0.61199415,-0.5500549,0.42093617,-0.5361048,0.3757749,-0.5298308,0.33837625,-0.525074,0.66744184,-0.5078955,0.29568598,-0.48128185,0.5746768,-0.4068384,0.41529614,-0.39466757,1.0,0.003056623,0.0,0.0,0.90784395,0.48575205,-0.0824056,0.5247908,0.63834006,0.83487695,0.16853699,0.8266429,0.5835951,0.9263896,0.21874829,0.93375087,0.5558549,0.90333134,0.25020182,0.91384405,0.56596154,0.86544836,0.24509954,0.8636363,0.70444936,1.0159482,0.16829363,1.0,0.6487191,1.7816263,0.2746489,1.760167,0.53634983,2.4802148,0.23652968,2.4238102,0.47913447,2.5617042,0.2310303,2.4907455,0.54897845,2.7431262,0.24523784,2.7021058
1807.jpg,0.48276863,-0.49972644,0.5411525,-0.5564844,0.5797828,-0.5572421,0.60798216,-0.55646074,0.41714305,-0.5473396,0.37596774,-0.54331636,0.336131,-0.538567,0.6668644,-0.51552147,0.2974344,-0.49283215,0.5712943,-0.4188695,0.4142543,-0.40637848,1.0,-0.000134131,0.0,0.0,0.90038097,0.48363674,-0.07716926,0.5287711,0.63997275,0.8440928,0.17447376,0.8344013,0.5772223,0.9312605,0.22346732,0.94183594,0.5493097,0.91579443,0.25464138,0.9139849,0.56044865,0.87830806,0.2509136,0.86522716,0.694937,1.015327,0.15420105,1.0,0.6453396,1.7993054,0.2596592,1.7663361,0.5344311,2.4960723,0.2303126,2.4367454,0.48593587,2.5836236,0.23214895,2.4975502,0.5304479,2.7450078,0.23823692,2.6991048
1943.jpg,0.4944072,-0.32949582,0.5732729,-0.41157165,0.61276644,-0.4119432,0.65565425,-0.4108255,0.4381436,-0.40911356,0.3977924,-0.40947247,0.36207697,-0.40880528,0.72239524,-0.38480607,0.31741259,-0.39328262,0.5805173,-0.25449613,0.40898454,-0.2576654,1.0,0.036904376,0.0,0.0,0.9071883,0.5248938,-0.10747424,0.514557,0.62570125,0.8293149,0.13115181,0.8042007,0.5691954,0.90969,0.18217674,0.8991808,0.54050416,0.8797612,0.22020084,0.8636476,0.54773664,0.84124285,0.20814034,0.81807625,0.65581435,1.0274283,0.1014678,1.0,0.5698263,1.8131145,0.085150085,1.8118118,0.48789605,2.5225415,0.010282122,2.4983735,0.40105513,2.610834,0.053295504,2.5753112,0.5983313,2.7834508,-0.05101006,2.780246
1944.jpg,0.49427024,-0.339956,0.5739111,-0.41923857,0.6131218,-0.4194575,0.65471184,-0.41921178,0.43684024,-0.41840348,0.39637485,-0.41835964,0.35637978,-0.41725475,0.7213515,-0.39341417,0.31623253,-0.40188244,0.5817732,-0.26376224,0.4065276,-0.26667002,1.0,0.035587378,0.0,0.0,0.90996796,0.538478,-0.10345439,0.5129595,0.62862086,0.8472114,0.11894325,0.8240797,0.5748014,0.93878025,0.1716992,0.92370725,0.5452491,0.91064453,0.21157743,0.89489806,0.5525834,0.86921,0.20016465,0.84930694,0.6623062,1.0306377,0.10358261,1.0,0.57483435,1.833862,0.062291566,1.832248,0.49078852,2.5507014,-0.039232332,2.5448585,0.4041076,2.6489308,0.023968758,2.628222,0.6112027,2.8083818,-0.08857607,2.8094673
1945.jpg,0.49298093,-0.32676643,0.57228786,-0.41148672,0.6131135,-0.41256544,0.6575575,-0.41177663,0.4375908,-0.4106557,0.39624125,-0.41294676,0.36102262,-0.41518643,0.7254911,-0.38729632,0.3116954,-0.39997813,0.5788245,-0.24957559,0.4082346,-0.2556893,1.0,0.030027442,0.0,0.0,0.9164542,0.49765676,-0.11246525,0.5076824,0.630054,0.8137032,0.1168455,0.8043902,0.57937586,0.90053546,0.1676859,0.9061434,0.5521826,0.8709261,0.2027297,0.8724649,0.5591197,0.8312129,0.1985207,0.8228426,0.66496295,1.0264701,0.11175221,1.0,0.5762928,1.8117992,0.039092302,1.8123457,0.5015224,2.5192316,-0.08196817,2.5120635,0.41198653,2.599315,-0.025124542,2.5942006,0.61226803,2.7802224,-0.10800385,2.7862155
1946.jpg,0.5038041,-0.33090535,0.5805872,-0.41685453,0.6204748,-0.41904652,0.6610269,-0.41905358,0.44525662,-0.41391188,0.4033578,-0.41630742,0.3655926,-0.41915342,0.72189486,-0.39800796,0.31579778,-0.40421364,0.5876493,-0.2572725,0.41969654,-0.25808108,1.0,0.028798863,0.0,0.0,0.90834624,0.5101221,-0.09842912,0.5121615,0.6275196,0.84217566,0.11996088,0.81661767,0.57824826,0.92736775,0.17534254,0.92416435,0.5492583,0.8965969,0.21323207,0.8882108,0.55488974,0.85639995,0.20062542,0.8436035,0.6635693,1.0336719,0.10568152,1.0,0.599689,1.8364949,0.027973384,1.8181994,0.49938136,2.5441232,-0.104905844,2.5359898,0.3994318,2.6231985,-0.05684261,2.619378,0.6075648,2.798739,-0.123099305,2.8034294
1947.jpg,0.5027219,-0.33761537,0.5789658,-0.421591,0.6174137,-0.4247317,0.65671104,-0.4267265,0.44672823,-0.41749945,0.40725517,-0.42020077,0.36896363,-0.42443147,0.7147144,-0.4040003,0.31697127,-0.4044751,0.5883497,-0.26487887,0.42049575,-0.26486814,1.0,0.029388638,0.0,0.0,0.9350222,0.47133073,-0.0819863,0.50836486,0.65446734,0.7906003,0.13393459,0.7826601,0.59994966,0.87870264,0.18447918,0.8747015,0.5797135,0.8472383,0.22463587,0.8408248,0.57928085,0.8078143,0.2150186,0.79474276,0.6742797,1.0242498,0.11998335,1.0,0.60205585,1.7998469,0.024655966,1.7972956,0.50233275,2.5163672,-0.12342031,2.5024354,0.41279417,2.5909657,-0.08354049,2.5870275,0.6207443,2.7693245,-0.11666042,2.7799473
1948.jpg,0.52144456,-0.34153223,0.59307414,-0.42673635,0.63139474,-0.4289216,0.67179966,-0.4295813,0.46451503,-0.42573747,0.4223055,-0.4283741,0.3858755,-0.43272308,0.72787416,-0.404693,0.31965822,-0.41292,0.597604,-0.26561284,0.43667164,-0.2712339,1.0,0.021459728,0.0,0.0,0.9322541,0.4720886,-0.0752448,0.51800764,0.655113,0.7893549,0.15498962,0.7818004,0.5981361,0.8794952,0.20660506,0.87266785,0.5658126,0.8432506,0.24194032,0.83566034,0.57404596,0.8012754,0.23723327,0.790055,0.67676866,1.0226245,0.1259731,1.0,0.60115016,1.8053534,0.023462098,1.8016287,0.53318906,2.5092337,-0.1294819,2.5015104,0.4522869,2.5825744,-0.08770743,2.5901341,0.633555,2.7592993,-0.13830532,2.7839963
1949.jpg,0.5173665,-0.3300516,0.5874525,-0.41338727,0.6251704,-0.4156956,0.665331,-0.41680974,0.4589051,-0.4134049,0.41873854,-0.41625693,0.3812146,-0.42104706,0.72286886,-0.39421225,0.31839153,-0.40431035,0.5933493,-0.25564206,0.43154055,-0.25849098,1.0,0.018950967,0.0,0.0,0.9434445,0.49392885,-0.07776644,0.5100076,0.65129876,0.80914104,0.13536893,0.7856477,0.6011359,0.9015605,0.18271652,0.8855369,0.5677405,0.8645493,0.22130938,0.848594,0.57362545,0.8219113,0.21512845,0.8003094,0.68039304,1.0270017,0.11987092,1.0,0.61504126,1.8171988,0.015840862,1.8118836,0.55300534,2.523683,-0.13319671,2.517321,0.45410985,2.6011279,-0.080728784,2.6009853,0.65785223,2.774255,-0.16322406,2.7927256
1950.jpg,0.51130676,-0.3419348,0.58536774,-0.4256761,0.62336165,-0.4276731,0.6641054,-0.42848474,0.4581154,-0.42481926,0.41772062,-0.42759326,0.38167632,-0.43205047,0.72155076,-0.40311453,0.3182495,-0.41291192,0.5912545,-0.26720777,0.4289581,-0.27183655,1.0,0.02860378,0.0,0.0,0.9385596,0.4685413,-0.07740365,0.52082616,0.65590954,0.79152185,0.15257652,0.7956079,0.5984963,0.88135165,0.2028274,0.89028156,0.56546617,0.845989,0.24118198,0.848093,0.57395136,0.804677,0.23603588,0.80185044,0.6785037,1.0247934,0.12877868,1.0,0.61922336,1.7914478,0.009179729,1.8029089,0.56918,2.497695,-0.13100536,2.4994304,0.49007112,2.5715458,-0.09268644,2.5861366,0.65963507,2.7467182,-0.14721121,2.7799242
1951.jpg,0.51256025,-0.34728894,0.5858314,-0.43124887,0.6236249,-0.43380404,0.66334414,-0.43513998,0.45479807,-0.4293043,0.41465223,-0.43153748,0.37583563,-0.4358146,0.7212961,-0.41092947,0.31716323,-0.41578063,0.59565264,-0.27455074,0.42951015,-0.27619046,1.0,0.019606194,0.0,0.0,0.9381438,0.4647008,-0.06836436,0.5268645,0.64062655,0.7869886,0.16154127,0.80818725,0.59064066,0.8854453,0.2092853,0.906631,0.5554639,0.8484355,0.24334967,0.86666065,0.5631808,0.80755764,0.23924088,0.8247133,0.69109017,1.019573,0.14067884,1.0,0.65256095,1.799207,0.024012176,1.807525,0.59899986,2.509903,-0.10558023,2.5112894,0.5266624,2.5852675,-0.06378605,2.5922778,0.68798214,2.7536569,-0.12990034,2.7835753
1952.jpg,0.51976514,-0.3354227,0.5893373,-0.41888475,0.6274292,-0.42090502,0.66669124,-0.4217392,0.46176812,-0.4189034,0.42289144,-0.4212391,0.38424492,-0.42538851,0.72264194,-0.39677337,0.31696916,-0.4074931,0.59661424,-0.26012713,0.43487188,-0.26380563,1.0,0.024138585,0.0,0.0,0.9581224,0.47255516,-0.07103165,0.5192383,0.69370174,0.80230945,0.16242701,0.7924256,0.6365873,0.89403975,0.20794109,0.88524485,0.6092969,0.8629333,0.24589358,0.85245353,0.6113936,0.8198649,0.24275558,0.8063173,0.6948121,1.0163486,0.14468242,1.0,0.66913056,1.7830782,0.048804358,1.7915128,0.58837914,2.485717,-0.07553311,2.4974544,0.5047146,2.560209,-0.04385663,2.576283,0.67443436,2.7237966,-0.050103955,2.7554924
1953.jpg,0.49714616,-0.3392864,0.5719629,-0.4254395,0.61124367,-0.4277513,0.6526461,-0.42878765,0.44806263,-0.42378774,0.40770093,-0.42660618,0.37401965,-0.4305469,0.71852696,-0.40373358,0.3145208,-0.41253582,0.5782861,-0.26795793,0.420014,-0.27044985,1.0,0.024112366,0.0,0.0,0.9429219,0.5005494,-0.050731655,0.5218024,0.7007808,0.8484236,0.17625736,0.8143866,0.6527468,0.9321124,0.22142385,0.90889716,0.6186053,0.90546614,0.25523195,0.88116497,0.62848836,0.87247974,0.25220793,0.83254427,0.70338243,1.010068,0.15364182,1.0,0.6809263,1.7773577,0.06580519,1.7862478,0.64516985,2.4648356,-0.047687862,2.4728389,0.56730235,2.539487,-0.011692896,2.5391536,0.7018972,2.694422,-0.04473715,2.7379224
1954.jpg,0.49227777,-0.33146554,0.56615835,-0.4178411,0.6045881,-0.41983154,0.64731276,-0.42076808,0.44167697,-0.41733697,0.40340292,-0.4199117,0.36992988,-0.42337352,0.7147567,-0.39647388,0.31238586,-0.4073716,0.57271385,-0.25959593,0.41488653,-0.26384303,1.0,0.019511051,0.0,0.0,0.94642377,0.48607644,-0.048916303,0.5239686,0.700963,0.81055474,0.2024545,0.79014397,0.64910454,0.8948475,0.25921664,0.8800673,0.61367816,0.8677112,0.2925509,0.8487253,0.62248605,0.8287031,0.28544906,0.80280507,0.7086246,1.0110734,0.15839112,1.0,0.6819094,1.7609496,0.075542316,1.7857777,0.6701587,2.448298,-0.005332783,2.469357,0.59806406,2.5240757,0.041592907,2.539405,0.7016819,2.6797495,0.013106891,2.731183
1955.jpg,0.5121049,-0.3318349,0.58350796,-0.41431198,0.620821,-0.41521722,0.66119784,-0.41536552,0.45821565,-0.416847,0.4194916,-0.41998884,0.3835707,-0.4235089,0.7200025,-0.39369282,0.32317287,-0.41169086,0.5895808,-0.26093927,0.4299903,-0.26643777,1.0,0.017644998,0.0,0.0,0.94521034,0.5033897,-0.0505265,0.5209824,0.71901894,0.8274168,0.20619757,0.80656934,0.67004967,0.9139777,0.24926147,0.8998424,0.63715607,0.8911651,0.2906708,0.8714436,0.6446393,0.85276484,0.28079534,0.8256891,0.7300884,1.0056787,0.18133616,1.0,0.74279714,1.767704,0.119879335,1.77661,0.71642447,2.4653957,0.033740938,2.4546444,0.6294606,2.54823,0.08202913,2.5171847,0.80213946,2.6904867,0.048498694,2.7211978
1956.jpg,0.51184297,-0.37107834,0.5876302,-0.4547134,0.6251347,-0.45480558,0.6642077,-0.45422968,0.45952928,-0.45705667,0.4204375,-0.45965517,0.3804227,-0.46351528,0.7187595,-0.42471656,0.32159984,-0.44171908,0.58979785,-0.29854077,0.4274,-0.3014011,1.0,0.006892756,0.0,0.0,0.9479215,0.48268685,-0.042264096,0.54126525,0.7214356,0.80922496,0.22417195,0.8079242,0.6772867,0.8963513,0.28321117,0.9050068,0.6445395,0.86782485,0.31431872,0.86508834,0.6497965,0.8290114,0.30702347,0.8262918,0.745931,1.0046885,0.18963757,1.0,0.7866789,1.7948927,0.12686753,1.8177012,0.7684458,2.5225163,0.055805773,2.5212517,0.6910535,2.609995,0.10563437,2.5961812,0.86783135,2.7454374,0.109771416,2.7835567
1957.jpg,0.5006719,-0.3661966,0.57279253,-0.44934285,0.60944015,-0.44919962,0.6516034,-0.4481681,0.45101464,-0.45182964,0.4113741,-0.45386136,0.375855,-0.45673516,0.71821904,-0.42031878,0.31708947,-0.43701738,0.57663304,-0.29608223,0.4212619,-0.29763204,1.0,0.0058841873,0.0,0.0,0.9320068,0.49533686,-0.046226107,0.5326246,0.712862,0.8125079,0.21588627,0.81079096,0.6753266,0.9031736,0.2670755,0.9103431,0.6383743,0.87231475,0.30736253,0.8695255,0.6406225,0.83702236,0.30044454,0.8290454,0.7613606,1.0048233,0.20500831,1.0,0.78799623,1.799805,0.15848647,1.8167675,0.80531776,2.515227,0.084770046,2.5335035,0.72729003,2.6059978,0.1413802,2.6123946,0.8630358,2.7416182,0.12683685,2.7887144
1958.jpg,0.50272983,-0.38411927,0.5765191,-0.47108737,0.6121392,-0.47091803,0.6531996,-0.47055525,0.45534694,-0.47356486,0.41423887,-0.4757115,0.37805355,-0.4789736,0.714892,-0.4411052,0.3181015,-0.4574194,0.57918984,-0.31167063,0.4211195,-0.31499785,1.0,-0.0082593635,0.0,0.0,0.92972434,0.48365858,-0.03672053,0.5386112,0.7355463,0.8064654,0.21880755,0.8162618,0.7013183,0.90126246,0.27815264,0.9223303,0.66741556,0.87386006,0.31612298,0.88499755,0.66690916,0.83227116,0.30883357,0.836753,0.77647203,1.0020313,0.22617342,1.0,0.8328035,1.8253248,0.17853113,1.8345474,0.838462,2.5527775,0.124584556,2.542071,0.7584661,2.6499255,0.17087236,2.6116936,0.97622323,2.7571163,0.20066577,2.8082266
1959.jpg,0.507316,-0.3635164,0.5746041,-0.44666868,0.6070997,-0.44672474,0.64914566,-0.44596657,0.4583709,-0.4504158,0.41651613,-0.45349008,0.38046917,-0.45742327,0.70426565,-0.42563224,0.31945542,-0.43933052,0.5802412,-0.2860133,0.42657968,-0.29288414,1.0,-0.0059612915,0.0,0.0,0.92656446,0.4657216,-0.04999503,0.5313508,0.7489235,0.79887515,0.22628096,0.80178696,0.7196179,0.8909282,0.29707593,0.9091818,0.68397605,0.85642165,0.33362094,0.86932874,0.68359846,0.8218389,0.32326686,0.8185851,0.78396904,0.9928496,0.23640998,1.0,0.8806031,1.804827,0.20037998,1.8318642,0.89975446,2.5337343,0.16006033,2.5320652,0.8160409,2.6340597,0.20481518,2.603378,1.0852036,2.733955,0.22099695,2.7939973
1960.jpg,0.50564915,-0.38209382,0.57399917,-0.46446517,0.61058944,-0.46470177,0.6508534,-0.464774,0.45533657,-0.46886832,0.41317618,-0.4726114,0.3786236,-0.47650847,0.70468265,-0.43792176,0.31014386,-0.45299911,0.57810533,-0.31048906,0.4195859,-0.31536293,1.0,-0.020388583,0.0,0.0,0.9310524,0.4564361,-0.040261045,0.51374316,0.7625683,0.8054615,0.213076,0.8110424,0.7363173,0.89566296,0.2732698,0.91740096,0.70177454,0.86520475,0.31929028,0.8728996,0.69824684,0.8270703,0.30763477,0.82914007,0.7985106,0.9928296,0.24371,1.0,0.8913681,1.7849185,0.22455375,1.8160982,0.89470875,2.5009801,0.17129432,2.5101726,0.82294685,2.5931244,0.20449649,2.572097,1.0256337,2.7061849,0.26050362,2.7690766
2735.jpg,0.5324914,-0.4946178,0.579524,-0.554295,0.61376,-0.5533483,0.6534858,-0.55085945,0.46104854,-0.55506223,0.41730475,-0.55336493,0.3783335,-0.5522304,0.68685967,-0.5113116,0.30639073,-0.51120394,0.5956721,-0.4064923,0.43790686,-0.40487057,1.0,-0.038227573,0.0,0.0,0.9693908,0.41558406,-0.014996446,0.52974594,0.7506418,0.7943457,0.2645301,0.7908198,0.7043325,0.89685875,0.33095407,0.88528156,0.683627,0.87548447,0.36181793,0.8503215,0.6856064,0.8309486,0.35177007,0.8046273,0.817779,0.99457294,0.25200292,1.0,0.7628653,1.7846588,0.21528585,1.821069,0.72454226,2.4747548,0.15222575,2.5207534,0.6759107,2.548666,0.22270313,2.611129,0.7641014,2.7309291,0.079810284,2.7938533
2736.jpg,0.5124993,-0.48201364,0.5629926,-0.54685587,0.59955895,-0.54656297,0.63979185,-0.545112,0.44332543,-0.54661334,0.4004399,-0.54433215,0.3620747,-0.5428413,0.67913216,-0.5061784,0.29575846,-0.5004803,0.5816396,-0.39701554,0.4218909,-0.39401644,1.0,-0.024282165,0.0,0.0,0.9402451,0.4664189,-0.03088882,0.5368692,0.75388163,0.8325693,0.25840905,0.81776834,0.7141271,0.93594486,0.31315282,0.90232575,0.6887073,0.91250914,0.3465705,0.87377846,0.6919349,0.86740875,0.33952427,0.8261575,0.78886425,1.0005269,0.23300217,1.0,0.7392683,1.8050203,0.19474539,1.8199924,0.7020904,2.4768035,0.12410677,2.5219643,0.6392351,2.5572884,0.18696265,2.609105,0.7422844,2.7279634,0.04813471,2.7920666
2737.jpg,0.49921572,-0.4738714,0.55879253,-0.5377574,0.5926254,-0.5366193,0.6331499,-0.534556,0.4341538,-0.5373748,0.3919225,-0.53524965,0.35118887,-0.5321081,0.6760037,-0.49380755,0.28673106,-0.4878573,0.5764787,-0.38861948,0.40783703,-0.38601094,1.0,-0.017003112,0.0,0.0,0.9386297,0.47338894,-0.043818735,0.5199858,0.7359153,0.82580715,0.24040715,0.80505127,0.6988361,0.9277523,0.29878804,0.89279985,0.6670974,0.9062746,0.3398825,0.8659989,0.6687173,0.8628523,0.32529613,0.819981,0.7785293,1.0056887,0.21980117,1.0,0.7215073,1.7949584,0.17825611,1.8143653,0.67758876,2.4597154,0.090125516,2.5153468,0.624396,2.5364947,0.15389295,2.609032,0.7156802,2.7143068,0.019113634,2.7787235
2738.jpg,0.4986692,-0.47958523,0.55900896,-0.54720783,0.58951294,-0.5460121,0.6274922,-0.5438313,0.431718,-0.54488844,0.3895017,-0.54333514,0.34984508,-0.53835696,0.6746536,-0.50306684,0.29053825,-0.4948747,0.5794536,-0.3930619,0.41004995,-0.38849983,1.0,-0.017884742,0.0,0.0,0.9575179,0.43555418,-0.031769045,0.51642495,0.7177795,0.7786026,0.26567304,0.76486486,0.6751255,0.87190086,0.3272918,0.85192347,0.64318967,0.84410715,0.3577037,0.81215954,0.64541876,0.8041435,0.35096717,0.7782633,0.7720804,1.0005734,0.2271837,1.0,0.7141533,1.7846415,0.18163995,1.8084803,0.6395606,2.4440942,0.08767434,2.4995985,0.57852143,2.514462,0.13701971,2.5840094,0.6897756,2.719613,0.002078565,2.7764528
2739.jpg,0.48633534,-0.47678876,0.54860765,-0.54113233,0.58063334,-0.54042894,0.6206825,-0.53917414,0.42252758,-0.53775525,0.38167366,-0.535324,0.3429257,-0.5308766,0.67260766,-0.50081396,0.28422233,-0.4895775,0.5710487,-0.38905805,0.4055059,-0.38390008,1.0,-0.016796043,0.0,0.0,0.95930505,0.4648453,-0.039893672,0.5123117,0.7098779,0.7861714,0.24835564,0.77839696,0.6670723,0.8793035,0.29629976,0.8561964,0.6324814,0.85293967,0.33842537,0.8271213,0.6367987,0.8134098,0.32665464,0.7873071,0.75915843,1.0039923,0.21786946,1.0,0.7079992,1.7691823,0.16351101,1.790688,0.598139,2.459125,0.07150023,2.4920688,0.5243203,2.5456727,0.11421515,2.5729337,0.683414,2.7180333,-0.039705276,2.7747836
2740.jpg,0.4845637,-0.4866953,0.54792356,-0.55247235,0.58087724,-0.5513866,0.61551607,-0.5487526,0.41870874,-0.54982084,0.37755185,-0.5479738,0.3367554,-0.5421746,0.67360634,-0.50516456,0.28446004,-0.49384293,0.5718606,-0.39672318,0.4021754,-0.38923234,1.0,-0.011083407,0.0,0.0,0.98160166,0.44272554,-0.045802325,0.5081835,0.71583515,0.76979786,0.24656919,0.7715438,0.6724726,0.86625516,0.29378238,0.8560313,0.6347145,0.83722043,0.3364602,0.820081,0.63977045,0.7955774,0.3274028,0.78688645,0.7516537,1.0082636,0.21514808,1.0,0.68934596,1.7655967,0.16325332,1.7831184,0.58462775,2.4684513,0.070279144,2.4897542,0.4978112,2.5562265,0.12223329,2.5708396,0.6719538,2.7300708,-0.030395137,2.7832956
2741.jpg,0.47046655,-0.48985055,0.53350747,-0.54826224,0.56783485,-0.5474365,0.6028571,-0.54737043,0.40308648,-0.5440209,0.36216012,-0.54072464,0.32248664,-0.53761387,0.6621653,-0.51342076,0.27701643,-0.49633318,0.56317484,-0.40362683,0.3967093,-0.39436227,1.0,-0.016935432,0.0,0.0,0.97300303,0.44892186,-0.04267772,0.52272934,0.6650628,0.7702653,0.22671278,0.7894745,0.61288744,0.855086,0.26732355,0.87005025,0.5875586,0.8307341,0.30643073,0.8300991,0.59077704,0.79678416,0.29948255,0.7995233,0.7417063,1.0102241,0.18803915,1.0,0.67118925,1.7919666,0.14159034,1.8063341,0.5732635,2.4890625,0.061800405,2.499775,0.49602658,2.5728786,0.111511834,2.5831444,0.6406436,2.7603252,-0.046874113,2.8012865
2742.jpg,0.47372875,-0.5146709,0.5405854,-0.5788588,0.57476485,-0.57918537,0.6088619,-0.5766454,0.41324365,-0.5701938,0.37008244,-0.56369436,0.32935947,-0.5560306,0.6739858,-0.53303874,0.28217423,-0.51016426,0.56796587,-0.42905745,0.4025445,-0.42286795,1.0,-0.01417575,0.0,0.0,0.9820993,0.46270204,-0.026940556,0.54637516,0.6746195,0.79173774,0.25067788,0.8061873,0.6145245,0.8771689,0.29586476,0.88914126,0.58352375,0.84984636,0.32418123,0.85566056,0.5919809,0.8123306,0.32190186,0.8177714,0.74657977,1.0159599,0.19493711,1.0,0.68272746,1.8170336,0.15363142,1.8170332,0.5854498,2.5277977,0.07648937,2.504747,0.50562227,2.6116524,0.13507862,2.5829399,0.64147985,2.7898142,-0.030713242,2.8132885
2743.jpg,0.46953392,-0.4937231,0.5311376,-0.5490858,0.56737304,-0.54943806,0.5994173,-0.5492998,0.4064548,-0.54183996,0.36361635,-0.53672224,0.32632816,-0.53326154,0.66295123,-0.5134637,0.2817542,-0.49361274,0.5638094,-0.4085908,0.4003933,-0.39962372,1.0,-0.013294928,0.0,0.0,0.9705801,0.4619042,-0.048898786,0.5244929,0.69410723,0.8031141,0.22866063,0.8023137,0.64909035,0.8924933,0.27292705,0.8906577,0.6116953,0.86232376,0.30637845,0.8547508,0.6148184,0.8221067,0.3041531,0.8141377,0.7218878,1.0197678,0.17205447,1.0,0.6710487,1.7959629,0.15592429,1.8009099,0.5695414,2.5111895,0.087405905,2.475549,0.50224555,2.5889976,0.13626076,2.5528963,0.6079482,2.7792253,0.004349752,2.7798579
2744.jpg,0.47992477,-0.5144297,0.54002994,-0.56897765,0.5747633,-0.5693731,0.6103402,-0.5690491,0.41486308,-0.5622952,0.3724577,-0.5570284,0.33492082,-0.55357116,0.6688416,-0.5332511,0.28953978,-0.5141948,0.5716764,-0.428788,0.4082009,-0.4196869,1.0,-0.012584476,0.0,0.0,0.94240004,0.4895687,-0.013577573,0.5562669,0.7038536,0.849803,0.25221783,0.82767373,0.65174437,0.9370086,0.29211047,0.9252017,0.6177138,0.91028595,0.31981543,0.8917968,0.6246367,0.8715524,0.31894812,0.84761804,0.7173298,1.02676,0.17843834,1.0,0.65850914,1.8345346,0.17755131,1.8217499,0.57440925,2.548704,0.10685582,2.4808097,0.5053632,2.6201863,0.16323794,2.551237,0.61597395,2.8182976,0.04305426,2.8002822
2745.jpg,0.47162473,-0.51668304,0.5361012,-0.5790166,0.56980556,-0.5794665,0.6041127,-0.5770945,0.4106498,-0.56937134,0.36800686,-0.56214845,0.33038598,-0.55517495,0.6659843,-0.5331198,0.28468624,-0.51225317,0.5636955,-0.42945957,0.4026224,-0.4224927,1.0,-0.01144182,0.0,0.0,0.9328354,0.49376184,-0.04870562,0.5368802,0.69748044,0.8435626,0.22229557,0.82880586,0.65570015,0.9380642,0.26765236,0.92958623,0.62578887,0.9094639,0.30042553,0.89283097,0.6305329,0.8679528,0.29697487,0.85136527,0.71129245,1.0246844,0.16677582,1.0,0.6600439,1.8273299,0.17738535,1.8241488,0.57332647,2.5343087,0.123256154,2.483208,0.5151625,2.606207,0.17091767,2.5529554,0.5983152,2.8193905,0.081277475,2.7944624
2746.jpg,0.46322832,-0.5148611,0.5326063,-0.5796026,0.5699028,-0.58007294,0.60271615,-0.57788265,0.4013648,-0.5706169,0.36024788,-0.5636766,0.31815633,-0.5562436,0.67238766,-0.53327173,0.28208488,-0.510138,0.5643056,-0.42913914,0.39357507,-0.4223783,1.0,-0.004769462,0.0,0.0,0.9379575,0.4817511,-0.06116594,0.5380099,0.68353885,0.85594904,0.18356457,0.84569764,0.6305082,0.94037867,0.21555215,0.9446922,0.59136057,0.9114194,0.2565202,0.9170315,0.59676576,0.87606645,0.25820836,0.871191,0.7116168,1.024349,0.15833895,1.0,0.66416556,1.8383932,0.2001629,1.8250803,0.5675183,2.5532556,0.1390454,2.4707873,0.5132584,2.6209712,0.17811272,2.5388353,0.5920829,2.819485,0.13052739,2.7809885
2747.jpg,0.48057848,-0.48873284,0.54623103,-0.55409855,0.5796722,-0.55418575,0.61390877,-0.5518275,0.41568604,-0.5463535,0.37216964,-0.54030097,0.33029985,-0.5325017,0.67661864,-0.5086421,0.28558338,-0.4872321,0.5731073,-0.40215483,0.4064908,-0.39697802,1.0,0.012222434,0.0,0.0,0.9451857,0.4914118,-0.076175444,0.52512765,0.67793137,0.83604383,0.17660223,0.8236089,0.6209441,0.91401494,0.2160647,0.9152963,0.5860965,0.88257605,0.24976765,0.8836104,0.5945871,0.8517939,0.24904747,0.84176403,0.695557,1.0245879,0.1427759,1.0,0.6517318,1.8266573,0.19881828,1.8209536,0.57969904,2.5060232,0.16156161,2.4333158,0.5271854,2.5717254,0.19597697,2.4972627,0.58441234,2.7789986,0.18988775,2.7294579
2748.jpg,0.48011088,-0.49691054,0.543492,-0.5515563,0.58010983,-0.5512187,0.6133682,-0.5503632,0.41707352,-0.5456559,0.3749653,-0.54188246,0.33661106,-0.5385914,0.67527336,-0.51301455,0.29418454,-0.49521446,0.57275367,-0.41299975,0.4081333,-0.40462542,1.0,0.0035274713,0.0,0.0,0.9290678,0.50053954,-0.05189181,0.5515171,0.6590792,0.83745795,0.20215186,0.8300303,0.6069806,0.92118514,0.24460322,0.92420894,0.5785057,0.89653444,0.27722076,0.90038747,0.58437586,0.85815626,0.27343252,0.85250515,0.6927486,1.0262501,0.14928848,1.0,0.66260165,1.8375133,0.2296328,1.8175102,0.5906683,2.5038574,0.21865909,2.463115,0.5390919,2.5736892,0.24082561,2.5266151,0.6160041,2.8009217,0.25211295,2.7643108
2749.jpg,0.5025476,-0.49242452,0.5664491,-0.5532763,0.6001415,-0.5518918,0.638991,-0.5498498,0.43346068,-0.5513536,0.3914068,-0.54953074,0.3505091,-0.54386497,0.6904629,-0.5068728,0.2992182,-0.49334347,0.5892796,-0.4056468,0.41975227,-0.3990202,1.0,0.005970519,0.0,0.0,0.9362724,0.4948593,-0.057658996,0.537182,0.67117465,0.83798885,0.20969513,0.81937325,0.612126,0.90842503,0.2560176,0.9056063,0.5861194,0.8980144,0.29323512,0.88098156,0.59642476,0.8581486,0.28904846,0.83458453,0.70742404,1.0153605,0.16519035,1.0,0.6716168,1.8172039,0.24149495,1.8080935,0.5909522,2.477797,0.26927912,2.45634,0.5495316,2.568262,0.28577685,2.5227625,0.6218553,2.7515604,0.29044697,2.7334235
2750.jpg,0.5001114,-0.48081404,0.5658778,-0.54155976,0.6000829,-0.5403526,0.6339729,-0.5388662,0.43742442,-0.5394778,0.3973562,-0.5373497,0.35634798,-0.53214306,0.6917268,-0.49965745,0.30928496,-0.48497367,0.58977526,-0.39564845,0.4209468,-0.3885823,1.0,8.469615e-05,0.0,0.0,0.93893856,0.46023074,-0.051776774,0.5376633,0.65279794,0.7798241,0.2126986,0.78975165,0.6079954,0.85781604,0.26023898,0.87033623,0.5760755,0.83186257,0.2943694,0.8386223,0.5816929,0.80219305,0.2900119,0.7990956,0.72441393,1.00716,0.17751408,1.0,0.67761487,1.7867037,0.24907656,1.7943511,0.62675464,2.4505854,0.30077398,2.452962,0.5889616,2.5444179,0.32743868,2.5267642,0.64425695,2.7185113,0.31187406,2.7043598
2751.jpg,0.5179344,-0.4851895,0.5815172,-0.54749876,0.61456287,-0.54540014,0.6539453,-0.54250234,0.45228466,-0.5470426,0.4096123,-0.54591525,0.3690555,-0.5410168,0.701119,-0.49809802,0.31136906,-0.49352145,0.5979124,-0.39834997,0.4287372,-0.39509302,1.0,0.0017190947,0.0,0.0,0.9418432,0.4896872,-0.043190263,0.53901625,0.6877443,0.8185502,0.23033066,0.8123766,0.62899625,0.88246554,0.2813016,0.8898469,0.60041076,0.86221105,0.32234454,0.86353266,0.6129693,0.8413864,0.31620973,0.8223699,0.73113304,1.004257,0.18127745,1.0,0.693178,1.787085,0.25118595,1.7954091,0.63712215,2.4504583,0.31401956,2.4534433,0.59079874,2.5402486,0.34495315,2.52093,0.67331094,2.7133303,0.29167286,2.697565
2752.jpg,0.51357704,-0.47635657,0.57846457,-0.5276762,0.6110072,-0.52628016,0.64945406,-0.52469456,0.4532169,-0.5273574,0.41148037,-0.52492106,0.3719823,-0.5231859,0.7036279,-0.48586896,0.3161526,-0.48555994,0.59692776,-0.390728,0.4327249,-0.38790765,1.0,0.0090625845,0.0,0.0,0.95252264,0.4529988,-0.07029817,0.51612854,0.6730826,0.764143,0.22050592,0.7738067,0.6277386,0.85190475,0.2773637,0.8476731,0.59267354,0.8282473,0.31098193,0.8179343,0.5951359,0.7874425,0.30612665,0.77960694,0.72898114,1.000349,0.18937263,1.0,0.6999385,1.7709806,0.25752914,1.7857397,0.66421,2.4251888,0.3234679,2.4082513,0.6347183,2.5019963,0.35729226,2.4791338,0.6864125,2.6913338,0.35374182,2.661705
